[1;34m==>[0m reusing existing checkout at /var/db/repos/Local/tools/llvm-libc-probe/.src/llvm-project
[1;34m==>[0m hdrgen: python implementation, nothing to prebuild
[1;34m==>[0m configuring llvm-libc (full build) -> /var/db/repos/Local/tools/llvm-libc-probe/.prefix
-- Performing standalone runtimes build.
-- The C compiler identification is Clang 22.1.8
-- The CXX compiler identification is Clang 22.1.8
-- The ASM compiler identification is Clang with GNU-like command-line
-- Found assembler: /usr/lib/llvm/22/bin/clang
-- Detecting C compiler ABI info
-- Detecting C compiler ABI info - done
-- Check for working C compiler: /usr/lib/llvm/22/bin/clang - skipped
-- Detecting C compile features
-- Detecting C compile features - done
-- Detecting CXX compiler ABI info
-- Detecting CXX compiler ABI info - done
-- Check for working CXX compiler: /usr/lib/llvm/22/bin/clang++ - skipped
-- Detecting CXX compile features
-- Detecting CXX compile features - done
-- Could NOT find LLVM (missing: LLVM_DIR)
-- Could NOT find Clang (missing: Clang_DIR)
-- Performing Test CXX_SUPPORTS_UNWINDLIB_EQ_NONE_FLAG
-- Performing Test CXX_SUPPORTS_UNWINDLIB_EQ_NONE_FLAG - Success
-- Performing Test C_SUPPORTS_START_NO_UNUSED_ARGUMENTS
-- Performing Test C_SUPPORTS_START_NO_UNUSED_ARGUMENTS - Success
-- Performing Test CXX_SUPPORTS_NOSTDLIBXX_FLAG
-- Performing Test CXX_SUPPORTS_NOSTDLIBXX_FLAG - Success
-- Performing Test CXX_SUPPORTS_NOSTDINCXX_FLAG
-- Performing Test CXX_SUPPORTS_NOSTDINCXX_FLAG - Success
-- Linker detection: GNU ld
-- Performing Test LLVM_USES_LIBSTDCXX
-- Performing Test LLVM_USES_LIBSTDCXX - Failed
-- Performing Test LLVM_DEFAULT_TO_GLIBCXX_USE_CXX11_ABI
-- Performing Test LLVM_DEFAULT_TO_GLIBCXX_USE_CXX11_ABI - Failed
-- Performing Test SUPPORTS_FVISIBILITY_INLINES_HIDDEN_FLAG
-- Performing Test SUPPORTS_FVISIBILITY_INLINES_HIDDEN_FLAG - Success
-- Performing Test CXX_SUPPORTS_SUGGEST_OVERRIDE_FLAG
-- Performing Test CXX_SUPPORTS_SUGGEST_OVERRIDE_FLAG - Success
-- Performing Test CXX_WSUGGEST_OVERRIDE_ALLOWS_ONLY_FINAL
-- Performing Test CXX_WSUGGEST_OVERRIDE_ALLOWS_ONLY_FINAL - Success
-- Performing Test C_WCOMMENT_ALLOWS_LINE_WRAP
-- Performing Test C_WCOMMENT_ALLOWS_LINE_WRAP - Success
-- Performing Test C_SUPPORTS_MISLEADING_INDENTATION_FLAG
-- Performing Test C_SUPPORTS_MISLEADING_INDENTATION_FLAG - Success
-- Performing Test CXX_SUPPORTS_MISLEADING_INDENTATION_FLAG
-- Performing Test CXX_SUPPORTS_MISLEADING_INDENTATION_FLAG - Success
-- Performing Test C_SUPPORTS_CTAD_MAYBE_UNSPPORTED_FLAG
-- Performing Test C_SUPPORTS_CTAD_MAYBE_UNSPPORTED_FLAG - Success
-- Performing Test CXX_SUPPORTS_CTAD_MAYBE_UNSPPORTED_FLAG
-- Performing Test CXX_SUPPORTS_CTAD_MAYBE_UNSPPORTED_FLAG - Success
-- Performing Test LINKER_SUPPORTS_COLOR_DIAGNOSTICS
-- Performing Test LINKER_SUPPORTS_COLOR_DIAGNOSTICS - Failed
-- Looking for os_signpost_interval_begin
-- Looking for os_signpost_interval_begin - not found
-- Looking for flock
-- Looking for flock - found
-- Found Python3: /usr/sbin/python3.14 (found version "3.14.7") found components: Interpreter
-- LLVM host triple: x86_64-unknown-linux-gnu
-- LLVM default target triple: x86_64-unknown-linux-gnu
-- Setting LIBC_NAMESPACE namespace to '__llvm_libc_22_1_8_'
-- Set COMPILER_RESOURCE_DIR to /usr/lib/llvm/22/bin/../../../../lib/clang/22 using --print-resource-dir
-- Building libc for x86_64 on linux with LIBC_COMPILE_OPTIONS_DEFAULT: 
-- LIBC_CONF_ENABLE_STRONG_STACK_PROTECTOR: ON
-- LIBC_CONF_KEEP_FRAME_POINTER: ON
-- LIBC_CONF_ERRNO_MODE: LIBC_ERRNO_MODE_DEFAULT
-- LIBC_CONF_TRAP_ON_RAISE_FP_EXCEPT: OFF
-- LIBC_ADD_NULL_CHECKS: ON
-- LIBC_CONF_FREXP_INF_NAN_EXPONENT: 
-- LIBC_CONF_MATH_OPTIMIZATIONS: 0
-- LIBC_CONF_MATH_USE_SYSTEM_FENV: OFF
-- LIBC_CONF_PRINTF_DISABLE_FIXED_POINT: OFF
-- LIBC_CONF_PRINTF_DISABLE_FLOAT: OFF
-- LIBC_CONF_PRINTF_DISABLE_INDEX_MODE: OFF
-- LIBC_CONF_PRINTF_DISABLE_STRERROR: OFF
-- LIBC_CONF_PRINTF_DISABLE_WRITE_INT: OFF
-- LIBC_CONF_PRINTF_FLOAT_TO_STR_NO_SPECIALIZE_LD: OFF
-- LIBC_CONF_PRINTF_FLOAT_TO_STR_USE_DYADIC_FLOAT: OFF
-- LIBC_CONF_PRINTF_FLOAT_TO_STR_USE_FLOAT320: OFF
-- LIBC_CONF_PRINTF_FLOAT_TO_STR_USE_MEGA_LONG_DOUBLE_TABLE: OFF
-- LIBC_CONF_PRINTF_RUNTIME_DISPATCH: ON
-- LIBC_CONF_RAW_MUTEX_DEFAULT_SPIN_COUNT: 100
-- LIBC_CONF_RWLOCK_DEFAULT_SPIN_COUNT: 100
-- LIBC_CONF_TIMEOUT_ENSURE_MONOTONICITY: ON
-- LIBC_CONF_QSORT_IMPL: LIBC_QSORT_QUICK_SORT
-- LIBC_CONF_SCANF_DISABLE_FLOAT: OFF
-- LIBC_CONF_SCANF_DISABLE_INDEX_MODE: OFF
-- LIBC_CONF_SETJMP_AARCH64_RESTORE_PLATFORM_REGISTER: ON
-- LIBC_CONF_FIND_FIRST_CHARACTER_IMPL: element
-- LIBC_CONF_MEMSET_X86_USE_SOFTWARE_PREFETCHING: OFF
-- LIBC_CONF_STRING_LENGTH_IMPL: element
-- LIBC_CONF_THREAD_MODE: LIBC_THREAD_MODE_PLATFORM
-- LIBC_CONF_TIME_64BIT: OFF
-- LIBC_CONF_WCTYPE_MODE: LIBC_WCTYPE_MODE_ASCII
-- Writing config doc to /var/db/repos/Local/tools/llvm-libc-probe/.src/llvm-project/libc/docs/configure.rst
-- Overriding - LIBC_CONF_FIND_FIRST_CHARACTER_IMPL: word (Previous value: element)
-- Overriding - LIBC_CONF_STRING_LENGTH_IMPL: clang_vector (Previous value: element)
-- Set CPU features: AVX;AVX2;AVX512BW;AVX512F;FMA;SSE2;SSE4_2
-- Compiler features available: builtin_fmax_fmin;cfloat128;cfloat16;ext_vector_type;fixed_point;float128;float16
-- Performing Test LIBC_CC_SUPPORTS_PATTERN_INIT
-- Performing Test LIBC_CC_SUPPORTS_PATTERN_INIT - Success
-- Performing Test LIBC_CC_SUPPORTS_NOSTDLIBPP
-- Performing Test LIBC_CC_SUPPORTS_NOSTDLIBPP - Success
-- Performing Test LIBC_CC_SUPPORTS_NOSTDLIBINC
-- Performing Test LIBC_CC_SUPPORTS_NOSTDLIBINC - Success
-- Looking for SYS_faccessat2
-- Looking for SYS_faccessat2 - found
-- Using getrandom for hashtable randomness
-- Integration test for hdrgen added.
-- Performing Test LIBC_LINKER_SUPPORTS_RELOCATABLE
-- Performing Test LIBC_LINKER_SUPPORTS_RELOCATABLE - Success
-- Looking for unwind.h
-- Looking for unwind.h - found
-- Looking for rpc/xdr.h
-- Looking for rpc/xdr.h - not found
-- Performing Test COMPILER_RT_HAS_NO_DEFAULT_CONFIG_FLAG
-- Performing Test COMPILER_RT_HAS_NO_DEFAULT_CONFIG_FLAG - Success
-- Performing Test CXX_SUPPORTS_UNWINDLIB_NONE_FLAG
-- Performing Test CXX_SUPPORTS_UNWINDLIB_NONE_FLAG - Success
-- Looking for fopen in c
-- Looking for fopen in c - found
-- Looking for __gcc_personality_v0 in gcc_s
-- Looking for __gcc_personality_v0 in gcc_s - found
-- Performing Test C_SUPPORTS_NODEFAULTLIBS_FLAG
-- Performing Test C_SUPPORTS_NODEFAULTLIBS_FLAG - Success
-- Looking for _Unwind_GetRegionStart in unwind
-- Looking for _Unwind_GetRegionStart in unwind - found
-- Looking for __atomic_load_8 in atomic
-- Looking for __atomic_load_8 in atomic - found
-- Performing Test COMPILER_RT_HAS_FFREESTANDING_FLAG
-- Performing Test COMPILER_RT_HAS_FFREESTANDING_FLAG - Success
-- Performing Test COMPILER_RT_HAS_OMIT_FRAME_POINTER_FLAG
-- Performing Test COMPILER_RT_HAS_OMIT_FRAME_POINTER_FLAG - Success
-- Performing Test COMPILER_RT_HAS_STD_C11_FLAG
-- Performing Test COMPILER_RT_HAS_STD_C11_FLAG - Success
-- Performing Test COMPILER_RT_HAS_FCF_PROTECTION_FLAG
-- Performing Test COMPILER_RT_HAS_FCF_PROTECTION_FLAG - Success
-- Performing Test COMPILER_RT_HAS_FPIC_FLAG
-- Performing Test COMPILER_RT_HAS_FPIC_FLAG - Success
-- Performing Test COMPILER_RT_HAS_FPIE_FLAG
-- Performing Test COMPILER_RT_HAS_FPIE_FLAG - Success
-- Performing Test COMPILER_RT_HAS_FNO_BUILTIN_FLAG
-- Performing Test COMPILER_RT_HAS_FNO_BUILTIN_FLAG - Success
-- Performing Test COMPILER_RT_HAS_FNO_EXCEPTIONS_FLAG
-- Performing Test COMPILER_RT_HAS_FNO_EXCEPTIONS_FLAG - Success
-- Performing Test COMPILER_RT_HAS_FOMIT_FRAME_POINTER_FLAG
-- Performing Test COMPILER_RT_HAS_FOMIT_FRAME_POINTER_FLAG - Success
-- Performing Test COMPILER_RT_HAS_FUNWIND_TABLES_FLAG
-- Performing Test COMPILER_RT_HAS_FUNWIND_TABLES_FLAG - Success
-- Performing Test COMPILER_RT_HAS_FNO_STACK_PROTECTOR_FLAG
-- Performing Test COMPILER_RT_HAS_FNO_STACK_PROTECTOR_FLAG - Success
-- Performing Test COMPILER_RT_HAS_FNO_SANITIZE_SAFE_STACK_FLAG
-- Performing Test COMPILER_RT_HAS_FNO_SANITIZE_SAFE_STACK_FLAG - Success
-- Performing Test COMPILER_RT_HAS_FVISIBILITY_HIDDEN_FLAG
-- Performing Test COMPILER_RT_HAS_FVISIBILITY_HIDDEN_FLAG - Success
-- Performing Test COMPILER_RT_HAS_FRTTI_FLAG
-- Performing Test COMPILER_RT_HAS_FRTTI_FLAG - Success
-- Performing Test COMPILER_RT_HAS_FNO_RTTI_FLAG
-- Performing Test COMPILER_RT_HAS_FNO_RTTI_FLAG - Success
-- Performing Test COMPILER_RT_HAS_FNO_FUNCTION_SECTIONS_FLAG
-- Performing Test COMPILER_RT_HAS_FNO_FUNCTION_SECTIONS_FLAG - Success
-- Performing Test COMPILER_RT_HAS_FTLS_MODEL_INITIAL_EXEC
-- Performing Test COMPILER_RT_HAS_FTLS_MODEL_INITIAL_EXEC - Success
-- Performing Test COMPILER_RT_HAS_FNO_LTO_FLAG
-- Performing Test COMPILER_RT_HAS_FNO_LTO_FLAG - Success
-- Performing Test COMPILER_RT_HAS_FNO_PROFILE_GENERATE_FLAG
-- Performing Test COMPILER_RT_HAS_FNO_PROFILE_GENERATE_FLAG - Success
-- Performing Test COMPILER_RT_HAS_FNO_PROFILE_INSTR_GENERATE_FLAG
-- Performing Test COMPILER_RT_HAS_FNO_PROFILE_INSTR_GENERATE_FLAG - Success
-- Performing Test COMPILER_RT_HAS_FNO_PROFILE_INSTR_USE_FLAG
-- Performing Test COMPILER_RT_HAS_FNO_PROFILE_INSTR_USE_FLAG - Success
-- Performing Test COMPILER_RT_HAS_FNO_COVERAGE_MAPPING_FLAG
-- Performing Test COMPILER_RT_HAS_FNO_COVERAGE_MAPPING_FLAG - Success
-- Performing Test COMPILER_RT_HAS_MCRC32_FLAG
-- Performing Test COMPILER_RT_HAS_MCRC32_FLAG - Success
-- Performing Test COMPILER_RT_HAS_MSSE4_2_FLAG
-- Performing Test COMPILER_RT_HAS_MSSE4_2_FLAG - Success
-- Performing Test COMPILER_RT_HAS_SYSROOT_FLAG
-- Performing Test COMPILER_RT_HAS_SYSROOT_FLAG - Success
-- Performing Test COMPILER_RT_HAS_MCRC_FLAG
-- Performing Test COMPILER_RT_HAS_MCRC_FLAG - Failed
-- Performing Test COMPILER_RT_HAS_FNO_PARTIAL_INLINING_FLAG
-- Performing Test COMPILER_RT_HAS_FNO_PARTIAL_INLINING_FLAG - Failed
-- Performing Test COMPILER_RT_HAS_TRIVIAL_AUTO_INIT
-- Performing Test COMPILER_RT_HAS_TRIVIAL_AUTO_INIT - Success
-- Performing Test COMPILER_RT_HAS_FVISIBILITY_INLINES_HIDDEN_FLAG
-- Performing Test COMPILER_RT_HAS_FVISIBILITY_INLINES_HIDDEN_FLAG - Success
-- Performing Test COMPILER_RT_HAS_GR_FLAG
-- Performing Test COMPILER_RT_HAS_GR_FLAG - Failed
-- Performing Test COMPILER_RT_HAS_GS_FLAG
-- Performing Test COMPILER_RT_HAS_GS_FLAG - Failed
-- Performing Test COMPILER_RT_HAS_MT_FLAG
-- Performing Test COMPILER_RT_HAS_MT_FLAG - Failed
-- Performing Test COMPILER_RT_HAS_Oy_FLAG
-- Performing Test COMPILER_RT_HAS_Oy_FLAG - Failed
-- Performing Test COMPILER_RT_HAS_GLINE_TABLES_ONLY_FLAG
-- Performing Test COMPILER_RT_HAS_GLINE_TABLES_ONLY_FLAG - Success
-- Performing Test COMPILER_RT_HAS_G_FLAG
-- Performing Test COMPILER_RT_HAS_G_FLAG - Success
-- Performing Test COMPILER_RT_HAS_Zi_FLAG
-- Performing Test COMPILER_RT_HAS_Zi_FLAG - Failed
-- Performing Test COMPILER_RT_HAS_WALL_FLAG
-- Performing Test COMPILER_RT_HAS_WALL_FLAG - Success
-- Performing Test COMPILER_RT_HAS_WERROR_FLAG
-- Performing Test COMPILER_RT_HAS_WERROR_FLAG - Success
-- Performing Test COMPILER_RT_HAS_WFRAME_LARGER_THAN_FLAG
-- Performing Test COMPILER_RT_HAS_WFRAME_LARGER_THAN_FLAG - Success
-- Performing Test COMPILER_RT_HAS_WGLOBAL_CONSTRUCTORS_FLAG
-- Performing Test COMPILER_RT_HAS_WGLOBAL_CONSTRUCTORS_FLAG - Success
-- Performing Test COMPILER_RT_HAS_WC99_EXTENSIONS_FLAG
-- Performing Test COMPILER_RT_HAS_WC99_EXTENSIONS_FLAG - Success
-- Performing Test COMPILER_RT_HAS_WGNU_FLAG
-- Performing Test COMPILER_RT_HAS_WGNU_FLAG - Success
-- Performing Test COMPILER_RT_HAS_WGNU_ANONYMOUS_STRUCT_FLAG
-- Performing Test COMPILER_RT_HAS_WGNU_ANONYMOUS_STRUCT_FLAG - Success
-- Performing Test COMPILER_RT_HAS_WVARIADIC_MACROS_FLAG
-- Performing Test COMPILER_RT_HAS_WVARIADIC_MACROS_FLAG - Success
-- Performing Test COMPILER_RT_HAS_WUNUSED_PARAMETER_FLAG
-- Performing Test COMPILER_RT_HAS_WUNUSED_PARAMETER_FLAG - Success
-- Performing Test COMPILER_RT_HAS_WCOVERED_SWITCH_DEFAULT_FLAG
-- Performing Test COMPILER_RT_HAS_WCOVERED_SWITCH_DEFAULT_FLAG - Success
-- Performing Test COMPILER_RT_HAS_WSUGGEST_OVERRIDE_FLAG
-- Performing Test COMPILER_RT_HAS_WSUGGEST_OVERRIDE_FLAG - Success
-- Performing Test COMPILER_RT_HAS_WTHREAD_SAFETY_FLAG
-- Performing Test COMPILER_RT_HAS_WTHREAD_SAFETY_FLAG - Success
-- Performing Test COMPILER_RT_HAS_WTHREAD_SAFETY_REFERENCE_FLAG
-- Performing Test COMPILER_RT_HAS_WTHREAD_SAFETY_REFERENCE_FLAG - Success
-- Performing Test COMPILER_RT_HAS_WTHREAD_SAFETY_BETA_FLAG
-- Performing Test COMPILER_RT_HAS_WTHREAD_SAFETY_BETA_FLAG - Success
-- Performing Test COMPILER_RT_HAS_WNO_PEDANTIC
-- Performing Test COMPILER_RT_HAS_WNO_PEDANTIC - Success
-- Performing Test COMPILER_RT_HAS_WNO_FORMAT
-- Performing Test COMPILER_RT_HAS_WNO_FORMAT - Success
-- Performing Test COMPILER_RT_HAS_WNO_FORMAT_PEDANTIC
-- Performing Test COMPILER_RT_HAS_WNO_FORMAT_PEDANTIC - Success
-- Performing Test COMPILER_RT_HAS_EXTERNAL_FLAG
-- Performing Test COMPILER_RT_HAS_EXTERNAL_FLAG - Failed
-- Performing Test COMPILER_RT_HAS_W4_FLAG
-- Performing Test COMPILER_RT_HAS_W4_FLAG - Failed
-- Performing Test COMPILER_RT_HAS_WX_FLAG
-- Performing Test COMPILER_RT_HAS_WX_FLAG - Failed
-- Performing Test COMPILER_RT_HAS_WD4146_FLAG
-- Performing Test COMPILER_RT_HAS_WD4146_FLAG - Failed
-- Performing Test COMPILER_RT_HAS_WD4206_FLAG
-- Performing Test COMPILER_RT_HAS_WD4206_FLAG - Failed
-- Performing Test COMPILER_RT_HAS_WD4291_FLAG
-- Performing Test COMPILER_RT_HAS_WD4291_FLAG - Failed
-- Performing Test COMPILER_RT_HAS_WD4221_FLAG
-- Performing Test COMPILER_RT_HAS_WD4221_FLAG - Failed
-- Performing Test COMPILER_RT_HAS_WD4391_FLAG
-- Performing Test COMPILER_RT_HAS_WD4391_FLAG - Failed
-- Performing Test COMPILER_RT_HAS_WD4722_FLAG
-- Performing Test COMPILER_RT_HAS_WD4722_FLAG - Failed
-- Performing Test COMPILER_RT_HAS_WD4800_FLAG
-- Performing Test COMPILER_RT_HAS_WD4800_FLAG - Failed
-- Performing Test COMPILER_RT_HAS_ARRAY_BOUNDS_FLAG
-- Performing Test COMPILER_RT_HAS_ARRAY_BOUNDS_FLAG - Success
-- Performing Test COMPILER_RT_HAS_UNINITIALIZED_FLAG
-- Performing Test COMPILER_RT_HAS_UNINITIALIZED_FLAG - Success
-- Performing Test COMPILER_RT_HAS_SHADOW_FLAG
-- Performing Test COMPILER_RT_HAS_SHADOW_FLAG - Success
-- Performing Test COMPILER_RT_HAS_EMPTY_BODY_FLAG
-- Performing Test COMPILER_RT_HAS_EMPTY_BODY_FLAG - Success
-- Performing Test COMPILER_RT_HAS_SIZEOF_POINTER_MEMACCESS_FLAG
-- Performing Test COMPILER_RT_HAS_SIZEOF_POINTER_MEMACCESS_FLAG - Success
-- Performing Test COMPILER_RT_HAS_SIZEOF_ARRAY_ARGUMENT_FLAG
-- Performing Test COMPILER_RT_HAS_SIZEOF_ARRAY_ARGUMENT_FLAG - Success
-- Performing Test COMPILER_RT_HAS_SUSPICIOUS_MEMACCESS_FLAG
-- Performing Test COMPILER_RT_HAS_SUSPICIOUS_MEMACCESS_FLAG - Success
-- Performing Test COMPILER_RT_HAS_BUILTIN_MEMCPY_CHK_SIZE_FLAG
-- Performing Test COMPILER_RT_HAS_BUILTIN_MEMCPY_CHK_SIZE_FLAG - Success
-- Performing Test COMPILER_RT_HAS_ARRAY_BOUNDS_POINTER_ARITHMETIC_FLAG
-- Performing Test COMPILER_RT_HAS_ARRAY_BOUNDS_POINTER_ARITHMETIC_FLAG - Success
-- Performing Test COMPILER_RT_HAS_RETURN_STACK_ADDRESS_FLAG
-- Performing Test COMPILER_RT_HAS_RETURN_STACK_ADDRESS_FLAG - Success
-- Performing Test COMPILER_RT_HAS_SIZEOF_ARRAY_DECAY_FLAG
-- Performing Test COMPILER_RT_HAS_SIZEOF_ARRAY_DECAY_FLAG - Success
-- Performing Test COMPILER_RT_HAS_FORMAT_INSUFFICIENT_ARGS_FLAG
-- Performing Test COMPILER_RT_HAS_FORMAT_INSUFFICIENT_ARGS_FLAG - Success
-- Performing Test COMPILER_RT_HAS_BUILTIN_FORMAL_SECURITY_FLAG
-- Performing Test COMPILER_RT_HAS_BUILTIN_FORMAL_SECURITY_FLAG - Success
-- Performing Test COMPILER_RT_HAS_SIZEOF_ARRAY_DIV_FLAG
-- Performing Test COMPILER_RT_HAS_SIZEOF_ARRAY_DIV_FLAG - Success
-- Performing Test COMPILER_RT_HAS_SIZEOF_POINTER_DIV_FLAG
-- Performing Test COMPILER_RT_HAS_SIZEOF_POINTER_DIV_FLAG - Success
-- Looking for __func__
-- Looking for __func__ - found
-- Performing Test COMPILER_RT_HAS_NOSTDINCXX_FLAG
-- Performing Test COMPILER_RT_HAS_NOSTDINCXX_FLAG - Success
-- Performing Test COMPILER_RT_HAS_NOSTDLIBXX_FLAG
-- Performing Test COMPILER_RT_HAS_NOSTDLIBXX_FLAG - Success
-- Looking for include file sys/auxv.h
-- Looking for include file sys/auxv.h - found
-- Looking for dlopen in dl
-- Looking for dlopen in dl - found
-- Looking for shm_open in rt
-- Looking for shm_open in rt - found
-- Looking for pow in m
-- Looking for pow in m - found
-- Looking for pthread_create in pthread
-- Looking for pthread_create in pthread - found
-- Looking for backtrace in execinfo
-- Looking for backtrace in execinfo - found
-- Looking for __cxa_throw in c++
-- Looking for __cxa_throw in c++ - found
-- Looking for __cxa_throw in stdc++
-- Looking for __cxa_throw in stdc++ - found
-- Performing Test COMPILER_RT_HAS_Z_TEXT
-- Performing Test COMPILER_RT_HAS_Z_TEXT - Success
-- Performing Test COMPILER_RT_HAS_FUSE_LD_LLD_FLAG
-- Performing Test COMPILER_RT_HAS_FUSE_LD_LLD_FLAG - Success
-- Performing Test COMPILER_RT_HAS_VERSION_SCRIPT
-- Performing Test COMPILER_RT_HAS_VERSION_SCRIPT - Success
-- Looking for __i386__
-- Looking for __i386__ - found
-- Compiler-RT supported architectures: x86_64;i386
-- Performing Test COMPILER_RT_HAS_VISIBILITY_HIDDEN_FLAG
-- Performing Test COMPILER_RT_HAS_VISIBILITY_HIDDEN_FLAG - Success
-- Performing Test COMPILER_RT_HAS_XRAY_COMPILER_FLAG
-- Performing Test COMPILER_RT_HAS_XRAY_COMPILER_FLAG - Success
-- Performing Test COMPILER_RT_HAS_WNO_C2Y_EXTENSIONS
-- Performing Test COMPILER_RT_HAS_WNO_C2Y_EXTENSIONS - Success
-- Performing Test COMPILER_RT_HAS_NOGPULIB_FLAG
-- Performing Test COMPILER_RT_HAS_NOGPULIB_FLAG - Success
-- Performing Test COMPILER_RT_HAS_FLTO_FLAG
-- Performing Test COMPILER_RT_HAS_FLTO_FLAG - Success
-- Performing Test COMPILER_RT_HAS_FCONVERGENT_FUNCTIONS_FLAG
-- Performing Test COMPILER_RT_HAS_FCONVERGENT_FUNCTIONS_FLAG - Success
-- Performing Test COMPILER_RT_HAS_CODE_OBJECT_VERSION_FLAG
-- Performing Test COMPILER_RT_HAS_CODE_OBJECT_VERSION_FLAG - Success
-- Performing Test COMPILER_RT_HAS_WBUILTIN_DECLARATION_MISMATCH_FLAG
-- Performing Test COMPILER_RT_HAS_WBUILTIN_DECLARATION_MISMATCH_FLAG - Failed
-- Performing Test COMPILER_RT_HAS_ZL_FLAG
-- Performing Test COMPILER_RT_HAS_ZL_FLAG - Failed
-- Performing Test COMPILER_RT_HAS_ATOMIC_KEYWORD
-- Performing Test COMPILER_RT_HAS_ATOMIC_KEYWORD - Success
-- Performing Test COMPILER_RT_HAS_ASM_LSE
-- Performing Test COMPILER_RT_HAS_ASM_LSE - Failed
-- Performing Test COMPILER_RT_HAS_AARCH64_SME
-- Performing Test COMPILER_RT_HAS_AARCH64_SME - Failed
-- Performing Test COMPILER_RT_HAS_ARM_UNALIGNED
-- Performing Test COMPILER_RT_HAS_ARM_UNALIGNED - Failed
-- Performing Test COMPILER_RT_HAS_ARM_FP
-- Performing Test COMPILER_RT_HAS_ARM_FP - Failed
-- Performing Test COMPILER_RT_HAS_i386_FLOAT16
-- Performing Test COMPILER_RT_HAS_i386_FLOAT16 - Success
-- Performing Test COMPILER_RT_HAS_x86_64_FLOAT16
-- Performing Test COMPILER_RT_HAS_x86_64_FLOAT16 - Success
-- Builtin supported architectures: i386;x86_64
-- Performing additional configure checks with target flags:  --start-no-unused-arguments --unwindlib=none --end-no-unused-arguments -nostdlib++ -nostdinc++ -nodefaultlibs -Werror=array-bounds -Werror=uninitialized -Werror=shadow -Werror=empty-body -Werror=sizeof-pointer-memaccess -Werror=sizeof-array-argument -Werror=suspicious-memaccess -Werror=builtin-memcpy-chk-size -Werror=array-bounds-pointer-arithmetic -Werror=return-stack-address -Werror=sizeof-array-decay -Werror=format-insufficient-args -Wformat -nostdinc++ -Wno-c2y-extensions -fPIC -fno-builtin -fvisibility=hidden -fomit-frame-pointer -m32
-- Performing Test COMPILER_RT_HAS_i386_BFLOAT16
-- Performing Test COMPILER_RT_HAS_i386_BFLOAT16 - Success
-- For i386 builtins preferring i386/fp_mode.c to fp_mode.c
-- For i386 builtins preferring i386/ashldi3.S to ashldi3.c
-- For i386 builtins preferring i386/ashrdi3.S to ashrdi3.c
-- For i386 builtins preferring i386/divdi3.S to divdi3.c
-- For i386 builtins preferring i386/floatdidf.S to floatdidf.c
-- For i386 builtins preferring i386/floatdisf.S to floatdisf.c
-- For i386 builtins preferring i386/floatundidf.S to floatundidf.c
-- For i386 builtins preferring i386/floatundisf.S to floatundisf.c
-- For i386 builtins preferring i386/lshrdi3.S to lshrdi3.c
-- For i386 builtins preferring i386/moddi3.S to moddi3.c
-- For i386 builtins preferring i386/muldi3.S to muldi3.c
-- For i386 builtins preferring i386/udivdi3.S to udivdi3.c
-- For i386 builtins preferring i386/umoddi3.S to umoddi3.c
-- For i386 builtins preferring i386/floatdixf.S to floatdixf.c
-- For i386 builtins preferring i386/floatundixf.S to floatundixf.c
-- Performing additional configure checks with target flags:  --start-no-unused-arguments --unwindlib=none --end-no-unused-arguments -nostdlib++ -nostdinc++ -nodefaultlibs -Werror=array-bounds -Werror=uninitialized -Werror=shadow -Werror=empty-body -Werror=sizeof-pointer-memaccess -Werror=sizeof-array-argument -Werror=suspicious-memaccess -Werror=builtin-memcpy-chk-size -Werror=array-bounds-pointer-arithmetic -Werror=return-stack-address -Werror=sizeof-array-decay -Werror=format-insufficient-args -Wformat -nostdinc++ -Wno-c2y-extensions -fPIC -fno-builtin -fvisibility=hidden -fomit-frame-pointer -m64
-- Performing Test COMPILER_RT_HAS_x86_64_BFLOAT16
-- Performing Test COMPILER_RT_HAS_x86_64_BFLOAT16 - Success
-- For x86_64 builtins preferring i386/fp_mode.c to fp_mode.c
-- For x86_64 builtins preferring x86_64/floatdidf.c to floatdidf.c
-- For x86_64 builtins preferring x86_64/floatdisf.c to floatdisf.c
-- For x86_64 builtins preferring x86_64/floatundidf.S to floatundidf.c
-- For x86_64 builtins preferring x86_64/floatundisf.S to floatundisf.c
-- For x86_64 builtins preferring x86_64/floatdixf.c to floatdixf.c
-- For x86_64 builtins preferring x86_64/floatundixf.S to floatundixf.c
-- Performing Test COMPILER_RT_TARGET_HAS_ATOMICS
-- Performing Test COMPILER_RT_TARGET_HAS_ATOMICS - Success
-- Performing Test COMPILER_RT_TARGET_HAS_FCNTL_LCK
-- Performing Test COMPILER_RT_TARGET_HAS_FCNTL_LCK - Success
-- Performing Test COMPILER_RT_TARGET_HAS_FLOCK
-- Performing Test COMPILER_RT_TARGET_HAS_FLOCK - Success
-- Performing Test COMPILER_RT_TARGET_HAS_UNAME
-- Performing Test COMPILER_RT_TARGET_HAS_UNAME - Success
-- Performing Test HAS_THREAD_LOCAL
-- Performing Test HAS_THREAD_LOCAL - Success
-- Configuring done (18.5s)
-- Generating done (6.5s)
-- Build files have been written to: /var/db/repos/Local/tools/llvm-libc-probe/.build
[1;34m==>[0m building libc libc-startup libm
ninja: Entering directory `/var/db/repos/Local/tools/llvm-libc-probe/.build'
[1/1575] Generating time_t.h
[2/1575] Generating stdint-macros.h
[3/1575] Generating limits-macros.h
[4/1575] Generating link-macros.h
[5/1575] Generating fcntl-macros.h
[6/1575] Generating time-macros.h
[7/1575] Generating signal-macros.h
[8/1575] Generating suseconds_t.h
[9/1575] Generating offsetof-macro.h
[10/1575] Generating error-number-macros.h
[11/1575] Generating sys-time-macros.h
[12/1575] Generating off64_t.h
[13/1575] Generating size_t.h
[14/1575] Generating ssize_t.h
[15/1575] Generating __futex_word.h
[16/1575] Generating pid_t.h
[17/1575] Generating clock_t.h
[18/1575] Generating off_t.h
[19/1575] Generating union_sigval.h
[20/1575] Generating __llvm-libc-common.h
[21/1575] Generating uid_t.h
[22/1575] Generating generic-error-number-macros.h
[23/1575] Generating signal-macros.h
[24/1575] Generating struct_timeval.h
[25/1575] Generating null-macro.h
[26/1575] Generating cfloat128-macros.h
[27/1575] Generating cfloat16-macros.h
[28/1575] Generating file-seek-macros.h
[29/1575] Generating float-macros.h
[30/1575] Generating math-macros.h
[31/1575] Generating containerof-macro.h
[32/1575] Generating stdio-macros.h
[33/1575] Generating sys-auxv-macros.h
[34/1575] Generating sys-mman-macros.h
[35/1575] Generating sys-select-macros.h
[36/1575] Generating inttypes-macros.h
[37/1575] Generating sigset_t.h
[38/1575] Generating fcntl-macros.h
[39/1575] Generating stdlib-macros.h
[40/1575] Generating error-number-macros.h
[41/1575] Generating poll-macros.h
[42/1575] Generating sched-macros.h
[43/1575] Generating sys-epoll-macros.h
[44/1575] Generating sys-ioctl-macros.h
[45/1575] Generating sys-random-macros.h
[46/1575] Generating sys-socket-macros.h
[47/1575] Generating time-macros.h
[48/1575] Generating sys-stat-macros.h
[49/1575] Generating sys-time-macros.h
[50/1575] Generating sys-wait-macros.h
[51/1575] Generating sys-resource-macros.h
[52/1575] Generating termios-macros.h
[53/1575] Generating __search_compare_t.h
[54/1575] Generating __dl_iterate_phdr_callback_t.h
[55/1575] Generating __mutex_type.h
[56/1575] Generating __qsortcompare_t.h
[57/1575] Generating __thread_type.h
[58/1575] Generating unistd-macros.h
[59/1575] Generating __barrier_type.h
[60/1575] Generating __qsortrcompare_t.h
[61/1575] Generating blkcnt_t.h
[62/1575] Generating cc_t.h
[63/1575] Generating cookie_io_functions_t.h
[64/1575] Generating blksize_t.h
[65/1575] Generating clockid_t.h
[66/1575] Generating dev_t.h
[67/1575] Generating div_t.h
[68/1575] Generating ldiv_t.h
[69/1575] Generating lldiv_t.h
[70/1575] Generating FILE.h
[71/1575] Generating gid_t.h
[72/1575] Generating imaxdiv_t.h
[73/1575] Generating in_addr_t.h
[74/1575] Generating ino_t.h
[75/1575] Generating mode_t.h
[76/1575] Generating nlink_t.h
[77/1575] Generating rlim_t.h
[78/1575] Generating struct_dl_phdr_info.h
[79/1575] Generating struct_flock.h
[80/1575] Generating struct_flock64.h
[81/1575] Generating struct_itimerval.h
[82/1575] Generating siginfo_t.h
[83/1575] Generating __jmp_buf.h
[84/1575] Generating struct_timespec.h
[85/1575] Generating struct_tm.h
[86/1575] Generating __atexithandler_t.h
[87/1575] Generating speed_t.h
[88/1575] Generating tcflag_t.h
[89/1575] Generating sa_family_t.h
[90/1575] Generating socklen_t.h
[91/1575] Generating struct_iovec.h
[92/1575] Generating fsblkcnt_t.h
[93/1575] Generating fsfilcnt_t.h
[94/1575] Generating locale_t.h
[95/1575] Generating Elf32_Addr.h
[96/1575] Generating Elf32_Sword.h
[97/1575] Generating Elf32_Word.h
[98/1575] Generating Elf64_Half.h
[99/1575] Generating Elf64_Sxword.h
[100/1575] Generating Elf32_Half.h
[101/1575] Generating Elf32_Off.h
[102/1575] Generating Elf64_Addr.h
[103/1575] Generating Elf64_Off.h
[104/1575] Generating Elf64_Word.h
[105/1575] Generating Elf64_Xword.h
[106/1575] Generating assert-macros.h
[107/1575] Generating complex-macros.h
[108/1575] Generating features-macros.h
[109/1575] Generating fenv-macros.h
[110/1575] Generating malloc-macros.h
[111/1575] Generating netinet-in-macros.h
[112/1575] Generating float16-macros.h
[113/1575] Generating math-function-macros.h
[114/1575] Generating stdbit-macros.h
[115/1575] Generating sys-queue-macros.h
[116/1575] Generating wchar-macros.h
[117/1575] Generating stdfix-macros.h
[118/1575] Generating locale-macros.h
[119/1575] Generating stdckdint-macros.h
[120/1575] Generating elf-macros.h
[121/1575] Generating endian-macros.h
[122/1575] Generating nl-types-macros.h
[123/1575] Generating pthread-macros.h
[124/1575] Generating sched-macros.h
[125/1575] Generating sysexits-macros.h
[126/1575] Generating sys-random-macros.h
[127/1575] Generating sys-wait-macros.h
[128/1575] Generating sys-resource-macros.h
[129/1575] Generating sys-socket-macros.h
[130/1575] Generating sys-stat-macros.h
[131/1575] Generating unistd-macros.h
[132/1575] Generating poll-macros.h
[133/1575] Generating __atfork_callback_t.h
[134/1575] Generating sys-epoll-macros.h
[135/1575] Generating termios-macros.h
[136/1575] Generating __exec_argv_t.h
[137/1575] Generating __exec_envp_t.h
[138/1575] Generating __pthread_once_func_t.h
[139/1575] Generating sys-ioctl-macros.h
[140/1575] Generating __call_once_func_t.h
[141/1575] Generating __pthread_start_t.h
[142/1575] Generating DIR.h
[143/1575] Generating cnd_t.h
[144/1575] Generating __pthread_tss_dtor_t.h
[145/1575] Generating cpu_set_t.h
[146/1575] Generating double_t.h
[147/1575] Generating header stdint.h from /var/db/repos/Local/tools/llvm-libc-probe/.src/llvm-project/runtimes/../libc/include/stdint.yaml
[148/1575] Generating fd_set.h
[149/1575] Generating float_t.h
[150/1575] Generating fenv_t.h
[151/1575] Generating fexcept_t.h
[152/1575] Generating in_addr.h
[153/1575] Generating mbstate_t.h
[154/1575] Generating mtx_t.h
[155/1575] Generating nfds_t.h
[156/1575] Generating nl_catd.h
[157/1575] Generating posix_spawn_file_actions_t.h
[158/1575] Generating once_flag.h
[159/1575] Generating posix_spawnattr_t.h
[160/1575] Generating pthread_attr_t.h
[161/1575] Generating pthread_condattr_t.h
[162/1575] Generating pthread_key_t.h
[163/1575] Generating pthread_mutexattr_t.h
[164/1575] Generating pthread_mutex_t.h
[165/1575] Generating pthread_barrier_t.h
[166/1575] Generating pthread_rwlockattr_t.h
[167/1575] Generating pthread_spinlock_t.h
[168/1575] Generating pthread_barrierattr_t.h
[169/1575] Generating pthread_rwlock_t.h
[170/1575] Generating stack_t.h
[171/1575] Generating sighandler_t.h
[172/1575] Generating pthread_once_t.h
[173/1575] Generating struct_dirent.h
[174/1575] Generating header sys/syscall.h from /var/db/repos/Local/tools/llvm-libc-probe/.src/llvm-project/runtimes/../libc/include/sys/syscall.yaml
[175/1575] Generating pthread_t.h
[176/1575] Generating Dl_info.h
[177/1575] Generating struct_f_owner_ex.h
[178/1575] Generating header limits.h from /var/db/repos/Local/tools/llvm-libc-probe/.src/llvm-project/runtimes/../libc/include/limits.yaml
[179/1575] Generating struct_pollfd.h
[180/1575] Generating struct_rlimit.h
[181/1575] Generating struct_sched_param.h
[182/1575] Generating struct_rusage.h
[183/1575] Generating header errno.h from /var/db/repos/Local/tools/llvm-libc-probe/.src/llvm-project/runtimes/../libc/include/errno.yaml
[184/1575] Generating header sys/auxv.h from /var/db/repos/Local/tools/llvm-libc-probe/.src/llvm-project/runtimes/../libc/include/sys/auxv.yaml
[185/1575] Generating header float.h from /var/db/repos/Local/tools/llvm-libc-probe/.src/llvm-project/runtimes/../libc/include/float.yaml
[186/1575] Generating jmp_buf.h
[187/1575] Generating header sys/mman.h from /var/db/repos/Local/tools/llvm-libc-probe/.src/llvm-project/runtimes/../libc/include/sys/mman.yaml
[188/1575] Generating sig_atomic_t.h
[189/1575] Generating sigjmp_buf.h
[190/1575] Generating struct_utsname.h
[191/1575] Generating struct_sigaction.h
[192/1575] Generating struct_stat.h
[193/1575] Generating thrd_start_t.h
[194/1575] Generating thrd_t.h
[195/1575] Generating tss_t.h
[196/1575] Generating tss_dtor_t.h
[197/1575] Generating struct_termios.h
[198/1575] Generating wchar_t.h
[199/1575] Generating char8_t.h
[200/1575] Generating char16_t.h
[201/1575] Generating __getoptargv_t.h
[202/1575] Generating char32_t.h
[203/1575] Generating wint_t.h
[204/1575] Generating struct_sockaddr.h
[205/1575] Generating ACTION.h
[206/1575] Generating struct_sockaddr_un.h
[207/1575] Generating struct_msghdr.h
[208/1575] Generating ENTRY.h
[209/1575] Generating struct_epoll_event.h
[210/1575] Generating VISIT.h
[211/1575] Generating struct_hsearch_data.h
[212/1575] Generating struct_epoll_data.h
[213/1575] Generating cfloat128.h
[214/1575] Generating cfloat16.h
[215/1575] Generating float128.h
[216/1575] Generating struct_statvfs.h
[217/1575] Generating int_lk_t.h
[218/1575] Generating struct_lconv.h
[219/1575] Generating int_hk_t.h
[220/1575] Generating int_hr_t.h
[221/1575] Generating int_k_t.h
[222/1575] Generating int_r_t.h
[223/1575] Generating int_lr_t.h
[224/1575] Generating uint_uhk_t.h
[225/1575] Generating uint_uhr_t.h
[226/1575] Generating header inttypes.h from /var/db/repos/Local/tools/llvm-libc-probe/.src/llvm-project/runtimes/../libc/include/inttypes.yaml
[227/1575] Generating uint_uk_t.h
[228/1575] Generating uint_ulk_t.h
[229/1575] Generating Elf32_Lword.h
[230/1575] Generating Elf32_Chdr.h
[231/1575] Generating uint_ur_t.h
[232/1575] Generating uint_ulr_t.h
[233/1575] Generating Elf32_Ehdr.h
[234/1575] Generating Elf32_Nhdr.h
[235/1575] Generating Elf32_Rela.h
[236/1575] Generating Elf32_Shdr.h
[237/1575] Generating Elf32_Dyn.h
[238/1575] Generating Elf32_Phdr.h
[239/1575] Generating Elf32_Rel.h
[240/1575] Generating Elf32_Verdaux.h
[241/1575] Generating Elf32_Sym.h
[242/1575] Generating Elf32_Vernaux.h
[243/1575] Generating Elf32_Verdef.h
[244/1575] Generating Elf32_Verneed.h
[245/1575] Generating Elf32_Versym.h
[246/1575] Generating Elf64_Lword.h
[247/1575] Generating header stdio.h from /var/db/repos/Local/tools/llvm-libc-probe/.src/llvm-project/runtimes/../libc/include/stdio.yaml
[248/1575] Generating header link.h from /var/db/repos/Local/tools/llvm-libc-probe/.src/llvm-project/runtimes/../libc/include/link.yaml
[249/1575] Generating Elf64_Sword.h
[250/1575] Generating Elf64_Chdr.h
[251/1575] Generating Elf64_Ehdr.h
[252/1575] Generating Elf64_Dyn.h
[253/1575] Generating Elf64_Nhdr.h
[254/1575] Generating Elf64_Phdr.h
[255/1575] Generating Elf64_Rel.h
[256/1575] Generating Elf64_Rela.h
[257/1575] Generating Elf64_Shdr.h
[258/1575] Generating Elf64_Sym.h
[259/1575] Generating Elf64_Verdaux.h
[260/1575] Generating Elf64_Verdef.h
[261/1575] Generating Elf64_Vernaux.h
[262/1575] Generating Elf64_Verneed.h
[263/1575] Generating Elf64_Versym.h
[264/1575] Generating header sys/time.h from /var/db/repos/Local/tools/llvm-libc-probe/.src/llvm-project/runtimes/../libc/include/sys/time.yaml
[265/1575] Generating header time.h from /var/db/repos/Local/tools/llvm-libc-probe/.src/llvm-project/runtimes/../libc/include/time.yaml
[266/1575] Generating header fcntl.h from /var/db/repos/Local/tools/llvm-libc-probe/.src/llvm-project/runtimes/../libc/include/fcntl.yaml
[267/1575] Generating sys/queue.h
[268/1575] Generating header stdlib.h from /var/db/repos/Local/tools/llvm-libc-probe/.src/llvm-project/runtimes/../libc/include/stdlib.yaml
[269/1575] Generating header ctype.h from /var/db/repos/Local/tools/llvm-libc-probe/.src/llvm-project/runtimes/../libc/include/ctype.yaml
[270/1575] Generating header assert.h from /var/db/repos/Local/tools/llvm-libc-probe/.src/llvm-project/runtimes/../libc/include/assert.yaml
[271/1575] Generating header sys/uio.h from /var/db/repos/Local/tools/llvm-libc-probe/.src/llvm-project/runtimes/../libc/include/sys/uio.yaml
[272/1575] Generating header sys/sendfile.h from /var/db/repos/Local/tools/llvm-libc-probe/.src/llvm-project/runtimes/../libc/include/sys/sendfile.yaml
[273/1575] Generating header strings.h from /var/db/repos/Local/tools/llvm-libc-probe/.src/llvm-project/runtimes/../libc/include/strings.yaml
[274/1575] Generating header string.h from /var/db/repos/Local/tools/llvm-libc-probe/.src/llvm-project/runtimes/../libc/include/string.yaml
[275/1575] Generating header elf_proxy.h from /var/db/repos/Local/tools/llvm-libc-probe/.src/llvm-project/runtimes/../libc/include/elf.yaml
[276/1575] Generating header stdbit.h from /var/db/repos/Local/tools/llvm-libc-probe/.src/llvm-project/runtimes/../libc/include/stdbit.yaml
[277/1575] Generating header netinet/in.h from /var/db/repos/Local/tools/llvm-libc-probe/.src/llvm-project/runtimes/../libc/include/netinet/in.yaml
[278/1575] Generating header sys/ioctl.h from /var/db/repos/Local/tools/llvm-libc-probe/.src/llvm-project/runtimes/../libc/include/sys/ioctl.yaml
[279/1575] Generating header sys/prctl.h from /var/db/repos/Local/tools/llvm-libc-probe/.src/llvm-project/runtimes/../libc/include/sys/prctl.yaml
[280/1575] Generating header malloc.h from /var/db/repos/Local/tools/llvm-libc-probe/.src/llvm-project/runtimes/../libc/include/malloc.yaml
[281/1575] Generating header features.h from /var/db/repos/Local/tools/llvm-libc-probe/.src/llvm-project/runtimes/../libc/include/features.yaml
[282/1575] Generating header sys/random.h from /var/db/repos/Local/tools/llvm-libc-probe/.src/llvm-project/runtimes/../libc/include/sys/random.yaml
[283/1575] Generating header sys/select.h from /var/db/repos/Local/tools/llvm-libc-probe/.src/llvm-project/runtimes/../libc/include/sys/select.yaml
[284/1575] Generating header sysexits.h from /var/db/repos/Local/tools/llvm-libc-probe/.src/llvm-project/runtimes/../libc/include/sysexits.yaml
[285/1575] Generating header stdckdint.h from /var/db/repos/Local/tools/llvm-libc-probe/.src/llvm-project/runtimes/../libc/include/stdckdint.yaml
[286/1575] Generating header endian.h from /var/db/repos/Local/tools/llvm-libc-probe/.src/llvm-project/runtimes/../libc/include/endian.yaml
[287/1575] Generating header fenv.h from /var/db/repos/Local/tools/llvm-libc-probe/.src/llvm-project/runtimes/../libc/include/fenv.yaml
[288/1575] Generating header spawn.h from /var/db/repos/Local/tools/llvm-libc-probe/.src/llvm-project/runtimes/../libc/include/spawn.yaml
[289/1575] Generating header sys/types.h from /var/db/repos/Local/tools/llvm-libc-probe/.src/llvm-project/runtimes/../libc/include/sys/types.yaml
[290/1575] Generating header dirent.h from /var/db/repos/Local/tools/llvm-libc-probe/.src/llvm-project/runtimes/../libc/include/dirent.yaml
[291/1575] Generating header sys/resource.h from /var/db/repos/Local/tools/llvm-libc-probe/.src/llvm-project/runtimes/../libc/include/sys/resource.yaml
[292/1575] Generating header setjmp.h from /var/db/repos/Local/tools/llvm-libc-probe/.src/llvm-project/runtimes/../libc/include/setjmp.yaml
[293/1575] Generating header nl_types.h from /var/db/repos/Local/tools/llvm-libc-probe/.src/llvm-project/runtimes/../libc/include/nl_types.yaml
[294/1575] Generating header dlfcn.h from /var/db/repos/Local/tools/llvm-libc-probe/.src/llvm-project/runtimes/../libc/include/dlfcn.yaml
[295/1575] Generating header poll.h from /var/db/repos/Local/tools/llvm-libc-probe/.src/llvm-project/runtimes/../libc/include/poll.yaml
[296/1575] Generating header sys/wait.h from /var/db/repos/Local/tools/llvm-libc-probe/.src/llvm-project/runtimes/../libc/include/sys/wait.yaml
[297/1575] Generating header arpa/inet.h from /var/db/repos/Local/tools/llvm-libc-probe/.src/llvm-project/runtimes/../libc/include/arpa/inet.yaml
[298/1575] Generating header sched.h from /var/db/repos/Local/tools/llvm-libc-probe/.src/llvm-project/runtimes/../libc/include/sched.yaml
[299/1575] Generating header sys/stat.h from /var/db/repos/Local/tools/llvm-libc-probe/.src/llvm-project/runtimes/../libc/include/sys/stat.yaml
[300/1575] Generating header pthread.h from /var/db/repos/Local/tools/llvm-libc-probe/.src/llvm-project/runtimes/../libc/include/pthread.yaml
[301/1575] Generating header sys/utsname.h from /var/db/repos/Local/tools/llvm-libc-probe/.src/llvm-project/runtimes/../libc/include/sys/utsname.yaml
[302/1575] Generating header threads.h from /var/db/repos/Local/tools/llvm-libc-probe/.src/llvm-project/runtimes/../libc/include/threads.yaml
[303/1575] Generating header signal.h from /var/db/repos/Local/tools/llvm-libc-probe/.src/llvm-project/runtimes/../libc/include/signal.yaml
[304/1575] Generating header termios.h from /var/db/repos/Local/tools/llvm-libc-probe/.src/llvm-project/runtimes/../libc/include/termios.yaml
[305/1575] Generating header unistd.h from /var/db/repos/Local/tools/llvm-libc-probe/.src/llvm-project/runtimes/../libc/include/unistd.yaml
[306/1575] Generating header search.h from /var/db/repos/Local/tools/llvm-libc-probe/.src/llvm-project/runtimes/../libc/include/search.yaml
[307/1575] Generating header sys/statvfs.h from /var/db/repos/Local/tools/llvm-libc-probe/.src/llvm-project/runtimes/../libc/include/sys/statvfs.yaml
[308/1575] Generating header uchar.h from /var/db/repos/Local/tools/llvm-libc-probe/.src/llvm-project/runtimes/../libc/include/uchar.yaml
[309/1575] Building CXX object libc/startup/linux/x86_64/CMakeFiles/libc.startup.linux.x86_64.start.dir/start.cpp.o
[310/1575] Generating header sys/socket.h from /var/db/repos/Local/tools/llvm-libc-probe/.src/llvm-project/runtimes/../libc/include/sys/socket.yaml
[311/1575] Building CXX object libc/src/__support/CPP/CMakeFiles/libc.src.__support.CPP.new.dir/new.cpp.o
[312/1575] Building CXX object libc/src/__support/OSUtil/linux/CMakeFiles/libc.src.__support.OSUtil.linux.linux_util.dir/exit.cpp.o
[313/1575] Generating header wchar.h from /var/db/repos/Local/tools/llvm-libc-probe/.src/llvm-project/runtimes/../libc/include/wchar.yaml
[314/1575] Generating header locale.h from /var/db/repos/Local/tools/llvm-libc-probe/.src/llvm-project/runtimes/../libc/include/locale.yaml
[315/1575] Generating header wctype.h from /var/db/repos/Local/tools/llvm-libc-probe/.src/llvm-project/runtimes/../libc/include/wctype.yaml
[316/1575] Generating header stdfix.h from /var/db/repos/Local/tools/llvm-libc-probe/.src/llvm-project/runtimes/../libc/include/stdfix.yaml
[317/1575] Building CXX object libc/src/__support/OSUtil/linux/CMakeFiles/libc.src.__support.OSUtil.linux.linux_util.dir/fcntl.cpp.o
[318/1575] Generating header sys/epoll.h from /var/db/repos/Local/tools/llvm-libc-probe/.src/llvm-project/runtimes/../libc/include/sys/epoll.yaml
[319/1575] Generating header complex.h from /var/db/repos/Local/tools/llvm-libc-probe/.src/llvm-project/runtimes/../libc/include/complex.yaml
[320/1575] Building CXX object libc/startup/linux/CMakeFiles/libc.startup.linux.do_start.dir/do_start.cpp.o
[321/1575] Building CXX object libc/src/__support/StringUtil/CMakeFiles/libc.src.__support.StringUtil.error_to_string.dir/error_to_string.cpp.o
[322/1575] Building CXX object libc/src/__support/threads/CMakeFiles/libc.src.__support.threads.fork_callbacks.dir/fork_callbacks.cpp.o
[323/1575] Generating header elf.h from /var/db/repos/Local/tools/llvm-libc-probe/.src/llvm-project/runtimes/../libc/include/elf.yaml
[324/1575] Building CXX object libc/src/__support/StringUtil/CMakeFiles/libc.src.__support.StringUtil.signal_to_string.dir/signal_to_string.cpp.o
[325/1575] Building CXX object libc/src/__support/OSUtil/linux/CMakeFiles/libc.src.__support.OSUtil.linux.vdso.dir/vdso.cpp.o
[326/1575] Building CXX object libc/src/__support/File/linux/CMakeFiles/libc.src.__support.File.linux.stdout.dir/stdout.cpp.o
[327/1575] Building CXX object libc/src/__support/threads/linux/CMakeFiles/libc.src.__support.threads.linux.CndVar.dir/CndVar.cpp.o
[328/1575] Building CXX object libc/src/__support/threads/linux/CMakeFiles/libc.src.__support.threads.linux.barrier.dir/barrier.cpp.o
[329/1575] Generating header math.h from /var/db/repos/Local/tools/llvm-libc-probe/.src/llvm-project/runtimes/../libc/include/math.yaml
[330/1575] Building CXX object libc/src/__support/File/linux/CMakeFiles/libc.src.__support.File.linux.file.dir/file.cpp.o
[331/1575] Building CXX object libc/src/__support/threads/linux/CMakeFiles/libc.src.__support.threads.linux.thread.dir/thread.cpp.o
[332/1575] Building CXX object libc/src/__support/time/linux/CMakeFiles/libc.src.__support.time.linux.clock_settime.dir/clock_settime.cpp.o
[333/1575] Building CXX object libc/src/__support/wchar/CMakeFiles/libc.src.__support.wchar.character_converter.dir/character_converter.cpp.o
[334/1575] Building CXX object libc/src/__support/File/linux/CMakeFiles/libc.src.__support.File.linux.stderr.dir/stderr.cpp.o
[335/1575] Building CXX object libc/src/__support/wchar/CMakeFiles/libc.src.__support.wchar.mbrtowc.dir/mbrtowc.cpp.o
[336/1575] Building CXX object libc/src/__support/File/CMakeFiles/libc.src.__support.File.dir.dir/dir.cpp.o
[337/1575] Building CXX object libc/src/__support/File/linux/CMakeFiles/libc.src.__support.File.linux.linux_dir.dir/dir.cpp.o
[338/1575] Building CXX object libc/src/__support/File/linux/CMakeFiles/libc.src.__support.File.linux.stdin.dir/stdin.cpp.o
[339/1575] Building CXX object libc/src/__support/wchar/CMakeFiles/libc.src.__support.wchar.wcrtomb.dir/wcrtomb.cpp.o
[340/1575] Building CXX object libc/src/__support/time/linux/CMakeFiles/libc.src.__support.time.linux.clock_gettime.dir/clock_gettime.cpp.o
[341/1575] Building CXX object libc/src/complex/generic/CMakeFiles/libc.src.complex.generic.cprojl.dir/cprojl.cpp.o
[342/1575] Building CXX object libc/src/complex/generic/CMakeFiles/libc.src.complex.generic.cprojf.dir/cprojf.cpp.o
[343/1575] Building CXX object libc/src/complex/generic/CMakeFiles/libc.src.complex.generic.cproj.dir/cproj.cpp.o
[344/1575] Building CXX object libc/src/complex/generic/CMakeFiles/libc.src.complex.generic.cprojf16.dir/cprojf16.cpp.o
[345/1575] Building CXX object libc/src/complex/generic/CMakeFiles/libc.src.complex.generic.conjf16.dir/conjf16.cpp.o
[346/1575] Building CXX object libc/src/complex/generic/CMakeFiles/libc.src.complex.generic.creal.dir/creal.cpp.o
[347/1575] Building CXX object libc/startup/linux/x86_64/CMakeFiles/libc.startup.linux.x86_64.tls.dir/tls.cpp.o
[348/1575] Building CXX object libc/src/complex/generic/CMakeFiles/libc.src.complex.generic.conjf.dir/conjf.cpp.o
[349/1575] Building CXX object libc/src/complex/generic/CMakeFiles/libc.src.complex.generic.conj.dir/conj.cpp.o
[350/1575] Building CXX object libc/src/complex/generic/CMakeFiles/libc.src.complex.generic.crealf.dir/crealf.cpp.o
[351/1575] Building CXX object libc/src/complex/generic/CMakeFiles/libc.src.complex.generic.creall.dir/creall.cpp.o
[352/1575] Building CXX object libc/src/complex/generic/CMakeFiles/libc.src.complex.generic.cprojf128.dir/cprojf128.cpp.o
[353/1575] Building CXX object libc/src/complex/generic/CMakeFiles/libc.src.complex.generic.cimag.dir/cimag.cpp.o
[354/1575] Building CXX object libc/src/complex/generic/CMakeFiles/libc.src.complex.generic.crealf16.dir/crealf16.cpp.o
[355/1575] Building CXX object libc/src/complex/generic/CMakeFiles/libc.src.complex.generic.crealf128.dir/crealf128.cpp.o
[356/1575] Building CXX object libc/src/complex/generic/CMakeFiles/libc.src.complex.generic.cimagf.dir/cimagf.cpp.o
[357/1575] Building CXX object libc/src/ctype/CMakeFiles/libc.src.ctype.isalnum.dir/isalnum.cpp.o
[358/1575] Building CXX object libc/src/complex/generic/CMakeFiles/libc.src.complex.generic.cimagf128.dir/cimagf128.cpp.o
[359/1575] Building CXX object libc/src/complex/generic/CMakeFiles/libc.src.complex.generic.conjl.dir/conjl.cpp.o
[360/1575] Building CXX object libc/src/ctype/CMakeFiles/libc.src.ctype.iscntrl.dir/iscntrl.cpp.o
[361/1575] Building CXX object libc/src/complex/generic/CMakeFiles/libc.src.complex.generic.cimagl.dir/cimagl.cpp.o
[362/1575] Building CXX object libc/src/ctype/CMakeFiles/libc.src.ctype.isblank.dir/isblank.cpp.o
[363/1575] Building CXX object libc/src/ctype/CMakeFiles/libc.src.ctype.isascii.dir/isascii.cpp.o
[364/1575] Building CXX object libc/src/complex/generic/CMakeFiles/libc.src.complex.generic.conjf128.dir/conjf128.cpp.o
[365/1575] Building CXX object libc/src/complex/generic/CMakeFiles/libc.src.complex.generic.cimagf16.dir/cimagf16.cpp.o
[366/1575] Building CXX object libc/src/ctype/CMakeFiles/libc.src.ctype.isalpha.dir/isalpha.cpp.o
[367/1575] Building CXX object libc/src/__support/File/CMakeFiles/libc.src.__support.File.file.dir/file.cpp.o
[368/1575] Building CXX object libc/src/ctype/CMakeFiles/libc.src.ctype.isdigit.dir/isdigit.cpp.o
[369/1575] Building CXX object libc/src/ctype/CMakeFiles/libc.src.ctype.ispunct.dir/ispunct.cpp.o
[370/1575] Building CXX object libc/src/ctype/CMakeFiles/libc.src.ctype.isprint.dir/isprint.cpp.o
[371/1575] Building CXX object libc/src/ctype/CMakeFiles/libc.src.ctype.isxdigit.dir/isxdigit.cpp.o
[372/1575] Building CXX object libc/src/ctype/CMakeFiles/libc.src.ctype.islower.dir/islower.cpp.o
[373/1575] Building CXX object libc/src/ctype/CMakeFiles/libc.src.ctype.isgraph.dir/isgraph.cpp.o
[374/1575] Building CXX object libc/src/ctype/CMakeFiles/libc.src.ctype.isspace.dir/isspace.cpp.o
[375/1575] Building CXX object libc/src/ctype/CMakeFiles/libc.src.ctype.isupper.dir/isupper.cpp.o
[376/1575] Building CXX object libc/src/ctype/CMakeFiles/libc.src.ctype.isalnum_l.dir/isalnum_l.cpp.o
[377/1575] Building CXX object libc/src/ctype/CMakeFiles/libc.src.ctype.toascii.dir/toascii.cpp.o
[378/1575] Building CXX object libc/src/ctype/CMakeFiles/libc.src.ctype.tolower.dir/tolower.cpp.o
[379/1575] Building CXX object libc/src/ctype/CMakeFiles/libc.src.ctype.isblank_l.dir/isblank_l.cpp.o
[380/1575] Building CXX object libc/src/ctype/CMakeFiles/libc.src.ctype.toupper.dir/toupper.cpp.o
[381/1575] Building CXX object libc/src/ctype/CMakeFiles/libc.src.ctype.iscntrl_l.dir/iscntrl_l.cpp.o
[382/1575] Building CXX object libc/src/__support/threads/CMakeFiles/libc.src.__support.threads.thread.dir/thread.cpp.o
[383/1575] Building CXX object libc/src/ctype/CMakeFiles/libc.src.ctype.isalpha_l.dir/isalpha_l.cpp.o
[384/1575] Building CXX object libc/src/ctype/CMakeFiles/libc.src.ctype.isdigit_l.dir/isdigit_l.cpp.o
[385/1575] Building CXX object libc/src/ctype/CMakeFiles/libc.src.ctype.islower_l.dir/islower_l.cpp.o
[386/1575] Building CXX object libc/src/ctype/CMakeFiles/libc.src.ctype.isprint_l.dir/isprint_l.cpp.o
[387/1575] Building CXX object libc/src/dlfcn/CMakeFiles/libc.src.dlfcn.dlerror.dir/dlerror.cpp.o
[388/1575] Building CXX object libc/src/ctype/CMakeFiles/libc.src.ctype.isupper_l.dir/isupper_l.cpp.o
[389/1575] Building CXX object libc/src/dlfcn/CMakeFiles/libc.src.dlfcn.dlclose.dir/dlclose.cpp.o
[390/1575] Building CXX object libc/src/dlfcn/CMakeFiles/libc.src.dlfcn.dlopen.dir/dlopen.cpp.o
[391/1575] Building CXX object libc/src/ctype/CMakeFiles/libc.src.ctype.isgraph_l.dir/isgraph_l.cpp.o
[392/1575] Building CXX object libc/src/ctype/CMakeFiles/libc.src.ctype.isxdigit_l.dir/isxdigit_l.cpp.o
[393/1575] Building CXX object libc/src/dlfcn/CMakeFiles/libc.src.dlfcn.dlsym.dir/dlsym.cpp.o
[394/1575] Building CXX object libc/src/ctype/CMakeFiles/libc.src.ctype.isspace_l.dir/isspace_l.cpp.o
[395/1575] Building CXX object libc/src/ctype/CMakeFiles/libc.src.ctype.toupper_l.dir/toupper_l.cpp.o
[396/1575] Building CXX object libc/src/ctype/CMakeFiles/libc.src.ctype.ispunct_l.dir/ispunct_l.cpp.o
[397/1575] Building CXX object libc/src/errno/CMakeFiles/libc.src.errno.errno.dir/libc_errno.cpp.o
[398/1575] Building CXX object libc/src/ctype/CMakeFiles/libc.src.ctype.tolower_l.dir/tolower_l.cpp.o
[399/1575] Building CXX object libc/src/dlfcn/CMakeFiles/libc.src.dlfcn.dladdr.dir/dladdr.cpp.o
[400/1575] Building CXX object libc/src/fenv/CMakeFiles/libc.src.fenv.feraiseexcept.dir/feraiseexcept.cpp.o
[401/1575] Building CXX object libc/src/fenv/CMakeFiles/libc.src.fenv.fesetexceptflag.dir/fesetexceptflag.cpp.o
[402/1575] Building CXX object libc/src/fenv/CMakeFiles/libc.src.fenv.fetestexcept.dir/fetestexcept.cpp.o
[403/1575] Building CXX object libc/src/fenv/CMakeFiles/libc.src.fenv.fegetexcept.dir/fegetexcept.cpp.o
[404/1575] Building CXX object libc/src/fenv/CMakeFiles/libc.src.fenv.fegetround.dir/fegetround.cpp.o
[405/1575] Building CXX object libc/src/fenv/CMakeFiles/libc.src.fenv.feenableexcept.dir/feenableexcept.cpp.o
[406/1575] Building CXX object libc/src/fenv/CMakeFiles/libc.src.fenv.fesetenv.dir/fesetenv.cpp.o
[407/1575] Building CXX object libc/src/fenv/CMakeFiles/libc.src.fenv.fesetexcept.dir/fesetexcept.cpp.o
[408/1575] Building CXX object libc/src/inttypes/CMakeFiles/libc.src.inttypes.strtoimax.dir/strtoimax.cpp.o
[409/1575] Building CXX object libc/src/fenv/CMakeFiles/libc.src.fenv.fesetround.dir/fesetround.cpp.o
[410/1575] Building CXX object libc/src/fenv/CMakeFiles/libc.src.fenv.feclearexcept.dir/feclearexcept.cpp.o
[411/1575] Building CXX object libc/src/inttypes/CMakeFiles/libc.src.inttypes.imaxdiv.dir/imaxdiv.cpp.o
[412/1575] Building CXX object libc/src/inttypes/CMakeFiles/libc.src.inttypes.imaxabs.dir/imaxabs.cpp.o
[413/1575] Building CXX object libc/src/fenv/CMakeFiles/libc.src.fenv.fedisableexcept.dir/fedisableexcept.cpp.o
[414/1575] Building CXX object libc/src/fenv/CMakeFiles/libc.src.fenv.fegetexceptflag.dir/fegetexceptflag.cpp.o
[415/1575] Building CXX object libc/src/fenv/CMakeFiles/libc.src.fenv.fegetenv.dir/fegetenv.cpp.o
[416/1575] Building CXX object libc/src/fenv/CMakeFiles/libc.src.fenv.fetestexceptflag.dir/fetestexceptflag.cpp.o
[417/1575] Building CXX object libc/src/fenv/CMakeFiles/libc.src.fenv.feholdexcept.dir/feholdexcept.cpp.o
[418/1575] Building CXX object libc/src/inttypes/CMakeFiles/libc.src.inttypes.strtoumax.dir/strtoumax.cpp.o
[419/1575] Building CXX object libc/src/fenv/CMakeFiles/libc.src.fenv.feupdateenv.dir/feupdateenv.cpp.o
[420/1575] Building CXX object libc/src/math/generic/CMakeFiles/libc.src.math.generic.canonicalizef.dir/canonicalizef.cpp.o
[421/1575] Building CXX object libc/src/math/generic/CMakeFiles/libc.src.math.generic.iscanonical.dir/iscanonical.cpp.o
[422/1575] Building CXX object libc/src/math/generic/CMakeFiles/libc.src.math.generic.canonicalizebf16.dir/canonicalizebf16.cpp.o
[423/1575] Building CXX object libc/src/math/generic/CMakeFiles/libc.src.math.generic.ceilf.dir/ceilf.cpp.o
[424/1575] Building CXX object libc/src/math/generic/CMakeFiles/libc.src.math.generic.iscanonicalf.dir/iscanonicalf.cpp.o
[425/1575] Building CXX object libc/src/math/generic/CMakeFiles/libc.src.math.generic.canonicalizef128.dir/canonicalizef128.cpp.o
[426/1575] Building CXX object libc/src/math/generic/CMakeFiles/libc.src.math.generic.ceil.dir/ceil.cpp.o
[427/1575] Building CXX object libc/src/math/generic/CMakeFiles/libc.src.math.generic.canonicalizef16.dir/canonicalizef16.cpp.o
[428/1575] Building CXX object libc/src/math/generic/CMakeFiles/libc.src.math.generic.iscanonicalf16.dir/iscanonicalf16.cpp.o
[429/1575] Building CXX object libc/src/math/generic/CMakeFiles/libc.src.math.generic.ceill.dir/ceill.cpp.o
[430/1575] Building CXX object libc/src/math/generic/CMakeFiles/libc.src.math.generic.iscanonicalf128.dir/iscanonicalf128.cpp.o
[431/1575] Building CXX object libc/src/math/generic/CMakeFiles/libc.src.math.generic.canonicalizel.dir/canonicalizel.cpp.o
[432/1575] Building CXX object libc/src/math/generic/CMakeFiles/libc.src.math.generic.ceilf128.dir/ceilf128.cpp.o
[433/1575] Building CXX object libc/src/math/generic/CMakeFiles/libc.src.math.generic.canonicalize.dir/canonicalize.cpp.o
[434/1575] Building CXX object libc/src/math/generic/CMakeFiles/libc.src.math.generic.iscanonicall.dir/iscanonicall.cpp.o
[435/1575] Building CXX object libc/src/math/generic/CMakeFiles/libc.src.math.generic.ceilf16.dir/ceilf16.cpp.o
[436/1575] Building CXX object libc/src/math/generic/CMakeFiles/libc.src.math.generic.iscanonicalbf16.dir/iscanonicalbf16.cpp.o
[437/1575] Building CXX object libc/src/math/generic/CMakeFiles/libc.src.math.generic.ceilbf16.dir/ceilbf16.cpp.o
[438/1575] Building CXX object libc/src/math/generic/CMakeFiles/libc.src.math.generic.dsubf128.dir/dsubf128.cpp.o
[439/1575] Building CXX object libc/src/math/generic/CMakeFiles/libc.src.math.generic.dsubl.dir/dsubl.cpp.o
[440/1575] Building CXX object libc/src/math/generic/CMakeFiles/libc.src.math.generic.ddivf128.dir/ddivf128.cpp.o
[441/1575] Building CXX object libc/src/math/generic/CMakeFiles/libc.src.math.generic.dfmaf128.dir/dfmaf128.cpp.o
[442/1575] Building CXX object libc/src/math/generic/CMakeFiles/libc.src.math.generic.cospif16.dir/cospif16.cpp.o
[443/1575] Building CXX object libc/src/math/generic/CMakeFiles/libc.src.math.generic.dsqrtl.dir/dsqrtl.cpp.o
[444/1575] Building CXX object libc/src/math/generic/CMakeFiles/libc.src.math.generic.daddl.dir/daddl.cpp.o
[445/1575] Building CXX object libc/src/math/generic/CMakeFiles/libc.src.math.generic.cospif.dir/cospif.cpp.o
[446/1575] Building CXX object libc/src/math/generic/CMakeFiles/libc.src.math.generic.daddf128.dir/daddf128.cpp.o
[447/1575] Building CXX object libc/src/math/generic/CMakeFiles/libc.src.math.generic.cosf16.dir/cosf16.cpp.o
[448/1575] Building CXX object libc/src/math/generic/CMakeFiles/libc.src.math.generic.cosf.dir/cosf.cpp.o
[449/1575] Building CXX object libc/src/math/generic/CMakeFiles/libc.src.math.generic.dsqrtf128.dir/dsqrtf128.cpp.o
[450/1575] Building CXX object libc/src/math/generic/CMakeFiles/libc.src.math.generic.dfmal.dir/dfmal.cpp.o
[451/1575] Building CXX object libc/src/math/generic/CMakeFiles/libc.src.math.generic.ddivl.dir/ddivl.cpp.o
[452/1575] Building CXX object libc/src/math/generic/CMakeFiles/libc.src.math.generic.cos.dir/cos.cpp.o
[453/1575] Building CXX object libc/src/math/generic/CMakeFiles/libc.src.math.generic.sinf.dir/sinf.cpp.o
[454/1575] Building CXX object libc/src/math/generic/CMakeFiles/libc.src.math.generic.sinf16.dir/sinf16.cpp.o
[455/1575] Building CXX object libc/src/math/generic/CMakeFiles/libc.src.math.generic.tanpif.dir/tanpif.cpp.o
[456/1575] Building CXX object libc/src/math/generic/CMakeFiles/libc.src.math.generic.fabsf16.dir/fabsf16.cpp.o
[457/1575] Building CXX object libc/src/math/generic/CMakeFiles/libc.src.math.generic.fabs.dir/fabs.cpp.o
[458/1575] Building CXX object libc/src/math/generic/CMakeFiles/libc.src.math.generic.sinpif16.dir/sinpif16.cpp.o
[459/1575] Building CXX object libc/src/math/generic/CMakeFiles/libc.src.math.generic.sincosf.dir/sincosf.cpp.o
[460/1575] Building CXX object libc/src/math/generic/CMakeFiles/libc.src.math.generic.sinpif.dir/sinpif.cpp.o
[461/1575] Building CXX object libc/src/math/generic/CMakeFiles/libc.src.math.generic.fabsf128.dir/fabsf128.cpp.o
[462/1575] Building CXX object libc/src/math/generic/CMakeFiles/libc.src.math.generic.fabsl.dir/fabsl.cpp.o
[463/1575] Building CXX object libc/src/math/generic/CMakeFiles/libc.src.math.generic.fabsf.dir/fabsf.cpp.o
[464/1575] Building CXX object libc/src/math/generic/CMakeFiles/libc.src.math.generic.fabsbf16.dir/fabsbf16.cpp.o
[465/1575] Building CXX object libc/src/math/generic/CMakeFiles/libc.src.math.generic.tanf.dir/tanf.cpp.o
[466/1575] Building CXX object libc/src/math/generic/CMakeFiles/libc.src.math.generic.tanf16.dir/tanf16.cpp.o
[467/1575] Building CXX object libc/src/math/generic/CMakeFiles/libc.src.math.generic.sin.dir/sin.cpp.o
[468/1575] Building CXX object libc/src/math/generic/CMakeFiles/libc.src.math.generic.fadd.dir/fadd.cpp.o
[469/1575] Building CXX object libc/src/math/generic/CMakeFiles/libc.src.math.generic.faddl.dir/faddl.cpp.o
[470/1575] Building CXX object libc/src/math/generic/CMakeFiles/libc.src.math.generic.tanpif16.dir/tanpif16.cpp.o
[471/1575] Building CXX object libc/src/math/generic/CMakeFiles/libc.src.math.generic.truncf.dir/truncf.cpp.o
[472/1575] Building CXX object libc/src/math/generic/CMakeFiles/libc.src.math.generic.truncl.dir/truncl.cpp.o
[473/1575] Building CXX object libc/src/math/generic/CMakeFiles/libc.src.math.generic.sincos.dir/sincos.cpp.o
[474/1575] Building CXX object libc/src/math/generic/CMakeFiles/libc.src.math.generic.faddf128.dir/faddf128.cpp.o
[475/1575] Building CXX object libc/src/math/generic/CMakeFiles/libc.src.math.generic.truncbf16.dir/truncbf16.cpp.o
[476/1575] Building CXX object libc/src/math/generic/CMakeFiles/libc.src.math.generic.truncf16.dir/truncf16.cpp.o
[477/1575] Building CXX object libc/src/math/generic/CMakeFiles/libc.src.math.generic.trunc.dir/trunc.cpp.o
[478/1575] Building CXX object libc/src/math/generic/CMakeFiles/libc.src.math.generic.truncf128.dir/truncf128.cpp.o
[479/1575] Building CXX object libc/src/math/generic/CMakeFiles/libc.src.math.generic.floor.dir/floor.cpp.o
[480/1575] Building CXX object libc/src/math/generic/CMakeFiles/libc.src.math.generic.tan.dir/tan.cpp.o
[481/1575] Building CXX object libc/src/math/generic/CMakeFiles/libc.src.math.generic.roundl.dir/roundl.cpp.o
[482/1575] Building CXX object libc/src/math/generic/CMakeFiles/libc.src.math.generic.floorf.dir/floorf.cpp.o
[483/1575] Building CXX object libc/src/math/generic/CMakeFiles/libc.src.math.generic.round.dir/round.cpp.o
[484/1575] Building CXX object libc/src/math/generic/CMakeFiles/libc.src.math.generic.roundf.dir/roundf.cpp.o
[485/1575] Building CXX object libc/src/math/generic/CMakeFiles/libc.src.math.generic.floorf128.dir/floorf128.cpp.o
[486/1575] Building CXX object libc/src/math/generic/CMakeFiles/libc.src.math.generic.floorl.dir/floorl.cpp.o
[487/1575] Building CXX object libc/src/math/generic/CMakeFiles/libc.src.math.generic.roundf16.dir/roundf16.cpp.o
[488/1575] Building CXX object libc/src/math/generic/CMakeFiles/libc.src.math.generic.floorbf16.dir/floorbf16.cpp.o
[489/1575] Building CXX object libc/src/math/generic/CMakeFiles/libc.src.math.generic.floorf16.dir/floorf16.cpp.o
[490/1575] Building CXX object libc/src/math/generic/CMakeFiles/libc.src.math.generic.roundevenf128.dir/roundevenf128.cpp.o
[491/1575] Building CXX object libc/src/math/generic/CMakeFiles/libc.src.math.generic.roundeven.dir/roundeven.cpp.o
[492/1575] Building CXX object libc/src/math/generic/CMakeFiles/libc.src.math.generic.roundevenf16.dir/roundevenf16.cpp.o
[493/1575] Building CXX object libc/src/math/generic/CMakeFiles/libc.src.math.generic.roundevenl.dir/roundevenl.cpp.o
[494/1575] Building CXX object libc/src/math/generic/CMakeFiles/libc.src.math.generic.rsqrtf.dir/rsqrtf.cpp.o
[495/1575] Building CXX object libc/src/math/generic/CMakeFiles/libc.src.math.generic.roundf128.dir/roundf128.cpp.o
[496/1575] Building CXX object libc/src/math/generic/CMakeFiles/libc.src.math.generic.lround.dir/lround.cpp.o
[497/1575] Building CXX object libc/src/math/generic/CMakeFiles/libc.src.math.generic.lroundf16.dir/lroundf16.cpp.o
[498/1575] Building CXX object libc/src/math/generic/CMakeFiles/libc.src.math.generic.roundevenf.dir/roundevenf.cpp.o
[499/1575] Building CXX object libc/src/math/generic/CMakeFiles/libc.src.math.generic.lroundl.dir/lroundl.cpp.o
[500/1575] Building CXX object libc/src/math/generic/CMakeFiles/libc.src.math.generic.llround.dir/llround.cpp.o
[501/1575] Building CXX object libc/src/math/generic/CMakeFiles/libc.src.math.generic.roundevenbf16.dir/roundevenbf16.cpp.o
[502/1575] Building CXX object libc/src/math/generic/CMakeFiles/libc.src.math.generic.llroundf128.dir/llroundf128.cpp.o
[503/1575] Building CXX object libc/src/math/generic/CMakeFiles/libc.src.math.generic.lroundf.dir/lroundf.cpp.o
[504/1575] Building CXX object libc/src/math/generic/CMakeFiles/libc.src.math.generic.rintl.dir/rintl.cpp.o
[505/1575] Building CXX object libc/src/math/generic/CMakeFiles/libc.src.math.generic.rintf.dir/rintf.cpp.o
[506/1575] Building CXX object libc/src/math/generic/CMakeFiles/libc.src.math.generic.rsqrtf16.dir/rsqrtf16.cpp.o
[507/1575] Building CXX object libc/src/math/generic/CMakeFiles/libc.src.math.generic.rint.dir/rint.cpp.o
[508/1575] Building CXX object libc/src/math/generic/CMakeFiles/libc.src.math.generic.llroundl.dir/llroundl.cpp.o
[509/1575] Building CXX object libc/src/math/generic/CMakeFiles/libc.src.math.generic.rintf16.dir/rintf16.cpp.o
[510/1575] Building CXX object libc/src/math/generic/CMakeFiles/libc.src.math.generic.llroundf.dir/llroundf.cpp.o
[511/1575] Building CXX object libc/src/math/generic/CMakeFiles/libc.src.math.generic.llroundf16.dir/llroundf16.cpp.o
[512/1575] Building CXX object libc/src/math/generic/CMakeFiles/libc.src.math.generic.llroundbf16.dir/llroundbf16.cpp.o
[513/1575] Building CXX object libc/src/math/generic/CMakeFiles/libc.src.math.generic.lroundf128.dir/lroundf128.cpp.o
[514/1575] Building CXX object libc/src/math/generic/CMakeFiles/libc.src.math.generic.lrint.dir/lrint.cpp.o
[515/1575] Building CXX object libc/src/math/generic/CMakeFiles/libc.src.math.generic.lroundbf16.dir/lroundbf16.cpp.o
[516/1575] Building CXX object libc/src/math/generic/CMakeFiles/libc.src.math.generic.roundbf16.dir/roundbf16.cpp.o
[517/1575] Building CXX object libc/src/math/generic/CMakeFiles/libc.src.math.generic.llrintf16.dir/llrintf16.cpp.o
[518/1575] Building CXX object libc/src/math/generic/CMakeFiles/libc.src.math.generic.llrintl.dir/llrintl.cpp.o
[519/1575] Building CXX object libc/src/math/generic/CMakeFiles/libc.src.math.generic.lrintf128.dir/lrintf128.cpp.o
[520/1575] Building CXX object libc/src/math/generic/CMakeFiles/libc.src.math.generic.llrintf.dir/llrintf.cpp.o
[521/1575] Building CXX object libc/src/math/generic/CMakeFiles/libc.src.math.generic.lrintl.dir/lrintl.cpp.o
[522/1575] Building CXX object libc/src/math/generic/CMakeFiles/libc.src.math.generic.lrintf16.dir/lrintf16.cpp.o
[523/1575] Building CXX object libc/src/math/generic/CMakeFiles/libc.src.math.generic.llrint.dir/llrint.cpp.o
[524/1575] Building CXX object libc/src/math/generic/CMakeFiles/libc.src.math.generic.lrintf.dir/lrintf.cpp.o
[525/1575] Building CXX object libc/src/math/generic/CMakeFiles/libc.src.math.generic.llrintf128.dir/llrintf128.cpp.o
[526/1575] Building CXX object libc/src/math/generic/CMakeFiles/libc.src.math.generic.rintf128.dir/rintf128.cpp.o
[527/1575] Building CXX object libc/src/math/generic/CMakeFiles/libc.src.math.generic.nearbyintf16.dir/nearbyintf16.cpp.o
[528/1575] Building CXX object libc/src/math/generic/CMakeFiles/libc.src.math.generic.rintbf16.dir/rintbf16.cpp.o
[529/1575] Building CXX object libc/src/math/generic/CMakeFiles/libc.src.math.generic.nearbyintf128.dir/nearbyintf128.cpp.o
[530/1575] Building CXX object libc/src/math/generic/CMakeFiles/libc.src.math.generic.nearbyintf.dir/nearbyintf.cpp.o
[531/1575] Building CXX object libc/src/math/generic/CMakeFiles/libc.src.math.generic.lrintbf16.dir/lrintbf16.cpp.o
[532/1575] Building CXX object libc/src/math/generic/CMakeFiles/libc.src.math.generic.nearbyintl.dir/nearbyintl.cpp.o
[533/1575] Building CXX object libc/src/math/generic/CMakeFiles/libc.src.math.generic.exp2f.dir/exp2f.cpp.o
[534/1575] Building CXX object libc/src/math/generic/CMakeFiles/libc.src.math.generic.nearbyint.dir/nearbyint.cpp.o
[535/1575] Building CXX object libc/src/math/generic/CMakeFiles/libc.src.math.generic.expf16.dir/expf16.cpp.o
[536/1575] Building CXX object libc/src/math/generic/CMakeFiles/libc.src.math.generic.erff.dir/erff.cpp.o
[537/1575] Building CXX object libc/src/math/generic/CMakeFiles/libc.src.math.generic.expf.dir/expf.cpp.o
[538/1575] Building CXX object libc/src/math/generic/CMakeFiles/libc.src.math.generic.nearbyintbf16.dir/nearbyintbf16.cpp.o
[539/1575] Building CXX object libc/src/math/generic/CMakeFiles/libc.src.math.generic.llrintbf16.dir/llrintbf16.cpp.o
[540/1575] Building CXX object libc/src/math/generic/CMakeFiles/libc.src.math.generic.exp2f16.dir/exp2f16.cpp.o
[541/1575] Building CXX object libc/src/math/generic/CMakeFiles/libc.src.math.generic.exp10m1f.dir/exp10m1f.cpp.o
[542/1575] Building CXX object libc/src/math/generic/CMakeFiles/libc.src.math.generic.expm1f.dir/expm1f.cpp.o
[543/1575] Building CXX object libc/src/math/generic/CMakeFiles/libc.src.math.generic.exp10f.dir/exp10f.cpp.o
[544/1575] Building CXX object libc/src/math/generic/CMakeFiles/libc.src.math.generic.exp10.dir/exp10.cpp.o
[545/1575] Building CXX object libc/src/math/generic/CMakeFiles/libc.src.math.generic.pow.dir/pow.cpp.o
[546/1575] Building CXX object libc/src/math/generic/CMakeFiles/libc.src.math.generic.exp2m1f.dir/exp2m1f.cpp.o
[547/1575] Building CXX object libc/src/math/generic/CMakeFiles/libc.src.math.generic.copysign.dir/copysign.cpp.o
[548/1575] Building CXX object libc/src/math/generic/CMakeFiles/libc.src.math.generic.exp2m1f16.dir/exp2m1f16.cpp.o
[549/1575] Building CXX object libc/src/math/generic/CMakeFiles/libc.src.math.generic.exp10f16.dir/exp10f16.cpp.o
[550/1575] Building CXX object libc/src/math/generic/CMakeFiles/libc.src.math.generic.exp10m1f16.dir/exp10m1f16.cpp.o
[551/1575] Building CXX object libc/src/math/generic/CMakeFiles/libc.src.math.generic.copysignl.dir/copysignl.cpp.o
[552/1575] Building CXX object libc/src/math/generic/CMakeFiles/libc.src.math.generic.exp2.dir/exp2.cpp.o
[553/1575] Building CXX object libc/src/math/generic/CMakeFiles/libc.src.math.generic.copysignf.dir/copysignf.cpp.o
[554/1575] Building CXX object libc/src/math/generic/CMakeFiles/libc.src.math.generic.powf.dir/powf.cpp.o
[555/1575] Building CXX object libc/src/math/generic/CMakeFiles/libc.src.math.generic.exp.dir/exp.cpp.o
[556/1575] Building CXX object libc/src/math/generic/CMakeFiles/libc.src.math.generic.copysignf16.dir/copysignf16.cpp.o
[557/1575] Building CXX object libc/src/math/generic/CMakeFiles/libc.src.math.generic.copysignf128.dir/copysignf128.cpp.o
[558/1575] Building CXX object libc/src/math/generic/CMakeFiles/libc.src.math.generic.frexp.dir/frexp.cpp.o
[559/1575] Building CXX object libc/src/math/generic/CMakeFiles/libc.src.math.generic.copysignbf16.dir/copysignbf16.cpp.o
[560/1575] Building CXX object libc/src/math/generic/CMakeFiles/libc.src.math.generic.expm1f16.dir/expm1f16.cpp.o
[561/1575] Building CXX object libc/src/math/generic/CMakeFiles/libc.src.math.generic.ilogbf16.dir/ilogbf16.cpp.o
[562/1575] Building CXX object libc/src/math/generic/CMakeFiles/libc.src.math.generic.frexpl.dir/frexpl.cpp.o
[563/1575] Building CXX object libc/src/math/generic/CMakeFiles/libc.src.math.generic.frexpf16.dir/frexpf16.cpp.o
[564/1575] Building CXX object libc/src/math/generic/CMakeFiles/libc.src.math.generic.expm1.dir/expm1.cpp.o
[565/1575] Building CXX object libc/src/math/generic/CMakeFiles/libc.src.math.generic.ilogbf128.dir/ilogbf128.cpp.o
[566/1575] Building CXX object libc/src/math/generic/CMakeFiles/libc.src.math.generic.frexpf128.dir/frexpf128.cpp.o
[567/1575] Building CXX object libc/src/math/generic/CMakeFiles/libc.src.math.generic.ilogbf.dir/ilogbf.cpp.o
[568/1575] Building CXX object libc/src/math/generic/CMakeFiles/libc.src.math.generic.frexpf.dir/frexpf.cpp.o
[569/1575] Building CXX object libc/src/math/generic/CMakeFiles/libc.src.math.generic.ilogbl.dir/ilogbl.cpp.o
[570/1575] Building CXX object libc/src/math/generic/CMakeFiles/libc.src.math.generic.ilogb.dir/ilogb.cpp.o
[571/1575] Building CXX object libc/src/math/generic/CMakeFiles/libc.src.math.generic.llogbl.dir/llogbl.cpp.o
[572/1575] Building CXX object libc/src/math/generic/CMakeFiles/libc.src.math.generic.llogbf.dir/llogbf.cpp.o
[573/1575] Building CXX object libc/src/math/generic/CMakeFiles/libc.src.math.generic.ldexpf.dir/ldexpf.cpp.o
[574/1575] Building CXX object libc/src/math/generic/CMakeFiles/libc.src.math.generic.ilogbbf16.dir/ilogbbf16.cpp.o
[575/1575] Building CXX object libc/src/math/generic/CMakeFiles/libc.src.math.generic.frexpbf16.dir/frexpbf16.cpp.o
[576/1575] Building CXX object libc/src/math/generic/CMakeFiles/libc.src.math.generic.llogbf16.dir/llogbf16.cpp.o
[577/1575] Building CXX object libc/src/math/generic/CMakeFiles/libc.src.math.generic.llogb.dir/llogb.cpp.o
[578/1575] Building CXX object libc/src/math/generic/CMakeFiles/libc.src.math.generic.ldexp.dir/ldexp.cpp.o
[579/1575] Building CXX object libc/src/math/generic/CMakeFiles/libc.src.math.generic.llogbf128.dir/llogbf128.cpp.o
[580/1575] Building CXX object libc/src/math/generic/CMakeFiles/libc.src.math.generic.llogbbf16.dir/llogbbf16.cpp.o
[581/1575] Building CXX object libc/src/math/generic/CMakeFiles/libc.src.math.generic.ldexpbf16.dir/ldexpbf16.cpp.o
[582/1575] Building CXX object libc/src/math/generic/CMakeFiles/libc.src.math.generic.ldexpl.dir/ldexpl.cpp.o
[583/1575] Building CXX object libc/src/math/generic/CMakeFiles/libc.src.math.generic.ldexpf16.dir/ldexpf16.cpp.o
[584/1575] Building CXX object libc/src/math/generic/CMakeFiles/libc.src.math.generic.log10f.dir/log10f.cpp.o
[585/1575] Building CXX object libc/src/math/generic/CMakeFiles/libc.src.math.generic.ldexpf128.dir/ldexpf128.cpp.o
[586/1575] Building CXX object libc/src/math/generic/CMakeFiles/libc.src.math.generic.log10f16.dir/log10f16.cpp.o
[587/1575] Building CXX object libc/src/math/generic/CMakeFiles/libc.src.math.generic.log2f16.dir/log2f16.cpp.o
[588/1575] Building CXX object libc/src/math/generic/CMakeFiles/libc.src.math.generic.logf.dir/logf.cpp.o
[589/1575] Building CXX object libc/src/math/generic/CMakeFiles/libc.src.math.generic.log2f.dir/log2f.cpp.o
[590/1575] Building CXX object libc/src/math/generic/CMakeFiles/libc.src.math.generic.log1pf.dir/log1pf.cpp.o
[591/1575] Building CXX object libc/src/math/generic/CMakeFiles/libc.src.math.generic.logf16.dir/logf16.cpp.o
[592/1575] Building CXX object libc/src/math/generic/CMakeFiles/libc.src.math.generic.logbf.dir/logbf.cpp.o
[593/1575] Building CXX object libc/src/math/generic/CMakeFiles/libc.src.math.generic.log1p.dir/log1p.cpp.o
[594/1575] Building CXX object libc/src/math/generic/CMakeFiles/libc.src.math.generic.logb.dir/logb.cpp.o
[595/1575] Building CXX object libc/src/math/generic/CMakeFiles/libc.src.math.generic.log10.dir/log10.cpp.o
[596/1575] Building CXX object libc/src/math/generic/CMakeFiles/libc.src.math.generic.modff.dir/modff.cpp.o
[597/1575] Building CXX object libc/src/math/generic/CMakeFiles/libc.src.math.generic.logbbf16.dir/logbbf16.cpp.o
[598/1575] Building CXX object libc/src/math/generic/CMakeFiles/libc.src.math.generic.modf.dir/modf.cpp.o
[599/1575] Building CXX object libc/src/math/generic/CMakeFiles/libc.src.math.generic.logbl.dir/logbl.cpp.o
[600/1575] Building CXX object libc/src/math/generic/CMakeFiles/libc.src.math.generic.modff16.dir/modff16.cpp.o
[601/1575] Building CXX object libc/src/math/generic/CMakeFiles/libc.src.math.generic.logbf16.dir/logbf16.cpp.o
[602/1575] Building CXX object libc/src/math/generic/CMakeFiles/libc.src.math.generic.logbf128.dir/logbf128.cpp.o
[603/1575] Building CXX object libc/src/math/generic/CMakeFiles/libc.src.math.generic.log2.dir/log2.cpp.o
[604/1575] Building CXX object libc/src/math/generic/CMakeFiles/libc.src.math.generic.fmin.dir/fmin.cpp.o
[605/1575] Building CXX object libc/src/math/generic/CMakeFiles/libc.src.math.generic.modfl.dir/modfl.cpp.o
[606/1575] Building CXX object libc/src/math/generic/CMakeFiles/libc.src.math.generic.log_bf16.dir/log_bf16.cpp.o
[607/1575] Building CXX object libc/src/math/generic/CMakeFiles/libc.src.math.generic.fminf128.dir/fminf128.cpp.o
[608/1575] Building CXX object libc/src/math/generic/CMakeFiles/libc.src.math.generic.modff128.dir/modff128.cpp.o
[609/1575] Building CXX object libc/src/math/generic/CMakeFiles/libc.src.math.generic.fminbf16.dir/fminbf16.cpp.o
[610/1575] Building CXX object libc/src/math/generic/CMakeFiles/libc.src.math.generic.modfbf16.dir/modfbf16.cpp.o
[611/1575] Building CXX object libc/src/math/generic/CMakeFiles/libc.src.math.generic.fmax.dir/fmax.cpp.o
[612/1575] Building CXX object libc/src/math/generic/CMakeFiles/libc.src.math.generic.fminf16.dir/fminf16.cpp.o
[613/1575] Building CXX object libc/src/math/generic/CMakeFiles/libc.src.math.generic.fminl.dir/fminl.cpp.o
[614/1575] Building CXX object libc/src/math/generic/CMakeFiles/libc.src.math.generic.fmaxf.dir/fmaxf.cpp.o
[615/1575] Building CXX object libc/src/math/generic/CMakeFiles/libc.src.math.generic.fmaxf128.dir/fmaxf128.cpp.o
[616/1575] Building CXX object libc/src/math/generic/CMakeFiles/libc.src.math.generic.fmaxf16.dir/fmaxf16.cpp.o
[617/1575] Building CXX object libc/src/math/generic/CMakeFiles/libc.src.math.generic.fmaxl.dir/fmaxl.cpp.o
[618/1575] Building CXX object libc/src/math/generic/CMakeFiles/libc.src.math.generic.fminf.dir/fminf.cpp.o
[619/1575] Building CXX object libc/src/math/generic/CMakeFiles/libc.src.math.generic.fmaxbf16.dir/fmaxbf16.cpp.o
[620/1575] Building CXX object libc/src/math/generic/CMakeFiles/libc.src.math.generic.log.dir/log.cpp.o
[621/1575] Building CXX object libc/src/math/generic/CMakeFiles/libc.src.math.generic.fmaximum.dir/fmaximum.cpp.o
[622/1575] Building CXX object libc/src/math/generic/CMakeFiles/libc.src.math.generic.fmaximumf.dir/fmaximumf.cpp.o
[623/1575] Building CXX object libc/src/math/generic/CMakeFiles/libc.src.math.generic.fmaximum_num.dir/fmaximum_num.cpp.o
[624/1575] Building CXX object libc/src/math/generic/CMakeFiles/libc.src.math.generic.fmaximum_numl.dir/fmaximum_numl.cpp.o
[625/1575] Building CXX object libc/src/math/generic/CMakeFiles/libc.src.math.generic.fmaximum_mag.dir/fmaximum_mag.cpp.o
[626/1575] Building CXX object libc/src/math/generic/CMakeFiles/libc.src.math.generic.fmaximum_numf.dir/fmaximum_numf.cpp.o
[627/1575] Building CXX object libc/src/math/generic/CMakeFiles/libc.src.math.generic.fmaximumf128.dir/fmaximumf128.cpp.o
[628/1575] Building CXX object libc/src/math/generic/CMakeFiles/libc.src.math.generic.fmaximuml.dir/fmaximuml.cpp.o
[629/1575] Building CXX object libc/src/math/generic/CMakeFiles/libc.src.math.generic.fmaximum_numf128.dir/fmaximum_numf128.cpp.o
[630/1575] Building CXX object libc/src/math/generic/CMakeFiles/libc.src.math.generic.fmaximum_magl.dir/fmaximum_magl.cpp.o
[631/1575] Building CXX object libc/src/math/generic/CMakeFiles/libc.src.math.generic.fmaximumf16.dir/fmaximumf16.cpp.o
[632/1575] Building CXX object libc/src/math/generic/CMakeFiles/libc.src.math.generic.fmaximum_magbf16.dir/fmaximum_magbf16.cpp.o
[633/1575] Building CXX object libc/src/math/generic/CMakeFiles/libc.src.math.generic.fmaximum_numf16.dir/fmaximum_numf16.cpp.o
[634/1575] Building CXX object libc/src/math/generic/CMakeFiles/libc.src.math.generic.fmaximumbf16.dir/fmaximumbf16.cpp.o
[635/1575] Building CXX object libc/src/math/generic/CMakeFiles/libc.src.math.generic.fmaximum_mag_numf.dir/fmaximum_mag_numf.cpp.o
[636/1575] Building CXX object libc/src/math/generic/CMakeFiles/libc.src.math.generic.fmaximum_mag_numf16.dir/fmaximum_mag_numf16.cpp.o
[637/1575] Building CXX object libc/src/math/generic/CMakeFiles/libc.src.math.generic.fmaximum_mag_num.dir/fmaximum_mag_num.cpp.o
[638/1575] Building CXX object libc/src/math/generic/CMakeFiles/libc.src.math.generic.fmaximum_magf.dir/fmaximum_magf.cpp.o
[639/1575] Building CXX object libc/src/math/generic/CMakeFiles/libc.src.math.generic.fmaximum_numbf16.dir/fmaximum_numbf16.cpp.o
[640/1575] Building CXX object libc/src/math/generic/CMakeFiles/libc.src.math.generic.fmaximum_mag_numf128.dir/fmaximum_mag_numf128.cpp.o
[641/1575] Building CXX object libc/src/math/generic/CMakeFiles/libc.src.math.generic.fmaximum_mag_numl.dir/fmaximum_mag_numl.cpp.o
[642/1575] Building CXX object libc/src/math/generic/CMakeFiles/libc.src.math.generic.fmaximum_magf128.dir/fmaximum_magf128.cpp.o
[643/1575] Building CXX object libc/src/math/generic/CMakeFiles/libc.src.math.generic.fminimum.dir/fminimum.cpp.o
[644/1575] Building CXX object libc/src/math/generic/CMakeFiles/libc.src.math.generic.fmaximum_magf16.dir/fmaximum_magf16.cpp.o
[645/1575] Building CXX object libc/src/math/generic/CMakeFiles/libc.src.math.generic.fminimumf.dir/fminimumf.cpp.o
[646/1575] Building CXX object libc/src/math/generic/CMakeFiles/libc.src.math.generic.fminimumf16.dir/fminimumf16.cpp.o
[647/1575] Building CXX object libc/src/math/generic/CMakeFiles/libc.src.math.generic.fminimum_numf128.dir/fminimum_numf128.cpp.o
[648/1575] Building CXX object libc/src/math/generic/CMakeFiles/libc.src.math.generic.fmaximum_mag_numbf16.dir/fmaximum_mag_numbf16.cpp.o
[649/1575] Building CXX object libc/src/math/generic/CMakeFiles/libc.src.math.generic.fminimum_numl.dir/fminimum_numl.cpp.o
[650/1575] Building CXX object libc/src/math/generic/CMakeFiles/libc.src.math.generic.fminimuml.dir/fminimuml.cpp.o
[651/1575] Building CXX object libc/src/math/generic/CMakeFiles/libc.src.math.generic.fminimum_numf16.dir/fminimum_numf16.cpp.o
[652/1575] Building CXX object libc/src/math/generic/CMakeFiles/libc.src.math.generic.fminimum_num.dir/fminimum_num.cpp.o
[653/1575] Building CXX object libc/src/math/generic/CMakeFiles/libc.src.math.generic.fminimumf128.dir/fminimumf128.cpp.o
[654/1575] Building CXX object libc/src/math/generic/CMakeFiles/libc.src.math.generic.fminimum_numf.dir/fminimum_numf.cpp.o
[655/1575] Building CXX object libc/src/math/generic/CMakeFiles/libc.src.math.generic.fminimumbf16.dir/fminimumbf16.cpp.o
[656/1575] Building CXX object libc/src/math/generic/CMakeFiles/libc.src.math.generic.fminimum_magf.dir/fminimum_magf.cpp.o
[657/1575] Building CXX object libc/src/math/generic/CMakeFiles/libc.src.math.generic.fminimum_magf16.dir/fminimum_magf16.cpp.o
[658/1575] Building CXX object libc/src/math/generic/CMakeFiles/libc.src.math.generic.fminimum_mag.dir/fminimum_mag.cpp.o
[659/1575] Building CXX object libc/src/math/generic/CMakeFiles/libc.src.math.generic.fminimum_mag_num.dir/fminimum_mag_num.cpp.o
[660/1575] Building CXX object libc/src/math/generic/CMakeFiles/libc.src.math.generic.fminimum_magl.dir/fminimum_magl.cpp.o
[661/1575] Building CXX object libc/src/math/generic/CMakeFiles/libc.src.math.generic.fminimum_mag_numl.dir/fminimum_mag_numl.cpp.o
[662/1575] Building CXX object libc/src/math/generic/CMakeFiles/libc.src.math.generic.fminimum_magbf16.dir/fminimum_magbf16.cpp.o
[663/1575] Building CXX object libc/src/math/generic/CMakeFiles/libc.src.math.generic.fminimum_numbf16.dir/fminimum_numbf16.cpp.o
[664/1575] Building CXX object libc/src/math/generic/CMakeFiles/libc.src.math.generic.fminimum_mag_numf.dir/fminimum_mag_numf.cpp.o
[665/1575] Building CXX object libc/src/math/generic/CMakeFiles/libc.src.math.generic.fminimum_mag_numf128.dir/fminimum_mag_numf128.cpp.o
[666/1575] Building CXX object libc/src/math/generic/CMakeFiles/libc.src.math.generic.fmul.dir/fmul.cpp.o
[667/1575] Building CXX object libc/src/math/generic/CMakeFiles/libc.src.math.generic.sqrt.dir/sqrt.cpp.o
[668/1575] Building CXX object libc/src/math/generic/CMakeFiles/libc.src.math.generic.fminimum_magf128.dir/fminimum_magf128.cpp.o
[669/1575] Building CXX object libc/src/math/generic/CMakeFiles/libc.src.math.generic.fsub.dir/fsub.cpp.o
[670/1575] Building CXX object libc/src/math/generic/CMakeFiles/libc.src.math.generic.fminimum_mag_numf16.dir/fminimum_mag_numf16.cpp.o
[671/1575] Building CXX object libc/src/math/generic/CMakeFiles/libc.src.math.generic.sqrtl.dir/sqrtl.cpp.o
[672/1575] Building CXX object libc/src/math/generic/CMakeFiles/libc.src.math.generic.fmulf128.dir/fmulf128.cpp.o
[673/1575] Building CXX object libc/src/math/generic/CMakeFiles/libc.src.math.generic.fmull.dir/fmull.cpp.o
[674/1575] Building CXX object libc/src/math/generic/CMakeFiles/libc.src.math.generic.fminimum_mag_numbf16.dir/fminimum_mag_numbf16.cpp.o
[675/1575] Building CXX object libc/src/math/generic/CMakeFiles/libc.src.math.generic.sqrtf.dir/sqrtf.cpp.o
[676/1575] Building CXX object libc/src/math/generic/CMakeFiles/libc.src.math.generic.remquof.dir/remquof.cpp.o
[677/1575] Building CXX object libc/src/math/generic/CMakeFiles/libc.src.math.generic.fsubf128.dir/fsubf128.cpp.o
[678/1575] Building CXX object libc/src/math/generic/CMakeFiles/libc.src.math.generic.sqrtf128.dir/sqrtf128.cpp.o
[679/1575] Building CXX object libc/src/math/generic/CMakeFiles/libc.src.math.generic.sqrtf16.dir/sqrtf16.cpp.o
[680/1575] Building CXX object libc/src/math/generic/CMakeFiles/libc.src.math.generic.fsubl.dir/fsubl.cpp.o
[681/1575] Building CXX object libc/src/math/generic/CMakeFiles/libc.src.math.generic.remquof128.dir/remquof128.cpp.o
[682/1575] Building CXX object libc/src/math/generic/CMakeFiles/libc.src.math.generic.remquo.dir/remquo.cpp.o
[683/1575] Building CXX object libc/src/math/generic/CMakeFiles/libc.src.math.generic.remainderl.dir/remainderl.cpp.o
[684/1575] Building CXX object libc/src/math/generic/CMakeFiles/libc.src.math.generic.remainder.dir/remainder.cpp.o
[685/1575] Building CXX object libc/src/math/generic/CMakeFiles/libc.src.math.generic.sqrtbf16.dir/sqrtbf16.cpp.o
[686/1575] Building CXX object libc/src/math/generic/CMakeFiles/libc.src.math.generic.remquol.dir/remquol.cpp.o
[687/1575] Building CXX object libc/src/math/generic/CMakeFiles/libc.src.math.generic.fdim.dir/fdim.cpp.o
[688/1575] Building CXX object libc/src/math/generic/CMakeFiles/libc.src.math.generic.remainderf.dir/remainderf.cpp.o
[689/1575] Building CXX object libc/src/math/generic/CMakeFiles/libc.src.math.generic.fdiml.dir/fdiml.cpp.o
[690/1575] Building CXX object libc/src/math/generic/CMakeFiles/libc.src.math.generic.remquof16.dir/remquof16.cpp.o
[691/1575] Building CXX object libc/src/math/generic/CMakeFiles/libc.src.math.generic.fdimf.dir/fdimf.cpp.o
[692/1575] Building CXX object libc/src/math/generic/CMakeFiles/libc.src.math.generic.hypotf.dir/hypotf.cpp.o
[693/1575] Building CXX object libc/src/math/generic/CMakeFiles/libc.src.math.generic.hypotf16.dir/hypotf16.cpp.o
[694/1575] Building CXX object libc/src/math/generic/CMakeFiles/libc.src.math.generic.fdimf128.dir/fdimf128.cpp.o
[695/1575] Building CXX object libc/src/math/generic/CMakeFiles/libc.src.math.generic.remainderf128.dir/remainderf128.cpp.o
[696/1575] Building CXX object libc/src/math/generic/CMakeFiles/libc.src.math.generic.fdimf16.dir/fdimf16.cpp.o
[697/1575] Building CXX object libc/src/math/generic/CMakeFiles/libc.src.math.generic.remquobf16.dir/remquobf16.cpp.o
[698/1575] Building CXX object libc/src/math/generic/CMakeFiles/libc.src.math.generic.fdivl.dir/fdivl.cpp.o
[699/1575] Building CXX object libc/src/math/generic/CMakeFiles/libc.src.math.generic.remainderf16.dir/remainderf16.cpp.o
[700/1575] Building CXX object libc/src/math/generic/CMakeFiles/libc.src.math.generic.isnanf.dir/isnanf.cpp.o
[701/1575] Building CXX object libc/src/math/generic/CMakeFiles/libc.src.math.generic.fdiv.dir/fdiv.cpp.o
[702/1575] Building CXX object libc/src/math/generic/CMakeFiles/libc.src.math.generic.isnan.dir/isnan.cpp.o
[703/1575] Building CXX object libc/src/math/generic/CMakeFiles/libc.src.math.generic.isnanl.dir/isnanl.cpp.o
[704/1575] Building CXX object libc/src/math/generic/CMakeFiles/libc.src.math.generic.issignaling.dir/issignaling.cpp.o
[705/1575] Building CXX object libc/src/math/generic/CMakeFiles/libc.src.math.generic.issignalingl.dir/issignalingl.cpp.o
[706/1575] Building CXX object libc/src/math/generic/CMakeFiles/libc.src.math.generic.fdivf128.dir/fdivf128.cpp.o
[707/1575] Building CXX object libc/src/math/generic/CMakeFiles/libc.src.math.generic.fdimbf16.dir/fdimbf16.cpp.o
[708/1575] Building CXX object libc/src/math/generic/CMakeFiles/libc.src.math.generic.remainderbf16.dir/remainderbf16.cpp.o
[709/1575] Building CXX object libc/src/math/generic/CMakeFiles/libc.src.math.generic.nan.dir/nan.cpp.o
[710/1575] Building CXX object libc/src/math/generic/CMakeFiles/libc.src.math.generic.issignalingf128.dir/issignalingf128.cpp.o
[711/1575] Building CXX object libc/src/math/generic/CMakeFiles/libc.src.math.generic.issignalingf16.dir/issignalingf16.cpp.o
[712/1575] Building CXX object libc/src/math/generic/CMakeFiles/libc.src.math.generic.issignalingf.dir/issignalingf.cpp.o
[713/1575] Building CXX object libc/src/math/generic/CMakeFiles/libc.src.math.generic.nanf.dir/nanf.cpp.o
[714/1575] Building CXX object libc/src/math/generic/CMakeFiles/libc.src.math.generic.ffmaf128.dir/ffmaf128.cpp.o
[715/1575] Building CXX object libc/src/math/generic/CMakeFiles/libc.src.math.generic.nanf16.dir/nanf16.cpp.o
[716/1575] Building CXX object libc/src/math/generic/CMakeFiles/libc.src.math.generic.ffma.dir/ffma.cpp.o
[717/1575] Building CXX object libc/src/math/generic/CMakeFiles/libc.src.math.generic.nanl.dir/nanl.cpp.o
[718/1575] Building CXX object libc/src/math/generic/CMakeFiles/libc.src.math.generic.hypot.dir/hypot.cpp.o
[719/1575] Building CXX object libc/src/math/generic/CMakeFiles/libc.src.math.generic.nanf128.dir/nanf128.cpp.o
[720/1575] Building CXX object libc/src/math/generic/CMakeFiles/libc.src.math.generic.ffmal.dir/ffmal.cpp.o
[721/1575] Building CXX object libc/src/math/generic/CMakeFiles/libc.src.math.generic.issignalingbf16.dir/issignalingbf16.cpp.o
[722/1575] Building CXX object libc/src/math/generic/CMakeFiles/libc.src.math.generic.nextafterf.dir/nextafterf.cpp.o
[723/1575] Building CXX object libc/src/math/generic/CMakeFiles/libc.src.math.generic.nexttowardl.dir/nexttowardl.cpp.o
[724/1575] Building CXX object libc/src/math/generic/CMakeFiles/libc.src.math.generic.nexttowardf.dir/nexttowardf.cpp.o
[725/1575] Building CXX object libc/src/math/generic/CMakeFiles/libc.src.math.generic.nextafterl.dir/nextafterl.cpp.o
[726/1575] Building CXX object libc/src/math/generic/CMakeFiles/libc.src.math.generic.nanbf16.dir/nanbf16.cpp.o
[727/1575] Building CXX object libc/src/math/generic/CMakeFiles/libc.src.math.generic.nextafterf128.dir/nextafterf128.cpp.o
[728/1575] Building CXX object libc/src/math/generic/CMakeFiles/libc.src.math.generic.nextdown.dir/nextdown.cpp.o
[729/1575] Building CXX object libc/src/math/generic/CMakeFiles/libc.src.math.generic.nextdownf.dir/nextdownf.cpp.o
[730/1575] Building CXX object libc/src/math/generic/CMakeFiles/libc.src.math.generic.nextdownf16.dir/nextdownf16.cpp.o
[731/1575] Building CXX object libc/src/math/generic/CMakeFiles/libc.src.math.generic.nextafter.dir/nextafter.cpp.o
[732/1575] Building CXX object libc/src/math/generic/CMakeFiles/libc.src.math.generic.nexttoward.dir/nexttoward.cpp.o
[733/1575] Building CXX object libc/src/math/generic/CMakeFiles/libc.src.math.generic.nextafterf16.dir/nextafterf16.cpp.o
[734/1575] Building CXX object libc/src/math/generic/CMakeFiles/libc.src.math.generic.nexttowardf16.dir/nexttowardf16.cpp.o
[735/1575] Building CXX object libc/src/math/generic/CMakeFiles/libc.src.math.generic.nextdownl.dir/nextdownl.cpp.o
[736/1575] Building CXX object libc/src/math/generic/CMakeFiles/libc.src.math.generic.nextafterbf16.dir/nextafterbf16.cpp.o
[737/1575] Building CXX object libc/src/math/generic/CMakeFiles/libc.src.math.generic.nexttowardbf16.dir/nexttowardbf16.cpp.o
[738/1575] Building CXX object libc/src/math/generic/CMakeFiles/libc.src.math.generic.nextdownf128.dir/nextdownf128.cpp.o
[739/1575] Building CXX object libc/src/math/generic/CMakeFiles/libc.src.math.generic.nextupf16.dir/nextupf16.cpp.o
[740/1575] Building CXX object libc/src/math/generic/CMakeFiles/libc.src.math.generic.nextupl.dir/nextupl.cpp.o
[741/1575] Building CXX object libc/src/math/generic/CMakeFiles/libc.src.math.generic.nextupf.dir/nextupf.cpp.o
[742/1575] Building CXX object libc/src/math/generic/CMakeFiles/libc.src.math.generic.fmodf128.dir/fmodf128.cpp.o
[743/1575] Building CXX object libc/src/math/generic/CMakeFiles/libc.src.math.generic.fmodf.dir/fmodf.cpp.o
[744/1575] Building CXX object libc/src/math/generic/CMakeFiles/libc.src.math.generic.nextdownbf16.dir/nextdownbf16.cpp.o
[745/1575] Building CXX object libc/src/math/generic/CMakeFiles/libc.src.math.generic.fmodf16.dir/fmodf16.cpp.o
[746/1575] Building CXX object libc/src/math/generic/CMakeFiles/libc.src.math.generic.nextupbf16.dir/nextupbf16.cpp.o
[747/1575] Building CXX object libc/src/math/generic/CMakeFiles/libc.src.math.generic.fmodl.dir/fmodl.cpp.o
[748/1575] Building CXX object libc/src/math/generic/CMakeFiles/libc.src.math.generic.nextupf128.dir/nextupf128.cpp.o
[749/1575] Building CXX object libc/src/math/generic/CMakeFiles/libc.src.math.generic.fromfpf.dir/fromfpf.cpp.o
[750/1575] Building CXX object libc/src/math/generic/CMakeFiles/libc.src.math.generic.fmod.dir/fmod.cpp.o
[751/1575] Building CXX object libc/src/math/generic/CMakeFiles/libc.src.math.generic.fromfpf16.dir/fromfpf16.cpp.o
[752/1575] Building CXX object libc/src/math/generic/CMakeFiles/libc.src.math.generic.fmodbf16.dir/fmodbf16.cpp.o
[753/1575] Building CXX object libc/src/math/generic/CMakeFiles/libc.src.math.generic.nextup.dir/nextup.cpp.o
[754/1575] Building CXX object libc/src/math/generic/CMakeFiles/libc.src.math.generic.fromfpl.dir/fromfpl.cpp.o
[755/1575] Building CXX object libc/src/math/generic/CMakeFiles/libc.src.math.generic.fromfp.dir/fromfp.cpp.o
[756/1575] Building CXX object libc/src/math/generic/CMakeFiles/libc.src.math.generic.fromfpxf.dir/fromfpxf.cpp.o
[757/1575] Building CXX object libc/src/math/generic/CMakeFiles/libc.src.math.generic.fromfpxf128.dir/fromfpxf128.cpp.o
[758/1575] Building CXX object libc/src/math/generic/CMakeFiles/libc.src.math.generic.ufromfpf.dir/ufromfpf.cpp.o
[759/1575] Building CXX object libc/src/math/generic/CMakeFiles/libc.src.math.generic.fromfpf128.dir/fromfpf128.cpp.o
[760/1575] Building CXX object libc/src/math/generic/CMakeFiles/libc.src.math.generic.fromfpx.dir/fromfpx.cpp.o
[761/1575] Building CXX object libc/src/math/generic/CMakeFiles/libc.src.math.generic.fromfpxl.dir/fromfpxl.cpp.o
[762/1575] Building CXX object libc/src/math/generic/CMakeFiles/libc.src.math.generic.ufromfp.dir/ufromfp.cpp.o
[763/1575] Building CXX object libc/src/math/generic/CMakeFiles/libc.src.math.generic.ufromfpf16.dir/ufromfpf16.cpp.o
[764/1575] Building CXX object libc/src/math/generic/CMakeFiles/libc.src.math.generic.fromfpxf16.dir/fromfpxf16.cpp.o
[765/1575] Building CXX object libc/src/math/generic/CMakeFiles/libc.src.math.generic.ufromfpl.dir/ufromfpl.cpp.o
[766/1575] Building CXX object libc/src/math/generic/CMakeFiles/libc.src.math.generic.fromfpbf16.dir/fromfpbf16.cpp.o
[767/1575] Building CXX object libc/src/math/generic/CMakeFiles/libc.src.math.generic.ufromfpx.dir/ufromfpx.cpp.o
[768/1575] Building CXX object libc/src/math/generic/CMakeFiles/libc.src.math.generic.ufromfpxf128.dir/ufromfpxf128.cpp.o
[769/1575] Building CXX object libc/src/math/generic/CMakeFiles/libc.src.math.generic.ufromfpxf.dir/ufromfpxf.cpp.o
[770/1575] Building CXX object libc/src/math/generic/CMakeFiles/libc.src.math.generic.ufromfpf128.dir/ufromfpf128.cpp.o
[771/1575] Building CXX object libc/src/math/generic/CMakeFiles/libc.src.math.generic.ufromfpxf16.dir/ufromfpxf16.cpp.o
[772/1575] Building CXX object libc/src/math/generic/CMakeFiles/libc.src.math.generic.ufromfpxl.dir/ufromfpxl.cpp.o
[773/1575] Building CXX object libc/src/math/generic/CMakeFiles/libc.src.math.generic.fromfpxbf16.dir/fromfpxbf16.cpp.o
[774/1575] Building CXX object libc/src/math/generic/CMakeFiles/libc.src.math.generic.ufromfpbf16.dir/ufromfpbf16.cpp.o
[775/1575] Building CXX object libc/src/math/generic/CMakeFiles/libc.src.math.generic.coshf.dir/coshf.cpp.o
[776/1575] Building CXX object libc/src/math/generic/CMakeFiles/libc.src.math.generic.sinhf16.dir/sinhf16.cpp.o
[777/1575] Building CXX object libc/src/math/generic/CMakeFiles/libc.src.math.generic.coshf16.dir/coshf16.cpp.o
[778/1575] Building CXX object libc/src/math/generic/CMakeFiles/libc.src.math.generic.acoshf.dir/acoshf.cpp.o
[779/1575] Building CXX object libc/src/math/generic/CMakeFiles/libc.src.math.generic.tanhf.dir/tanhf.cpp.o
[780/1575] Building CXX object libc/src/math/generic/CMakeFiles/libc.src.math.generic.ufromfpxbf16.dir/ufromfpxbf16.cpp.o
[781/1575] Building CXX object libc/src/math/generic/CMakeFiles/libc.src.math.generic.sinhf.dir/sinhf.cpp.o
[782/1575] Building CXX object libc/src/math/generic/CMakeFiles/libc.src.math.generic.atanhf.dir/atanhf.cpp.o
[783/1575] Building CXX object libc/src/math/generic/CMakeFiles/libc.src.math.generic.asinhf.dir/asinhf.cpp.o
[784/1575] Building CXX object libc/src/math/generic/CMakeFiles/libc.src.math.generic.asinpif16.dir/asinpif16.cpp.o
[785/1575] Building CXX object libc/src/math/generic/CMakeFiles/libc.src.math.generic.tanhf16.dir/tanhf16.cpp.o
[786/1575] Building CXX object libc/src/math/generic/CMakeFiles/libc.src.math.generic.acosf.dir/acosf.cpp.o
[787/1575] Building CXX object libc/src/math/generic/CMakeFiles/libc.src.math.generic.asinf.dir/asinf.cpp.o
[788/1575] Building CXX object libc/src/math/generic/CMakeFiles/libc.src.math.generic.atanhf16.dir/atanhf16.cpp.o
[789/1575] Building CXX object libc/src/math/generic/CMakeFiles/libc.src.math.generic.atanpif16.dir/atanpif16.cpp.o
[790/1575] Building CXX object libc/src/math/generic/CMakeFiles/libc.src.math.generic.asinhf16.dir/asinhf16.cpp.o
[791/1575] Building CXX object libc/src/math/generic/CMakeFiles/libc.src.math.generic.acoshf16.dir/acoshf16.cpp.o
[792/1575] Building CXX object libc/src/math/generic/CMakeFiles/libc.src.math.generic.atanf16.dir/atanf16.cpp.o
[793/1575] Building CXX object libc/src/math/generic/CMakeFiles/libc.src.math.generic.asinf16.dir/asinf16.cpp.o
[794/1575] Building CXX object libc/src/math/generic/CMakeFiles/libc.src.math.generic.atanf.dir/atanf.cpp.o
[795/1575] Building CXX object libc/src/math/generic/CMakeFiles/libc.src.math.generic.atan2f.dir/atan2f.cpp.o
[796/1575] Building CXX object libc/src/math/generic/CMakeFiles/libc.src.math.generic.acosf16.dir/acosf16.cpp.o
[797/1575] Building CXX object libc/src/math/generic/CMakeFiles/libc.src.math.generic.scalblnf.dir/scalblnf.cpp.o
[798/1575] Building CXX object libc/src/math/generic/CMakeFiles/libc.src.math.generic.scalbln.dir/scalbln.cpp.o
[799/1575] Building CXX object libc/src/math/generic/CMakeFiles/libc.src.math.generic.acospif16.dir/acospif16.cpp.o
[800/1575] Building CXX object libc/src/math/generic/CMakeFiles/libc.src.math.generic.atan2.dir/atan2.cpp.o
[801/1575] Building CXX object libc/src/math/generic/CMakeFiles/libc.src.math.generic.scalblnl.dir/scalblnl.cpp.o
[802/1575] Building CXX object libc/src/math/generic/CMakeFiles/libc.src.math.generic.scalblnf16.dir/scalblnf16.cpp.o
[803/1575] Building CXX object libc/src/math/generic/CMakeFiles/libc.src.math.generic.scalbn.dir/scalbn.cpp.o
[804/1575] Building CXX object libc/src/math/generic/CMakeFiles/libc.src.math.generic.atan.dir/atan.cpp.o
[805/1575] Building CXX object libc/src/math/generic/CMakeFiles/libc.src.math.generic.scalblnf128.dir/scalblnf128.cpp.o
[806/1575] Building CXX object libc/src/math/generic/CMakeFiles/libc.src.math.generic.scalbnf16.dir/scalbnf16.cpp.o
[807/1575] Building CXX object libc/src/math/generic/CMakeFiles/libc.src.math.generic.scalbnf.dir/scalbnf.cpp.o
[808/1575] Building CXX object libc/src/math/generic/CMakeFiles/libc.src.math.generic.scalbnbf16.dir/scalbnbf16.cpp.o
[809/1575] Building CXX object libc/src/math/generic/CMakeFiles/libc.src.math.generic.fmaf16.dir/fmaf16.cpp.o
[810/1575] Building CXX object libc/src/math/generic/CMakeFiles/libc.src.math.generic.totalorder.dir/totalorder.cpp.o
[811/1575] Building CXX object libc/src/math/generic/CMakeFiles/libc.src.math.generic.atan2f128.dir/atan2f128.cpp.o
[812/1575] Building CXX object libc/src/math/generic/CMakeFiles/libc.src.math.generic.scalbnf128.dir/scalbnf128.cpp.o
[813/1575] Building CXX object libc/src/math/generic/CMakeFiles/libc.src.math.generic.totalorderf16.dir/totalorderf16.cpp.o
[814/1575] Building CXX object libc/src/math/generic/CMakeFiles/libc.src.math.generic.totalorderf.dir/totalorderf.cpp.o
[815/1575] Building CXX object libc/src/math/generic/CMakeFiles/libc.src.math.generic.fma.dir/fma.cpp.o
[816/1575] Building CXX object libc/src/math/generic/CMakeFiles/libc.src.math.generic.scalbnl.dir/scalbnl.cpp.o
[817/1575] Building CXX object libc/src/math/generic/CMakeFiles/libc.src.math.generic.fmaf.dir/fmaf.cpp.o
[818/1575] Building CXX object libc/src/math/generic/CMakeFiles/libc.src.math.generic.scalblnbf16.dir/scalblnbf16.cpp.o
[819/1575] Building CXX object libc/src/math/generic/CMakeFiles/libc.src.math.generic.totalorderf128.dir/totalorderf128.cpp.o
[820/1575] Building CXX object libc/src/math/generic/CMakeFiles/libc.src.math.generic.totalorderl.dir/totalorderl.cpp.o
[821/1575] Building CXX object libc/src/math/generic/CMakeFiles/libc.src.math.generic.totalorderbf16.dir/totalorderbf16.cpp.o
[822/1575] Building CXX object libc/src/math/generic/CMakeFiles/libc.src.math.generic.totalordermagf16.dir/totalordermagf16.cpp.o
[823/1575] Building CXX object libc/src/math/generic/CMakeFiles/libc.src.math.generic.totalordermag.dir/totalordermag.cpp.o
[824/1575] Building CXX object libc/src/math/generic/CMakeFiles/libc.src.math.generic.totalordermagl.dir/totalordermagl.cpp.o
[825/1575] Building CXX object libc/src/math/generic/CMakeFiles/libc.src.math.generic.asin.dir/asin.cpp.o
[826/1575] Building CXX object libc/src/math/generic/CMakeFiles/libc.src.math.generic.totalordermagf128.dir/totalordermagf128.cpp.o
[827/1575] Building CXX object libc/src/math/generic/CMakeFiles/libc.src.math.generic.totalordermagf.dir/totalordermagf.cpp.o
[828/1575] Building CXX object libc/src/math/generic/CMakeFiles/libc.src.math.generic.acos.dir/acos.cpp.o
[829/1575] Building CXX object libc/src/math/generic/CMakeFiles/libc.src.math.generic.getpayloadf16.dir/getpayloadf16.cpp.o
[830/1575] Building CXX object libc/src/math/generic/CMakeFiles/libc.src.math.generic.getpayloadf128.dir/getpayloadf128.cpp.o
[831/1575] Building CXX object libc/src/math/generic/CMakeFiles/libc.src.math.generic.totalordermagbf16.dir/totalordermagbf16.cpp.o
[832/1575] Building CXX object libc/src/math/generic/CMakeFiles/libc.src.math.generic.getpayloadl.dir/getpayloadl.cpp.o
[833/1575] Building CXX object libc/src/math/generic/CMakeFiles/libc.src.math.generic.getpayloadf.dir/getpayloadf.cpp.o
[834/1575] Building CXX object libc/src/math/generic/CMakeFiles/libc.src.math.generic.setpayloadf.dir/setpayloadf.cpp.o
[835/1575] Building CXX object libc/src/math/generic/CMakeFiles/libc.src.math.generic.getpayload.dir/getpayload.cpp.o
[836/1575] Building CXX object libc/src/math/generic/CMakeFiles/libc.src.math.generic.setpayloadf128.dir/setpayloadf128.cpp.o
[837/1575] Building CXX object libc/src/math/generic/CMakeFiles/libc.src.math.generic.setpayload.dir/setpayload.cpp.o
[838/1575] Building CXX object libc/src/math/generic/CMakeFiles/libc.src.math.generic.setpayloadl.dir/setpayloadl.cpp.o
[839/1575] Building CXX object libc/src/math/generic/CMakeFiles/libc.src.math.generic.getpayloadbf16.dir/getpayloadbf16.cpp.o
[840/1575] Building CXX object libc/src/math/generic/CMakeFiles/libc.src.math.generic.setpayloadf16.dir/setpayloadf16.cpp.o
[841/1575] Building CXX object libc/src/math/generic/CMakeFiles/libc.src.math.generic.setpayloadsigl.dir/setpayloadsigl.cpp.o
[842/1575] Building CXX object libc/src/math/generic/CMakeFiles/libc.src.math.generic.setpayloadsigf.dir/setpayloadsigf.cpp.o
[843/1575] Building CXX object libc/src/math/generic/CMakeFiles/libc.src.math.generic.setpayloadbf16.dir/setpayloadbf16.cpp.o
[844/1575] Building CXX object libc/src/math/generic/CMakeFiles/libc.src.math.generic.setpayloadsig.dir/setpayloadsig.cpp.o
[845/1575] Building CXX object libc/src/math/generic/CMakeFiles/libc.src.math.generic.f16subf.dir/f16subf.cpp.o
[846/1575] Building CXX object libc/src/math/generic/CMakeFiles/libc.src.math.generic.setpayloadsigf16.dir/setpayloadsigf16.cpp.o
[847/1575] Building CXX object libc/src/math/generic/CMakeFiles/libc.src.math.generic.f16sub.dir/f16sub.cpp.o
[848/1575] Building CXX object libc/src/math/generic/CMakeFiles/libc.src.math.generic.f16add.dir/f16add.cpp.o
[849/1575] Building CXX object libc/src/math/generic/CMakeFiles/libc.src.math.generic.f16addf.dir/f16addf.cpp.o
[850/1575] Building CXX object libc/src/math/generic/CMakeFiles/libc.src.math.generic.setpayloadsigbf16.dir/setpayloadsigbf16.cpp.o
[851/1575] Building CXX object libc/src/math/generic/CMakeFiles/libc.src.math.generic.f16addl.dir/f16addl.cpp.o
[852/1575] Building CXX object libc/src/math/generic/CMakeFiles/libc.src.math.generic.setpayloadsigf128.dir/setpayloadsigf128.cpp.o
[853/1575] Building CXX object libc/src/math/generic/CMakeFiles/libc.src.math.generic.f16addf128.dir/f16addf128.cpp.o
[854/1575] Building CXX object libc/src/math/generic/CMakeFiles/libc.src.math.generic.f16divl.dir/f16divl.cpp.o
[855/1575] Building CXX object libc/src/math/generic/CMakeFiles/libc.src.math.generic.f16divf128.dir/f16divf128.cpp.o
[856/1575] Building CXX object libc/src/math/generic/CMakeFiles/libc.src.math.generic.f16subl.dir/f16subl.cpp.o
[857/1575] Building CXX object libc/src/math/generic/CMakeFiles/libc.src.math.generic.f16divf.dir/f16divf.cpp.o
[858/1575] Building CXX object libc/src/math/generic/CMakeFiles/libc.src.math.generic.f16div.dir/f16div.cpp.o
[859/1575] Building CXX object libc/src/math/generic/CMakeFiles/libc.src.math.generic.f16subf128.dir/f16subf128.cpp.o
[860/1575] Building CXX object libc/src/math/generic/CMakeFiles/libc.src.math.generic.fsqrtl.dir/fsqrtl.cpp.o
[861/1575] Building CXX object libc/src/math/generic/CMakeFiles/libc.src.math.generic.f16sqrtf128.dir/f16sqrtf128.cpp.o
[862/1575] Building CXX object libc/src/math/generic/CMakeFiles/libc.src.math.generic.f16fma.dir/f16fma.cpp.o
[863/1575] Building CXX object libc/src/math/generic/CMakeFiles/libc.src.math.generic.f16fmaf128.dir/f16fmaf128.cpp.o
[864/1575] Building CXX object libc/src/math/generic/CMakeFiles/libc.src.math.generic.fsqrt.dir/fsqrt.cpp.o
[865/1575] Building CXX object libc/src/math/generic/CMakeFiles/libc.src.math.generic.f16sqrtf.dir/f16sqrtf.cpp.o
[866/1575] Building CXX object libc/src/math/generic/CMakeFiles/libc.src.math.generic.f16sqrtl.dir/f16sqrtl.cpp.o
[867/1575] Building CXX object libc/src/math/generic/CMakeFiles/libc.src.math.generic.f16sqrt.dir/f16sqrt.cpp.o
[868/1575] Building CXX object libc/src/math/generic/CMakeFiles/libc.src.math.generic.f16fmaf.dir/f16fmaf.cpp.o
[869/1575] Building CXX object libc/src/math/generic/CMakeFiles/libc.src.math.generic.cbrtf.dir/cbrtf.cpp.o
[870/1575] Building CXX object libc/src/math/generic/CMakeFiles/libc.src.math.generic.dmull.dir/dmull.cpp.o
[871/1575] Building CXX object libc/src/math/generic/CMakeFiles/libc.src.math.generic.fsqrtf128.dir/fsqrtf128.cpp.o
[872/1575] Building CXX object libc/src/math/generic/CMakeFiles/libc.src.math.generic.f16fmal.dir/f16fmal.cpp.o
[873/1575] Building CXX object libc/src/math/generic/CMakeFiles/libc.src.math.generic.f16mulf.dir/f16mulf.cpp.o
[874/1575] Building CXX object libc/src/math/generic/CMakeFiles/libc.src.math.generic.bf16add.dir/bf16add.cpp.o
[875/1575] Building CXX object libc/src/math/generic/CMakeFiles/libc.src.math.generic.f16mull.dir/f16mull.cpp.o
[876/1575] Building CXX object libc/src/math/generic/CMakeFiles/libc.src.math.generic.cbrt.dir/cbrt.cpp.o
[877/1575] Building CXX object libc/src/math/generic/CMakeFiles/libc.src.math.generic.dmulf128.dir/dmulf128.cpp.o
[878/1575] Building CXX object libc/src/math/generic/CMakeFiles/libc.src.math.generic.f16mul.dir/f16mul.cpp.o
[879/1575] Building CXX object libc/src/math/generic/CMakeFiles/libc.src.math.generic.bf16divf.dir/bf16divf.cpp.o
[880/1575] Building CXX object libc/src/math/generic/CMakeFiles/libc.src.math.generic.f16mulf128.dir/f16mulf128.cpp.o
[881/1575] Building CXX object libc/src/math/generic/CMakeFiles/libc.src.math.generic.bf16addf.dir/bf16addf.cpp.o
[882/1575] Building CXX object libc/src/math/generic/CMakeFiles/libc.src.math.generic.bf16divl.dir/bf16divl.cpp.o
[883/1575] Building CXX object libc/src/math/generic/CMakeFiles/libc.src.math.generic.bf16divf128.dir/bf16divf128.cpp.o
[884/1575] Building CXX object libc/src/math/generic/CMakeFiles/libc.src.math.generic.bf16addf128.dir/bf16addf128.cpp.o
[885/1575] Building CXX object libc/src/math/generic/CMakeFiles/libc.src.math.generic.bf16addl.dir/bf16addl.cpp.o
[886/1575] Building CXX object libc/src/stdbit/CMakeFiles/libc.src.stdbit.stdc_leading_zeros_uc.dir/stdc_leading_zeros_uc.cpp.o
[887/1575] Building CXX object libc/src/stdbit/CMakeFiles/libc.src.stdbit.stdc_leading_zeros_us.dir/stdc_leading_zeros_us.cpp.o
[888/1575] Building CXX object libc/src/math/generic/CMakeFiles/libc.src.math.generic.bf16div.dir/bf16div.cpp.o
[889/1575] Building CXX object libc/src/stdbit/CMakeFiles/libc.src.stdbit.stdc_leading_zeros_ui.dir/stdc_leading_zeros_ui.cpp.o
[890/1575] Building CXX object libc/src/math/generic/CMakeFiles/libc.src.math.generic.bf16mul.dir/bf16mul.cpp.o
[891/1575] Building CXX object libc/src/math/generic/CMakeFiles/libc.src.math.generic.bf16fmaf.dir/bf16fmaf.cpp.o
[892/1575] Building CXX object libc/src/stdbit/CMakeFiles/libc.src.stdbit.stdc_leading_zeros_ull.dir/stdc_leading_zeros_ull.cpp.o
[893/1575] Building CXX object libc/src/stdbit/CMakeFiles/libc.src.stdbit.stdc_leading_ones_ui.dir/stdc_leading_ones_ui.cpp.o
[894/1575] Building CXX object libc/src/stdbit/CMakeFiles/libc.src.stdbit.stdc_leading_zeros_ul.dir/stdc_leading_zeros_ul.cpp.o
[895/1575] Building CXX object libc/src/stdbit/CMakeFiles/libc.src.stdbit.stdc_leading_ones_uc.dir/stdc_leading_ones_uc.cpp.o
[896/1575] Building CXX object libc/src/math/generic/CMakeFiles/libc.src.math.generic.bf16fma.dir/bf16fma.cpp.o
[897/1575] Building CXX object libc/src/stdbit/CMakeFiles/libc.src.stdbit.stdc_leading_ones_us.dir/stdc_leading_ones_us.cpp.o
[898/1575] Building CXX object libc/src/stdbit/CMakeFiles/libc.src.stdbit.stdc_leading_ones_ull.dir/stdc_leading_ones_ull.cpp.o
[899/1575] Building CXX object libc/src/stdbit/CMakeFiles/libc.src.stdbit.stdc_leading_ones_ul.dir/stdc_leading_ones_ul.cpp.o
[900/1575] Building CXX object libc/src/stdbit/CMakeFiles/libc.src.stdbit.stdc_trailing_zeros_uc.dir/stdc_trailing_zeros_uc.cpp.o
[901/1575] Building CXX object libc/src/stdbit/CMakeFiles/libc.src.stdbit.stdc_trailing_zeros_ui.dir/stdc_trailing_zeros_ui.cpp.o
[902/1575] Building CXX object libc/src/stdbit/CMakeFiles/libc.src.stdbit.stdc_trailing_zeros_us.dir/stdc_trailing_zeros_us.cpp.o
[903/1575] Building CXX object libc/src/stdbit/CMakeFiles/libc.src.stdbit.stdc_trailing_zeros_ull.dir/stdc_trailing_zeros_ull.cpp.o
[904/1575] Building CXX object libc/src/math/generic/CMakeFiles/libc.src.math.generic.bf16mulf128.dir/bf16mulf128.cpp.o
[905/1575] Building CXX object libc/src/stdbit/CMakeFiles/libc.src.stdbit.stdc_trailing_zeros_ul.dir/stdc_trailing_zeros_ul.cpp.o
[906/1575] Building CXX object libc/src/math/generic/CMakeFiles/libc.src.math.generic.bf16mulf.dir/bf16mulf.cpp.o
[907/1575] Building CXX object libc/src/stdbit/CMakeFiles/libc.src.stdbit.stdc_trailing_ones_ui.dir/stdc_trailing_ones_ui.cpp.o
[908/1575] Building CXX object libc/src/stdbit/CMakeFiles/libc.src.stdbit.stdc_count_ones_us.dir/stdc_count_ones_us.cpp.o
[909/1575] Building CXX object libc/src/stdbit/CMakeFiles/libc.src.stdbit.stdc_trailing_ones_us.dir/stdc_trailing_ones_us.cpp.o
[910/1575] Building CXX object libc/src/stdbit/CMakeFiles/libc.src.stdbit.stdc_trailing_ones_ul.dir/stdc_trailing_ones_ul.cpp.o
[911/1575] Building CXX object libc/src/math/generic/CMakeFiles/libc.src.math.generic.bf16sub.dir/bf16sub.cpp.o
[912/1575] Building CXX object libc/src/stdbit/CMakeFiles/libc.src.stdbit.stdc_trailing_ones_ull.dir/stdc_trailing_ones_ull.cpp.o
[913/1575] Building CXX object libc/src/stdbit/CMakeFiles/libc.src.stdbit.stdc_count_ones_ui.dir/stdc_count_ones_ui.cpp.o
[914/1575] Building CXX object libc/src/stdbit/CMakeFiles/libc.src.stdbit.stdc_count_ones_uc.dir/stdc_count_ones_uc.cpp.o
[915/1575] Building CXX object libc/src/math/generic/CMakeFiles/libc.src.math.generic.bf16fmal.dir/bf16fmal.cpp.o
[916/1575] Building CXX object libc/src/stdbit/CMakeFiles/libc.src.stdbit.stdc_count_ones_ull.dir/stdc_count_ones_ull.cpp.o
[917/1575] Building CXX object libc/src/stdbit/CMakeFiles/libc.src.stdbit.stdc_has_single_bit_uc.dir/stdc_has_single_bit_uc.cpp.o
[918/1575] Building CXX object libc/src/stdbit/CMakeFiles/libc.src.stdbit.stdc_bit_width_uc.dir/stdc_bit_width_uc.cpp.o
[919/1575] Building CXX object libc/src/stdbit/CMakeFiles/libc.src.stdbit.stdc_trailing_ones_uc.dir/stdc_trailing_ones_uc.cpp.o
[920/1575] Building CXX object libc/src/stdbit/CMakeFiles/libc.src.stdbit.stdc_count_ones_ul.dir/stdc_count_ones_ul.cpp.o
[921/1575] Building CXX object libc/src/math/generic/CMakeFiles/libc.src.math.generic.bf16subf128.dir/bf16subf128.cpp.o
[922/1575] Building CXX object libc/src/math/generic/CMakeFiles/libc.src.math.generic.bf16subf.dir/bf16subf.cpp.o
[923/1575] Building CXX object libc/src/stdbit/CMakeFiles/libc.src.stdbit.stdc_has_single_bit_ul.dir/stdc_has_single_bit_ul.cpp.o
[924/1575] Building CXX object libc/src/stdbit/CMakeFiles/libc.src.stdbit.stdc_has_single_bit_us.dir/stdc_has_single_bit_us.cpp.o
[925/1575] Building CXX object libc/src/stdbit/CMakeFiles/libc.src.stdbit.stdc_has_single_bit_ui.dir/stdc_has_single_bit_ui.cpp.o
[926/1575] Building CXX object libc/src/stdbit/CMakeFiles/libc.src.stdbit.stdc_has_single_bit_ull.dir/stdc_has_single_bit_ull.cpp.o
[927/1575] Building CXX object libc/src/math/generic/CMakeFiles/libc.src.math.generic.bf16mull.dir/bf16mull.cpp.o
[928/1575] Building CXX object libc/src/stdbit/CMakeFiles/libc.src.stdbit.stdc_bit_width_ui.dir/stdc_bit_width_ui.cpp.o
[929/1575] Building CXX object libc/src/stdbit/CMakeFiles/libc.src.stdbit.stdc_bit_floor_ui.dir/stdc_bit_floor_ui.cpp.o
[930/1575] Building CXX object libc/src/stdbit/CMakeFiles/libc.src.stdbit.stdc_bit_width_ul.dir/stdc_bit_width_ul.cpp.o
[931/1575] Building CXX object libc/src/stdbit/CMakeFiles/libc.src.stdbit.stdc_bit_width_us.dir/stdc_bit_width_us.cpp.o
[932/1575] Building CXX object libc/src/stdbit/CMakeFiles/libc.src.stdbit.stdc_bit_floor_uc.dir/stdc_bit_floor_uc.cpp.o
[933/1575] Building CXX object libc/src/stdbit/CMakeFiles/libc.src.stdbit.stdc_bit_width_ull.dir/stdc_bit_width_ull.cpp.o
[934/1575] Building CXX object libc/src/stdbit/CMakeFiles/libc.src.stdbit.stdc_bit_floor_ull.dir/stdc_bit_floor_ull.cpp.o
[935/1575] Building CXX object libc/src/stdbit/CMakeFiles/libc.src.stdbit.stdc_bit_floor_ul.dir/stdc_bit_floor_ul.cpp.o
[936/1575] Building CXX object libc/src/stdbit/CMakeFiles/libc.src.stdbit.stdc_bit_ceil_uc.dir/stdc_bit_ceil_uc.cpp.o
[937/1575] Building CXX object libc/src/stdbit/CMakeFiles/libc.src.stdbit.stdc_bit_floor_us.dir/stdc_bit_floor_us.cpp.o
[938/1575] Building CXX object libc/src/stdbit/CMakeFiles/libc.src.stdbit.stdc_bit_ceil_us.dir/stdc_bit_ceil_us.cpp.o
[939/1575] Building CXX object libc/src/stdbit/CMakeFiles/libc.src.stdbit.stdc_bit_ceil_ui.dir/stdc_bit_ceil_ui.cpp.o
[940/1575] Building CXX object libc/src/stdbit/CMakeFiles/libc.src.stdbit.stdc_first_leading_zero_us.dir/stdc_first_leading_zero_us.cpp.o
[941/1575] Building CXX object libc/src/stdbit/CMakeFiles/libc.src.stdbit.stdc_first_leading_zero_ui.dir/stdc_first_leading_zero_ui.cpp.o
[942/1575] Building CXX object libc/src/stdbit/CMakeFiles/libc.src.stdbit.stdc_first_leading_zero_ull.dir/stdc_first_leading_zero_ull.cpp.o
[943/1575] Building CXX object libc/src/stdbit/CMakeFiles/libc.src.stdbit.stdc_bit_ceil_ul.dir/stdc_bit_ceil_ul.cpp.o
[944/1575] Building CXX object libc/src/stdbit/CMakeFiles/libc.src.stdbit.stdc_first_leading_zero_ul.dir/stdc_first_leading_zero_ul.cpp.o
[945/1575] Building CXX object libc/src/stdbit/CMakeFiles/libc.src.stdbit.stdc_bit_ceil_ull.dir/stdc_bit_ceil_ull.cpp.o
[946/1575] Building CXX object libc/src/stdbit/CMakeFiles/libc.src.stdbit.stdc_first_trailing_zero_uc.dir/stdc_first_trailing_zero_uc.cpp.o
[947/1575] Building CXX object libc/src/stdbit/CMakeFiles/libc.src.stdbit.stdc_first_leading_one_uc.dir/stdc_first_leading_one_uc.cpp.o
[948/1575] Building CXX object libc/src/stdbit/CMakeFiles/libc.src.stdbit.stdc_first_leading_one_us.dir/stdc_first_leading_one_us.cpp.o
[949/1575] Building CXX object libc/src/stdbit/CMakeFiles/libc.src.stdbit.stdc_first_leading_zero_uc.dir/stdc_first_leading_zero_uc.cpp.o
[950/1575] Building CXX object libc/src/stdbit/CMakeFiles/libc.src.stdbit.stdc_first_leading_one_ui.dir/stdc_first_leading_one_ui.cpp.o
[951/1575] Building CXX object libc/src/stdbit/CMakeFiles/libc.src.stdbit.stdc_first_leading_one_ul.dir/stdc_first_leading_one_ul.cpp.o
[952/1575] Building CXX object libc/src/stdbit/CMakeFiles/libc.src.stdbit.stdc_first_leading_one_ull.dir/stdc_first_leading_one_ull.cpp.o
[953/1575] Building CXX object libc/src/stdbit/CMakeFiles/libc.src.stdbit.stdc_first_trailing_zero_us.dir/stdc_first_trailing_zero_us.cpp.o
[954/1575] Building CXX object libc/src/stdbit/CMakeFiles/libc.src.stdbit.stdc_first_trailing_zero_ui.dir/stdc_first_trailing_zero_ui.cpp.o
[955/1575] Building CXX object libc/src/stdbit/CMakeFiles/libc.src.stdbit.stdc_first_trailing_one_ui.dir/stdc_first_trailing_one_ui.cpp.o
[956/1575] Building CXX object libc/src/stdbit/CMakeFiles/libc.src.stdbit.stdc_first_trailing_one_ull.dir/stdc_first_trailing_one_ull.cpp.o
[957/1575] Building CXX object libc/src/stdbit/CMakeFiles/libc.src.stdbit.stdc_first_trailing_one_uc.dir/stdc_first_trailing_one_uc.cpp.o
[958/1575] Building CXX object libc/src/stdbit/CMakeFiles/libc.src.stdbit.stdc_first_trailing_zero_ul.dir/stdc_first_trailing_zero_ul.cpp.o
[959/1575] Building CXX object libc/src/stdbit/CMakeFiles/libc.src.stdbit.stdc_first_trailing_one_us.dir/stdc_first_trailing_one_us.cpp.o
[960/1575] Building CXX object libc/src/stdbit/CMakeFiles/libc.src.stdbit.stdc_count_zeros_ui.dir/stdc_count_zeros_ui.cpp.o
[961/1575] Building CXX object libc/src/stdbit/CMakeFiles/libc.src.stdbit.stdc_count_zeros_ull.dir/stdc_count_zeros_ull.cpp.o
[962/1575] Building CXX object libc/src/stdbit/CMakeFiles/libc.src.stdbit.stdc_count_zeros_us.dir/stdc_count_zeros_us.cpp.o
[963/1575] Building CXX object libc/src/math/generic/CMakeFiles/libc.src.math.generic.bf16subl.dir/bf16subl.cpp.o
[964/1575] Building CXX object libc/src/stdbit/CMakeFiles/libc.src.stdbit.stdc_first_trailing_one_ul.dir/stdc_first_trailing_one_ul.cpp.o
[965/1575] Building CXX object libc/src/stdbit/CMakeFiles/libc.src.stdbit.stdc_first_trailing_zero_ull.dir/stdc_first_trailing_zero_ull.cpp.o
[966/1575] Building CXX object libc/src/math/generic/CMakeFiles/libc.src.math.generic.bf16fmaf128.dir/bf16fmaf128.cpp.o
[967/1575] Building CXX object libc/src/stdbit/CMakeFiles/libc.src.stdbit.stdc_count_zeros_uc.dir/stdc_count_zeros_uc.cpp.o
[968/1575] Building CXX object libc/src/stdbit/CMakeFiles/libc.src.stdbit.stdc_count_zeros_ul.dir/stdc_count_zeros_ul.cpp.o
[969/1575] Building CXX object libc/src/stdfix/CMakeFiles/libc.src.stdfix.abshk.dir/abshk.cpp.o
[970/1575] Building CXX object libc/src/stdfix/CMakeFiles/libc.src.stdfix.sqrtur.dir/sqrtur.cpp.o
[971/1575] Building CXX object libc/src/stdfix/CMakeFiles/libc.src.stdfix.sqrtulr.dir/sqrtulr.cpp.o
[972/1575] Building CXX object libc/src/stdfix/CMakeFiles/libc.src.stdfix.abslr.dir/abslr.cpp.o
[973/1575] Building CXX object libc/src/stdfix/CMakeFiles/libc.src.stdfix.sqrtuhr.dir/sqrtuhr.cpp.o
[974/1575] Building CXX object libc/src/stdfix/CMakeFiles/libc.src.stdfix.absr.dir/absr.cpp.o
[975/1575] Building CXX object libc/src/stdfix/CMakeFiles/libc.src.stdfix.sqrtuhk.dir/sqrtuhk.cpp.o
[976/1575] Building CXX object libc/src/stdfix/CMakeFiles/libc.src.stdfix.abshr.dir/abshr.cpp.o
[977/1575] Building CXX object libc/src/stdfix/CMakeFiles/libc.src.stdfix.sqrtuk.dir/sqrtuk.cpp.o
[978/1575] Building CXX object libc/src/stdfix/CMakeFiles/libc.src.stdfix.abslk.dir/abslk.cpp.o
[979/1575] Building CXX object libc/src/stdfix/CMakeFiles/libc.src.stdfix.absk.dir/absk.cpp.o
[980/1575] Building CXX object libc/src/stdfix/CMakeFiles/libc.src.stdfix.bitshr.dir/bitshr.cpp.o
[981/1575] Building CXX object libc/src/stdfix/CMakeFiles/libc.src.stdfix.rbits.dir/rbits.cpp.o
[982/1575] Building CXX object libc/src/stdfix/CMakeFiles/libc.src.stdfix.countlsr.dir/countlsr.cpp.o
[983/1575] Building CXX object libc/src/stdfix/CMakeFiles/libc.src.stdfix.countlshr.dir/countlshr.cpp.o
[984/1575] Building CXX object libc/src/stdfix/CMakeFiles/libc.src.stdfix.roundr.dir/roundr.cpp.o
[985/1575] Building CXX object libc/src/stdfix/CMakeFiles/libc.src.stdfix.hrbits.dir/hrbits.cpp.o
[986/1575] Building CXX object libc/src/stdfix/CMakeFiles/libc.src.stdfix.roundhr.dir/roundhr.cpp.o
[987/1575] Building CXX object libc/src/stdfix/CMakeFiles/libc.src.stdfix.roundlr.dir/roundlr.cpp.o
[988/1575] Building CXX object libc/src/stdfix/CMakeFiles/libc.src.stdfix.hkbits.dir/hkbits.cpp.o
[989/1575] Building CXX object libc/src/stdfix/CMakeFiles/libc.src.stdfix.bitsr.dir/bitsr.cpp.o
[990/1575] Building CXX object libc/src/stdfix/CMakeFiles/libc.src.stdfix.bitslr.dir/bitslr.cpp.o
[991/1575] Building CXX object libc/src/stdfix/CMakeFiles/libc.src.stdfix.bitshk.dir/bitshk.cpp.o
[992/1575] Building CXX object libc/src/stdfix/CMakeFiles/libc.src.stdfix.countlslr.dir/countlslr.cpp.o
[993/1575] Building CXX object libc/src/stdfix/CMakeFiles/libc.src.stdfix.kbits.dir/kbits.cpp.o
[994/1575] Building CXX object libc/src/stdfix/CMakeFiles/libc.src.stdfix.roundk.dir/roundk.cpp.o
[995/1575] Building CXX object libc/src/stdfix/CMakeFiles/libc.src.stdfix.lrbits.dir/lrbits.cpp.o
[996/1575] Building CXX object libc/src/stdfix/CMakeFiles/libc.src.stdfix.bitsk.dir/bitsk.cpp.o
[997/1575] Building CXX object libc/src/stdfix/CMakeFiles/libc.src.stdfix.bitslk.dir/bitslk.cpp.o
[998/1575] Building CXX object libc/src/stdfix/CMakeFiles/libc.src.stdfix.roundhk.dir/roundhk.cpp.o
[999/1575] Building CXX object libc/src/stdfix/CMakeFiles/libc.src.stdfix.countlshk.dir/countlshk.cpp.o
[1000/1575] Building CXX object libc/src/stdfix/CMakeFiles/libc.src.stdfix.countlsk.dir/countlsk.cpp.o
[1001/1575] Building CXX object libc/src/stdfix/CMakeFiles/libc.src.stdfix.lkbits.dir/lkbits.cpp.o
[1002/1575] Building CXX object libc/src/stdfix/CMakeFiles/libc.src.stdfix.rounduhr.dir/rounduhr.cpp.o
[1003/1575] Building CXX object libc/src/stdfix/CMakeFiles/libc.src.stdfix.roundlk.dir/roundlk.cpp.o
[1004/1575] Building CXX object libc/src/stdfix/CMakeFiles/libc.src.stdfix.countlsuhr.dir/countlsuhr.cpp.o
[1005/1575] Building CXX object libc/src/stdfix/CMakeFiles/libc.src.stdfix.roundur.dir/roundur.cpp.o
[1006/1575] Building CXX object libc/src/stdfix/CMakeFiles/libc.src.stdfix.countlslk.dir/countlslk.cpp.o
[1007/1575] Building CXX object libc/src/stdfix/CMakeFiles/libc.src.stdfix.urbits.dir/urbits.cpp.o
[1008/1575] Building CXX object libc/src/stdfix/CMakeFiles/libc.src.stdfix.bitsur.dir/bitsur.cpp.o
[1009/1575] Building CXX object libc/src/stdfix/CMakeFiles/libc.src.stdfix.roundulr.dir/roundulr.cpp.o
[1010/1575] Building CXX object libc/src/stdfix/CMakeFiles/libc.src.stdfix.bitsuhr.dir/bitsuhr.cpp.o
[1011/1575] Building CXX object libc/src/stdfix/CMakeFiles/libc.src.stdfix.uhrbits.dir/uhrbits.cpp.o
[1012/1575] Building CXX object libc/src/stdfix/CMakeFiles/libc.src.stdfix.ulrbits.dir/ulrbits.cpp.o
[1013/1575] Building CXX object libc/src/stdfix/CMakeFiles/libc.src.stdfix.countlsulr.dir/countlsulr.cpp.o
[1014/1575] Building CXX object libc/src/stdfix/CMakeFiles/libc.src.stdfix.bitsuhk.dir/bitsuhk.cpp.o
[1015/1575] Building CXX object libc/src/stdfix/CMakeFiles/libc.src.stdfix.uhkbits.dir/uhkbits.cpp.o
[1016/1575] Building CXX object libc/src/stdfix/CMakeFiles/libc.src.stdfix.bitsulr.dir/bitsulr.cpp.o
[1017/1575] Building CXX object libc/src/stdfix/CMakeFiles/libc.src.stdfix.countlsuhk.dir/countlsuhk.cpp.o
[1018/1575] Building CXX object libc/src/stdfix/CMakeFiles/libc.src.stdfix.countlsur.dir/countlsur.cpp.o
[1019/1575] Building CXX object libc/src/stdfix/CMakeFiles/libc.src.stdfix.rounduhk.dir/rounduhk.cpp.o
[1020/1575] Building CXX object libc/src/stdfix/CMakeFiles/libc.src.stdfix.countlsuk.dir/countlsuk.cpp.o
[1021/1575] Building CXX object libc/src/stdfix/CMakeFiles/libc.src.stdfix.countlsulk.dir/countlsulk.cpp.o
[1022/1575] Building CXX object libc/src/stdfix/CMakeFiles/libc.src.stdfix.rounduk.dir/rounduk.cpp.o
[1023/1575] Building CXX object libc/src/stdfix/CMakeFiles/libc.src.stdfix.bitsuk.dir/bitsuk.cpp.o
[1024/1575] Building CXX object libc/src/stdfix/CMakeFiles/libc.src.stdfix.bitsulk.dir/bitsulk.cpp.o
[1025/1575] Building CXX object libc/src/stdfix/CMakeFiles/libc.src.stdfix.ukbits.dir/ukbits.cpp.o
[1026/1575] Building CXX object libc/src/stdfix/CMakeFiles/libc.src.stdfix.roundulk.dir/roundulk.cpp.o
[1027/1575] Building CXX object libc/src/stdfix/CMakeFiles/libc.src.stdfix.ulkbits.dir/ulkbits.cpp.o
[1028/1575] Building CXX object libc/src/stdfix/CMakeFiles/libc.src.stdfix.idivk.dir/idivk.cpp.o
[1029/1575] Building CXX object libc/src/stdfix/CMakeFiles/libc.src.stdfix.idivlk.dir/idivlk.cpp.o
[1030/1575] Building CXX object libc/src/stdfix/CMakeFiles/libc.src.stdfix.idivr.dir/idivr.cpp.o
[1031/1575] Building CXX object libc/src/stdfix/CMakeFiles/libc.src.stdfix.idivlr.dir/idivlr.cpp.o
[1032/1575] Building CXX object libc/src/stdfix/CMakeFiles/libc.src.stdfix.uksqrtui.dir/uksqrtui.cpp.o
[1033/1575] Building CXX object libc/src/stdfix/CMakeFiles/libc.src.stdfix.uhksqrtus.dir/uhksqrtus.cpp.o
[1034/1575] Building CXX object libc/src/stdfix/CMakeFiles/libc.src.stdfix.exphk.dir/exphk.cpp.o
[1035/1575] Building CXX object libc/src/stdfix/CMakeFiles/libc.src.stdfix.idivulr.dir/idivulr.cpp.o
[1036/1575] Building CXX object libc/src/stdfix/CMakeFiles/libc.src.stdfix.expk.dir/expk.cpp.o
[1037/1575] Building CXX object libc/src/stdfix/CMakeFiles/libc.src.stdfix.rdivi.dir/rdivi.cpp.o
[1038/1575] Building CXX object libc/src/stdio/CMakeFiles/libc.src.stdio.funlockfile.dir/funlockfile.cpp.o
[1039/1575] Building CXX object libc/src/stdfix/CMakeFiles/libc.src.stdfix.idivur.dir/idivur.cpp.o
[1040/1575] Building CXX object libc/src/stdio/CMakeFiles/libc.src.stdio.fopencookie.dir/fopencookie.cpp.o
[1041/1575] Building CXX object libc/src/stdfix/CMakeFiles/libc.src.stdfix.idivuk.dir/idivuk.cpp.o
[1042/1575] Building CXX object libc/src/stdfix/CMakeFiles/libc.src.stdfix.idivulk.dir/idivulk.cpp.o
[1043/1575] Building CXX object libc/src/stdio/CMakeFiles/libc.src.stdio.setvbuf.dir/setvbuf.cpp.o
[1044/1575] Building CXX object libc/src/stdio/CMakeFiles/libc.src.stdio.setbuf.dir/setbuf.cpp.o
[1045/1575] Building CXX object libc/src/stdio/linux/CMakeFiles/libc.src.stdio.linux.rename.dir/rename.cpp.o
[1046/1575] Building CXX object libc/src/stdio/linux/CMakeFiles/libc.src.stdio.linux.remove.dir/remove.cpp.o
[1047/1575] Building CXX object libc/src/stdio/CMakeFiles/libc.src.stdio.flockfile.dir/flockfile.cpp.o
[1048/1575] Building CXX object libc/src/stdio/generic/CMakeFiles/libc.src.stdio.generic.clearerr_unlocked.dir/clearerr_unlocked.cpp.o
[1049/1575] Building CXX object libc/src/stdio/linux/CMakeFiles/libc.src.stdio.linux.fdopen.dir/fdopen.cpp.o
[1050/1575] Building CXX object libc/src/stdio/generic/CMakeFiles/libc.src.stdio.generic.ferror_unlocked.dir/ferror_unlocked.cpp.o
[1051/1575] Building CXX object libc/src/stdio/generic/CMakeFiles/libc.src.stdio.generic.fileno.dir/fileno.cpp.o
[1052/1575] Building CXX object libc/src/stdio/generic/CMakeFiles/libc.src.stdio.generic.feof_unlocked.dir/feof_unlocked.cpp.o
[1053/1575] Building CXX object libc/src/stdio/generic/CMakeFiles/libc.src.stdio.generic.clearerr.dir/clearerr.cpp.o
[1054/1575] Building CXX object libc/src/stdio/generic/CMakeFiles/libc.src.stdio.generic.ftell.dir/ftell.cpp.o
[1055/1575] Building CXX object libc/src/stdio/generic/CMakeFiles/libc.src.stdio.generic.ferror.dir/ferror.cpp.o
[1056/1575] Building CXX object libc/src/stdio/generic/CMakeFiles/libc.src.stdio.generic.fseeko.dir/fseeko.cpp.o
[1057/1575] Building CXX object libc/src/stdio/generic/CMakeFiles/libc.src.stdio.generic.fseek.dir/fseek.cpp.o
[1058/1575] Building CXX object libc/src/stdio/generic/CMakeFiles/libc.src.stdio.generic.fflush.dir/fflush.cpp.o
[1059/1575] Building CXX object libc/src/stdio/generic/CMakeFiles/libc.src.stdio.generic.feof.dir/feof.cpp.o
[1060/1575] Building CXX object libc/src/stdio/generic/CMakeFiles/libc.src.stdio.generic.fread_unlocked.dir/fread_unlocked.cpp.o
[1061/1575] Building CXX object libc/src/stdio/generic/CMakeFiles/libc.src.stdio.generic.fopen.dir/fopen.cpp.o
[1062/1575] Building CXX object libc/src/stdio/generic/CMakeFiles/libc.src.stdio.generic.ftello.dir/ftello.cpp.o
[1063/1575] Building CXX object libc/src/stdio/generic/CMakeFiles/libc.src.stdio.generic.fclose.dir/fclose.cpp.o
[1064/1575] Building CXX object libc/src/stdio/generic/CMakeFiles/libc.src.stdio.generic.fread.dir/fread.cpp.o
[1065/1575] Building CXX object libc/src/stdio/generic/CMakeFiles/libc.src.stdio.generic.perror.dir/perror.cpp.o
[1066/1575] Building CXX object libc/src/stdio/generic/CMakeFiles/libc.src.stdio.generic.fwrite_unlocked.dir/fwrite_unlocked.cpp.o
[1067/1575] Building CXX object libc/src/stdio/generic/CMakeFiles/libc.src.stdio.generic.fputc.dir/fputc.cpp.o
[1068/1575] Building CXX object libc/src/stdio/generic/CMakeFiles/libc.src.stdio.generic.puts.dir/puts.cpp.o
[1069/1575] Building CXX object libc/src/stdio/generic/CMakeFiles/libc.src.stdio.generic.fputs.dir/fputs.cpp.o
[1070/1575] Building CXX object libc/src/stdio/generic/CMakeFiles/libc.src.stdio.generic.putc.dir/putc.cpp.o
[1071/1575] Building CXX object libc/src/stdio/generic/CMakeFiles/libc.src.stdio.generic.fgetc_unlocked.dir/fgetc_unlocked.cpp.o
[1072/1575] Building CXX object libc/src/stdio/generic/CMakeFiles/libc.src.stdio.generic.fwrite.dir/fwrite.cpp.o
[1073/1575] Building CXX object libc/src/stdio/generic/CMakeFiles/libc.src.stdio.generic.fgetc.dir/fgetc.cpp.o
[1074/1575] Building CXX object libc/src/stdio/generic/CMakeFiles/libc.src.stdio.generic.getc_unlocked.dir/getc_unlocked.cpp.o
[1075/1575] Building CXX object libc/src/stdio/generic/CMakeFiles/libc.src.stdio.generic.putchar.dir/putchar.cpp.o
[1076/1575] Building CXX object libc/src/stdio/generic/CMakeFiles/libc.src.stdio.generic.getc.dir/getc.cpp.o
[1077/1575] Building CXX object libc/src/stdio/generic/CMakeFiles/libc.src.stdio.generic.getchar.dir/getchar.cpp.o
[1078/1575] Building CXX object libc/src/stdio/generic/CMakeFiles/libc.src.stdio.generic.getchar_unlocked.dir/getchar_unlocked.cpp.o
[1079/1575] Building CXX object libc/src/stdio/CMakeFiles/libc.src.stdio.vsscanf.dir/vsscanf.cpp.o
[1080/1575] Building CXX object libc/src/stdio/CMakeFiles/libc.src.stdio.sscanf.dir/sscanf.cpp.o
[1081/1575] Building CXX object libc/src/stdio/generic/CMakeFiles/libc.src.stdio.generic.fgets.dir/fgets.cpp.o
[1082/1575] Building CXX object libc/src/stdio/generic/CMakeFiles/libc.src.stdio.generic.stdin.dir/stdin.cpp.o
[1083/1575] Building CXX object libc/src/stdio/generic/CMakeFiles/libc.src.stdio.generic.stdout.dir/stdout.cpp.o
[1084/1575] Building CXX object libc/src/stdio/generic/CMakeFiles/libc.src.stdio.generic.ungetc.dir/ungetc.cpp.o
[1085/1575] Building CXX object libc/src/stdio/CMakeFiles/libc.src.stdio.vsnprintf.dir/vsnprintf.cpp.o
[1086/1575] Building CXX object libc/src/stdio/generic/CMakeFiles/libc.src.stdio.generic.stderr.dir/stderr.cpp.o
[1087/1575] Building CXX object libc/src/stdio/CMakeFiles/libc.src.stdio.vsprintf.dir/vsprintf.cpp.o
[1088/1575] Building CXX object libc/src/stdlib/CMakeFiles/libc.src.stdlib.atol.dir/atol.cpp.o
[1089/1575] Building CXX object libc/src/stdlib/CMakeFiles/libc.src.stdlib.atoi.dir/atoi.cpp.o
[1090/1575] Building CXX object libc/src/stdlib/CMakeFiles/libc.src.stdlib.atoll.dir/atoll.cpp.o
[1091/1575] Building CXX object libc/src/stdio/CMakeFiles/libc.src.stdio.sprintf.dir/sprintf.cpp.o
[1092/1575] Building CXX object libc/src/stdlib/CMakeFiles/libc.src.stdlib.atof.dir/atof.cpp.o
[1093/1575] Building CXX object libc/src/stdlib/CMakeFiles/libc.src.stdlib.getenv.dir/getenv.cpp.o
[1094/1575] Building CXX object libc/src/stdio/CMakeFiles/libc.src.stdio.snprintf.dir/snprintf.cpp.o
[1095/1575] Building CXX object libc/src/stdio/CMakeFiles/libc.src.stdio.asprintf.dir/asprintf.cpp.o
[1096/1575] Building CXX object libc/src/stdio/generic/CMakeFiles/libc.src.stdio.generic.printf.dir/printf.cpp.o
[1097/1575] Building CXX object libc/src/stdio/generic/CMakeFiles/libc.src.stdio.generic.vscanf.dir/vscanf.cpp.o
[1098/1575] Building CXX object libc/src/stdio/generic/CMakeFiles/libc.src.stdio.generic.vfscanf.dir/vfscanf.cpp.o
[1099/1575] Building CXX object libc/src/stdio/CMakeFiles/libc.src.stdio.vasprintf.dir/vasprintf.cpp.o
[1100/1575] Building CXX object libc/src/stdlib/CMakeFiles/libc.src.stdlib.strtol.dir/strtol.cpp.o
[1101/1575] Building CXX object libc/src/stdlib/CMakeFiles/libc.src.stdlib.a64l.dir/a64l.cpp.o
[1102/1575] Building CXX object libc/src/stdlib/CMakeFiles/libc.src.stdlib.strtoul.dir/strtoul.cpp.o
[1103/1575] Building CXX object libc/src/stdlib/CMakeFiles/libc.src.stdlib.strtoll.dir/strtoll.cpp.o
[1104/1575] Building CXX object libc/src/stdlib/CMakeFiles/libc.src.stdlib.strtoull.dir/strtoull.cpp.o
[1105/1575] Building CXX object libc/src/stdlib/CMakeFiles/libc.src.stdlib.abs.dir/abs.cpp.o
[1106/1575] Building CXX object libc/src/stdlib/CMakeFiles/libc.src.stdlib.llabs.dir/llabs.cpp.o
[1107/1575] Building CXX object libc/src/stdlib/CMakeFiles/libc.src.stdlib.strtof.dir/strtof.cpp.o
[1108/1575] Building CXX object libc/src/stdlib/CMakeFiles/libc.src.stdlib.l64a.dir/l64a.cpp.o
[1109/1575] Building CXX object libc/src/stdlib/CMakeFiles/libc.src.stdlib.div.dir/div.cpp.o
[1110/1575] Building CXX object libc/src/stdlib/CMakeFiles/libc.src.stdlib.labs.dir/labs.cpp.o
[1111/1575] Building CXX object libc/src/stdlib/CMakeFiles/libc.src.stdlib.strtold.dir/strtold.cpp.o
[1112/1575] Building CXX object libc/src/stdlib/CMakeFiles/libc.src.stdlib.quick_exit.dir/quick_exit.cpp.o
[1113/1575] Building CXX object libc/src/stdlib/CMakeFiles/libc.src.stdlib.bsearch.dir/bsearch.cpp.o
[1114/1575] Building CXX object libc/src/stdlib/CMakeFiles/libc.src.stdlib.lldiv.dir/lldiv.cpp.o
[1115/1575] Building CXX object libc/src/stdlib/CMakeFiles/libc.src.stdlib.srand.dir/srand.cpp.o
[1116/1575] Building CXX object libc/src/stdlib/CMakeFiles/libc.src.stdlib.ldiv.dir/ldiv.cpp.o
[1117/1575] Building CXX object libc/src/stdlib/CMakeFiles/libc.src.stdlib.rand.dir/rand.cpp.o
[1118/1575] Building CXX object libc/src/stdlib/CMakeFiles/libc.src.stdlib.rand_util.dir/rand_util.cpp.o
[1119/1575] Building CXX object libc/src/stdlib/CMakeFiles/libc.src.stdlib.mbtowc.dir/mbtowc.cpp.o
[1120/1575] Building CXX object libc/src/stdlib/CMakeFiles/libc.src.stdlib.memalignment.dir/memalignment.cpp.o
[1121/1575] Building CXX object libc/src/stdlib/CMakeFiles/libc.src.stdlib.strtod.dir/strtod.cpp.o
[1122/1575] Building CXX object libc/src/stdlib/CMakeFiles/libc.src.stdlib.wctomb.dir/wctomb.cpp.o
[1123/1575] Building CXX object libc/src/stdio/generic/CMakeFiles/libc.src.stdio.generic.fscanf.dir/fscanf.cpp.o
[1124/1575] Building CXX object libc/src/stdlib/CMakeFiles/libc.src.stdlib.mbstowcs.dir/mbstowcs.cpp.o
[1125/1575] Building CXX object libc/src/stdio/generic/CMakeFiles/libc.src.stdio.generic.vprintf.dir/vprintf.cpp.o
[1126/1575] Building CXX object libc/src/stdlib/CMakeFiles/libc.src.stdlib.wcstombs.dir/wcstombs.cpp.o
[1127/1575] Building CXX object libc/src/stdio/generic/CMakeFiles/libc.src.stdio.generic.vfprintf.dir/vfprintf.cpp.o
[1128/1575] Building CXX object libc/src/stdlib/CMakeFiles/libc.src.stdlib._Exit.dir/_Exit.cpp.o
[1129/1575] Building CXX object libc/src/stdlib/CMakeFiles/libc.src.stdlib.strtoll_l.dir/strtoll_l.cpp.o
[1130/1575] Building CXX object libc/src/stdlib/CMakeFiles/libc.src.stdlib.strtoul_l.dir/strtoul_l.cpp.o
[1131/1575] Building CXX object libc/src/stdlib/CMakeFiles/libc.src.stdlib.strtoull_l.dir/strtoull_l.cpp.o
[1132/1575] Building CXX object libc/src/stdlib/CMakeFiles/libc.src.stdlib.exit.dir/exit.cpp.o
[1133/1575] Building CXX object libc/src/stdlib/CMakeFiles/libc.src.stdlib.strtol_l.dir/strtol_l.cpp.o
[1134/1575] Building CXX object libc/src/stdlib/linux/CMakeFiles/libc.src.stdlib.linux.abort.dir/abort.cpp.o
[1135/1575] Building CXX object libc/src/stdlib/CMakeFiles/libc.src.stdlib.strfromf.dir/strfromf.cpp.o
[1136/1575] Building CXX object libc/src/string/CMakeFiles/libc.src.string.memccpy.dir/memccpy.cpp.o
[1137/1575] Building CXX object libc/src/stdio/generic/CMakeFiles/libc.src.stdio.generic.fprintf.dir/fprintf.cpp.o
[1138/1575] Building CXX object libc/src/string/CMakeFiles/libc.src.string.memmem.dir/memmem.cpp.o
[1139/1575] Building CXX object libc/src/string/CMakeFiles/libc.src.string.memrchr.dir/memrchr.cpp.o
[1140/1575] Building CXX object libc/src/stdio/generic/CMakeFiles/libc.src.stdio.generic.scanf.dir/scanf.cpp.o
[1141/1575] Building CXX object libc/src/stdlib/CMakeFiles/libc.src.stdlib.strtof_l.dir/strtof_l.cpp.o
[1142/1575] Building CXX object libc/src/stdlib/CMakeFiles/libc.src.stdlib.qsort.dir/qsort.cpp.o
[1143/1575] Building CXX object libc/src/string/CMakeFiles/libc.src.string.strcmp.dir/strcmp.cpp.o
[1144/1575] Building CXX object libc/src/stdlib/CMakeFiles/libc.src.stdlib.strtold_l.dir/strtold_l.cpp.o
[1145/1575] Building CXX object libc/src/string/CMakeFiles/libc.src.string.strcoll.dir/strcoll.cpp.o
[1146/1575] Building CXX object libc/src/stdlib/CMakeFiles/libc.src.stdlib.strtod_l.dir/strtod_l.cpp.o
[1147/1575] Building CXX object libc/src/string/CMakeFiles/libc.src.string.strchr.dir/strchr.cpp.o
[1148/1575] Building CXX object libc/src/stdlib/CMakeFiles/libc.src.stdlib.qsort_r.dir/qsort_r.cpp.o
[1149/1575] Building CXX object libc/src/string/CMakeFiles/libc.src.string.mempcpy.dir/mempcpy.cpp.o
[1150/1575] Building CXX object libc/src/string/CMakeFiles/libc.src.string.strcoll_l.dir/strcoll_l.cpp.o
[1151/1575] Building CXX object libc/src/string/CMakeFiles/libc.src.string.stpcpy.dir/stpcpy.cpp.o
[1152/1575] Building CXX object libc/src/string/CMakeFiles/libc.src.string.strcat.dir/strcat.cpp.o
[1153/1575] Building CXX object libc/src/stdlib/CMakeFiles/libc.src.stdlib.at_quick_exit.dir/at_quick_exit.cpp.o
[1154/1575] Building CXX object libc/src/string/CMakeFiles/libc.src.string.stpncpy.dir/stpncpy.cpp.o
[1155/1575] Building CXX object libc/src/string/CMakeFiles/libc.src.string.strerror.dir/strerror.cpp.o
[1156/1575] Building CXX object libc/src/string/CMakeFiles/libc.src.string.strerror_r.dir/strerror_r.cpp.o
[1157/1575] Building CXX object libc/src/string/CMakeFiles/libc.src.string.strncmp.dir/strncmp.cpp.o
[1158/1575] Building CXX object libc/src/string/CMakeFiles/libc.src.string.strchrnul.dir/strchrnul.cpp.o
[1159/1575] Building CXX object libc/src/stdlib/CMakeFiles/libc.src.stdlib.atexit.dir/atexit.cpp.o
[1160/1575] Building CXX object libc/src/string/CMakeFiles/libc.src.string.memchr.dir/memchr.cpp.o
[1161/1575] Building CXX object libc/src/stdlib/CMakeFiles/libc.src.stdlib.strfromd.dir/strfromd.cpp.o
[1162/1575] Building CXX object libc/src/string/CMakeFiles/libc.src.string.strncpy.dir/strncpy.cpp.o
[1163/1575] Building CXX object libc/src/string/CMakeFiles/libc.src.string.strsignal.dir/strsignal.cpp.o
[1164/1575] Building CXX object libc/src/string/CMakeFiles/libc.src.string.strcspn.dir/strcspn.cpp.o
[1165/1575] Building CXX object libc/src/string/CMakeFiles/libc.src.string.strspn.dir/strspn.cpp.o
[1166/1575] Building CXX object libc/src/string/CMakeFiles/libc.src.string.strcasestr.dir/strcasestr.cpp.o
[1167/1575] Building CXX object libc/src/stdlib/CMakeFiles/libc.src.stdlib.strfroml.dir/strfroml.cpp.o
[1168/1575] Building CXX object libc/src/string/CMakeFiles/libc.src.string.strlcat.dir/strlcat.cpp.o
[1169/1575] Building CXX object libc/src/string/CMakeFiles/libc.src.string.strcpy.dir/strcpy.cpp.o
[1170/1575] Building CXX object libc/src/string/CMakeFiles/libc.src.string.strlcpy.dir/strlcpy.cpp.o
[1171/1575] Building CXX object libc/src/string/CMakeFiles/libc.src.string.strlen.dir/strlen.cpp.o
[1172/1575] Building CXX object libc/src/string/CMakeFiles/libc.src.string.strnlen.dir/strnlen.cpp.o
[1173/1575] Building CXX object libc/src/string/CMakeFiles/libc.src.string.strncat.dir/strncat.cpp.o
[1174/1575] Building CXX object libc/src/string/CMakeFiles/libc.src.string.strdup.dir/strdup.cpp.o
[1175/1575] Building CXX object libc/src/string/CMakeFiles/libc.src.string.strsep.dir/strsep.cpp.o
[1176/1575] Building CXX object libc/src/string/CMakeFiles/libc.src.string.strpbrk.dir/strpbrk.cpp.o
[1177/1575] Building CXX object libc/src/string/CMakeFiles/libc.src.string.strrchr.dir/strrchr.cpp.o
[1178/1575] Building CXX object libc/src/string/CMakeFiles/libc.src.string.strtok.dir/strtok.cpp.o
[1179/1575] Building CXX object libc/src/string/CMakeFiles/libc.src.string.strstr.dir/strstr.cpp.o
[1180/1575] Building CXX object libc/src/string/CMakeFiles/libc.src.string.memset_explicit.dir/memset_explicit.cpp.o
[1181/1575] Building CXX object libc/src/strings/CMakeFiles/libc.src.strings.ffs.dir/ffs.cpp.o
[1182/1575] Building CXX object libc/src/strings/CMakeFiles/libc.src.strings.ffsl.dir/ffsl.cpp.o
[1183/1575] Building CXX object libc/src/string/CMakeFiles/libc.src.string.strtok_r.dir/strtok_r.cpp.o
[1184/1575] Building CXX object libc/src/string/CMakeFiles/libc.src.string.strxfrm.dir/strxfrm.cpp.o
[1185/1575] Building CXX object libc/src/strings/CMakeFiles/libc.src.strings.ffsll.dir/ffsll.cpp.o
[1186/1575] Building CXX object libc/src/strings/CMakeFiles/libc.src.strings.strcasecmp.dir/strcasecmp.cpp.o
[1187/1575] Building CXX object libc/src/string/CMakeFiles/libc.src.string.strndup.dir/strndup.cpp.o
[1188/1575] Building CXX object libc/src/strings/CMakeFiles/libc.src.strings.strcasecmp_l.dir/strcasecmp_l.cpp.o
[1189/1575] Building CXX object libc/src/strings/CMakeFiles/libc.src.strings.strncasecmp_l.dir/strncasecmp_l.cpp.o
[1190/1575] Building CXX object libc/src/strings/CMakeFiles/libc.src.strings.strncasecmp.dir/strncasecmp.cpp.o
[1191/1575] Building CXX object libc/src/time/CMakeFiles/libc.src.time.asctime_r.dir/asctime_r.cpp.o
[1192/1575] Building CXX object libc/src/time/CMakeFiles/libc.src.time.ctime.dir/ctime.cpp.o
[1193/1575] Building CXX object libc/src/string/CMakeFiles/libc.src.string.memset.dir/memset.cpp.o
[1194/1575] Building CXX object libc/src/time/CMakeFiles/libc.src.time.localtime.dir/localtime.cpp.o
[1195/1575] Building CXX object libc/src/time/CMakeFiles/libc.src.time.asctime.dir/asctime.cpp.o
[1196/1575] Building CXX object libc/src/time/CMakeFiles/libc.src.time.ctime_r.dir/ctime_r.cpp.o
[1197/1575] Building CXX object libc/src/string/CMakeFiles/libc.src.string.strxfrm_l.dir/strxfrm_l.cpp.o
[1198/1575] Building CXX object libc/src/string/CMakeFiles/libc.src.string.memcmp.dir/memcmp.cpp.o
[1199/1575] Building CXX object libc/src/string/CMakeFiles/libc.src.string.memcpy.dir/memcpy.cpp.o
[1200/1575] Building CXX object libc/src/time/CMakeFiles/libc.src.time.time_utils.dir/time_utils.cpp.o
[1201/1575] Building CXX object libc/src/time/CMakeFiles/libc.src.time.difftime.dir/difftime.cpp.o
[1202/1575] Building CXX object libc/src/time/CMakeFiles/libc.src.time.localtime_r.dir/localtime_r.cpp.o
[1203/1575] Building CXX object libc/src/time/linux/CMakeFiles/libc.src.time.linux.timespec_get.dir/timespec_get.cpp.o
[1204/1575] Building CXX object libc/src/time/CMakeFiles/libc.src.time.gmtime_r.dir/gmtime_r.cpp.o
[1205/1575] Building CXX object libc/src/time/linux/CMakeFiles/libc.src.time.linux.nanosleep.dir/nanosleep.cpp.o
[1206/1575] Building CXX object libc/src/time/CMakeFiles/libc.src.time.time.dir/time.cpp.o
[1207/1575] Building CXX object libc/src/time/linux/CMakeFiles/libc.src.time.linux.clock_settime.dir/clock_settime.cpp.o
[1208/1575] Building CXX object libc/src/time/linux/CMakeFiles/libc.src.time.linux.clock.dir/clock.cpp.o
[1209/1575] Building CXX object libc/src/string/CMakeFiles/libc.src.string.memmove.dir/memmove.cpp.o
[1210/1575] Building CXX object libc/src/strings/CMakeFiles/libc.src.strings.bzero.dir/bzero.cpp.o
[1211/1575] Building CXX object libc/src/time/linux/CMakeFiles/libc.src.time.linux.gettimeofday.dir/gettimeofday.cpp.o
[1212/1575] Building CXX object libc/src/unistd/CMakeFiles/libc.src.unistd.environ.dir/environ.cpp.o
[1213/1575] Building CXX object libc/src/time/linux/CMakeFiles/libc.src.time.linux.clock_gettime.dir/clock_gettime.cpp.o
[1214/1575] Building CXX object libc/src/time/CMakeFiles/libc.src.time.gmtime.dir/gmtime.cpp.o
[1215/1575] Building CXX object libc/src/time/CMakeFiles/libc.src.time.mktime.dir/mktime.cpp.o
[1216/1575] Building CXX object libc/src/strings/CMakeFiles/libc.src.strings.rindex.dir/rindex.cpp.o
[1217/1575] Building CXX object libc/src/strings/CMakeFiles/libc.src.strings.index.dir/index.cpp.o
[1218/1575] Building CXX object libc/src/unistd/CMakeFiles/libc.src.unistd.swab.dir/swab.cpp.o
[1219/1575] Building CXX object libc/src/unistd/CMakeFiles/libc.src.unistd._exit.dir/_exit.cpp.o
[1220/1575] Building CXX object libc/src/unistd/linux/CMakeFiles/libc.src.unistd.linux.close.dir/close.cpp.o
[1221/1575] Building CXX object libc/src/unistd/linux/CMakeFiles/libc.src.unistd.linux.chown.dir/chown.cpp.o
[1222/1575] Building CXX object libc/src/unistd/linux/CMakeFiles/libc.src.unistd.linux.dup.dir/dup.cpp.o
[1223/1575] Building CXX object libc/src/unistd/linux/CMakeFiles/libc.src.unistd.linux.access.dir/access.cpp.o
[1224/1575] Building CXX object libc/src/unistd/linux/CMakeFiles/libc.src.unistd.linux.chdir.dir/chdir.cpp.o
[1225/1575] Building CXX object libc/src/unistd/linux/CMakeFiles/libc.src.unistd.linux.dup2.dir/dup2.cpp.o
[1226/1575] Building CXX object libc/src/unistd/CMakeFiles/libc.src.unistd.getopt.dir/getopt.cpp.o
[1227/1575] Building CXX object libc/src/unistd/linux/CMakeFiles/libc.src.unistd.linux.faccessat.dir/faccessat.cpp.o
[1228/1575] Building CXX object libc/src/unistd/linux/CMakeFiles/libc.src.unistd.linux.execv.dir/execv.cpp.o
[1229/1575] Building CXX object libc/src/unistd/linux/CMakeFiles/libc.src.unistd.linux.fchown.dir/fchown.cpp.o
[1230/1575] Building CXX object libc/src/unistd/linux/CMakeFiles/libc.src.unistd.linux.dup3.dir/dup3.cpp.o
[1231/1575] Building CXX object libc/src/unistd/linux/CMakeFiles/libc.src.unistd.linux.fpathconf.dir/fpathconf.cpp.o
[1232/1575] Building CXX object libc/src/unistd/linux/CMakeFiles/libc.src.unistd.linux.execve.dir/execve.cpp.o
[1233/1575] Building CXX object libc/src/unistd/linux/CMakeFiles/libc.src.unistd.linux.fork.dir/fork.cpp.o
[1234/1575] Building CXX object libc/src/strings/CMakeFiles/libc.src.strings.bcmp.dir/bcmp.cpp.o
[1235/1575] Building CXX object libc/src/strings/CMakeFiles/libc.src.strings.bcopy.dir/bcopy.cpp.o
[1236/1575] Building CXX object libc/src/unistd/linux/CMakeFiles/libc.src.unistd.linux.fchdir.dir/fchdir.cpp.o
[1237/1575] Building CXX object libc/src/unistd/CMakeFiles/libc.src.unistd.gettid.dir/gettid.cpp.o
[1238/1575] Building CXX object libc/src/unistd/linux/CMakeFiles/libc.src.unistd.linux.ftruncate.dir/ftruncate.cpp.o
[1239/1575] Building CXX object libc/src/unistd/linux/CMakeFiles/libc.src.unistd.linux.getppid.dir/getppid.cpp.o
[1240/1575] Building CXX object libc/src/unistd/linux/CMakeFiles/libc.src.unistd.linux.fsync.dir/fsync.cpp.o
[1241/1575] Building CXX object libc/src/unistd/linux/CMakeFiles/libc.src.unistd.linux.geteuid.dir/geteuid.cpp.o
[1242/1575] Building CXX object libc/src/unistd/linux/CMakeFiles/libc.src.unistd.linux.getpid.dir/getpid.cpp.o
[1243/1575] Building CXX object libc/src/unistd/linux/CMakeFiles/libc.src.unistd.linux.getgid.dir/getgid.cpp.o
[1244/1575] Building CXX object libc/src/unistd/linux/CMakeFiles/libc.src.unistd.linux.getpagesize.dir/getpagesize.cpp.o
[1245/1575] Building CXX object libc/src/unistd/linux/CMakeFiles/libc.src.unistd.linux.getsid.dir/getsid.cpp.o
[1246/1575] Building CXX object libc/src/unistd/linux/CMakeFiles/libc.src.unistd.linux.getuid.dir/getuid.cpp.o
[1247/1575] Building CXX object libc/src/unistd/linux/CMakeFiles/libc.src.unistd.linux.linkat.dir/linkat.cpp.o
[1248/1575] Building CXX object libc/src/unistd/linux/CMakeFiles/libc.src.unistd.linux.lseek.dir/lseek.cpp.o
[1249/1575] Building CXX object libc/src/unistd/linux/CMakeFiles/libc.src.unistd.linux.pipe.dir/pipe.cpp.o
[1250/1575] Building CXX object libc/src/unistd/linux/CMakeFiles/libc.src.unistd.linux.pathconf_utils.dir/pathconf_utils.cpp.o
[1251/1575] Building CXX object libc/src/unistd/linux/CMakeFiles/libc.src.unistd.linux.pathconf.dir/pathconf.cpp.o
[1252/1575] Building CXX object libc/src/unistd/linux/CMakeFiles/libc.src.unistd.linux.pread.dir/pread.cpp.o
[1253/1575] Building CXX object libc/src/unistd/linux/CMakeFiles/libc.src.unistd.linux.isatty.dir/isatty.cpp.o
[1254/1575] Building CXX object libc/src/unistd/linux/CMakeFiles/libc.src.unistd.linux.link.dir/link.cpp.o
[1255/1575] Building CXX object libc/src/unistd/linux/CMakeFiles/libc.src.unistd.linux.pipe2.dir/pipe2.cpp.o
[1256/1575] Building CXX object libc/src/unistd/linux/CMakeFiles/libc.src.unistd.linux.readlink.dir/readlink.cpp.o
[1257/1575] Building CXX object libc/src/unistd/linux/CMakeFiles/libc.src.unistd.linux.readlinkat.dir/readlinkat.cpp.o
[1258/1575] Building CXX object libc/src/unistd/linux/CMakeFiles/libc.src.unistd.linux.symlinkat.dir/symlinkat.cpp.o
[1259/1575] Building CXX object libc/src/unistd/linux/CMakeFiles/libc.src.unistd.linux.read.dir/read.cpp.o
[1260/1575] Building CXX object libc/src/unistd/linux/CMakeFiles/libc.src.unistd.linux.rmdir.dir/rmdir.cpp.o
[1261/1575] Building CXX object libc/src/unistd/linux/CMakeFiles/libc.src.unistd.linux.unlink.dir/unlink.cpp.o
[1262/1575] Building CXX object libc/src/unistd/linux/CMakeFiles/libc.src.unistd.linux.setsid.dir/setsid.cpp.o
[1263/1575] Building CXX object libc/src/unistd/linux/CMakeFiles/libc.src.unistd.linux.symlink.dir/symlink.cpp.o
[1264/1575] Building CXX object libc/src/unistd/linux/CMakeFiles/libc.src.unistd.linux.pwrite.dir/pwrite.cpp.o
[1265/1575] Building CXX object libc/src/unistd/linux/CMakeFiles/libc.src.unistd.linux.__llvm_libc_syscall.dir/syscall.cpp.o
[1266/1575] Building CXX object libc/src/unistd/linux/CMakeFiles/libc.src.unistd.linux.truncate.dir/truncate.cpp.o
[1267/1575] Building CXX object libc/src/wchar/CMakeFiles/libc.src.wchar.wcsnlen.dir/wcsnlen.cpp.o
[1268/1575] Building CXX object libc/src/wchar/CMakeFiles/libc.src.wchar.btowc.dir/btowc.cpp.o
[1269/1575] Building CXX object libc/src/unistd/linux/CMakeFiles/libc.src.unistd.linux.write.dir/write.cpp.o
[1270/1575] Building CXX object libc/src/wchar/CMakeFiles/libc.src.wchar.wctob.dir/wctob.cpp.o
[1271/1575] Building CXX object libc/src/unistd/linux/CMakeFiles/libc.src.unistd.linux.sysconf.dir/sysconf.cpp.o
[1272/1575] Building CXX object libc/src/unistd/linux/CMakeFiles/libc.src.unistd.linux.getentropy.dir/getentropy.cpp.o
[1273/1575] Building CXX object libc/src/unistd/linux/CMakeFiles/libc.src.unistd.linux.unlinkat.dir/unlinkat.cpp.o
[1274/1575] Building CXX object libc/src/wchar/CMakeFiles/libc.src.wchar.wcrtomb.dir/wcrtomb.cpp.o
[1275/1575] Building CXX object libc/src/unistd/linux/CMakeFiles/libc.src.unistd.linux.gethostname.dir/gethostname.cpp.o
[1276/1575] Building CXX object libc/src/wchar/CMakeFiles/libc.src.wchar.wcstok.dir/wcstok.cpp.o
[1277/1575] Building CXX object libc/src/wchar/CMakeFiles/libc.src.wchar.wcstol.dir/wcstol.cpp.o
[1278/1575] Building CXX object libc/src/wchar/CMakeFiles/libc.src.wchar.wcstoll.dir/wcstoll.cpp.o
[1279/1575] Building CXX object libc/src/wchar/CMakeFiles/libc.src.wchar.mbsinit.dir/mbsinit.cpp.o
[1280/1575] Building CXX object libc/src/wchar/CMakeFiles/libc.src.wchar.mbrtowc.dir/mbrtowc.cpp.o
[1281/1575] Building CXX object libc/src/wchar/CMakeFiles/libc.src.wchar.mbsrtowcs.dir/mbsrtowcs.cpp.o
[1282/1575] Building CXX object libc/src/wchar/CMakeFiles/libc.src.wchar.wcstoull.dir/wcstoull.cpp.o
[1283/1575] Building CXX object libc/src/wchar/CMakeFiles/libc.src.wchar.mbrlen.dir/mbrlen.cpp.o
[1284/1575] Building CXX object libc/src/wchar/CMakeFiles/libc.src.wchar.wcstoul.dir/wcstoul.cpp.o
[1285/1575] Building CXX object libc/src/wchar/CMakeFiles/libc.src.wchar.wcpncpy.dir/wcpncpy.cpp.o
[1286/1575] Building CXX object libc/src/wchar/CMakeFiles/libc.src.wchar.mblen.dir/mblen.cpp.o
[1287/1575] Building CXX object libc/src/wchar/CMakeFiles/libc.src.wchar.mbsnrtowcs.dir/mbsnrtowcs.cpp.o
[1288/1575] Building CXX object libc/src/wchar/CMakeFiles/libc.src.wchar.wmemset.dir/wmemset.cpp.o
[1289/1575] Building CXX object libc/src/wchar/CMakeFiles/libc.src.wchar.wcsrtombs.dir/wcsrtombs.cpp.o
[1290/1575] Building CXX object libc/src/time/CMakeFiles/libc.src.time.strftime.dir/strftime.cpp.o
[1291/1575] Building CXX object libc/src/wchar/CMakeFiles/libc.src.wchar.wcscmp.dir/wcscmp.cpp.o
[1292/1575] Building CXX object libc/src/unistd/linux/CMakeFiles/libc.src.unistd.linux.getcwd.dir/getcwd.cpp.o
[1293/1575] Building CXX object libc/src/wchar/CMakeFiles/libc.src.wchar.wcschr.dir/wcschr.cpp.o
[1294/1575] Building CXX object libc/src/wchar/CMakeFiles/libc.src.wchar.wcsnrtombs.dir/wcsnrtombs.cpp.o
[1295/1575] Building CXX object libc/src/wchar/CMakeFiles/libc.src.wchar.wcslen.dir/wcslen.cpp.o
[1296/1575] Building CXX object libc/src/wchar/CMakeFiles/libc.src.wchar.wcsrchr.dir/wcsrchr.cpp.o
[1297/1575] Building CXX object libc/src/wchar/CMakeFiles/libc.src.wchar.wcspbrk.dir/wcspbrk.cpp.o
[1298/1575] Building CXX object libc/src/wchar/CMakeFiles/libc.src.wchar.wcsspn.dir/wcsspn.cpp.o
[1299/1575] Building CXX object libc/src/wchar/CMakeFiles/libc.src.wchar.wcsncmp.dir/wcsncmp.cpp.o
[1300/1575] Building CXX object libc/src/wchar/CMakeFiles/libc.src.wchar.wcsncpy.dir/wcsncpy.cpp.o
[1301/1575] Building CXX object libc/src/wchar/CMakeFiles/libc.src.wchar.wmemcmp.dir/wmemcmp.cpp.o
[1302/1575] Building CXX object libc/src/wchar/CMakeFiles/libc.src.wchar.wmemmove.dir/wmemmove.cpp.o
[1303/1575] Building CXX object libc/src/wchar/CMakeFiles/libc.src.wchar.wcscspn.dir/wcscspn.cpp.o
[1304/1575] Building CXX object libc/src/wctype/CMakeFiles/libc.src.wctype.iswalpha.dir/iswalpha.cpp.o
[1305/1575] Building CXX object libc/src/wchar/CMakeFiles/libc.src.wchar.wmemchr.dir/wmemchr.cpp.o
[1306/1575] Building CXX object libc/src/wchar/CMakeFiles/libc.src.wchar.wcpcpy.dir/wcpcpy.cpp.o
[1307/1575] Building CXX object libc/src/wchar/CMakeFiles/libc.src.wchar.wcstof.dir/wcstof.cpp.o
[1308/1575] Building CXX object libc/src/wchar/CMakeFiles/libc.src.wchar.wcscat.dir/wcscat.cpp.o
[1309/1575] Building CXX object libc/src/time/CMakeFiles/libc.src.time.strftime_l.dir/strftime_l.cpp.o
[1310/1575] Building CXX object libc/src/dirent/CMakeFiles/libc.src.dirent.dirfd.dir/dirfd.cpp.o
[1311/1575] Building CXX object libc/src/dirent/CMakeFiles/libc.src.dirent.opendir.dir/opendir.cpp.o
[1312/1575] Building CXX object libc/src/fcntl/linux/CMakeFiles/libc.src.fcntl.linux.fcntl.dir/fcntl.cpp.o
[1313/1575] Building CXX object libc/src/wchar/CMakeFiles/libc.src.wchar.wcsdup.dir/wcsdup.cpp.o
[1314/1575] Building CXX object libc/src/wchar/CMakeFiles/libc.src.wchar.wcstod.dir/wcstod.cpp.o
[1315/1575] Building CXX object libc/src/dirent/CMakeFiles/libc.src.dirent.readdir.dir/readdir.cpp.o
[1316/1575] Building CXX object libc/src/fcntl/linux/CMakeFiles/libc.src.fcntl.linux.open.dir/open.cpp.o
[1317/1575] Building CXX object libc/src/fcntl/linux/CMakeFiles/libc.src.fcntl.linux.creat.dir/creat.cpp.o
[1318/1575] Building CXX object libc/src/pthread/CMakeFiles/libc.src.pthread.pthread_attr_destroy.dir/pthread_attr_destroy.cpp.o
[1319/1575] Building CXX object libc/src/dirent/CMakeFiles/libc.src.dirent.closedir.dir/closedir.cpp.o
[1320/1575] Building CXX object libc/src/wchar/CMakeFiles/libc.src.wchar.wcslcpy.dir/wcslcpy.cpp.o
[1321/1575] Building CXX object libc/src/poll/linux/CMakeFiles/libc.src.poll.linux.poll.dir/poll.cpp.o
[1322/1575] Building CXX object libc/src/pthread/CMakeFiles/libc.src.pthread.pthread_attr_getdetachstate.dir/pthread_attr_getdetachstate.cpp.o
[1323/1575] Building CXX object libc/src/pthread/CMakeFiles/libc.src.pthread.pthread_attr_getguardsize.dir/pthread_attr_getguardsize.cpp.o
[1324/1575] Building CXX object libc/src/pthread/CMakeFiles/libc.src.pthread.pthread_attr_setdetachstate.dir/pthread_attr_setdetachstate.cpp.o
[1325/1575] Building CXX object libc/src/fcntl/linux/CMakeFiles/libc.src.fcntl.linux.openat.dir/openat.cpp.o
[1326/1575] Building CXX object libc/src/wchar/CMakeFiles/libc.src.wchar.wcslcat.dir/wcslcat.cpp.o
[1327/1575] Building CXX object libc/src/wchar/CMakeFiles/libc.src.wchar.wmempcpy.dir/wmempcpy.cpp.o
[1328/1575] Building CXX object libc/src/wchar/CMakeFiles/libc.src.wchar.wcstold.dir/wcstold.cpp.o
[1329/1575] Building CXX object libc/src/pthread/CMakeFiles/libc.src.pthread.pthread_attr_setstacksize.dir/pthread_attr_setstacksize.cpp.o
[1330/1575] Building CXX object libc/src/wchar/CMakeFiles/libc.src.wchar.wcsstr.dir/wcsstr.cpp.o
[1331/1575] Building CXX object libc/src/pthread/CMakeFiles/libc.src.pthread.pthread_condattr_getpshared.dir/pthread_condattr_getpshared.cpp.o
[1332/1575] Building CXX object libc/src/pthread/CMakeFiles/libc.src.pthread.pthread_attr_getstacksize.dir/pthread_attr_getstacksize.cpp.o
[1333/1575] Building CXX object libc/src/pthread/CMakeFiles/libc.src.pthread.pthread_attr_init.dir/pthread_attr_init.cpp.o
[1334/1575] Building CXX object libc/src/pthread/CMakeFiles/libc.src.pthread.pthread_condattr_init.dir/pthread_condattr_init.cpp.o
[1335/1575] Building CXX object libc/src/pthread/CMakeFiles/libc.src.pthread.pthread_attr_getstack.dir/pthread_attr_getstack.cpp.o
[1336/1575] Building CXX object libc/src/pthread/CMakeFiles/libc.src.pthread.pthread_condattr_destroy.dir/pthread_condattr_destroy.cpp.o
[1337/1575] Building CXX object libc/src/pthread/CMakeFiles/libc.src.pthread.pthread_attr_setguardsize.dir/pthread_attr_setguardsize.cpp.o
[1338/1575] Building CXX object libc/src/pthread/CMakeFiles/libc.src.pthread.pthread_condattr_getclock.dir/pthread_condattr_getclock.cpp.o
[1339/1575] Building CXX object libc/src/pthread/CMakeFiles/libc.src.pthread.pthread_mutexattr_gettype.dir/pthread_mutexattr_gettype.cpp.o
[1340/1575] Building CXX object libc/src/wchar/CMakeFiles/libc.src.wchar.wcsncat.dir/wcsncat.cpp.o
[1341/1575] Building CXX object libc/src/pthread/CMakeFiles/libc.src.pthread.pthread_condattr_setpshared.dir/pthread_condattr_setpshared.cpp.o
[1342/1575] Building CXX object libc/src/pthread/CMakeFiles/libc.src.pthread.pthread_attr_setstack.dir/pthread_attr_setstack.cpp.o
[1343/1575] Building CXX object libc/src/pthread/CMakeFiles/libc.src.pthread.pthread_condattr_setclock.dir/pthread_condattr_setclock.cpp.o
[1344/1575] Building CXX object libc/src/pthread/CMakeFiles/libc.src.pthread.pthread_mutexattr_destroy.dir/pthread_mutexattr_destroy.cpp.o
[1345/1575] Building CXX object libc/src/pthread/CMakeFiles/libc.src.pthread.pthread_mutexattr_getrobust.dir/pthread_mutexattr_getrobust.cpp.o
[1346/1575] Building CXX object libc/src/pthread/CMakeFiles/libc.src.pthread.pthread_mutexattr_init.dir/pthread_mutexattr_init.cpp.o
[1347/1575] Building CXX object libc/src/pthread/CMakeFiles/libc.src.pthread.pthread_mutexattr_settype.dir/pthread_mutexattr_settype.cpp.o
[1348/1575] Building CXX object libc/src/pthread/CMakeFiles/libc.src.pthread.pthread_mutexattr_setrobust.dir/pthread_mutexattr_setrobust.cpp.o
[1349/1575] Building CXX object libc/src/pthread/CMakeFiles/libc.src.pthread.pthread_mutexattr_getpshared.dir/pthread_mutexattr_getpshared.cpp.o
[1350/1575] Building CXX object libc/src/pthread/CMakeFiles/libc.src.pthread.pthread_mutexattr_setpshared.dir/pthread_mutexattr_setpshared.cpp.o
[1351/1575] Building CXX object libc/src/wchar/CMakeFiles/libc.src.wchar.wmemcpy.dir/wmemcpy.cpp.o
[1352/1575] Building CXX object libc/src/pthread/CMakeFiles/libc.src.pthread.pthread_barrier_destroy.dir/pthread_barrier_destroy.cpp.o
[1353/1575] Building CXX object libc/src/wchar/CMakeFiles/libc.src.wchar.wcscpy.dir/wcscpy.cpp.o
[1354/1575] Building CXX object libc/src/pthread/CMakeFiles/libc.src.pthread.pthread_mutex_destroy.dir/pthread_mutex_destroy.cpp.o
[1355/1575] Building CXX object libc/src/pthread/CMakeFiles/libc.src.pthread.pthread_barrier_wait.dir/pthread_barrier_wait.cpp.o
[1356/1575] Building CXX object libc/src/pthread/CMakeFiles/libc.src.pthread.pthread_exit.dir/pthread_exit.cpp.o
[1357/1575] Building CXX object libc/src/pthread/CMakeFiles/libc.src.pthread.pthread_detach.dir/pthread_detach.cpp.o
[1358/1575] Building CXX object libc/src/pthread/CMakeFiles/libc.src.pthread.pthread_mutex_init.dir/pthread_mutex_init.cpp.o
[1359/1575] Building CXX object libc/src/pthread/CMakeFiles/libc.src.pthread.pthread_mutex_unlock.dir/pthread_mutex_unlock.cpp.o
[1360/1575] Building CXX object libc/src/pthread/CMakeFiles/libc.src.pthread.pthread_equal.dir/pthread_equal.cpp.o
[1361/1575] Building CXX object libc/src/pthread/CMakeFiles/libc.src.pthread.pthread_join.dir/pthread_join.cpp.o
[1362/1575] Building CXX object libc/src/pthread/CMakeFiles/libc.src.pthread.pthread_rwlockattr_getkind_np.dir/pthread_rwlockattr_getkind_np.cpp.o
[1363/1575] Building CXX object libc/src/pthread/CMakeFiles/libc.src.pthread.pthread_self.dir/pthread_self.cpp.o
[1364/1575] Building CXX object libc/src/pthread/CMakeFiles/libc.src.pthread.pthread_rwlockattr_destroy.dir/pthread_rwlockattr_destroy.cpp.o
[1365/1575] Building CXX object libc/src/pthread/CMakeFiles/libc.src.pthread.pthread_barrier_init.dir/pthread_barrier_init.cpp.o
[1366/1575] Building CXX object libc/src/pthread/CMakeFiles/libc.src.pthread.pthread_getspecific.dir/pthread_getspecific.cpp.o
[1367/1575] Building CXX object libc/src/pthread/CMakeFiles/libc.src.pthread.pthread_create.dir/pthread_create.cpp.o
[1368/1575] Building CXX object libc/src/pthread/CMakeFiles/libc.src.pthread.pthread_setname_np.dir/pthread_setname_np.cpp.o
[1369/1575] Building CXX object libc/src/pthread/CMakeFiles/libc.src.pthread.pthread_setspecific.dir/pthread_setspecific.cpp.o
[1370/1575] Building CXX object libc/src/pthread/CMakeFiles/libc.src.pthread.pthread_rwlockattr_getpshared.dir/pthread_rwlockattr_getpshared.cpp.o
[1371/1575] Building CXX object libc/src/pthread/CMakeFiles/libc.src.pthread.pthread_rwlockattr_setpshared.dir/pthread_rwlockattr_setpshared.cpp.o
[1372/1575] Building CXX object libc/src/pthread/CMakeFiles/libc.src.pthread.pthread_rwlockattr_init.dir/pthread_rwlockattr_init.cpp.o
[1373/1575] Building CXX object libc/src/pthread/CMakeFiles/libc.src.pthread.pthread_rwlockattr_setkind_np.dir/pthread_rwlockattr_setkind_np.cpp.o
[1374/1575] Building CXX object libc/src/pthread/CMakeFiles/libc.src.pthread.pthread_mutex_lock.dir/pthread_mutex_lock.cpp.o
[1375/1575] Building CXX object libc/src/pthread/CMakeFiles/libc.src.pthread.pthread_key_create.dir/pthread_key_create.cpp.o
[1376/1575] Building CXX object libc/src/pthread/CMakeFiles/libc.src.pthread.pthread_getname_np.dir/pthread_getname_np.cpp.o
[1377/1575] Building CXX object libc/src/pthread/CMakeFiles/libc.src.pthread.pthread_key_delete.dir/pthread_key_delete.cpp.o
[1378/1575] Building CXX object libc/src/pthread/CMakeFiles/libc.src.pthread.pthread_rwlock_init.dir/pthread_rwlock_init.cpp.o
[1379/1575] Building CXX object libc/src/pthread/CMakeFiles/libc.src.pthread.pthread_rwlock_tryrdlock.dir/pthread_rwlock_tryrdlock.cpp.o
[1380/1575] Building CXX object libc/src/pthread/CMakeFiles/libc.src.pthread.pthread_spin_init.dir/pthread_spin_init.cpp.o
[1381/1575] Building CXX object libc/src/pthread/CMakeFiles/libc.src.pthread.pthread_spin_trylock.dir/pthread_spin_trylock.cpp.o
[1382/1575] Building CXX object libc/src/pthread/CMakeFiles/libc.src.pthread.pthread_rwlock_trywrlock.dir/pthread_rwlock_trywrlock.cpp.o
[1383/1575] Building CXX object libc/src/pthread/CMakeFiles/libc.src.pthread.pthread_atfork.dir/pthread_atfork.cpp.o
[1384/1575] Building CXX object libc/src/pthread/CMakeFiles/libc.src.pthread.pthread_rwlock_clockrdlock.dir/pthread_rwlock_clockrdlock.cpp.o
[1385/1575] Building CXX object libc/src/pthread/CMakeFiles/libc.src.pthread.pthread_spin_destroy.dir/pthread_spin_destroy.cpp.o
[1386/1575] Building CXX object libc/src/pthread/CMakeFiles/libc.src.pthread.pthread_spin_unlock.dir/pthread_spin_unlock.cpp.o
[1387/1575] Building CXX object libc/src/pthread/CMakeFiles/libc.src.pthread.pthread_spin_lock.dir/pthread_spin_lock.cpp.o
[1388/1575] Building CXX object libc/src/pthread/CMakeFiles/libc.src.pthread.pthread_once.dir/pthread_once.cpp.o
[1389/1575] Building CXX object libc/src/pthread/CMakeFiles/libc.src.pthread.pthread_rwlock_rdlock.dir/pthread_rwlock_rdlock.cpp.o
[1390/1575] Building CXX object libc/src/pthread/CMakeFiles/libc.src.pthread.pthread_rwlock_timedwrlock.dir/pthread_rwlock_timedwrlock.cpp.o
[1391/1575] Building CXX object libc/src/pthread/CMakeFiles/libc.src.pthread.pthread_rwlock_clockwrlock.dir/pthread_rwlock_clockwrlock.cpp.o
[1392/1575] Building CXX object libc/src/pthread/CMakeFiles/libc.src.pthread.pthread_rwlock_timedrdlock.dir/pthread_rwlock_timedrdlock.cpp.o
[1393/1575] Building CXX object libc/src/pthread/CMakeFiles/libc.src.pthread.pthread_rwlock_unlock.dir/pthread_rwlock_unlock.cpp.o
[1394/1575] Building CXX object libc/src/sched/linux/CMakeFiles/libc.src.sched.linux.sched_setaffinity.dir/sched_setaffinity.cpp.o
[1395/1575] Building CXX object libc/src/pthread/CMakeFiles/libc.src.pthread.pthread_rwlock_destroy.dir/pthread_rwlock_destroy.cpp.o
[1396/1575] Building CXX object libc/src/sched/linux/CMakeFiles/libc.src.sched.linux.getcpu.dir/getcpu.cpp.o
[1397/1575] Building CXX object libc/src/sched/linux/CMakeFiles/libc.src.sched.linux.sched_getaffinity.dir/sched_getaffinity.cpp.o
[1398/1575] Building CXX object libc/src/sched/linux/CMakeFiles/libc.src.sched.linux.sched_setparam.dir/sched_setparam.cpp.o
[1399/1575] Building CXX object libc/src/sched/linux/CMakeFiles/libc.src.sched.linux.sched_getscheduler.dir/sched_getscheduler.cpp.o
[1400/1575] Building CXX object libc/src/sched/linux/CMakeFiles/libc.src.sched.linux.sched_get_priority_max.dir/sched_get_priority_max.cpp.o
[1401/1575] Building CXX object libc/src/sched/linux/CMakeFiles/libc.src.sched.linux.sched_get_priority_min.dir/sched_get_priority_min.cpp.o
[1402/1575] Building CXX object libc/src/sched/linux/CMakeFiles/libc.src.sched.linux.__sched_getcpucount.dir/sched_getcpucount.cpp.o
[1403/1575] Building CXX object libc/src/sched/linux/CMakeFiles/libc.src.sched.linux.__sched_setcpuzero.dir/sched_setcpuzero.cpp.o
[1404/1575] Building CXX object libc/src/sched/linux/CMakeFiles/libc.src.sched.linux.sched_getparam.dir/sched_getparam.cpp.o
[1405/1575] Building CXX object libc/src/sched/linux/CMakeFiles/libc.src.sched.linux.sched_setscheduler.dir/sched_setscheduler.cpp.o
[1406/1575] Building CXX object libc/src/sched/linux/CMakeFiles/libc.src.sched.linux.sched_rr_get_interval.dir/sched_rr_get_interval.cpp.o
[1407/1575] Building CXX object libc/src/sys/epoll/linux/CMakeFiles/libc.src.sys.epoll.linux.epoll_create1.dir/epoll_create1.cpp.o
[1408/1575] Building CXX object libc/src/sched/linux/CMakeFiles/libc.src.sched.linux.__sched_setcpuset.dir/sched_setcpuset.cpp.o
[1409/1575] Building CXX object libc/src/sched/linux/CMakeFiles/libc.src.sched.linux.__sched_getcpuisset.dir/sched_getcpuisset.cpp.o
[1410/1575] Building CXX object libc/src/sched/linux/CMakeFiles/libc.src.sched.linux.sched_yield.dir/sched_yield.cpp.o
[1411/1575] Building CXX object libc/src/sys/epoll/linux/CMakeFiles/libc.src.sys.epoll.linux.epoll_create.dir/epoll_create.cpp.o
[1412/1575] Building CXX object libc/src/pthread/CMakeFiles/libc.src.pthread.pthread_rwlock_wrlock.dir/pthread_rwlock_wrlock.cpp.o
[1413/1575] Building CXX object libc/src/sys/mman/linux/CMakeFiles/libc.src.sys.mman.linux.mmap.dir/mmap.cpp.o
[1414/1575] Building CXX object libc/src/sys/mman/linux/CMakeFiles/libc.src.sys.mman.linux.munmap.dir/munmap.cpp.o
[1415/1575] Building CXX object libc/src/sys/epoll/linux/CMakeFiles/libc.src.sys.epoll.linux.epoll_ctl.dir/epoll_ctl.cpp.o
[1416/1575] Building CXX object libc/src/sys/epoll/linux/CMakeFiles/libc.src.sys.epoll.linux.epoll_pwait.dir/epoll_pwait.cpp.o
[1417/1575] Building CXX object libc/src/sys/mman/linux/CMakeFiles/libc.src.sys.mman.linux.mincore.dir/mincore.cpp.o
[1418/1575] Building CXX object libc/src/sys/mman/linux/CMakeFiles/libc.src.sys.mman.linux.madvise.dir/madvise.cpp.o
[1419/1575] Building CXX object libc/src/sys/mman/linux/CMakeFiles/libc.src.sys.mman.linux.mlock.dir/mlock.cpp.o
[1420/1575] Building CXX object libc/src/sys/mman/linux/CMakeFiles/libc.src.sys.mman.linux.mremap.dir/mremap.cpp.o
[1421/1575] Building CXX object libc/src/sys/auxv/linux/CMakeFiles/libc.src.sys.auxv.linux.getauxval.dir/getauxval.cpp.o
[1422/1575] Building CXX object libc/src/sys/mman/linux/CMakeFiles/libc.src.sys.mman.linux.munlock.dir/munlock.cpp.o
[1423/1575] Building CXX object libc/src/sys/epoll/linux/CMakeFiles/libc.src.sys.epoll.linux.epoll_wait.dir/epoll_wait.cpp.o
[1424/1575] Building CXX object libc/src/sys/mman/linux/CMakeFiles/libc.src.sys.mman.linux.posix_madvise.dir/posix_madvise.cpp.o
[1425/1575] Building CXX object libc/src/sys/mman/linux/CMakeFiles/libc.src.sys.mman.linux.mprotect.dir/mprotect.cpp.o
[1426/1575] Building CXX object libc/src/sys/mman/linux/CMakeFiles/libc.src.sys.mman.linux.mlockall.dir/mlockall.cpp.o
[1427/1575] Building CXX object libc/src/sys/mman/linux/CMakeFiles/libc.src.sys.mman.linux.msync.dir/msync.cpp.o
[1428/1575] Building CXX object libc/src/sys/mman/linux/CMakeFiles/libc.src.sys.mman.linux.pkey_alloc.dir/pkey_alloc.cpp.o
[1429/1575] Building CXX object libc/src/sys/mman/linux/CMakeFiles/libc.src.sys.mman.linux.mlock2.dir/mlock2.cpp.o
[1430/1575] Building CXX object libc/src/sys/mman/linux/CMakeFiles/libc.src.sys.mman.linux.munlockall.dir/munlockall.cpp.o
[1431/1575] Building CXX object libc/src/sys/mman/linux/CMakeFiles/libc.src.sys.mman.linux.pkey_mprotect.dir/pkey_mprotect.cpp.o
[1432/1575] Building CXX object libc/src/sys/mman/linux/CMakeFiles/libc.src.sys.mman.linux.pkey_free.dir/pkey_free.cpp.o
[1433/1575] Building CXX object libc/src/sys/mman/linux/CMakeFiles/libc.src.sys.mman.linux.remap_file_pages.dir/remap_file_pages.cpp.o
[1434/1575] Building CXX object libc/src/sys/resource/linux/CMakeFiles/libc.src.sys.resource.linux.getrlimit.dir/getrlimit.cpp.o
[1435/1575] Building CXX object libc/src/sys/socket/linux/CMakeFiles/libc.src.sys.socket.linux.sendmsg.dir/sendmsg.cpp.o
[1436/1575] Building CXX object libc/src/sys/socket/linux/CMakeFiles/libc.src.sys.socket.linux.bind.dir/bind.cpp.o
[1437/1575] Building CXX object libc/src/sys/socket/linux/CMakeFiles/libc.src.sys.socket.linux.socketpair.dir/socketpair.cpp.o
[1438/1575] Building CXX object libc/src/sys/random/linux/CMakeFiles/libc.src.sys.random.linux.getrandom.dir/getrandom.cpp.o
[1439/1575] Building CXX object libc/src/sys/socket/linux/CMakeFiles/libc.src.sys.socket.linux.recv.dir/recv.cpp.o
[1440/1575] Building CXX object libc/src/sys/resource/linux/CMakeFiles/libc.src.sys.resource.linux.setrlimit.dir/setrlimit.cpp.o
[1441/1575] Building CXX object libc/src/sys/socket/linux/CMakeFiles/libc.src.sys.socket.linux.socket.dir/socket.cpp.o
[1442/1575] Building CXX object libc/src/sys/socket/linux/CMakeFiles/libc.src.sys.socket.linux.send.dir/send.cpp.o
[1443/1575] Building CXX object libc/src/sys/socket/linux/CMakeFiles/libc.src.sys.socket.linux.sendto.dir/sendto.cpp.o
[1444/1575] Building CXX object libc/src/sys/select/linux/CMakeFiles/libc.src.sys.select.linux.select.dir/select.cpp.o
[1445/1575] Building CXX object libc/src/sys/socket/linux/CMakeFiles/libc.src.sys.socket.linux.recvfrom.dir/recvfrom.cpp.o
[1446/1575] Building CXX object libc/src/sys/stat/linux/CMakeFiles/libc.src.sys.stat.linux.chmod.dir/chmod.cpp.o
[1447/1575] Building CXX object libc/src/sys/socket/linux/CMakeFiles/libc.src.sys.socket.linux.recvmsg.dir/recvmsg.cpp.o
[1448/1575] Building CXX object libc/src/sys/sendfile/linux/CMakeFiles/libc.src.sys.sendfile.linux.sendfile.dir/sendfile.cpp.o
[1449/1575] Building CXX object libc/src/sys/stat/linux/CMakeFiles/libc.src.sys.stat.linux.fchmod.dir/fchmod.cpp.o
[1450/1575] Building CXX object libc/src/sys/stat/linux/CMakeFiles/libc.src.sys.stat.linux.lstat.dir/lstat.cpp.o
[1451/1575] Building CXX object libc/src/sys/stat/linux/CMakeFiles/libc.src.sys.stat.linux.mkdir.dir/mkdir.cpp.o
[1452/1575] Building CXX object libc/src/sys/stat/linux/CMakeFiles/libc.src.sys.stat.linux.fchmodat.dir/fchmodat.cpp.o
[1453/1575] Building CXX object libc/src/sys/stat/linux/CMakeFiles/libc.src.sys.stat.linux.stat.dir/stat.cpp.o
[1454/1575] Building CXX object libc/src/sys/stat/linux/CMakeFiles/libc.src.sys.stat.linux.mkdirat.dir/mkdirat.cpp.o
[1455/1575] Building CXX object libc/src/sys/time/linux/CMakeFiles/libc.src.sys.time.linux.utimes.dir/utimes.cpp.o
[1456/1575] Building CXX object libc/src/sys/time/linux/CMakeFiles/libc.src.sys.time.linux.getitimer.dir/getitimer.cpp.o
[1457/1575] Building CXX object libc/src/sys/stat/linux/CMakeFiles/libc.src.sys.stat.linux.fstat.dir/fstat.cpp.o
[1458/1575] Building CXX object libc/src/sys/utsname/linux/CMakeFiles/libc.src.sys.utsname.linux.uname.dir/uname.cpp.o
[1459/1575] Building CXX object libc/src/sys/time/linux/CMakeFiles/libc.src.sys.time.linux.setitimer.dir/setitimer.cpp.o
[1460/1575] Building CXX object libc/src/sys/statvfs/linux/CMakeFiles/libc.src.sys.statvfs.linux.fstatvfs.dir/fstatvfs.cpp.o
[1461/1575] Building CXX object libc/src/sys/prctl/linux/CMakeFiles/libc.src.sys.prctl.linux.prctl.dir/prctl.cpp.o
[1462/1575] Building CXX object libc/src/termios/linux/CMakeFiles/libc.src.termios.linux.cfsetispeed.dir/cfsetispeed.cpp.o
[1463/1575] Building CXX object libc/src/sys/mman/linux/CMakeFiles/libc.src.sys.mman.linux.pkey_get.dir/pkey_get.cpp.o
[1464/1575] Building CXX object libc/src/termios/linux/CMakeFiles/libc.src.termios.linux.cfgetispeed.dir/cfgetispeed.cpp.o
[1465/1575] Building CXX object libc/src/sys/uio/linux/CMakeFiles/libc.src.sys.uio.linux.writev.dir/writev.cpp.o
[1466/1575] Building CXX object libc/src/sys/ioctl/linux/CMakeFiles/libc.src.sys.ioctl.linux.ioctl.dir/ioctl.cpp.o
[1467/1575] Building CXX object libc/src/sys/statvfs/linux/CMakeFiles/libc.src.sys.statvfs.linux.statvfs.dir/statvfs.cpp.o
[1468/1575] Building CXX object libc/src/sys/uio/linux/CMakeFiles/libc.src.sys.uio.linux.readv.dir/readv.cpp.o
[1469/1575] Building CXX object libc/src/termios/linux/CMakeFiles/libc.src.termios.linux.cfgetospeed.dir/cfgetospeed.cpp.o
[1470/1575] Building CXX object libc/src/sys/mman/linux/CMakeFiles/libc.src.sys.mman.linux.pkey_set.dir/pkey_set.cpp.o
[1471/1575] Building CXX object libc/src/sys/wait/linux/CMakeFiles/libc.src.sys.wait.linux.wait4.dir/wait4.cpp.o
[1472/1575] Building CXX object libc/src/termios/linux/CMakeFiles/libc.src.termios.linux.cfsetospeed.dir/cfsetospeed.cpp.o
[1473/1575] Building CXX object libc/src/termios/linux/CMakeFiles/libc.src.termios.linux.tcdrain.dir/tcdrain.cpp.o
[1474/1575] Building CXX object libc/src/sys/wait/linux/CMakeFiles/libc.src.sys.wait.linux.waitpid.dir/waitpid.cpp.o
[1475/1575] Building CXX object libc/src/termios/linux/CMakeFiles/libc.src.termios.linux.tcflush.dir/tcflush.cpp.o
[1476/1575] Building CXX object libc/src/sys/wait/linux/CMakeFiles/libc.src.sys.wait.linux.wait.dir/wait.cpp.o
[1477/1575] Building CXX object libc/src/arpa/inet/CMakeFiles/libc.src.arpa.inet.htonl.dir/htonl.cpp.o
[1478/1575] Building CXX object libc/src/termios/linux/CMakeFiles/libc.src.termios.linux.tcgetsid.dir/tcgetsid.cpp.o
[1479/1575] Building CXX object libc/src/termios/linux/CMakeFiles/libc.src.termios.linux.tcsendbreak.dir/tcsendbreak.cpp.o
[1480/1575] Building CXX object libc/src/sys/mman/linux/CMakeFiles/libc.src.sys.mman.linux.shm_unlink.dir/shm_unlink.cpp.o
[1481/1575] Building CXX object libc/src/arpa/inet/CMakeFiles/libc.src.arpa.inet.ntohs.dir/ntohs.cpp.o
[1482/1575] Building CXX object libc/src/termios/linux/CMakeFiles/libc.src.termios.linux.tcflow.dir/tcflow.cpp.o
[1483/1575] Building CXX object libc/src/arpa/inet/CMakeFiles/libc.src.arpa.inet.ntohl.dir/ntohl.cpp.o
[1484/1575] Building CXX object libc/src/arpa/inet/CMakeFiles/libc.src.arpa.inet.htons.dir/htons.cpp.o
[1485/1575] Building CXX object libc/src/arpa/inet/CMakeFiles/libc.src.arpa.inet.inet_addr.dir/inet_addr.cpp.o
[1486/1575] Building CXX object libc/src/locale/CMakeFiles/libc.src.locale.locale.dir/locale.cpp.o
[1487/1575] Building CXX object libc/src/compiler/generic/CMakeFiles/libc.src.compiler.generic.__stack_chk_fail.dir/__stack_chk_fail.cpp.o
[1488/1575] Building CXX object libc/src/termios/linux/CMakeFiles/libc.src.termios.linux.tcgetattr.dir/tcgetattr.cpp.o
[1489/1575] Building CXX object libc/src/termios/linux/CMakeFiles/libc.src.termios.linux.tcsetattr.dir/tcsetattr.cpp.o
[1490/1575] Building CXX object libc/src/locale/CMakeFiles/libc.src.locale.duplocale.dir/duplocale.cpp.o
[1491/1575] Building CXX object libc/src/locale/CMakeFiles/libc.src.locale.localeconv.dir/localeconv.cpp.o
[1492/1575] Building CXX object libc/src/locale/CMakeFiles/libc.src.locale.freelocale.dir/freelocale.cpp.o
[1493/1575] Building CXX object libc/src/locale/CMakeFiles/libc.src.locale.uselocale.dir/uselocale.cpp.o
[1494/1575] Building CXX object libc/src/nl_types/CMakeFiles/libc.src.nl_types.catopen.dir/catopen.cpp.o
[1495/1575] Building CXX object libc/src/locale/CMakeFiles/libc.src.locale.setlocale.dir/setlocale.cpp.o
[1496/1575] Building CXX object libc/src/nl_types/CMakeFiles/libc.src.nl_types.catgets.dir/catgets.cpp.o
[1497/1575] Building CXX object libc/src/arpa/inet/CMakeFiles/libc.src.arpa.inet.inet_aton.dir/inet_aton.cpp.o
[1498/1575] Building CXX object libc/src/locale/CMakeFiles/libc.src.locale.newlocale.dir/newlocale.cpp.o
[1499/1575] Building CXX object libc/src/nl_types/CMakeFiles/libc.src.nl_types.catclose.dir/catclose.cpp.o
[1500/1575] Building CXX object libc/src/search/hsearch/CMakeFiles/libc.src.search.hsearch.global.dir/global.cpp.o
[1501/1575] Building CXX object libc/src/search/CMakeFiles/libc.src.search.remque.dir/remque.cpp.o
[1502/1575] Building CXX object libc/src/sys/mman/linux/CMakeFiles/libc.src.sys.mman.linux.shm_open.dir/shm_open.cpp.o
[1503/1575] Building CXX object libc/src/assert/generic/CMakeFiles/libc.src.assert.generic.__assert_fail.dir/__assert_fail.cpp.o
[1504/1575] Building CXX object libc/src/setjmp/x86_64/CMakeFiles/libc.src.setjmp.x86_64.setjmp.dir/setjmp.cpp.o
[1505/1575] Building CXX object libc/src/search/CMakeFiles/libc.src.search.insque.dir/insque.cpp.o
[1506/1575] Building CXX object libc/src/setjmp/CMakeFiles/libc.src.setjmp.siglongjmp.dir/siglongjmp.cpp.o
[1507/1575] Building CXX object libc/src/setjmp/x86_64/CMakeFiles/libc.src.setjmp.x86_64.longjmp.dir/longjmp.cpp.o
[1508/1575] Building CXX object libc/src/setjmp/x86_64/CMakeFiles/libc.src.setjmp.x86_64.sigsetjmp.dir/sigsetjmp.cpp.o
[1509/1575] Building CXX object libc/src/search/CMakeFiles/libc.src.search.lfind.dir/lfind.cpp.o
[1510/1575] Building CXX object libc/src/setjmp/linux/CMakeFiles/libc.src.setjmp.linux.sigsetjmp_epilogue.dir/sigsetjmp_epilogue.cpp.o
[1511/1575] Building CXX object libc/src/signal/linux/CMakeFiles/libc.src.signal.linux.raise.dir/raise.cpp.o
[1512/1575] Building CXX object libc/src/signal/linux/CMakeFiles/libc.src.signal.linux.sigprocmask.dir/sigprocmask.cpp.o
[1513/1575] Building CXX object libc/src/signal/linux/CMakeFiles/libc.src.signal.linux.__restore.dir/__restore.cpp.o
[1514/1575] Building CXX object libc/src/signal/linux/CMakeFiles/libc.src.signal.linux.sigaltstack.dir/sigaltstack.cpp.o
[1515/1575] Building CXX object libc/src/signal/linux/CMakeFiles/libc.src.signal.linux.signal.dir/signal.cpp.o
[1516/1575] Building CXX object libc/src/signal/linux/CMakeFiles/libc.src.signal.linux.kill.dir/kill.cpp.o
[1517/1575] Building CXX object libc/src/signal/linux/CMakeFiles/libc.src.signal.linux.sigemptyset.dir/sigemptyset.cpp.o
[1518/1575] Building CXX object libc/src/signal/linux/CMakeFiles/libc.src.signal.linux.sigfillset.dir/sigfillset.cpp.o
[1519/1575] Building CXX object libc/src/spawn/CMakeFiles/libc.src.spawn.posix_spawn_file_actions_init.dir/posix_spawn_file_actions_init.cpp.o
[1520/1575] Building CXX object libc/src/spawn/CMakeFiles/libc.src.spawn.posix_spawn_file_actions_addopen.dir/posix_spawn_file_actions_addopen.cpp.o
[1521/1575] Building CXX object libc/src/signal/linux/CMakeFiles/libc.src.signal.linux.sigaction.dir/sigaction.cpp.o
[1522/1575] Building CXX object libc/src/spawn/CMakeFiles/libc.src.spawn.posix_spawn_file_actions_destroy.dir/posix_spawn_file_actions_destroy.cpp.o
[1523/1575] Building CXX object libc/src/signal/linux/CMakeFiles/libc.src.signal.linux.sigaddset.dir/sigaddset.cpp.o
[1524/1575] Building CXX object libc/src/spawn/CMakeFiles/libc.src.spawn.posix_spawn_file_actions_adddup2.dir/posix_spawn_file_actions_adddup2.cpp.o
[1525/1575] Building CXX object libc/src/signal/linux/CMakeFiles/libc.src.signal.linux.sigdelset.dir/sigdelset.cpp.o
[1526/1575] Building CXX object libc/src/spawn/CMakeFiles/libc.src.spawn.posix_spawn_file_actions_addclose.dir/posix_spawn_file_actions_addclose.cpp.o
[1527/1575] Building CXX object libc/src/spawn/linux/CMakeFiles/libc.src.spawn.linux.posix_spawn.dir/posix_spawn.cpp.o
[1528/1575] Building CXX object libc/src/threads/CMakeFiles/libc.src.threads.call_once.dir/call_once.cpp.o
[1529/1575] Building CXX object libc/src/threads/CMakeFiles/libc.src.threads.thrd_create.dir/thrd_create.cpp.o
[1530/1575] Building CXX object libc/src/threads/CMakeFiles/libc.src.threads.thrd_exit.dir/thrd_exit.cpp.o
[1531/1575] Building CXX object libc/src/threads/CMakeFiles/libc.src.threads.thrd_equal.dir/thrd_equal.cpp.o
[1532/1575] Building CXX object libc/src/threads/CMakeFiles/libc.src.threads.mtx_init.dir/mtx_init.cpp.o
[1533/1575] Building CXX object libc/src/search/CMakeFiles/libc.src.search.hsearch.dir/hsearch.cpp.o
[1534/1575] Building CXX object libc/src/search/CMakeFiles/libc.src.search.hsearch_r.dir/hsearch_r.cpp.o
[1535/1575] Building CXX object libc/src/threads/CMakeFiles/libc.src.threads.thrd_current.dir/thrd_current.cpp.o
[1536/1575] Building CXX object libc/src/threads/CMakeFiles/libc.src.threads.tss_delete.dir/tss_delete.cpp.o
[1537/1575] Building CXX object libc/src/search/CMakeFiles/libc.src.search.hdestroy_r.dir/hdestroy_r.cpp.o
[1538/1575] Building CXX object libc/src/search/CMakeFiles/libc.src.search.lsearch.dir/lsearch.cpp.o
[1539/1575] Building CXX object libc/src/threads/CMakeFiles/libc.src.threads.thrd_join.dir/thrd_join.cpp.o
[1540/1575] Building CXX object libc/src/threads/CMakeFiles/libc.src.threads.thrd_detach.dir/thrd_detach.cpp.o
[1541/1575] Building CXX object libc/src/threads/CMakeFiles/libc.src.threads.mtx_destroy.dir/mtx_destroy.cpp.o
[1542/1575] Building CXX object libc/src/threads/CMakeFiles/libc.src.threads.tss_get.dir/tss_get.cpp.o
[1543/1575] Building CXX object libc/src/search/CMakeFiles/libc.src.search.hcreate_r.dir/hcreate_r.cpp.o
[1544/1575] Building CXX object libc/startup/linux/CMakeFiles/libc.startup.linux.crti.dir/crti.cpp.o
[1545/1575] Building CXX object libc/src/threads/CMakeFiles/libc.src.threads.mtx_unlock.dir/mtx_unlock.cpp.o
[1546/1575] Linking CXX executable libc/startup/linux/crt1.o
[1547/1575] Building CXX object libc/src/threads/CMakeFiles/libc.src.threads.mtx_lock.dir/mtx_lock.cpp.o
[1548/1575] Building CXX object libc/src/threads/CMakeFiles/libc.src.threads.tss_create.dir/tss_create.cpp.o
[1549/1575] Building CXX object libc/startup/linux/CMakeFiles/libc.startup.linux.crtn.dir/crtn.cpp.o
[1550/1575] Building CXX object compiler-rt/lib/scudo/standalone/CMakeFiles/RTScudoStandalone.x86_64.dir/checksum.cpp.o
[1551/1575] Building CXX object libc/src/search/CMakeFiles/libc.src.search.hdestroy.dir/hdestroy.cpp.o
[1552/1575] Building CXX object compiler-rt/lib/scudo/standalone/CMakeFiles/RTScudoStandalone.x86_64.dir/common.cpp.o
[1553/1575] Building CXX object libc/src/threads/CMakeFiles/libc.src.threads.tss_set.dir/tss_set.cpp.o
[1554/1575] Building CXX object compiler-rt/lib/scudo/standalone/CMakeFiles/RTScudoStandalone.x86_64.dir/fuchsia.cpp.o
[1555/1575] Building CXX object compiler-rt/lib/scudo/standalone/CMakeFiles/RTScudoStandalone.x86_64.dir/crc32_hw.cpp.o
[1556/1575] Building CXX object libc/src/search/CMakeFiles/libc.src.search.hcreate.dir/hcreate.cpp.o
[1557/1575] Building CXX object libc/src/threads/linux/CMakeFiles/libc.src.threads.linux.cnd_wait.dir/cnd_wait.cpp.o
[1558/1575] Building CXX object libc/src/threads/linux/CMakeFiles/libc.src.threads.linux.cnd_broadcast.dir/cnd_broadcast.cpp.o
[1559/1575] Building CXX object compiler-rt/lib/scudo/standalone/CMakeFiles/RTScudoStandalone.x86_64.dir/flags.cpp.o
[1560/1575] Building CXX object libc/src/threads/linux/CMakeFiles/libc.src.threads.linux.cnd_init.dir/cnd_init.cpp.o
[1561/1575] Building CXX object libc/src/threads/linux/CMakeFiles/libc.src.threads.linux.cnd_destroy.dir/cnd_destroy.cpp.o
[1562/1575] Building CXX object compiler-rt/lib/scudo/standalone/CMakeFiles/RTScudoStandalone.x86_64.dir/mem_map_fuchsia.cpp.o
[1563/1575] Building CXX object compiler-rt/lib/scudo/standalone/CMakeFiles/RTScudoStandalone.x86_64.dir/release.cpp.o
[1564/1575] Building CXX object compiler-rt/lib/scudo/standalone/CMakeFiles/RTScudoStandalone.x86_64.dir/condition_variable_linux.cpp.o
[1565/1575] Building CXX object compiler-rt/lib/scudo/standalone/CMakeFiles/RTScudoStandalone.x86_64.dir/mem_map.cpp.o
[1566/1575] Building CXX object libc/src/threads/linux/CMakeFiles/libc.src.threads.linux.cnd_signal.dir/cnd_signal.cpp.o
[1567/1575] Linking CXX static library libc/lib/libm.a
[1568/1575] Building CXX object compiler-rt/lib/scudo/standalone/CMakeFiles/RTScudoStandalone.x86_64.dir/flags_parser.cpp.o
[1569/1575] Building CXX object compiler-rt/lib/scudo/standalone/CMakeFiles/RTScudoStandalone.x86_64.dir/mem_map_linux.cpp.o
[1570/1575] Building CXX object compiler-rt/lib/scudo/standalone/CMakeFiles/RTScudoStandalone.x86_64.dir/report.cpp.o
[1571/1575] Building CXX object compiler-rt/lib/scudo/standalone/CMakeFiles/RTScudoStandalone.x86_64.dir/report_linux.cpp.o
[1572/1575] Building CXX object compiler-rt/lib/scudo/standalone/CMakeFiles/RTScudoStandalone.x86_64.dir/linux.cpp.o
[1573/1575] Building CXX object compiler-rt/lib/scudo/standalone/CMakeFiles/RTScudoStandalone.x86_64.dir/string_utils.cpp.o
[1574/1575] Building CXX object compiler-rt/lib/scudo/standalone/CMakeFiles/RTScudoStandaloneCWrappers.x86_64.dir/wrappers_c.cpp.o
[1575/1575] Linking CXX static library libc/lib/libc.a
[1;34m==>[0m installing
ninja: Entering directory `/var/db/repos/Local/tools/llvm-libc-probe/.build'
[1/7] Building CXX object libc/src/setjmp/x86_64/CMakeFiles/libc.src.setjmp.x86_64.longjmp.__internal__.dir/longjmp.cpp.o
[2/7] Building CXX object libc/src/stdlib/linux/CMakeFiles/libc.src.stdlib.linux.abort.__internal__.dir/abort.cpp.o
[3/7] Building CXX object libc/src/setjmp/x86_64/CMakeFiles/libc.src.setjmp.x86_64.setjmp.__internal__.dir/setjmp.cpp.o
[4/7] cd /var/db/repos/Local/tools/llvm-libc-probe/.build/libc/include && /usr/sbin/cmake -DCMAKE_INSTALL_COMPONENT=libc-headers -P /var/db/repos/Local/tools/llvm-libc-probe/.build/cmake_install.cmake
-- Install configuration: "Release"
-- Installing: /var/db/repos/Local/tools/llvm-libc-probe/.prefix/include/arpa/inet.h
-- Installing: /var/db/repos/Local/tools/llvm-libc-probe/.prefix/include/assert.h
-- Installing: /var/db/repos/Local/tools/llvm-libc-probe/.prefix/include/complex.h
-- Installing: /var/db/repos/Local/tools/llvm-libc-probe/.prefix/include/ctype.h
-- Installing: /var/db/repos/Local/tools/llvm-libc-probe/.prefix/include/dirent.h
-- Installing: /var/db/repos/Local/tools/llvm-libc-probe/.prefix/include/dlfcn.h
-- Installing: /var/db/repos/Local/tools/llvm-libc-probe/.prefix/include/elf.h
-- Installing: /var/db/repos/Local/tools/llvm-libc-probe/.prefix/include/endian.h
-- Installing: /var/db/repos/Local/tools/llvm-libc-probe/.prefix/include/errno.h
-- Installing: /var/db/repos/Local/tools/llvm-libc-probe/.prefix/include/fcntl.h
-- Installing: /var/db/repos/Local/tools/llvm-libc-probe/.prefix/include/features.h
-- Installing: /var/db/repos/Local/tools/llvm-libc-probe/.prefix/include/fenv.h
-- Installing: /var/db/repos/Local/tools/llvm-libc-probe/.prefix/include/float.h
-- Installing: /var/db/repos/Local/tools/llvm-libc-probe/.prefix/include/inttypes.h
-- Installing: /var/db/repos/Local/tools/llvm-libc-probe/.prefix/include/limits.h
-- Installing: /var/db/repos/Local/tools/llvm-libc-probe/.prefix/include/link.h
-- Installing: /var/db/repos/Local/tools/llvm-libc-probe/.prefix/include/locale.h
-- Installing: /var/db/repos/Local/tools/llvm-libc-probe/.prefix/include/malloc.h
-- Installing: /var/db/repos/Local/tools/llvm-libc-probe/.prefix/include/math.h
-- Installing: /var/db/repos/Local/tools/llvm-libc-probe/.prefix/include/netinet/in.h
-- Installing: /var/db/repos/Local/tools/llvm-libc-probe/.prefix/include/nl_types.h
-- Installing: /var/db/repos/Local/tools/llvm-libc-probe/.prefix/include/poll.h
-- Installing: /var/db/repos/Local/tools/llvm-libc-probe/.prefix/include/pthread.h
-- Installing: /var/db/repos/Local/tools/llvm-libc-probe/.prefix/include/sched.h
-- Installing: /var/db/repos/Local/tools/llvm-libc-probe/.prefix/include/search.h
-- Installing: /var/db/repos/Local/tools/llvm-libc-probe/.prefix/include/setjmp.h
-- Installing: /var/db/repos/Local/tools/llvm-libc-probe/.prefix/include/signal.h
-- Installing: /var/db/repos/Local/tools/llvm-libc-probe/.prefix/include/spawn.h
-- Installing: /var/db/repos/Local/tools/llvm-libc-probe/.prefix/include/stdbit.h
-- Installing: /var/db/repos/Local/tools/llvm-libc-probe/.prefix/include/stdckdint.h
-- Installing: /var/db/repos/Local/tools/llvm-libc-probe/.prefix/include/stdfix.h
-- Installing: /var/db/repos/Local/tools/llvm-libc-probe/.prefix/include/stdint.h
-- Installing: /var/db/repos/Local/tools/llvm-libc-probe/.prefix/include/stdio.h
-- Installing: /var/db/repos/Local/tools/llvm-libc-probe/.prefix/include/stdlib.h
-- Installing: /var/db/repos/Local/tools/llvm-libc-probe/.prefix/include/string.h
-- Installing: /var/db/repos/Local/tools/llvm-libc-probe/.prefix/include/strings.h
-- Installing: /var/db/repos/Local/tools/llvm-libc-probe/.prefix/include/sys/auxv.h
-- Installing: /var/db/repos/Local/tools/llvm-libc-probe/.prefix/include/sys/epoll.h
-- Installing: /var/db/repos/Local/tools/llvm-libc-probe/.prefix/include/sys/ioctl.h
-- Installing: /var/db/repos/Local/tools/llvm-libc-probe/.prefix/include/sys/mman.h
-- Installing: /var/db/repos/Local/tools/llvm-libc-probe/.prefix/include/sys/prctl.h
-- Installing: /var/db/repos/Local/tools/llvm-libc-probe/.prefix/include/sys/queue.h
-- Installing: /var/db/repos/Local/tools/llvm-libc-probe/.prefix/include/sys/random.h
-- Installing: /var/db/repos/Local/tools/llvm-libc-probe/.prefix/include/sys/resource.h
-- Installing: /var/db/repos/Local/tools/llvm-libc-probe/.prefix/include/sys/select.h
-- Installing: /var/db/repos/Local/tools/llvm-libc-probe/.prefix/include/sys/socket.h
-- Installing: /var/db/repos/Local/tools/llvm-libc-probe/.prefix/include/sys/stat.h
-- Installing: /var/db/repos/Local/tools/llvm-libc-probe/.prefix/include/sys/statvfs.h
-- Installing: /var/db/repos/Local/tools/llvm-libc-probe/.prefix/include/sys/syscall.h
-- Installing: /var/db/repos/Local/tools/llvm-libc-probe/.prefix/include/sys/time.h
-- Installing: /var/db/repos/Local/tools/llvm-libc-probe/.prefix/include/sys/types.h
-- Installing: /var/db/repos/Local/tools/llvm-libc-probe/.prefix/include/sys/utsname.h
-- Installing: /var/db/repos/Local/tools/llvm-libc-probe/.prefix/include/sys/wait.h
-- Installing: /var/db/repos/Local/tools/llvm-libc-probe/.prefix/include/sysexits.h
-- Installing: /var/db/repos/Local/tools/llvm-libc-probe/.prefix/include/termios.h
-- Installing: /var/db/repos/Local/tools/llvm-libc-probe/.prefix/include/threads.h
-- Installing: /var/db/repos/Local/tools/llvm-libc-probe/.prefix/include/time.h
-- Installing: /var/db/repos/Local/tools/llvm-libc-probe/.prefix/include/uchar.h
-- Installing: /var/db/repos/Local/tools/llvm-libc-probe/.prefix/include/unistd.h
-- Installing: /var/db/repos/Local/tools/llvm-libc-probe/.prefix/include/wchar.h
-- Installing: /var/db/repos/Local/tools/llvm-libc-probe/.prefix/include/wctype.h
-- Installing: /var/db/repos/Local/tools/llvm-libc-probe/.prefix/include/__llvm-libc-common.h
-- Installing: /var/db/repos/Local/tools/llvm-libc-probe/.prefix/include/llvm-libc-types/in_addr.h
-- Installing: /var/db/repos/Local/tools/llvm-libc-probe/.prefix/include/llvm-libc-types/in_addr_t.h
-- Installing: /var/db/repos/Local/tools/llvm-libc-probe/.prefix/include/llvm-libc-types/imaxdiv_t.h
-- Installing: /var/db/repos/Local/tools/llvm-libc-probe/.prefix/include/llvm-libc-macros/inttypes-macros.h
-- Installing: /var/db/repos/Local/tools/llvm-libc-probe/.prefix/include/llvm-libc-macros/stdint-macros.h
-- Installing: /var/db/repos/Local/tools/llvm-libc-probe/.prefix/include/llvm-libc-macros/assert-macros.h
-- Installing: /var/db/repos/Local/tools/llvm-libc-probe/.prefix/include/llvm-libc-macros/complex-macros.h
-- Installing: /var/db/repos/Local/tools/llvm-libc-probe/.prefix/include/llvm-libc-types/float128.h
-- Installing: /var/db/repos/Local/tools/llvm-libc-probe/.prefix/include/llvm-libc-types/cfloat128.h
-- Installing: /var/db/repos/Local/tools/llvm-libc-probe/.prefix/include/llvm-libc-types/cfloat16.h
-- Installing: /var/db/repos/Local/tools/llvm-libc-probe/.prefix/include/llvm-libc-macros/cfloat128-macros.h
-- Installing: /var/db/repos/Local/tools/llvm-libc-probe/.prefix/include/llvm-libc-macros/cfloat16-macros.h
-- Installing: /var/db/repos/Local/tools/llvm-libc-probe/.prefix/include/llvm-libc-macros/float-macros.h
-- Installing: /var/db/repos/Local/tools/llvm-libc-probe/.prefix/include/llvm-libc-types/locale_t.h
-- Installing: /var/db/repos/Local/tools/llvm-libc-probe/.prefix/include/llvm-libc-types/ino_t.h
-- Installing: /var/db/repos/Local/tools/llvm-libc-probe/.prefix/include/llvm-libc-types/DIR.h
-- Installing: /var/db/repos/Local/tools/llvm-libc-probe/.prefix/include/llvm-libc-types/struct_dirent.h
-- Installing: /var/db/repos/Local/tools/llvm-libc-probe/.prefix/include/llvm-libc-types/off_t.h
-- Installing: /var/db/repos/Local/tools/llvm-libc-probe/.prefix/include/llvm-libc-types/Dl_info.h
-- Installing: /var/db/repos/Local/tools/llvm-libc-probe/.prefix/include/llvm-libc-macros/elf-macros.h
-- Installing: /var/db/repos/Local/tools/llvm-libc-probe/.prefix/include/llvm-libc-types/Elf32_Addr.h
-- Installing: /var/db/repos/Local/tools/llvm-libc-probe/.prefix/include/llvm-libc-types/Elf32_Chdr.h
-- Installing: /var/db/repos/Local/tools/llvm-libc-probe/.prefix/include/llvm-libc-types/Elf32_Dyn.h
-- Installing: /var/db/repos/Local/tools/llvm-libc-probe/.prefix/include/llvm-libc-types/Elf32_Ehdr.h
-- Installing: /var/db/repos/Local/tools/llvm-libc-probe/.prefix/include/llvm-libc-types/Elf32_Half.h
-- Installing: /var/db/repos/Local/tools/llvm-libc-probe/.prefix/include/llvm-libc-types/Elf32_Lword.h
-- Installing: /var/db/repos/Local/tools/llvm-libc-probe/.prefix/include/llvm-libc-types/Elf32_Nhdr.h
-- Installing: /var/db/repos/Local/tools/llvm-libc-probe/.prefix/include/llvm-libc-types/Elf32_Off.h
-- Installing: /var/db/repos/Local/tools/llvm-libc-probe/.prefix/include/llvm-libc-types/Elf32_Phdr.h
-- Installing: /var/db/repos/Local/tools/llvm-libc-probe/.prefix/include/llvm-libc-types/Elf32_Rel.h
-- Installing: /var/db/repos/Local/tools/llvm-libc-probe/.prefix/include/llvm-libc-types/Elf32_Rela.h
-- Installing: /var/db/repos/Local/tools/llvm-libc-probe/.prefix/include/llvm-libc-types/Elf32_Shdr.h
-- Installing: /var/db/repos/Local/tools/llvm-libc-probe/.prefix/include/llvm-libc-types/Elf32_Sword.h
-- Installing: /var/db/repos/Local/tools/llvm-libc-probe/.prefix/include/llvm-libc-types/Elf32_Sym.h
-- Installing: /var/db/repos/Local/tools/llvm-libc-probe/.prefix/include/llvm-libc-types/Elf32_Verdaux.h
-- Installing: /var/db/repos/Local/tools/llvm-libc-probe/.prefix/include/llvm-libc-types/Elf32_Verdef.h
-- Installing: /var/db/repos/Local/tools/llvm-libc-probe/.prefix/include/llvm-libc-types/Elf32_Vernaux.h
-- Installing: /var/db/repos/Local/tools/llvm-libc-probe/.prefix/include/llvm-libc-types/Elf32_Verneed.h
-- Installing: /var/db/repos/Local/tools/llvm-libc-probe/.prefix/include/llvm-libc-types/Elf32_Versym.h
-- Installing: /var/db/repos/Local/tools/llvm-libc-probe/.prefix/include/llvm-libc-types/Elf32_Word.h
-- Installing: /var/db/repos/Local/tools/llvm-libc-probe/.prefix/include/llvm-libc-types/Elf64_Addr.h
-- Installing: /var/db/repos/Local/tools/llvm-libc-probe/.prefix/include/llvm-libc-types/Elf64_Chdr.h
-- Installing: /var/db/repos/Local/tools/llvm-libc-probe/.prefix/include/llvm-libc-types/Elf64_Dyn.h
-- Installing: /var/db/repos/Local/tools/llvm-libc-probe/.prefix/include/llvm-libc-types/Elf64_Ehdr.h
-- Installing: /var/db/repos/Local/tools/llvm-libc-probe/.prefix/include/llvm-libc-types/Elf64_Half.h
-- Installing: /var/db/repos/Local/tools/llvm-libc-probe/.prefix/include/llvm-libc-types/Elf64_Lword.h
-- Installing: /var/db/repos/Local/tools/llvm-libc-probe/.prefix/include/llvm-libc-types/Elf64_Nhdr.h
-- Installing: /var/db/repos/Local/tools/llvm-libc-probe/.prefix/include/llvm-libc-types/Elf64_Off.h
-- Installing: /var/db/repos/Local/tools/llvm-libc-probe/.prefix/include/llvm-libc-types/Elf64_Phdr.h
-- Installing: /var/db/repos/Local/tools/llvm-libc-probe/.prefix/include/llvm-libc-types/Elf64_Rel.h
-- Installing: /var/db/repos/Local/tools/llvm-libc-probe/.prefix/include/llvm-libc-types/Elf64_Rela.h
-- Installing: /var/db/repos/Local/tools/llvm-libc-probe/.prefix/include/llvm-libc-types/Elf64_Shdr.h
-- Installing: /var/db/repos/Local/tools/llvm-libc-probe/.prefix/include/llvm-libc-types/Elf64_Sword.h
-- Installing: /var/db/repos/Local/tools/llvm-libc-probe/.prefix/include/llvm-libc-types/Elf64_Sxword.h
-- Installing: /var/db/repos/Local/tools/llvm-libc-probe/.prefix/include/llvm-libc-types/Elf64_Sym.h
-- Installing: /var/db/repos/Local/tools/llvm-libc-probe/.prefix/include/llvm-libc-types/Elf64_Verdaux.h
-- Installing: /var/db/repos/Local/tools/llvm-libc-probe/.prefix/include/llvm-libc-types/Elf64_Verdef.h
-- Installing: /var/db/repos/Local/tools/llvm-libc-probe/.prefix/include/llvm-libc-types/Elf64_Vernaux.h
-- Installing: /var/db/repos/Local/tools/llvm-libc-probe/.prefix/include/llvm-libc-types/Elf64_Verneed.h
-- Installing: /var/db/repos/Local/tools/llvm-libc-probe/.prefix/include/llvm-libc-types/Elf64_Versym.h
-- Installing: /var/db/repos/Local/tools/llvm-libc-probe/.prefix/include/llvm-libc-types/Elf64_Word.h
-- Installing: /var/db/repos/Local/tools/llvm-libc-probe/.prefix/include/llvm-libc-types/Elf64_Xword.h
-- Installing: /var/db/repos/Local/tools/llvm-libc-probe/.prefix/include/llvm-libc-macros/endian-macros.h
-- Installing: /var/db/repos/Local/tools/llvm-libc-probe/.prefix/include/llvm-libc-macros/generic-error-number-macros.h
-- Installing: /var/db/repos/Local/tools/llvm-libc-probe/.prefix/include/llvm-libc-macros/error-number-macros.h
-- Installing: /var/db/repos/Local/tools/llvm-libc-probe/.prefix/include/llvm-libc-macros/linux/error-number-macros.h
-- Installing: /var/db/repos/Local/tools/llvm-libc-probe/.prefix/include/llvm-libc-macros/fcntl-macros.h
-- Installing: /var/db/repos/Local/tools/llvm-libc-probe/.prefix/include/llvm-libc-types/mode_t.h
-- Installing: /var/db/repos/Local/tools/llvm-libc-probe/.prefix/include/llvm-libc-types/struct_flock.h
-- Installing: /var/db/repos/Local/tools/llvm-libc-probe/.prefix/include/llvm-libc-types/struct_flock64.h
-- Installing: /var/db/repos/Local/tools/llvm-libc-probe/.prefix/include/llvm-libc-types/off64_t.h
-- Installing: /var/db/repos/Local/tools/llvm-libc-probe/.prefix/include/llvm-libc-types/pid_t.h
-- Installing: /var/db/repos/Local/tools/llvm-libc-probe/.prefix/include/llvm-libc-macros/linux/fcntl-macros.h
-- Installing: /var/db/repos/Local/tools/llvm-libc-probe/.prefix/include/llvm-libc-macros/features-macros.h
-- Installing: /var/db/repos/Local/tools/llvm-libc-probe/.prefix/include/llvm-libc-macros/fenv-macros.h
-- Installing: /var/db/repos/Local/tools/llvm-libc-probe/.prefix/include/llvm-libc-types/fenv_t.h
-- Installing: /var/db/repos/Local/tools/llvm-libc-probe/.prefix/include/llvm-libc-types/fexcept_t.h
-- Installing: /var/db/repos/Local/tools/llvm-libc-probe/.prefix/include/llvm-libc-macros/limits-macros.h
-- Installing: /var/db/repos/Local/tools/llvm-libc-probe/.prefix/include/llvm-libc-macros/link-macros.h
-- Installing: /var/db/repos/Local/tools/llvm-libc-probe/.prefix/include/llvm-libc-types/struct_dl_phdr_info.h
-- Installing: /var/db/repos/Local/tools/llvm-libc-probe/.prefix/include/llvm-libc-types/__dl_iterate_phdr_callback_t.h
-- Installing: /var/db/repos/Local/tools/llvm-libc-probe/.prefix/include/llvm-libc-types/size_t.h
-- Installing: /var/db/repos/Local/tools/llvm-libc-probe/.prefix/include/llvm-libc-macros/locale-macros.h
-- Installing: /var/db/repos/Local/tools/llvm-libc-probe/.prefix/include/llvm-libc-macros/null-macro.h
-- Installing: /var/db/repos/Local/tools/llvm-libc-probe/.prefix/include/llvm-libc-types/struct_lconv.h
-- Installing: /var/db/repos/Local/tools/llvm-libc-probe/.prefix/include/llvm-libc-macros/malloc-macros.h
-- Installing: /var/db/repos/Local/tools/llvm-libc-probe/.prefix/include/llvm-libc-macros/float16-macros.h
-- Installing: /var/db/repos/Local/tools/llvm-libc-probe/.prefix/include/llvm-libc-macros/math-macros.h
-- Installing: /var/db/repos/Local/tools/llvm-libc-probe/.prefix/include/llvm-libc-macros/math-function-macros.h
-- Installing: /var/db/repos/Local/tools/llvm-libc-probe/.prefix/include/llvm-libc-types/double_t.h
-- Installing: /var/db/repos/Local/tools/llvm-libc-probe/.prefix/include/llvm-libc-types/float_t.h
-- Installing: /var/db/repos/Local/tools/llvm-libc-probe/.prefix/include/llvm-libc-macros/netinet-in-macros.h
-- Installing: /var/db/repos/Local/tools/llvm-libc-probe/.prefix/include/llvm-libc-macros/nl-types-macros.h
-- Installing: /var/db/repos/Local/tools/llvm-libc-probe/.prefix/include/llvm-libc-types/nl_catd.h
-- Installing: /var/db/repos/Local/tools/llvm-libc-probe/.prefix/include/llvm-libc-types/struct_pollfd.h
-- Installing: /var/db/repos/Local/tools/llvm-libc-probe/.prefix/include/llvm-libc-types/nfds_t.h
-- Installing: /var/db/repos/Local/tools/llvm-libc-probe/.prefix/include/llvm-libc-macros/poll-macros.h
-- Installing: /var/db/repos/Local/tools/llvm-libc-probe/.prefix/include/llvm-libc-macros/linux/poll-macros.h
-- Installing: /var/db/repos/Local/tools/llvm-libc-probe/.prefix/include/llvm-libc-macros/pthread-macros.h
-- Installing: /var/db/repos/Local/tools/llvm-libc-probe/.prefix/include/llvm-libc-types/__atfork_callback_t.h
-- Installing: /var/db/repos/Local/tools/llvm-libc-probe/.prefix/include/llvm-libc-types/__pthread_once_func_t.h
-- Installing: /var/db/repos/Local/tools/llvm-libc-probe/.prefix/include/llvm-libc-types/__pthread_start_t.h
-- Installing: /var/db/repos/Local/tools/llvm-libc-probe/.prefix/include/llvm-libc-types/__pthread_tss_dtor_t.h
-- Installing: /var/db/repos/Local/tools/llvm-libc-probe/.prefix/include/llvm-libc-types/pthread_attr_t.h
-- Installing: /var/db/repos/Local/tools/llvm-libc-probe/.prefix/include/llvm-libc-types/pthread_condattr_t.h
-- Installing: /var/db/repos/Local/tools/llvm-libc-probe/.prefix/include/llvm-libc-types/pthread_key_t.h
-- Installing: /var/db/repos/Local/tools/llvm-libc-probe/.prefix/include/llvm-libc-types/pthread_barrier_t.h
-- Installing: /var/db/repos/Local/tools/llvm-libc-probe/.prefix/include/llvm-libc-types/pthread_barrierattr_t.h
-- Installing: /var/db/repos/Local/tools/llvm-libc-probe/.prefix/include/llvm-libc-types/pthread_mutex_t.h
-- Installing: /var/db/repos/Local/tools/llvm-libc-probe/.prefix/include/llvm-libc-types/pthread_mutexattr_t.h
-- Installing: /var/db/repos/Local/tools/llvm-libc-probe/.prefix/include/llvm-libc-types/pthread_once_t.h
-- Installing: /var/db/repos/Local/tools/llvm-libc-probe/.prefix/include/llvm-libc-types/pthread_rwlock_t.h
-- Installing: /var/db/repos/Local/tools/llvm-libc-probe/.prefix/include/llvm-libc-types/pthread_rwlockattr_t.h
-- Installing: /var/db/repos/Local/tools/llvm-libc-probe/.prefix/include/llvm-libc-types/pthread_spinlock_t.h
-- Installing: /var/db/repos/Local/tools/llvm-libc-probe/.prefix/include/llvm-libc-types/pthread_t.h
-- Installing: /var/db/repos/Local/tools/llvm-libc-probe/.prefix/include/llvm-libc-types/clockid_t.h
-- Installing: /var/db/repos/Local/tools/llvm-libc-probe/.prefix/include/llvm-libc-types/__barrier_type.h
-- Installing: /var/db/repos/Local/tools/llvm-libc-probe/.prefix/include/llvm-libc-types/__futex_word.h
-- Installing: /var/db/repos/Local/tools/llvm-libc-probe/.prefix/include/llvm-libc-types/__mutex_type.h
-- Installing: /var/db/repos/Local/tools/llvm-libc-probe/.prefix/include/llvm-libc-types/__thread_type.h
-- Installing: /var/db/repos/Local/tools/llvm-libc-probe/.prefix/include/llvm-libc-macros/sched-macros.h
-- Installing: /var/db/repos/Local/tools/llvm-libc-probe/.prefix/include/llvm-libc-types/cpu_set_t.h
-- Installing: /var/db/repos/Local/tools/llvm-libc-probe/.prefix/include/llvm-libc-types/struct_sched_param.h
-- Installing: /var/db/repos/Local/tools/llvm-libc-probe/.prefix/include/llvm-libc-types/time_t.h
-- Installing: /var/db/repos/Local/tools/llvm-libc-probe/.prefix/include/llvm-libc-types/struct_timespec.h
-- Installing: /var/db/repos/Local/tools/llvm-libc-probe/.prefix/include/llvm-libc-macros/linux/sched-macros.h
-- Installing: /var/db/repos/Local/tools/llvm-libc-probe/.prefix/include/llvm-libc-types/ACTION.h
-- Installing: /var/db/repos/Local/tools/llvm-libc-probe/.prefix/include/llvm-libc-types/ENTRY.h
-- Installing: /var/db/repos/Local/tools/llvm-libc-probe/.prefix/include/llvm-libc-types/VISIT.h
-- Installing: /var/db/repos/Local/tools/llvm-libc-probe/.prefix/include/llvm-libc-types/__search_compare_t.h
-- Installing: /var/db/repos/Local/tools/llvm-libc-probe/.prefix/include/llvm-libc-types/struct_hsearch_data.h
-- Installing: /var/db/repos/Local/tools/llvm-libc-probe/.prefix/include/llvm-libc-types/jmp_buf.h
-- Installing: /var/db/repos/Local/tools/llvm-libc-probe/.prefix/include/llvm-libc-types/sigjmp_buf.h
-- Installing: /var/db/repos/Local/tools/llvm-libc-probe/.prefix/include/llvm-libc-types/__jmp_buf.h
-- Installing: /var/db/repos/Local/tools/llvm-libc-probe/.prefix/include/llvm-libc-types/sigset_t.h
-- Installing: /var/db/repos/Local/tools/llvm-libc-probe/.prefix/include/llvm-libc-macros/signal-macros.h
-- Installing: /var/db/repos/Local/tools/llvm-libc-probe/.prefix/include/llvm-libc-macros/linux/signal-macros.h
-- Installing: /var/db/repos/Local/tools/llvm-libc-probe/.prefix/include/llvm-libc-types/sig_atomic_t.h
-- Installing: /var/db/repos/Local/tools/llvm-libc-probe/.prefix/include/llvm-libc-types/sighandler_t.h
-- Installing: /var/db/repos/Local/tools/llvm-libc-probe/.prefix/include/llvm-libc-types/siginfo_t.h
-- Installing: /var/db/repos/Local/tools/llvm-libc-probe/.prefix/include/llvm-libc-types/stack_t.h
-- Installing: /var/db/repos/Local/tools/llvm-libc-probe/.prefix/include/llvm-libc-types/struct_sigaction.h
-- Installing: /var/db/repos/Local/tools/llvm-libc-probe/.prefix/include/llvm-libc-types/union_sigval.h
-- Installing: /var/db/repos/Local/tools/llvm-libc-probe/.prefix/include/llvm-libc-types/uid_t.h
-- Installing: /var/db/repos/Local/tools/llvm-libc-probe/.prefix/include/llvm-libc-types/clock_t.h
-- Installing: /var/db/repos/Local/tools/llvm-libc-probe/.prefix/include/llvm-libc-types/posix_spawnattr_t.h
-- Installing: /var/db/repos/Local/tools/llvm-libc-probe/.prefix/include/llvm-libc-types/posix_spawn_file_actions_t.h
-- Installing: /var/db/repos/Local/tools/llvm-libc-probe/.prefix/include/llvm-libc-macros/stdbit-macros.h
-- Installing: /var/db/repos/Local/tools/llvm-libc-probe/.prefix/include/llvm-libc-macros/stdckdint-macros.h
-- Installing: /var/db/repos/Local/tools/llvm-libc-probe/.prefix/include/llvm-libc-macros/stdfix-macros.h
-- Installing: /var/db/repos/Local/tools/llvm-libc-probe/.prefix/include/llvm-libc-types/int_hk_t.h
-- Installing: /var/db/repos/Local/tools/llvm-libc-probe/.prefix/include/llvm-libc-types/int_hr_t.h
-- Installing: /var/db/repos/Local/tools/llvm-libc-probe/.prefix/include/llvm-libc-types/int_k_t.h
-- Installing: /var/db/repos/Local/tools/llvm-libc-probe/.prefix/include/llvm-libc-types/int_lk_t.h
-- Installing: /var/db/repos/Local/tools/llvm-libc-probe/.prefix/include/llvm-libc-types/int_lr_t.h
-- Installing: /var/db/repos/Local/tools/llvm-libc-probe/.prefix/include/llvm-libc-types/int_r_t.h
-- Installing: /var/db/repos/Local/tools/llvm-libc-probe/.prefix/include/llvm-libc-types/uint_uhk_t.h
-- Installing: /var/db/repos/Local/tools/llvm-libc-probe/.prefix/include/llvm-libc-types/uint_uhr_t.h
-- Installing: /var/db/repos/Local/tools/llvm-libc-probe/.prefix/include/llvm-libc-types/uint_uk_t.h
-- Installing: /var/db/repos/Local/tools/llvm-libc-probe/.prefix/include/llvm-libc-types/uint_ulk_t.h
-- Installing: /var/db/repos/Local/tools/llvm-libc-probe/.prefix/include/llvm-libc-types/uint_ulr_t.h
-- Installing: /var/db/repos/Local/tools/llvm-libc-probe/.prefix/include/llvm-libc-types/uint_ur_t.h
-- Installing: /var/db/repos/Local/tools/llvm-libc-probe/.prefix/include/llvm-libc-macros/file-seek-macros.h
-- Installing: /var/db/repos/Local/tools/llvm-libc-probe/.prefix/include/llvm-libc-macros/stdio-macros.h
-- Installing: /var/db/repos/Local/tools/llvm-libc-probe/.prefix/include/llvm-libc-types/FILE.h
-- Installing: /var/db/repos/Local/tools/llvm-libc-probe/.prefix/include/llvm-libc-types/cookie_io_functions_t.h
-- Installing: /var/db/repos/Local/tools/llvm-libc-probe/.prefix/include/llvm-libc-types/ssize_t.h
-- Installing: /var/db/repos/Local/tools/llvm-libc-probe/.prefix/include/llvm-libc-macros/stdlib-macros.h
-- Installing: /var/db/repos/Local/tools/llvm-libc-probe/.prefix/include/llvm-libc-types/__atexithandler_t.h
-- Installing: /var/db/repos/Local/tools/llvm-libc-probe/.prefix/include/llvm-libc-types/__qsortcompare_t.h
-- Installing: /var/db/repos/Local/tools/llvm-libc-probe/.prefix/include/llvm-libc-types/__qsortrcompare_t.h
-- Installing: /var/db/repos/Local/tools/llvm-libc-probe/.prefix/include/llvm-libc-types/div_t.h
-- Installing: /var/db/repos/Local/tools/llvm-libc-probe/.prefix/include/llvm-libc-types/ldiv_t.h
-- Installing: /var/db/repos/Local/tools/llvm-libc-probe/.prefix/include/llvm-libc-types/lldiv_t.h
-- Installing: /var/db/repos/Local/tools/llvm-libc-probe/.prefix/include/llvm-libc-macros/sys-auxv-macros.h
-- Installing: /var/db/repos/Local/tools/llvm-libc-probe/.prefix/include/llvm-libc-types/struct_epoll_event.h
-- Installing: /var/db/repos/Local/tools/llvm-libc-probe/.prefix/include/llvm-libc-types/struct_epoll_data.h
-- Installing: /var/db/repos/Local/tools/llvm-libc-probe/.prefix/include/llvm-libc-macros/sys-epoll-macros.h
-- Installing: /var/db/repos/Local/tools/llvm-libc-probe/.prefix/include/llvm-libc-macros/linux/sys-epoll-macros.h
-- Installing: /var/db/repos/Local/tools/llvm-libc-probe/.prefix/include/llvm-libc-macros/sys-ioctl-macros.h
-- Installing: /var/db/repos/Local/tools/llvm-libc-probe/.prefix/include/llvm-libc-macros/linux/sys-ioctl-macros.h
-- Installing: /var/db/repos/Local/tools/llvm-libc-probe/.prefix/include/llvm-libc-macros/sys-mman-macros.h
-- Installing: /var/db/repos/Local/tools/llvm-libc-probe/.prefix/include/llvm-libc-macros/sys-queue-macros.h
-- Installing: /var/db/repos/Local/tools/llvm-libc-probe/.prefix/include/llvm-libc-macros/containerof-macro.h
-- Installing: /var/db/repos/Local/tools/llvm-libc-probe/.prefix/include/llvm-libc-macros/offsetof-macro.h
-- Installing: /var/db/repos/Local/tools/llvm-libc-probe/.prefix/include/llvm-libc-macros/sys-random-macros.h
-- Installing: /var/db/repos/Local/tools/llvm-libc-probe/.prefix/include/llvm-libc-macros/linux/sys-random-macros.h
-- Installing: /var/db/repos/Local/tools/llvm-libc-probe/.prefix/include/llvm-libc-macros/sys-resource-macros.h
-- Installing: /var/db/repos/Local/tools/llvm-libc-probe/.prefix/include/llvm-libc-types/rlim_t.h
-- Installing: /var/db/repos/Local/tools/llvm-libc-probe/.prefix/include/llvm-libc-types/struct_rlimit.h
-- Installing: /var/db/repos/Local/tools/llvm-libc-probe/.prefix/include/llvm-libc-macros/linux/sys-resource-macros.h
-- Installing: /var/db/repos/Local/tools/llvm-libc-probe/.prefix/include/llvm-libc-macros/sys-select-macros.h
-- Installing: /var/db/repos/Local/tools/llvm-libc-probe/.prefix/include/llvm-libc-types/fd_set.h
-- Installing: /var/db/repos/Local/tools/llvm-libc-probe/.prefix/include/llvm-libc-types/suseconds_t.h
-- Installing: /var/db/repos/Local/tools/llvm-libc-probe/.prefix/include/llvm-libc-types/struct_timeval.h
-- Installing: /var/db/repos/Local/tools/llvm-libc-probe/.prefix/include/llvm-libc-macros/sys-socket-macros.h
-- Installing: /var/db/repos/Local/tools/llvm-libc-probe/.prefix/include/llvm-libc-types/sa_family_t.h
-- Installing: /var/db/repos/Local/tools/llvm-libc-probe/.prefix/include/llvm-libc-types/socklen_t.h
-- Installing: /var/db/repos/Local/tools/llvm-libc-probe/.prefix/include/llvm-libc-types/struct_iovec.h
-- Installing: /var/db/repos/Local/tools/llvm-libc-probe/.prefix/include/llvm-libc-types/struct_msghdr.h
-- Installing: /var/db/repos/Local/tools/llvm-libc-probe/.prefix/include/llvm-libc-types/struct_sockaddr.h
-- Installing: /var/db/repos/Local/tools/llvm-libc-probe/.prefix/include/llvm-libc-types/struct_sockaddr_un.h
-- Installing: /var/db/repos/Local/tools/llvm-libc-probe/.prefix/include/llvm-libc-macros/linux/sys-socket-macros.h
-- Installing: /var/db/repos/Local/tools/llvm-libc-probe/.prefix/include/llvm-libc-macros/sys-stat-macros.h
-- Installing: /var/db/repos/Local/tools/llvm-libc-probe/.prefix/include/llvm-libc-types/dev_t.h
-- Installing: /var/db/repos/Local/tools/llvm-libc-probe/.prefix/include/llvm-libc-types/nlink_t.h
-- Installing: /var/db/repos/Local/tools/llvm-libc-probe/.prefix/include/llvm-libc-types/gid_t.h
-- Installing: /var/db/repos/Local/tools/llvm-libc-probe/.prefix/include/llvm-libc-types/blksize_t.h
-- Installing: /var/db/repos/Local/tools/llvm-libc-probe/.prefix/include/llvm-libc-types/blkcnt_t.h
-- Installing: /var/db/repos/Local/tools/llvm-libc-probe/.prefix/include/llvm-libc-types/struct_stat.h
-- Installing: /var/db/repos/Local/tools/llvm-libc-probe/.prefix/include/llvm-libc-macros/linux/sys-stat-macros.h
-- Installing: /var/db/repos/Local/tools/llvm-libc-probe/.prefix/include/llvm-libc-types/struct_statvfs.h
-- Installing: /var/db/repos/Local/tools/llvm-libc-probe/.prefix/include/llvm-libc-types/fsblkcnt_t.h
-- Installing: /var/db/repos/Local/tools/llvm-libc-probe/.prefix/include/llvm-libc-types/fsfilcnt_t.h
-- Installing: /var/db/repos/Local/tools/llvm-libc-probe/.prefix/include/llvm-libc-macros/sys-time-macros.h
-- Installing: /var/db/repos/Local/tools/llvm-libc-probe/.prefix/include/llvm-libc-types/struct_itimerval.h
-- Installing: /var/db/repos/Local/tools/llvm-libc-probe/.prefix/include/llvm-libc-macros/linux/sys-time-macros.h
-- Installing: /var/db/repos/Local/tools/llvm-libc-probe/.prefix/include/llvm-libc-types/struct_utsname.h
-- Installing: /var/db/repos/Local/tools/llvm-libc-probe/.prefix/include/llvm-libc-macros/sys-wait-macros.h
-- Installing: /var/db/repos/Local/tools/llvm-libc-probe/.prefix/include/llvm-libc-types/struct_rusage.h
-- Installing: /var/db/repos/Local/tools/llvm-libc-probe/.prefix/include/llvm-libc-macros/linux/sys-wait-macros.h
-- Installing: /var/db/repos/Local/tools/llvm-libc-probe/.prefix/include/llvm-libc-macros/sysexits-macros.h
-- Installing: /var/db/repos/Local/tools/llvm-libc-probe/.prefix/include/llvm-libc-macros/termios-macros.h
-- Installing: /var/db/repos/Local/tools/llvm-libc-probe/.prefix/include/llvm-libc-types/cc_t.h
-- Installing: /var/db/repos/Local/tools/llvm-libc-probe/.prefix/include/llvm-libc-types/speed_t.h
-- Installing: /var/db/repos/Local/tools/llvm-libc-probe/.prefix/include/llvm-libc-types/struct_termios.h
-- Installing: /var/db/repos/Local/tools/llvm-libc-probe/.prefix/include/llvm-libc-types/tcflag_t.h
-- Installing: /var/db/repos/Local/tools/llvm-libc-probe/.prefix/include/llvm-libc-macros/linux/termios-macros.h
-- Installing: /var/db/repos/Local/tools/llvm-libc-probe/.prefix/include/llvm-libc-types/__call_once_func_t.h
-- Installing: /var/db/repos/Local/tools/llvm-libc-probe/.prefix/include/llvm-libc-types/once_flag.h
-- Installing: /var/db/repos/Local/tools/llvm-libc-probe/.prefix/include/llvm-libc-types/cnd_t.h
-- Installing: /var/db/repos/Local/tools/llvm-libc-probe/.prefix/include/llvm-libc-types/mtx_t.h
-- Installing: /var/db/repos/Local/tools/llvm-libc-probe/.prefix/include/llvm-libc-types/thrd_t.h
-- Installing: /var/db/repos/Local/tools/llvm-libc-probe/.prefix/include/llvm-libc-types/thrd_start_t.h
-- Installing: /var/db/repos/Local/tools/llvm-libc-probe/.prefix/include/llvm-libc-types/tss_t.h
-- Installing: /var/db/repos/Local/tools/llvm-libc-probe/.prefix/include/llvm-libc-types/tss_dtor_t.h
-- Installing: /var/db/repos/Local/tools/llvm-libc-probe/.prefix/include/llvm-libc-macros/time-macros.h
-- Installing: /var/db/repos/Local/tools/llvm-libc-probe/.prefix/include/llvm-libc-types/struct_tm.h
-- Installing: /var/db/repos/Local/tools/llvm-libc-probe/.prefix/include/llvm-libc-macros/linux/time-macros.h
-- Installing: /var/db/repos/Local/tools/llvm-libc-probe/.prefix/include/llvm-libc-types/mbstate_t.h
-- Installing: /var/db/repos/Local/tools/llvm-libc-probe/.prefix/include/llvm-libc-types/char8_t.h
-- Installing: /var/db/repos/Local/tools/llvm-libc-probe/.prefix/include/llvm-libc-types/char16_t.h
-- Installing: /var/db/repos/Local/tools/llvm-libc-probe/.prefix/include/llvm-libc-types/char32_t.h
-- Installing: /var/db/repos/Local/tools/llvm-libc-probe/.prefix/include/llvm-libc-macros/unistd-macros.h
-- Installing: /var/db/repos/Local/tools/llvm-libc-probe/.prefix/include/llvm-libc-types/__exec_argv_t.h
-- Installing: /var/db/repos/Local/tools/llvm-libc-probe/.prefix/include/llvm-libc-types/__exec_envp_t.h
-- Installing: /var/db/repos/Local/tools/llvm-libc-probe/.prefix/include/llvm-libc-types/__getoptargv_t.h
-- Installing: /var/db/repos/Local/tools/llvm-libc-probe/.prefix/include/llvm-libc-macros/linux/unistd-macros.h
-- Installing: /var/db/repos/Local/tools/llvm-libc-probe/.prefix/include/llvm-libc-macros/wchar-macros.h
-- Installing: /var/db/repos/Local/tools/llvm-libc-probe/.prefix/include/llvm-libc-types/wint_t.h
-- Installing: /var/db/repos/Local/tools/llvm-libc-probe/.prefix/include/llvm-libc-types/wchar_t.h
[5/7] Building CXX object libc/src/signal/linux/CMakeFiles/libc.src.signal.linux.raise.__internal__.dir/raise.cpp.o
[6/7] Building CXX object libc/src/stdio/generic/CMakeFiles/libc.src.stdio.generic.fprintf.__internal__.dir/fprintf.cpp.o
[7/7] cd /var/db/repos/Local/tools/llvm-libc-probe/.build/libc/lib && /usr/sbin/cmake -DCMAKE_INSTALL_COMPONENT=libc -P /var/db/repos/Local/tools/llvm-libc-probe/.build/cmake_install.cmake
-- Install configuration: "Release"
-- Installing: /var/db/repos/Local/tools/llvm-libc-probe/.prefix/lib/crt1.o
-- Installing: /var/db/repos/Local/tools/llvm-libc-probe/.prefix/lib/crti.o
-- Installing: /var/db/repos/Local/tools/llvm-libc-probe/.prefix/lib/crtn.o
-- Installing: /var/db/repos/Local/tools/llvm-libc-probe/.prefix/lib/libc.a
-- Installing: /var/db/repos/Local/tools/llvm-libc-probe/.prefix/lib/libm.a
[1;34m==>[0m linking kernel headers into the prefix
[1;34m==>[0m done. prefix contents:
    /var/db/repos/Local/tools/llvm-libc-probe/.prefix/include
    /var/db/repos/Local/tools/llvm-libc-probe/.prefix/include/arpa
    /var/db/repos/Local/tools/llvm-libc-probe/.prefix/include/netinet
    /var/db/repos/Local/tools/llvm-libc-probe/.prefix/include/sys
    /var/db/repos/Local/tools/llvm-libc-probe/.prefix/include/llvm-libc-types
    /var/db/repos/Local/tools/llvm-libc-probe/.prefix/include/llvm-libc-macros
    /var/db/repos/Local/tools/llvm-libc-probe/.prefix/include/mach-o
    /var/db/repos/Local/tools/llvm-libc-probe/.prefix/include/c++
    /var/db/repos/Local/tools/llvm-libc-probe/.prefix/lib
    /var/db/repos/Local/tools/llvm-libc-probe/.prefix/share
    /var/db/repos/Local/tools/llvm-libc-probe/.prefix/share/libc++

Now run:  ./run-probes.sh --libc=llvm --prefix=/var/db/repos/Local/tools/llvm-libc-probe/.prefix
