[1;34m==>[0m building the llvm-libc compatibility shim
    /var/db/repos/Local/tools/llvm-libc-probe/.prefix/lib/libllvmlibccompat.a
[1;34m==>[0m configuring libunwind + libcxxabi + libcxx against llvm-libc
[1;34m==>[0m   threads=external locale=OFF wide=OFF fs=OFF
-- Performing standalone runtimes build.
-- The C compiler identification is Clang 22.1.8
-- The CXX compiler identification is Clang 22.1.8
-- The ASM compiler identification is Clang with GNU-like command-line
-- Found assembler: /usr/lib/llvm/22/bin/clang
-- Detecting C compiler ABI info
-- Detecting C compiler ABI info - done
-- Check for working C compiler: /usr/lib/llvm/22/bin/clang - skipped
-- Detecting C compile features
-- Detecting C compile features - done
-- Detecting CXX compiler ABI info
-- Detecting CXX compiler ABI info - done
-- Check for working CXX compiler: /usr/lib/llvm/22/bin/clang++ - skipped
-- Detecting CXX compile features
-- Detecting CXX compile features - done
-- Could NOT find LLVM (missing: LLVM_DIR)
-- Could NOT find Clang (missing: Clang_DIR)
-- Performing Test CXX_SUPPORTS_UNWINDLIB_EQ_NONE_FLAG
-- Performing Test CXX_SUPPORTS_UNWINDLIB_EQ_NONE_FLAG - Success
-- Performing Test C_SUPPORTS_START_NO_UNUSED_ARGUMENTS
-- Performing Test C_SUPPORTS_START_NO_UNUSED_ARGUMENTS - Success
-- Performing Test CXX_SUPPORTS_NOSTDLIBXX_FLAG
-- Performing Test CXX_SUPPORTS_NOSTDLIBXX_FLAG - Success
-- Performing Test CXX_SUPPORTS_NOSTDINCXX_FLAG
-- Performing Test CXX_SUPPORTS_NOSTDINCXX_FLAG - Success
-- Linker detection: GNU ld
-- Performing Test LLVM_USES_LIBSTDCXX
-- Performing Test LLVM_USES_LIBSTDCXX - Failed
-- Performing Test LLVM_DEFAULT_TO_GLIBCXX_USE_CXX11_ABI
-- Performing Test LLVM_DEFAULT_TO_GLIBCXX_USE_CXX11_ABI - Failed
-- Performing Test SUPPORTS_FVISIBILITY_INLINES_HIDDEN_FLAG
-- Performing Test SUPPORTS_FVISIBILITY_INLINES_HIDDEN_FLAG - Success
-- Performing Test CXX_SUPPORTS_SUGGEST_OVERRIDE_FLAG
-- Performing Test CXX_SUPPORTS_SUGGEST_OVERRIDE_FLAG - Success
-- Performing Test CXX_WSUGGEST_OVERRIDE_ALLOWS_ONLY_FINAL
-- Performing Test CXX_WSUGGEST_OVERRIDE_ALLOWS_ONLY_FINAL - Success
-- Performing Test C_WCOMMENT_ALLOWS_LINE_WRAP
-- Performing Test C_WCOMMENT_ALLOWS_LINE_WRAP - Success
-- Performing Test C_SUPPORTS_MISLEADING_INDENTATION_FLAG
-- Performing Test C_SUPPORTS_MISLEADING_INDENTATION_FLAG - Success
-- Performing Test CXX_SUPPORTS_MISLEADING_INDENTATION_FLAG
-- Performing Test CXX_SUPPORTS_MISLEADING_INDENTATION_FLAG - Success
-- Performing Test C_SUPPORTS_CTAD_MAYBE_UNSPPORTED_FLAG
-- Performing Test C_SUPPORTS_CTAD_MAYBE_UNSPPORTED_FLAG - Success
-- Performing Test CXX_SUPPORTS_CTAD_MAYBE_UNSPPORTED_FLAG
-- Performing Test CXX_SUPPORTS_CTAD_MAYBE_UNSPPORTED_FLAG - Success
-- Performing Test LINKER_SUPPORTS_COLOR_DIAGNOSTICS
-- Performing Test LINKER_SUPPORTS_COLOR_DIAGNOSTICS - Failed
-- Looking for os_signpost_interval_begin
-- Looking for os_signpost_interval_begin - not found
-- Looking for flock
-- Looking for flock - not found
-- Found Python3: /usr/sbin/python3.14 (found version "3.14.7") found components: Interpreter
-- LLVM host triple: x86_64-unknown-linux-gnu
-- LLVM default target triple: x86_64-unknown-linux-gnu
-- Using libunwind testing configuration: /var/db/repos/Local/tools/llvm-libc-probe/.src/llvm-project/libunwind/test/configs/llvm-libunwind-static.cfg.in
-- Looking for __mips_hard_float
-- Looking for __mips_hard_float - not found
-- Looking for _ABIO32
-- Looking for _ABIO32 - not found
-- Looking for fopen in c
-- Looking for fopen in c - found
-- Performing Test C_SUPPORTS_COMMENT_LIB_PRAGMA
-- Performing Test C_SUPPORTS_COMMENT_LIB_PRAGMA - Success
-- Looking for __arm__
-- Looking for __arm__ - not found
-- Looking for __USING_SJLJ_EXCEPTIONS__
-- Looking for __USING_SJLJ_EXCEPTIONS__ - not found
-- Looking for __ARM_DWARF_EH__
-- Looking for __ARM_DWARF_EH__ - not found
-- Looking for dladdr in dl
-- Looking for dladdr in dl - found
-- Looking for pthread_once in pthread
-- Looking for pthread_once in pthread - found
-- Performing Test CXX_SUPPORTS_WERROR_EQ_RETURN_TYPE_FLAG
-- Performing Test CXX_SUPPORTS_WERROR_EQ_RETURN_TYPE_FLAG - Success
-- Performing Test CXX_SUPPORTS_FSTRICT_ALIASING_FLAG
-- Performing Test CXX_SUPPORTS_FSTRICT_ALIASING_FLAG - Success
-- Performing Test CXX_SUPPORTS_EHSC_FLAG
-- Performing Test CXX_SUPPORTS_EHSC_FLAG - Failed
-- Performing Test CXX_SUPPORTS_FUNWIND_TABLES_FLAG
-- Performing Test CXX_SUPPORTS_FUNWIND_TABLES_FLAG - Success
-- Performing Test CXX_SUPPORTS_FNO_EXCEPTIONS_FLAG
-- Performing Test CXX_SUPPORTS_FNO_EXCEPTIONS_FLAG - Success
-- Performing Test CXX_SUPPORTS_FNO_RTTI_FLAG
-- Performing Test CXX_SUPPORTS_FNO_RTTI_FLAG - Success
-- Looking for getauxval
-- Looking for getauxval - found
-- Looking for elf_aux_info
-- Looking for elf_aux_info - not found
-- Performing Test CXX_SUPPORTS_WALL_FLAG
-- Performing Test CXX_SUPPORTS_WALL_FLAG - Success
-- Performing Test CXX_SUPPORTS_WEXTRA_FLAG
-- Performing Test CXX_SUPPORTS_WEXTRA_FLAG - Success
-- Performing Test CXX_SUPPORTS_WNEWLINE_EOF_FLAG
-- Performing Test CXX_SUPPORTS_WNEWLINE_EOF_FLAG - Success
-- Performing Test CXX_SUPPORTS_WSHADOW_FLAG
-- Performing Test CXX_SUPPORTS_WSHADOW_FLAG - Success
-- Performing Test CXX_SUPPORTS_WWRITE_STRINGS_FLAG
-- Performing Test CXX_SUPPORTS_WWRITE_STRINGS_FLAG - Success
-- Performing Test CXX_SUPPORTS_WNO_UNUSED_PARAMETER_FLAG
-- Performing Test CXX_SUPPORTS_WNO_UNUSED_PARAMETER_FLAG - Success
-- Performing Test CXX_SUPPORTS_WNO_LONG_LONG_FLAG
-- Performing Test CXX_SUPPORTS_WNO_LONG_LONG_FLAG - Success
-- Performing Test CXX_SUPPORTS_WEXTRA_SEMI_FLAG
-- Performing Test CXX_SUPPORTS_WEXTRA_SEMI_FLAG - Success
-- Performing Test CXX_SUPPORTS_WUNDEF_FLAG
-- Performing Test CXX_SUPPORTS_WUNDEF_FLAG - Success
-- Performing Test CXX_SUPPORTS_WUNUSED_TEMPLATE_FLAG
-- Performing Test CXX_SUPPORTS_WUNUSED_TEMPLATE_FLAG - Success
-- Performing Test CXX_SUPPORTS_WFORMAT_NONLITERAL_FLAG
-- Performing Test CXX_SUPPORTS_WFORMAT_NONLITERAL_FLAG - Success
-- Performing Test CXX_SUPPORTS_WZERO_LENGTH_ARRAY_FLAG
-- Performing Test CXX_SUPPORTS_WZERO_LENGTH_ARRAY_FLAG - Success
-- Performing Test CXX_SUPPORTS_WDEPRECATED_REDUNDANT_CONSTEXPR_STATIC_DEF_FLAG
-- Performing Test CXX_SUPPORTS_WDEPRECATED_REDUNDANT_CONSTEXPR_STATIC_DEF_FLAG - Success
-- Performing Test CXX_SUPPORTS_WNO_NULLABILITY_COMPLETENESS_FLAG
-- Performing Test CXX_SUPPORTS_WNO_NULLABILITY_COMPLETENESS_FLAG - Success
-- Performing Test CXX_SUPPORTS_WMISSING_PROTOTYPES_FLAG
-- Performing Test CXX_SUPPORTS_WMISSING_PROTOTYPES_FLAG - Success
-- Performing Test CXX_SUPPORTS_WNO_USER_DEFINED_LITERALS_FLAG
-- Performing Test CXX_SUPPORTS_WNO_USER_DEFINED_LITERALS_FLAG - Success
-- Performing Test CXX_SUPPORTS_WNO_COVERED_SWITCH_DEFAULT_FLAG
-- Performing Test CXX_SUPPORTS_WNO_COVERED_SWITCH_DEFAULT_FLAG - Success
-- Performing Test CXX_SUPPORTS_WNO_SUGGEST_OVERRIDE_FLAG
-- Performing Test CXX_SUPPORTS_WNO_SUGGEST_OVERRIDE_FLAG - Success
-- Performing Test CXX_SUPPORTS_WNO_ERROR_FLAG
-- Performing Test CXX_SUPPORTS_WNO_ERROR_FLAG - Success
-- Performing Test CXX_SUPPORTS_PEDANTIC_FLAG
-- Performing Test CXX_SUPPORTS_PEDANTIC_FLAG - Success
-- Found Sphinx: /usr/sbin/sphinx-build
-- Using libc++abi testing configuration: /var/db/repos/Local/tools/llvm-libc-probe/.src/llvm-project/libcxxabi/test/configs/llvm-libc++abi-static.cfg.in
-- Looking for fopen in c
-- Looking for fopen in c - found
-- Looking for dladdr in dl
-- Looking for dladdr in dl - found
-- Looking for pthread_once in pthread
-- Looking for pthread_once in pthread - found
-- Looking for __cxa_thread_atexit_impl in c
-- Looking for __cxa_thread_atexit_impl in c - found
-- Performing Test C_SUPPORTS_FUNWIND_TABLES_FLAG
-- Performing Test C_SUPPORTS_FUNWIND_TABLES_FLAG - Success
-- Performing Test CXX_SUPPORTS_FSIZED_DEALLOCATION_FLAG
-- Performing Test CXX_SUPPORTS_FSIZED_DEALLOCATION_FLAG - Success
-- Using libc++ testing configuration: /var/db/repos/Local/tools/llvm-libc-probe/.src/llvm-project/libcxx/test/configs/llvm-libc++-static.cfg.in
-- Performing Test CXX_SUPPORTS_NOSTDLIBINC_FLAG
-- Performing Test CXX_SUPPORTS_NOSTDLIBINC_FLAG - Success
-- Performing Test CXX_SUPPORTS_NOLIBC_FLAG
-- Performing Test CXX_SUPPORTS_NOLIBC_FLAG - Success
-- Looking for __PICOLIBC__
-- Looking for __PICOLIBC__ - not found
-- Looking for pthread_create in pthread
-- Looking for pthread_create in pthread - found
-- Looking for clock_gettime in rt
-- Looking for clock_gettime in rt - found
-- Looking for __atomic_fetch_add_8 in atomic
-- Looking for __atomic_fetch_add_8 in atomic - found
-- Performing Test CXX_SUPPORTS_FDEBUG_PREFIX_MAP_EQ_/VAR/DB/REPOS/LOCAL/TOOLS/LLVM_LIBC_PROBE/.BUILD_CXX_EXT/INCLUDE/CXX/V1_EQ_/VAR/DB/REPOS/LOCAL/TOOLS/LLVM_LIBC_PROBE/.SRC/LLVM_PROJECT/LIBCXX/INCLUDE_FLAG
-- Performing Test CXX_SUPPORTS_FDEBUG_PREFIX_MAP_EQ_/VAR/DB/REPOS/LOCAL/TOOLS/LLVM_LIBC_PROBE/.BUILD_CXX_EXT/INCLUDE/CXX/V1_EQ_/VAR/DB/REPOS/LOCAL/TOOLS/LLVM_LIBC_PROBE/.SRC/LLVM_PROJECT/LIBCXX/INCLUDE_FLAG - Success
-- Performing Test CXX_SUPPORTS_FALIGNED_ALLOCATION_FLAG
-- Performing Test CXX_SUPPORTS_FALIGNED_ALLOCATION_FLAG - Success
-- Performing Test CXX_SUPPORTS_FVISIBILITY_INLINES_HIDDEN_FLAG
-- Performing Test CXX_SUPPORTS_FVISIBILITY_INLINES_HIDDEN_FLAG - Success
-- Performing Test CXX_SUPPORTS_FVISIBILITY_EQ_HIDDEN_FLAG
-- Performing Test CXX_SUPPORTS_FVISIBILITY_EQ_HIDDEN_FLAG - Success
-- Configuring done (8.1s)
-- Generating done (0.1s)
-- Build files have been written to: /var/db/repos/Local/tools/llvm-libc-probe/.build-cxx-ext
[1;34m==>[0m building
ninja: Entering directory `/var/db/repos/Local/tools/llvm-libc-probe/.build-cxx-ext'
[1/1881] Copying CXXABI header __cxxabi_config.h
[2/1881] Copying CXXABI header cxxabi.h
[3/1881] Copying CXX header __algorithm/adjacent_find.h
[4/1881] Copying CXX header __algorithm/all_of.h
[5/1881] Copying CXX header __algorithm/any_of.h
[6/1881] Copying CXX header __algorithm/binary_search.h
[7/1881] Copying CXX header __algorithm/clamp.h
[8/1881] Copying CXX header __algorithm/comp.h
[9/1881] Copying CXX header __algorithm/comp_ref_type.h
[10/1881] Copying CXX header __algorithm/copy.h
[11/1881] Copying CXX header __algorithm/copy_backward.h
[12/1881] Copying CXX header __algorithm/copy_if.h
[13/1881] Copying CXX header __algorithm/copy_n.h
[14/1881] Copying CXX header __algorithm/count_if.h
[15/1881] Copying CXX header __algorithm/copy_move_common.h
[16/1881] Copying CXX header __algorithm/count.h
[17/1881] Copying CXX header __algorithm/equal.h
[18/1881] Copying CXX header __algorithm/equal_range.h
[19/1881] Copying CXX header __algorithm/fill_n.h
[20/1881] Copying CXX header __algorithm/find.h
[21/1881] Copying CXX header __algorithm/find_end.h
[22/1881] Copying CXX header __algorithm/find_first_of.h
[23/1881] Copying CXX header __algorithm/find_if.h
[24/1881] Copying CXX header __algorithm/find_if_not.h
[25/1881] Copying CXX header __algorithm/find_segment_if.h
[26/1881] Copying CXX header __algorithm/for_each.h
[27/1881] Copying CXX header __algorithm/for_each_segment.h
[28/1881] Copying CXX header __algorithm/generate.h
[29/1881] Copying CXX header __algorithm/generate_n.h
[30/1881] Copying CXX header __algorithm/fill.h
[31/1881] Copying CXX header __algorithm/for_each_n.h
[32/1881] Copying CXX header __algorithm/for_each_n_segment.h
[33/1881] Copying CXX header __algorithm/in_found_result.h
[34/1881] Copying CXX header __algorithm/in_in_out_result.h
[35/1881] Copying CXX header __algorithm/in_in_result.h
[36/1881] Copying CXX header __algorithm/in_out_out_result.h
[37/1881] Copying CXX header __algorithm/in_out_result.h
[38/1881] Copying CXX header __algorithm/inplace_merge.h
[39/1881] Copying CXX header __algorithm/is_heap.h
[40/1881] Copying CXX header __algorithm/half_positive.h
[41/1881] Copying CXX header __algorithm/in_fun_result.h
[42/1881] Copying CXX header __algorithm/includes.h
[43/1881] Copying CXX header __algorithm/is_heap_until.h
[44/1881] Copying CXX header __algorithm/is_partitioned.h
[45/1881] Copying CXX header __algorithm/is_permutation.h
[46/1881] Copying CXX header __algorithm/is_sorted.h
[47/1881] Copying CXX header __algorithm/is_sorted_until.h
[48/1881] Copying CXX header __algorithm/iter_swap.h
[49/1881] Copying CXX header __algorithm/iterator_operations.h
[50/1881] Copying CXX header __algorithm/lexicographical_compare.h
[51/1881] Copying CXX header __algorithm/make_heap.h
[52/1881] Copying CXX header __algorithm/max_element.h
[53/1881] Copying CXX header __algorithm/min.h
[54/1881] Copying CXX header __algorithm/lower_bound.h
[55/1881] Copying CXX header __algorithm/max.h
[56/1881] Copying CXX header __algorithm/min_max_result.h
[57/1881] Copying CXX header __algorithm/lexicographical_compare_three_way.h
[58/1881] Copying CXX header __algorithm/make_projected.h
[59/1881] Copying CXX header __algorithm/min_element.h
[60/1881] Copying CXX header __algorithm/minmax.h
[61/1881] Copying CXX header __algorithm/minmax_element.h
[62/1881] Copying CXX header __algorithm/mismatch.h
[63/1881] Copying CXX header __algorithm/move.h
[64/1881] Copying CXX header __algorithm/move_backward.h
[65/1881] Copying CXX header __algorithm/next_permutation.h
[66/1881] Copying CXX header __algorithm/merge.h
[67/1881] Copying CXX header __algorithm/none_of.h
[68/1881] Copying CXX header __algorithm/nth_element.h
[69/1881] Copying CXX header __algorithm/out_value_result.h
[70/1881] Copying CXX header __algorithm/partial_sort.h
[71/1881] Copying CXX header __algorithm/partial_sort_copy.h
[72/1881] Copying CXX header __algorithm/partition.h
[73/1881] Copying CXX header __algorithm/partition_copy.h
[74/1881] Copying CXX header __algorithm/pop_heap.h
[75/1881] Copying CXX header __algorithm/prev_permutation.h
[76/1881] Copying CXX header __algorithm/partition_point.h
[77/1881] Copying CXX header __algorithm/pstl.h
[78/1881] Copying CXX header __algorithm/push_heap.h
[79/1881] Copying CXX header __algorithm/radix_sort.h
[80/1881] Copying CXX header __algorithm/ranges_adjacent_find.h
[81/1881] Copying CXX header __algorithm/ranges_all_of.h
[82/1881] Copying CXX header __algorithm/ranges_any_of.h
[83/1881] Copying CXX header __algorithm/ranges_binary_search.h
[84/1881] Copying CXX header __algorithm/ranges_clamp.h
[85/1881] Copying CXX header __algorithm/ranges_contains.h
[86/1881] Copying CXX header __algorithm/ranges_contains_subrange.h
[87/1881] Copying CXX header __algorithm/ranges_copy_backward.h
[88/1881] Copying CXX header __algorithm/ranges_copy.h
[89/1881] Copying CXX header __algorithm/ranges_copy_if.h
[90/1881] Copying CXX header __algorithm/ranges_count_if.h
[91/1881] Copying CXX header __algorithm/ranges_ends_with.h
[92/1881] Copying CXX header __algorithm/ranges_equal.h
[93/1881] Copying CXX header __algorithm/ranges_fill.h
[94/1881] Copying CXX header __algorithm/ranges_copy_n.h
[95/1881] Copying CXX header __algorithm/ranges_count.h
[96/1881] Copying CXX header __algorithm/ranges_equal_range.h
[97/1881] Copying CXX header __algorithm/ranges_find_end.h
[98/1881] Copying CXX header __algorithm/ranges_find_first_of.h
[99/1881] Copying CXX header __algorithm/ranges_find_if.h
[100/1881] Copying CXX header __algorithm/ranges_fill_n.h
[101/1881] Copying CXX header __algorithm/ranges_find.h
[102/1881] Copying CXX header __algorithm/ranges_find_if_not.h
[103/1881] Copying CXX header __algorithm/ranges_find_last.h
[104/1881] Copying CXX header __algorithm/ranges_fold.h
[105/1881] Copying CXX header __algorithm/ranges_for_each.h
[106/1881] Copying CXX header __algorithm/ranges_for_each_n.h
[107/1881] Copying CXX header __algorithm/ranges_generate.h
[108/1881] Copying CXX header __algorithm/ranges_generate_n.h
[109/1881] Copying CXX header __algorithm/ranges_includes.h
[110/1881] Copying CXX header __algorithm/ranges_inplace_merge.h
[111/1881] Copying CXX header __algorithm/ranges_is_heap.h
[112/1881] Copying CXX header __algorithm/ranges_is_heap_until.h
[113/1881] Copying CXX header __algorithm/ranges_is_partitioned.h
[114/1881] Copying CXX header __algorithm/ranges_is_permutation.h
[115/1881] Copying CXX header __algorithm/ranges_is_sorted.h
[116/1881] Copying CXX header __algorithm/ranges_iterator_concept.h
[117/1881] Copying CXX header __algorithm/ranges_is_sorted_until.h
[118/1881] Copying CXX header __algorithm/ranges_lower_bound.h
[119/1881] Copying CXX header __algorithm/ranges_make_heap.h
[120/1881] Copying CXX header __algorithm/ranges_max_element.h
[121/1881] Copying CXX header __algorithm/ranges_min.h
[122/1881] Copying CXX header __algorithm/ranges_min_element.h
[123/1881] Copying CXX header __algorithm/ranges_minmax.h
[124/1881] Copying CXX header __algorithm/ranges_minmax_element.h
[125/1881] Copying CXX header __algorithm/ranges_mismatch.h
[126/1881] Copying CXX header __algorithm/ranges_move.h
[127/1881] Copying CXX header __algorithm/ranges_lexicographical_compare.h
[128/1881] Copying CXX header __algorithm/ranges_max.h
[129/1881] Copying CXX header __algorithm/ranges_merge.h
[130/1881] Copying CXX header __algorithm/ranges_move_backward.h
[131/1881] Copying CXX header __algorithm/ranges_next_permutation.h
[132/1881] Copying CXX header __algorithm/ranges_none_of.h
[133/1881] Copying CXX header __algorithm/ranges_nth_element.h
[134/1881] Copying CXX header __algorithm/ranges_partial_sort.h
[135/1881] Copying CXX header __algorithm/ranges_partition_point.h
[136/1881] Copying CXX header __algorithm/ranges_pop_heap.h
[137/1881] Copying CXX header __algorithm/ranges_partial_sort_copy.h
[138/1881] Copying CXX header __algorithm/ranges_partition.h
[139/1881] Copying CXX header __algorithm/ranges_push_heap.h
[140/1881] Copying CXX header __algorithm/ranges_partition_copy.h
[141/1881] Copying CXX header __algorithm/ranges_remove.h
[142/1881] Copying CXX header __algorithm/ranges_remove_copy.h
[143/1881] Copying CXX header __algorithm/ranges_remove_if.h
[144/1881] Copying CXX header __algorithm/ranges_replace_copy.h
[145/1881] Copying CXX header __algorithm/ranges_prev_permutation.h
[146/1881] Copying CXX header __algorithm/ranges_remove_copy_if.h
[147/1881] Copying CXX header __algorithm/ranges_replace.h
[148/1881] Copying CXX header __algorithm/ranges_replace_copy_if.h
[149/1881] Copying CXX header __algorithm/ranges_rotate_copy.h
[150/1881] Copying CXX header __algorithm/ranges_sample.h
[151/1881] Copying CXX header __algorithm/ranges_replace_if.h
[152/1881] Copying CXX header __algorithm/ranges_rotate.h
[153/1881] Copying CXX header __algorithm/ranges_search.h
[154/1881] Copying CXX header __algorithm/ranges_search_n.h
[155/1881] Copying CXX header __algorithm/ranges_set_difference.h
[156/1881] Copying CXX header __algorithm/ranges_reverse.h
[157/1881] Copying CXX header __algorithm/ranges_reverse_copy.h
[158/1881] Copying CXX header __algorithm/ranges_set_intersection.h
[159/1881] Copying CXX header __algorithm/ranges_set_symmetric_difference.h
[160/1881] Copying CXX header __algorithm/ranges_set_union.h
[161/1881] Copying CXX header __algorithm/ranges_shuffle.h
[162/1881] Copying CXX header __algorithm/ranges_sort.h
[163/1881] Copying CXX header __algorithm/ranges_sort_heap.h
[164/1881] Copying CXX header __algorithm/ranges_stable_partition.h
[165/1881] Copying CXX header __algorithm/ranges_stable_sort.h
[166/1881] Copying CXX header __algorithm/ranges_starts_with.h
[167/1881] Copying CXX header __algorithm/ranges_swap_ranges.h
[168/1881] Copying CXX header __algorithm/ranges_unique.h
[169/1881] Copying CXX header __algorithm/ranges_unique_copy.h
[170/1881] Copying CXX header __algorithm/ranges_upper_bound.h
[171/1881] Copying CXX header __algorithm/remove.h
[172/1881] Copying CXX header __algorithm/remove_copy.h
[173/1881] Copying CXX header __algorithm/ranges_transform.h
[174/1881] Copying CXX header __algorithm/remove_copy_if.h
[175/1881] Copying CXX header __algorithm/remove_if.h
[176/1881] Copying CXX header __algorithm/replace.h
[177/1881] Copying CXX header __algorithm/replace_copy.h
[178/1881] Copying CXX header __algorithm/replace_if.h
[179/1881] Copying CXX header __algorithm/reverse.h
[180/1881] Copying CXX header __algorithm/replace_copy_if.h
[181/1881] Copying CXX header __algorithm/reverse_copy.h
[182/1881] Copying CXX header __algorithm/rotate.h
[183/1881] Copying CXX header __algorithm/rotate_copy.h
[184/1881] Copying CXX header __algorithm/sample.h
[185/1881] Copying CXX header __algorithm/search.h
[186/1881] Copying CXX header __algorithm/search_n.h
[187/1881] Copying CXX header __algorithm/set_intersection.h
[188/1881] Copying CXX header __algorithm/set_symmetric_difference.h
[189/1881] Copying CXX header __algorithm/set_difference.h
[190/1881] Copying CXX header __algorithm/set_union.h
[191/1881] Copying CXX header __algorithm/shift_left.h
[192/1881] Copying CXX header __algorithm/shift_right.h
[193/1881] Copying CXX header __algorithm/shuffle.h
[194/1881] Copying CXX header __algorithm/sift_down.h
[195/1881] Copying CXX header __algorithm/simd_utils.h
[196/1881] Copying CXX header __algorithm/sort.h
[197/1881] Copying CXX header __algorithm/sort_heap.h
[198/1881] Copying CXX header __algorithm/stable_partition.h
[199/1881] Copying CXX header __algorithm/stable_sort.h
[200/1881] Copying CXX header __algorithm/three_way_comp_ref_type.h
[201/1881] Copying CXX header __atomic/atomic.h
[202/1881] Copying CXX header __algorithm/specialized_algorithms.h
[203/1881] Copying CXX header __algorithm/transform.h
[204/1881] Copying CXX header __algorithm/uniform_random_bit_generator_adaptor.h
[205/1881] Copying CXX header __algorithm/unique.h
[206/1881] Copying CXX header __algorithm/unique_copy.h
[207/1881] Copying CXX header __algorithm/unwrap_iter.h
[208/1881] Copying CXX header __algorithm/upper_bound.h
[209/1881] Copying CXX header __assert
[210/1881] Copying CXX header __algorithm/swap_ranges.h
[211/1881] Copying CXX header __algorithm/unwrap_range.h
[212/1881] Copying CXX header __atomic/aliases.h
[213/1881] Copying CXX header __atomic/atomic_flag.h
[214/1881] Copying CXX header __atomic/atomic_init.h
[215/1881] Copying CXX header __atomic/atomic_lock_free.h
[216/1881] Copying CXX header __atomic/atomic_ref.h
[217/1881] Copying CXX header __atomic/atomic_sync.h
[218/1881] Copying CXX header __atomic/atomic_sync_timed.h
[219/1881] Copying CXX header __atomic/atomic_waitable_traits.h
[220/1881] Copying CXX header __atomic/check_memory_order.h
[221/1881] Copying CXX header __atomic/contention_t.h
[222/1881] Copying CXX header __atomic/fence.h
[223/1881] Copying CXX header __atomic/floating_point_helper.h
[224/1881] Copying CXX header __atomic/is_always_lock_free.h
[225/1881] Copying CXX header __atomic/memory_order.h
[226/1881] Copying CXX header __atomic/support.h
[227/1881] Copying CXX header __atomic/support/c11.h
[228/1881] Copying CXX header __atomic/to_gcc_order.h
[229/1881] Copying CXX header __atomic/kill_dependency.h
[230/1881] Copying CXX header __atomic/support/gcc.h
[231/1881] Copying CXX header __bit/bit_cast.h
[232/1881] Copying CXX header __bit/bit_ceil.h
[233/1881] Copying CXX header __bit/byteswap.h
[234/1881] Copying CXX header __bit/countl.h
[235/1881] Copying CXX header __bit/bit_floor.h
[236/1881] Copying CXX header __bit/bit_log2.h
[237/1881] Copying CXX header __bit/bit_width.h
[238/1881] Copying CXX header __bit/blsr.h
[239/1881] Copying CXX header __bit/countr.h
[240/1881] Copying CXX header __bit/has_single_bit.h
[241/1881] Copying CXX header __bit/endian.h
[242/1881] Copying CXX header __bit/invert_if.h
[243/1881] Copying CXX header __bit/popcount.h
[244/1881] Copying CXX header __bit/rotate.h
[245/1881] Copying CXX header __bit_reference
[246/1881] Copying CXX header __charconv/chars_format.h
[247/1881] Copying CXX header __charconv/from_chars_floating_point.h
[248/1881] Copying CXX header __charconv/from_chars_integral.h
[249/1881] Copying CXX header __charconv/from_chars_result.h
[250/1881] Copying CXX header __charconv/tables.h
[251/1881] Copying CXX header __charconv/to_chars.h
[252/1881] Copying CXX header __charconv/to_chars_base_10.h
[253/1881] Copying CXX header __charconv/to_chars_floating_point.h
[254/1881] Copying CXX header __charconv/traits.h
[255/1881] Copying CXX header __chrono/calendar.h
[256/1881] Copying CXX header __charconv/to_chars_integral.h
[257/1881] Copying CXX header __charconv/to_chars_result.h
[258/1881] Copying CXX header __chrono/concepts.h
[259/1881] Copying CXX header __chrono/convert_to_tm.h
[260/1881] Copying CXX header __chrono/convert_to_timespec.h
[261/1881] Copying CXX header __chrono/day.h
[262/1881] Copying CXX header __chrono/duration.h
[263/1881] Copying CXX header __chrono/exception.h
[264/1881] Copying CXX header __chrono/high_resolution_clock.h
[265/1881] Copying CXX header __chrono/is_clock.h
[266/1881] Copying CXX header __chrono/file_clock.h
[267/1881] Copying CXX header __chrono/formatter.h
[268/1881] Copying CXX header __chrono/gps_clock.h
[269/1881] Copying CXX header __chrono/hh_mm_ss.h
[270/1881] Copying CXX header __chrono/leap_second.h
[271/1881] Copying CXX header __chrono/local_info.h
[272/1881] Copying CXX header __chrono/literals.h
[273/1881] Copying CXX header __chrono/month.h
[274/1881] Copying CXX header __chrono/month_weekday.h
[275/1881] Copying CXX header __chrono/monthday.h
[276/1881] Copying CXX header __chrono/ostream.h
[277/1881] Copying CXX header __chrono/parser_std_format_spec.h
[278/1881] Copying CXX header __chrono/statically_widen.h
[279/1881] Copying CXX header __chrono/steady_clock.h
[280/1881] Copying CXX header __chrono/system_clock.h
[281/1881] Copying CXX header __chrono/time_point.h
[282/1881] Copying CXX header __chrono/time_zone.h
[283/1881] Copying CXX header __chrono/sys_info.h
[284/1881] Copying CXX header __chrono/tai_clock.h
[285/1881] Copying CXX header __chrono/time_zone_link.h
[286/1881] Copying CXX header __chrono/tzdb.h
[287/1881] Copying CXX header __chrono/tzdb_list.h
[288/1881] Copying CXX header __chrono/utc_clock.h
[289/1881] Copying CXX header __chrono/weekday.h
[290/1881] Copying CXX header __chrono/year.h
[291/1881] Copying CXX header __chrono/year_month.h
[292/1881] Copying CXX header __chrono/year_month_day.h
[293/1881] Copying CXX header __chrono/year_month_weekday.h
[294/1881] Copying CXX header __chrono/zoned_time.h
[295/1881] Copying CXX header __compare/common_comparison_category.h
[296/1881] Copying CXX header __compare/compare_partial_order_fallback.h
[297/1881] Copying CXX header __compare/compare_three_way.h
[298/1881] Copying CXX header __compare/compare_three_way_result.h
[299/1881] Copying CXX header __compare/compare_strong_order_fallback.h
[300/1881] Copying CXX header __compare/compare_weak_order_fallback.h
[301/1881] Copying CXX header __compare/is_eq.h
[302/1881] Copying CXX header __compare/ordering.h
[303/1881] Copying CXX header __compare/partial_order.h
[304/1881] Copying CXX header __compare/strong_order.h
[305/1881] Copying CXX header __compare/weak_order.h
[306/1881] Copying CXX header __compare/synth_three_way.h
[307/1881] Copying CXX header __compare/three_way_comparable.h
[308/1881] Copying CXX header __concepts/arithmetic.h
[309/1881] Copying CXX header __concepts/assignable.h
[310/1881] Copying CXX header __concepts/boolean_testable.h
[311/1881] Copying CXX header __concepts/class_or_enum.h
[312/1881] Copying CXX header __concepts/common_reference_with.h
[313/1881] Copying CXX header __concepts/common_with.h
[314/1881] Copying CXX header __concepts/constructible.h
[315/1881] Copying CXX header __concepts/comparison_common_type.h
[316/1881] Copying CXX header __concepts/convertible_to.h
[317/1881] Copying CXX header __concepts/copyable.h
[318/1881] Copying CXX header __concepts/derived_from.h
[319/1881] Copying CXX header __concepts/destructible.h
[320/1881] Copying CXX header __concepts/different_from.h
[321/1881] Copying CXX header __concepts/equality_comparable.h
[322/1881] Copying CXX header __concepts/invocable.h
[323/1881] Copying CXX header __concepts/movable.h
[324/1881] Copying CXX header __concepts/predicate.h
[325/1881] Copying CXX header __concepts/relation.h
[326/1881] Copying CXX header __concepts/same_as.h
[327/1881] Copying CXX header __concepts/semiregular.h
[328/1881] Copying CXX header __condition_variable/condition_variable.h
[329/1881] Copying CXX header __config
[330/1881] Copying CXX header __configuration/abi.h
[331/1881] Copying CXX header __concepts/regular.h
[332/1881] Copying CXX header __concepts/swappable.h
[333/1881] Copying CXX header __concepts/totally_ordered.h
[334/1881] Copying CXX header __configuration/availability.h
[335/1881] Copying CXX header __configuration/compiler.h
[336/1881] Copying CXX header __configuration/language.h
[337/1881] Copying CXX header __configuration/hardening.h
[338/1881] Copying CXX header __configuration/platform.h
[339/1881] Copying CXX header __coroutine/coroutine_handle.h
[340/1881] Copying CXX header __configuration/experimental.h
[341/1881] Copying CXX header __coroutine/trivial_awaitables.h
[342/1881] Copying CXX header __coroutine/coroutine_traits.h
[343/1881] Copying CXX header __coroutine/noop_coroutine_handle.h
[344/1881] Copying CXX header __cstddef/max_align_t.h
[345/1881] Copying CXX header __cstddef/ptrdiff_t.h
[346/1881] Copying CXX header __cxx03/__algorithm/comp.h
[347/1881] Copying CXX header __cxx03/__algorithm/comp_ref_type.h
[348/1881] Copying CXX header __cxx03/__algorithm/copy.h
[349/1881] Copying CXX header __cxx03/__algorithm/copy_backward.h
[350/1881] Copying CXX header __cxx03/__algorithm/copy_if.h
[351/1881] Copying CXX header __cstddef/byte.h
[352/1881] Copying CXX header __cstddef/nullptr_t.h
[353/1881] Copying CXX header __cstddef/size_t.h
[354/1881] Copying CXX header __cxx03/__algorithm/adjacent_find.h
[355/1881] Copying CXX header __cxx03/__algorithm/all_of.h
[356/1881] Copying CXX header __cxx03/__algorithm/any_of.h
[357/1881] Copying CXX header __cxx03/__algorithm/binary_search.h
[358/1881] Copying CXX header __cxx03/__algorithm/copy_move_common.h
[359/1881] Copying CXX header __cxx03/__algorithm/copy_n.h
[360/1881] Copying CXX header __cxx03/__algorithm/count.h
[361/1881] Copying CXX header __cxx03/__algorithm/count_if.h
[362/1881] Copying CXX header __cxx03/__algorithm/equal.h
[363/1881] Copying CXX header __cxx03/__algorithm/equal_range.h
[364/1881] Copying CXX header __cxx03/__algorithm/fill_n.h
[365/1881] Copying CXX header __cxx03/__algorithm/find.h
[366/1881] Copying CXX header __cxx03/__algorithm/find_end.h
[367/1881] Copying CXX header __cxx03/__algorithm/find_first_of.h
[368/1881] Copying CXX header __cxx03/__algorithm/fill.h
[369/1881] Copying CXX header __cxx03/__algorithm/find_if_not.h
[370/1881] Copying CXX header __cxx03/__algorithm/find_segment_if.h
[371/1881] Copying CXX header __cxx03/__algorithm/for_each_segment.h
[372/1881] Copying CXX header __cxx03/__algorithm/generate.h
[373/1881] Copying CXX header __cxx03/__algorithm/is_heap.h
[374/1881] Copying CXX header __cxx03/__algorithm/inplace_merge.h
[375/1881] Copying CXX header __cxx03/__algorithm/for_each.h
[376/1881] Copying CXX header __cxx03/__algorithm/half_positive.h
[377/1881] Copying CXX header __cxx03/__algorithm/find_if.h
[378/1881] Copying CXX header __cxx03/__algorithm/generate_n.h
[379/1881] Copying CXX header __cxx03/__algorithm/includes.h
[380/1881] Copying CXX header __cxx03/__algorithm/is_heap_until.h
[381/1881] Copying CXX header __cxx03/__algorithm/is_partitioned.h
[382/1881] Copying CXX header __cxx03/__algorithm/lexicographical_compare.h
[383/1881] Copying CXX header __cxx03/__algorithm/lower_bound.h
[384/1881] Copying CXX header __cxx03/__algorithm/make_heap.h
[385/1881] Copying CXX header __cxx03/__algorithm/is_sorted.h
[386/1881] Copying CXX header __cxx03/__algorithm/iter_swap.h
[387/1881] Copying CXX header __cxx03/__algorithm/iterator_operations.h
[388/1881] Copying CXX header __cxx03/__algorithm/max_element.h
[389/1881] Copying CXX header __cxx03/__algorithm/is_permutation.h
[390/1881] Copying CXX header __cxx03/__algorithm/make_projected.h
[391/1881] Copying CXX header __cxx03/__algorithm/max.h
[392/1881] Copying CXX header __cxx03/__algorithm/is_sorted_until.h
[393/1881] Copying CXX header __cxx03/__algorithm/min.h
[394/1881] Copying CXX header __cxx03/__algorithm/minmax_element.h
[395/1881] Copying CXX header __cxx03/__algorithm/move.h
[396/1881] Copying CXX header __cxx03/__algorithm/merge.h
[397/1881] Copying CXX header __cxx03/__algorithm/min_element.h
[398/1881] Copying CXX header __cxx03/__algorithm/minmax.h
[399/1881] Copying CXX header __cxx03/__algorithm/mismatch.h
[400/1881] Copying CXX header __cxx03/__algorithm/move_backward.h
[401/1881] Copying CXX header __cxx03/__algorithm/next_permutation.h
[402/1881] Copying CXX header __cxx03/__algorithm/none_of.h
[403/1881] Copying CXX header __cxx03/__algorithm/nth_element.h
[404/1881] Copying CXX header __cxx03/__algorithm/partial_sort.h
[405/1881] Copying CXX header __cxx03/__algorithm/partial_sort_copy.h
[406/1881] Copying CXX header __cxx03/__algorithm/partition.h
[407/1881] Copying CXX header __cxx03/__algorithm/partition_copy.h
[408/1881] Copying CXX header __cxx03/__algorithm/partition_point.h
[409/1881] Copying CXX header __cxx03/__algorithm/pop_heap.h
[410/1881] Copying CXX header __cxx03/__algorithm/prev_permutation.h
[411/1881] Copying CXX header __cxx03/__algorithm/push_heap.h
[412/1881] Copying CXX header __cxx03/__algorithm/remove.h
[413/1881] Copying CXX header __cxx03/__algorithm/remove_copy.h
[414/1881] Copying CXX header __cxx03/__algorithm/remove_copy_if.h
[415/1881] Copying CXX header __cxx03/__algorithm/remove_if.h
[416/1881] Copying CXX header __cxx03/__algorithm/replace_copy_if.h
[417/1881] Copying CXX header __cxx03/__algorithm/replace.h
[418/1881] Copying CXX header __cxx03/__algorithm/replace_copy.h
[419/1881] Copying CXX header __cxx03/__algorithm/replace_if.h
[420/1881] Copying CXX header __cxx03/__algorithm/reverse.h
[421/1881] Copying CXX header __cxx03/__algorithm/reverse_copy.h
[422/1881] Copying CXX header __cxx03/__algorithm/rotate.h
[423/1881] Copying CXX header __cxx03/__algorithm/rotate_copy.h
[424/1881] Copying CXX header __cxx03/__algorithm/search.h
[425/1881] Copying CXX header __cxx03/__algorithm/search_n.h
[426/1881] Copying CXX header __cxx03/__algorithm/set_difference.h
[427/1881] Copying CXX header __cxx03/__algorithm/set_intersection.h
[428/1881] Copying CXX header __cxx03/__algorithm/set_union.h
[429/1881] Copying CXX header __cxx03/__algorithm/sift_down.h
[430/1881] Copying CXX header __cxx03/__algorithm/simd_utils.h
[431/1881] Copying CXX header __cxx03/__algorithm/shuffle.h
[432/1881] Copying CXX header __cxx03/__algorithm/sort.h
[433/1881] Copying CXX header __cxx03/__algorithm/sort_heap.h
[434/1881] Copying CXX header __cxx03/__algorithm/set_symmetric_difference.h
[435/1881] Copying CXX header __cxx03/__algorithm/unique.h
[436/1881] Copying CXX header __cxx03/__algorithm/unique_copy.h
[437/1881] Copying CXX header __cxx03/__algorithm/stable_partition.h
[438/1881] Copying CXX header __cxx03/__algorithm/stable_sort.h
[439/1881] Copying CXX header __cxx03/__algorithm/swap_ranges.h
[440/1881] Copying CXX header __cxx03/__algorithm/three_way_comp_ref_type.h
[441/1881] Copying CXX header __cxx03/__algorithm/transform.h
[442/1881] Copying CXX header __cxx03/__algorithm/uniform_random_bit_generator_adaptor.h
[443/1881] Copying CXX header __cxx03/__algorithm/unwrap_iter.h
[444/1881] Copying CXX header __cxx03/__algorithm/unwrap_range.h
[445/1881] Copying CXX header __cxx03/__algorithm/upper_bound.h
[446/1881] Copying CXX header __cxx03/__assert
[447/1881] Copying CXX header __cxx03/__atomic/aliases.h
[448/1881] Copying CXX header __cxx03/__atomic/atomic.h
[449/1881] Copying CXX header __cxx03/__atomic/atomic_flag.h
[450/1881] Copying CXX header __cxx03/__atomic/atomic_init.h
[451/1881] Copying CXX header __cxx03/__atomic/atomic_sync.h
[452/1881] Copying CXX header __cxx03/__atomic/contention_t.h
[453/1881] Copying CXX header __cxx03/__atomic/cxx_atomic_impl.h
[454/1881] Copying CXX header __cxx03/__atomic/fence.h
[455/1881] Copying CXX header __cxx03/__atomic/atomic_base.h
[456/1881] Copying CXX header __cxx03/__atomic/atomic_lock_free.h
[457/1881] Copying CXX header __cxx03/__atomic/check_memory_order.h
[458/1881] Copying CXX header __cxx03/__atomic/is_always_lock_free.h
[459/1881] Copying CXX header __cxx03/__atomic/kill_dependency.h
[460/1881] Copying CXX header __cxx03/__atomic/memory_order.h
[461/1881] Copying CXX header __cxx03/__atomic/to_gcc_order.h
[462/1881] Copying CXX header __cxx03/__bit/blsr.h
[463/1881] Copying CXX header __cxx03/__bit/rotate.h
[464/1881] Copying CXX header __cxx03/__bit/countl.h
[465/1881] Copying CXX header __cxx03/__bit/countr.h
[466/1881] Copying CXX header __cxx03/__bit/popcount.h
[467/1881] Copying CXX header __cxx03/__chrono/high_resolution_clock.h
[468/1881] Copying CXX header __cxx03/__condition_variable/condition_variable.h
[469/1881] Copying CXX header __cxx03/__bit/invert_if.h
[470/1881] Copying CXX header __cxx03/__bit_reference
[471/1881] Copying CXX header __cxx03/__chrono/steady_clock.h
[472/1881] Copying CXX header __cxx03/__chrono/system_clock.h
[473/1881] Copying CXX header __cxx03/__chrono/convert_to_timespec.h
[474/1881] Copying CXX header __cxx03/__chrono/duration.h
[475/1881] Copying CXX header __cxx03/__chrono/time_point.h
[476/1881] Copying CXX header __cxx03/__configuration/abi.h
[477/1881] Copying CXX header __cxx03/__configuration/compiler.h
[478/1881] Copying CXX header __cxx03/__configuration/platform.h
[479/1881] Copying CXX header __cxx03/__debug_utils/strict_weak_ordering_check.h
[480/1881] Copying CXX header __cxx03/__config
[481/1881] Copying CXX header __cxx03/__configuration/availability.h
[482/1881] Copying CXX header __cxx03/__configuration/config_site_shim.h
[483/1881] Copying CXX header __cxx03/__configuration/language.h
[484/1881] Copying CXX header __cxx03/__debug_utils/randomize_range.h
[485/1881] Copying CXX header __cxx03/__debug_utils/sanitizers.h
[486/1881] Copying CXX header __cxx03/__exception/exception.h
[487/1881] Copying CXX header __cxx03/__exception/exception_ptr.h
[488/1881] Copying CXX header __cxx03/__exception/nested_exception.h
[489/1881] Copying CXX header __cxx03/__exception/operations.h
[490/1881] Copying CXX header __cxx03/__exception/terminate.h
[491/1881] Copying CXX header __cxx03/__functional/binary_function.h
[492/1881] Copying CXX header __cxx03/__functional/binary_negate.h
[493/1881] Copying CXX header __cxx03/__functional/binder1st.h
[494/1881] Copying CXX header __cxx03/__functional/binder2nd.h
[495/1881] Copying CXX header __cxx03/__functional/hash.h
[496/1881] Copying CXX header __cxx03/__functional/mem_fn.h
[497/1881] Copying CXX header __cxx03/__functional/bind.h
[498/1881] Copying CXX header __cxx03/__functional/identity.h
[499/1881] Copying CXX header __cxx03/__functional/mem_fun_ref.h
[500/1881] Copying CXX header __cxx03/__functional/operations.h
[501/1881] Copying CXX header __cxx03/__functional/pointer_to_binary_function.h
[502/1881] Copying CXX header __cxx03/__functional/pointer_to_unary_function.h
[503/1881] Copying CXX header __cxx03/__functional/reference_wrapper.h
[504/1881] Copying CXX header __cxx03/__functional/unary_function.h
[505/1881] Copying CXX header __cxx03/__functional/unary_negate.h
[506/1881] Copying CXX header __cxx03/__functional/weak_result_type.h
[507/1881] Copying CXX header __cxx03/__fwd/array.h
[508/1881] Copying CXX header __cxx03/__fwd/bit_reference.h
[509/1881] Copying CXX header __cxx03/__fwd/complex.h
[510/1881] Copying CXX header __cxx03/__fwd/deque.h
[511/1881] Copying CXX header __cxx03/__fwd/fstream.h
[512/1881] Copying CXX header __cxx03/__fwd/functional.h
[513/1881] Copying CXX header __cxx03/__fwd/ios.h
[514/1881] Copying CXX header __cxx03/__fwd/istream.h
[515/1881] Copying CXX header __cxx03/__fwd/memory.h
[516/1881] Copying CXX header __cxx03/__fwd/ostream.h
[517/1881] Copying CXX header __cxx03/__fwd/pair.h
[518/1881] Copying CXX header __cxx03/__fwd/queue.h
[519/1881] Copying CXX header __cxx03/__fwd/sstream.h
[520/1881] Copying CXX header __cxx03/__fwd/stack.h
[521/1881] Copying CXX header __cxx03/__fwd/streambuf.h
[522/1881] Copying CXX header __cxx03/__fwd/string.h
[523/1881] Copying CXX header __cxx03/__fwd/string_view.h
[524/1881] Copying CXX header __cxx03/__fwd/tuple.h
[525/1881] Copying CXX header __cxx03/__fwd/vector.h
[526/1881] Copying CXX header __cxx03/__hash_table
[527/1881] Copying CXX header __cxx03/__ios/fpos.h
[528/1881] Copying CXX header __cxx03/__iterator/advance.h
[529/1881] Copying CXX header __cxx03/__iterator/access.h
[530/1881] Copying CXX header __cxx03/__iterator/aliasing_iterator.h
[531/1881] Copying CXX header __cxx03/__iterator/back_insert_iterator.h
[532/1881] Copying CXX header __cxx03/__iterator/distance.h
[533/1881] Copying CXX header __cxx03/__iterator/bounded_iter.h
[534/1881] Copying CXX header __cxx03/__iterator/erase_if_container.h
[535/1881] Copying CXX header __cxx03/__iterator/front_insert_iterator.h
[536/1881] Copying CXX header __cxx03/__iterator/insert_iterator.h
[537/1881] Copying CXX header __cxx03/__iterator/istream_iterator.h
[538/1881] Copying CXX header __cxx03/__iterator/istreambuf_iterator.h
[539/1881] Copying CXX header __cxx03/__iterator/iterator.h
[540/1881] Copying CXX header __cxx03/__iterator/ostream_iterator.h
[541/1881] Copying CXX header __cxx03/__iterator/ostreambuf_iterator.h
[542/1881] Copying CXX header __cxx03/__iterator/iterator_traits.h
[543/1881] Copying CXX header __cxx03/__iterator/move_iterator.h
[544/1881] Copying CXX header __cxx03/__iterator/next.h
[545/1881] Copying CXX header __cxx03/__iterator/prev.h
[546/1881] Copying CXX header __cxx03/__iterator/reverse_iterator.h
[547/1881] Copying CXX header __cxx03/__iterator/segmented_iterator.h
[548/1881] Copying CXX header __cxx03/__iterator/wrap_iter.h
[549/1881] Copying CXX header __cxx03/__locale
[550/1881] Copying CXX header __cxx03/__locale_dir/locale_base_api/android.h
[551/1881] Copying CXX header __cxx03/__locale_dir/locale_base_api/bsd_locale_defaults.h
[552/1881] Copying CXX header __cxx03/__locale_dir/locale_base_api.h
[553/1881] Copying CXX header __cxx03/__locale_dir/locale_base_api/bsd_locale_fallbacks.h
[554/1881] Copying CXX header __cxx03/__locale_dir/locale_base_api/fuchsia.h
[555/1881] Copying CXX header __cxx03/__locale_dir/locale_base_api/ibm.h
[556/1881] Copying CXX header __cxx03/__locale_dir/locale_base_api/locale_guard.h
[557/1881] Copying CXX header __cxx03/__locale_dir/locale_base_api/newlib.h
[558/1881] Copying CXX header __cxx03/__locale_dir/locale_base_api/win32.h
[559/1881] Copying CXX header __cxx03/__locale_dir/locale_base_api/musl.h
[560/1881] Copying CXX header __cxx03/__locale_dir/locale_base_api/openbsd.h
[561/1881] Copying CXX header __cxx03/__math/abs.h
[562/1881] Copying CXX header __cxx03/__math/copysign.h
[563/1881] Copying CXX header __cxx03/__math/error_functions.h
[564/1881] Copying CXX header __cxx03/__math/exponential_functions.h
[565/1881] Copying CXX header __cxx03/__math/fdim.h
[566/1881] Copying CXX header __cxx03/__math/fma.h
[567/1881] Copying CXX header __cxx03/__math/gamma.h
[568/1881] Copying CXX header __cxx03/__math/hypot.h
[569/1881] Copying CXX header __cxx03/__math/hyperbolic_functions.h
[570/1881] Copying CXX header __cxx03/__math/inverse_hyperbolic_functions.h
[571/1881] Copying CXX header __cxx03/__math/inverse_trigonometric_functions.h
[572/1881] Copying CXX header __cxx03/__math/logarithms.h
[573/1881] Copying CXX header __cxx03/__math/modulo.h
[574/1881] Copying CXX header __cxx03/__math/min_max.h
[575/1881] Copying CXX header __cxx03/__math/remainder.h
[576/1881] Copying CXX header __cxx03/__math/roots.h
[577/1881] Copying CXX header __cxx03/__math/trigonometric_functions.h
[578/1881] Copying CXX header __cxx03/__memory/addressof.h
[579/1881] Copying CXX header __cxx03/__memory/align.h
[580/1881] Copying CXX header __cxx03/__math/rounding_functions.h
[581/1881] Copying CXX header __cxx03/__math/traits.h
[582/1881] Copying CXX header __cxx03/__mbstate_t.h
[583/1881] Copying CXX header __cxx03/__memory/aligned_alloc.h
[584/1881] Copying CXX header __cxx03/__memory/allocate_at_least.h
[585/1881] Copying CXX header __cxx03/__memory/allocation_guard.h
[586/1881] Copying CXX header __cxx03/__memory/allocator.h
[587/1881] Copying CXX header __cxx03/__memory/allocator_arg_t.h
[588/1881] Copying CXX header __cxx03/__memory/allocator_destructor.h
[589/1881] Copying CXX header __cxx03/__memory/allocator_traits.h
[590/1881] Copying CXX header __cxx03/__memory/auto_ptr.h
[591/1881] Copying CXX header __cxx03/__memory/shared_ptr.h
[592/1881] Copying CXX header __cxx03/__memory/temporary_buffer.h
[593/1881] Copying CXX header __cxx03/__memory/uninitialized_algorithms.h
[594/1881] Copying CXX header __cxx03/__memory/assume_aligned.h
[595/1881] Copying CXX header __cxx03/__memory/builtin_new_allocator.h
[596/1881] Copying CXX header __cxx03/__memory/compressed_pair.h
[597/1881] Copying CXX header __cxx03/__memory/construct_at.h
[598/1881] Copying CXX header __cxx03/__memory/raw_storage_iterator.h
[599/1881] Copying CXX header __cxx03/__memory/unique_ptr.h
[600/1881] Copying CXX header __cxx03/__memory/destruct_n.h
[601/1881] Copying CXX header __cxx03/__memory/pointer_traits.h
[602/1881] Copying CXX header __cxx03/__memory/swap_allocator.h
[603/1881] Copying CXX header __cxx03/__memory/temp_value.h
[604/1881] Copying CXX header __cxx03/__memory/uses_allocator.h
[605/1881] Copying CXX header __cxx03/__memory/voidify.h
[606/1881] Copying CXX header __cxx03/__mutex/lock_guard.h
[607/1881] Copying CXX header __cxx03/__numeric/accumulate.h
[608/1881] Copying CXX header __cxx03/__mutex/mutex.h
[609/1881] Copying CXX header __cxx03/__mutex/once_flag.h
[610/1881] Copying CXX header __cxx03/__mutex/tag_types.h
[611/1881] Copying CXX header __cxx03/__mutex/unique_lock.h
[612/1881] Copying CXX header __cxx03/__numeric/adjacent_difference.h
[613/1881] Copying CXX header __cxx03/__numeric/inner_product.h
[614/1881] Copying CXX header __cxx03/__numeric/iota.h
[615/1881] Copying CXX header __cxx03/__numeric/partial_sum.h
[616/1881] Copying CXX header __cxx03/__ostream/basic_ostream.h
[617/1881] Copying CXX header __cxx03/__random/bernoulli_distribution.h
[618/1881] Copying CXX header __cxx03/__random/binomial_distribution.h
[619/1881] Copying CXX header __cxx03/__random/cauchy_distribution.h
[620/1881] Copying CXX header __cxx03/__random/chi_squared_distribution.h
[621/1881] Copying CXX header __cxx03/__random/gamma_distribution.h
[622/1881] Copying CXX header __cxx03/__random/clamp_to_integral.h
[623/1881] Copying CXX header __cxx03/__random/default_random_engine.h
[624/1881] Copying CXX header __cxx03/__random/discard_block_engine.h
[625/1881] Copying CXX header __cxx03/__random/discrete_distribution.h
[626/1881] Copying CXX header __cxx03/__random/extreme_value_distribution.h
[627/1881] Copying CXX header __cxx03/__random/fisher_f_distribution.h
[628/1881] Copying CXX header __cxx03/__random/generate_canonical.h
[629/1881] Copying CXX header __cxx03/__random/geometric_distribution.h
[630/1881] Copying CXX header __cxx03/__random/is_seed_sequence.h
[631/1881] Copying CXX header __cxx03/__random/exponential_distribution.h
[632/1881] Copying CXX header __cxx03/__random/independent_bits_engine.h
[633/1881] Copying CXX header __cxx03/__random/is_valid.h
[634/1881] Copying CXX header __cxx03/__random/knuth_b.h
[635/1881] Copying CXX header __cxx03/__random/linear_congruential_engine.h
[636/1881] Copying CXX header __cxx03/__random/log2.h
[637/1881] Copying CXX header __cxx03/__random/lognormal_distribution.h
[638/1881] Copying CXX header __cxx03/__random/mersenne_twister_engine.h
[639/1881] Copying CXX header __cxx03/__random/negative_binomial_distribution.h
[640/1881] Copying CXX header __cxx03/__random/normal_distribution.h
[641/1881] Copying CXX header __cxx03/__random/piecewise_constant_distribution.h
[642/1881] Copying CXX header __cxx03/__random/piecewise_linear_distribution.h
[643/1881] Copying CXX header __cxx03/__random/poisson_distribution.h
[644/1881] Copying CXX header __cxx03/__random/shuffle_order_engine.h
[645/1881] Copying CXX header __cxx03/__random/subtract_with_carry_engine.h
[646/1881] Copying CXX header __cxx03/__random/random_device.h
[647/1881] Copying CXX header __cxx03/__random/ranlux.h
[648/1881] Copying CXX header __cxx03/__random/seed_seq.h
[649/1881] Copying CXX header __cxx03/__random/student_t_distribution.h
[650/1881] Copying CXX header __cxx03/__random/uniform_int_distribution.h
[651/1881] Copying CXX header __cxx03/__random/uniform_real_distribution.h
[652/1881] Copying CXX header __cxx03/__split_buffer
[653/1881] Copying CXX header __cxx03/__string/constexpr_c_functions.h
[654/1881] Copying CXX header __cxx03/__string/extern_template_lists.h
[655/1881] Copying CXX header __cxx03/__random/weibull_distribution.h
[656/1881] Copying CXX header __cxx03/__std_clang_module
[657/1881] Copying CXX header __cxx03/__std_mbstate_t.h
[658/1881] Copying CXX header __cxx03/__string/char_traits.h
[659/1881] Copying CXX header __cxx03/__support/ibm/gettod_zos.h
[660/1881] Copying CXX header __cxx03/__support/ibm/nanosleep.h
[661/1881] Copying CXX header __cxx03/__support/xlocale/__nop_locale_mgmt.h
[662/1881] Copying CXX header __cxx03/__support/ibm/locale_mgmt_zos.h
[663/1881] Copying CXX header __cxx03/__support/xlocale/__posix_l_fallback.h
[664/1881] Copying CXX header __cxx03/__support/xlocale/__strtonum_fallback.h
[665/1881] Copying CXX header __cxx03/__system_error/errc.h
[666/1881] Copying CXX header __cxx03/__system_error/error_category.h
[667/1881] Copying CXX header __cxx03/__system_error/error_code.h
[668/1881] Copying CXX header __cxx03/__system_error/error_condition.h
[669/1881] Copying CXX header __cxx03/__system_error/system_error.h
[670/1881] Copying CXX header __cxx03/__thread/id.h
[671/1881] Copying CXX header __cxx03/__thread/poll_with_backoff.h
[672/1881] Copying CXX header __cxx03/__thread/support.h
[673/1881] Copying CXX header __cxx03/__thread/support/external.h
[674/1881] Copying CXX header __cxx03/__thread/this_thread.h
[675/1881] Copying CXX header __cxx03/__thread/support/c11.h
[676/1881] Copying CXX header __cxx03/__thread/support/pthread.h
[677/1881] Copying CXX header __cxx03/__thread/support/windows.h
[678/1881] Copying CXX header __cxx03/__thread/thread.h
[679/1881] Copying CXX header __cxx03/__thread/timed_backoff_policy.h
[680/1881] Copying CXX header __cxx03/__tree
[681/1881] Copying CXX header __cxx03/__tuple/make_tuple_types.h
[682/1881] Copying CXX header __cxx03/__tuple/tuple_element.h
[683/1881] Copying CXX header __cxx03/__tuple/tuple_indices.h
[684/1881] Copying CXX header __cxx03/__tuple/find_index.h
[685/1881] Copying CXX header __cxx03/__tuple/sfinae_helpers.h
[686/1881] Copying CXX header __cxx03/__tuple/tuple_like.h
[687/1881] Copying CXX header __cxx03/__tuple/tuple_like_ext.h
[688/1881] Copying CXX header __cxx03/__tuple/tuple_size.h
[689/1881] Copying CXX header __cxx03/__tuple/tuple_types.h
[690/1881] Copying CXX header __cxx03/__type_traits/add_const.h
[691/1881] Copying CXX header __cxx03/__type_traits/add_cv.h
[692/1881] Copying CXX header __cxx03/__tuple/tuple_like_no_subrange.h
[693/1881] Copying CXX header __cxx03/__type_traits/add_lvalue_reference.h
[694/1881] Copying CXX header __cxx03/__type_traits/add_pointer.h
[695/1881] Copying CXX header __cxx03/__type_traits/add_rvalue_reference.h
[696/1881] Copying CXX header __cxx03/__type_traits/add_volatile.h
[697/1881] Copying CXX header __cxx03/__type_traits/aligned_storage.h
[698/1881] Copying CXX header __cxx03/__type_traits/aligned_union.h
[699/1881] Copying CXX header __cxx03/__type_traits/alignment_of.h
[700/1881] Copying CXX header __cxx03/__type_traits/can_extract_key.h
[701/1881] Copying CXX header __cxx03/__type_traits/common_type.h
[702/1881] Copying CXX header __cxx03/__type_traits/conditional.h
[703/1881] Copying CXX header __cxx03/__type_traits/conjunction.h
[704/1881] Copying CXX header __cxx03/__type_traits/copy_cv.h
[705/1881] Copying CXX header __cxx03/__type_traits/decay.h
[706/1881] Copying CXX header __cxx03/__type_traits/datasizeof.h
[707/1881] Copying CXX header __cxx03/__type_traits/dependent_type.h
[708/1881] Copying CXX header __cxx03/__type_traits/desugars_to.h
[709/1881] Copying CXX header __cxx03/__type_traits/extent.h
[710/1881] Copying CXX header __cxx03/__type_traits/copy_cvref.h
[711/1881] Copying CXX header __cxx03/__type_traits/disjunction.h
[712/1881] Copying CXX header __cxx03/__type_traits/enable_if.h
[713/1881] Copying CXX header __cxx03/__type_traits/has_virtual_destructor.h
[714/1881] Copying CXX header __cxx03/__type_traits/integral_constant.h
[715/1881] Copying CXX header __cxx03/__type_traits/invoke.h
[716/1881] Copying CXX header __cxx03/__type_traits/is_abstract.h
[717/1881] Copying CXX header __cxx03/__type_traits/is_allocator.h
[718/1881] Copying CXX header __cxx03/__type_traits/is_always_bitcastable.h
[719/1881] Copying CXX header __cxx03/__type_traits/is_arithmetic.h
[720/1881] Copying CXX header __cxx03/__type_traits/is_array.h
[721/1881] Copying CXX header __cxx03/__type_traits/is_assignable.h
[722/1881] Copying CXX header __cxx03/__type_traits/is_base_of.h
[723/1881] Copying CXX header __cxx03/__type_traits/is_bounded_array.h
[724/1881] Copying CXX header __cxx03/__type_traits/is_callable.h
[725/1881] Copying CXX header __cxx03/__type_traits/is_char_like_type.h
[726/1881] Copying CXX header __cxx03/__type_traits/is_class.h
[727/1881] Copying CXX header __cxx03/__type_traits/is_compound.h
[728/1881] Copying CXX header __cxx03/__type_traits/is_const.h
[729/1881] Copying CXX header __cxx03/__type_traits/is_constant_evaluated.h
[730/1881] Copying CXX header __cxx03/__type_traits/is_constructible.h
[731/1881] Copying CXX header __cxx03/__type_traits/is_convertible.h
[732/1881] Copying CXX header __cxx03/__type_traits/is_core_convertible.h
[733/1881] Copying CXX header __cxx03/__type_traits/is_destructible.h
[734/1881] Copying CXX header __cxx03/__type_traits/is_empty.h
[735/1881] Copying CXX header __cxx03/__type_traits/is_enum.h
[736/1881] Copying CXX header __cxx03/__type_traits/is_equality_comparable.h
[737/1881] Copying CXX header __cxx03/__type_traits/is_execution_policy.h
[738/1881] Copying CXX header __cxx03/__type_traits/is_final.h
[739/1881] Copying CXX header __cxx03/__type_traits/is_floating_point.h
[740/1881] Copying CXX header __cxx03/__type_traits/is_function.h
[741/1881] Copying CXX header __cxx03/__type_traits/is_implicitly_default_constructible.h
[742/1881] Copying CXX header __cxx03/__type_traits/is_fundamental.h
[743/1881] Copying CXX header __cxx03/__type_traits/is_integral.h
[744/1881] Copying CXX header __cxx03/__type_traits/is_literal_type.h
[745/1881] Copying CXX header __cxx03/__type_traits/is_member_pointer.h
[746/1881] Copying CXX header __cxx03/__type_traits/is_nothrow_assignable.h
[747/1881] Copying CXX header __cxx03/__type_traits/is_nothrow_constructible.h
[748/1881] Copying CXX header __cxx03/__type_traits/is_nothrow_destructible.h
[749/1881] Copying CXX header __cxx03/__type_traits/is_object.h
[750/1881] Copying CXX header __cxx03/__type_traits/is_null_pointer.h
[751/1881] Copying CXX header __cxx03/__type_traits/is_pod.h
[752/1881] Copying CXX header __cxx03/__type_traits/is_polymorphic.h
[753/1881] Copying CXX header __cxx03/__type_traits/is_primary_template.h
[754/1881] Copying CXX header __cxx03/__type_traits/is_reference.h
[755/1881] Copying CXX header __cxx03/__type_traits/is_reference_wrapper.h
[756/1881] Copying CXX header __cxx03/__type_traits/is_referenceable.h
[757/1881] Copying CXX header __cxx03/__type_traits/is_same.h
[758/1881] Copying CXX header __cxx03/__type_traits/is_signed.h
[759/1881] Copying CXX header __cxx03/__type_traits/is_pointer.h
[760/1881] Copying CXX header __cxx03/__type_traits/is_scalar.h
[761/1881] Copying CXX header __cxx03/__type_traits/is_signed_integer.h
[762/1881] Copying CXX header __cxx03/__type_traits/is_specialization.h
[763/1881] Copying CXX header __cxx03/__type_traits/is_standard_layout.h
[764/1881] Copying CXX header __cxx03/__type_traits/is_swappable.h
[765/1881] Copying CXX header __cxx03/__type_traits/is_trivially_constructible.h
[766/1881] Copying CXX header __cxx03/__type_traits/is_trivially_copyable.h
[767/1881] Copying CXX header __cxx03/__type_traits/is_trivial.h
[768/1881] Copying CXX header __cxx03/__type_traits/is_trivially_assignable.h
[769/1881] Copying CXX header __cxx03/__type_traits/is_trivially_destructible.h
[770/1881] Copying CXX header __cxx03/__type_traits/is_trivially_lexicographically_comparable.h
[771/1881] Copying CXX header __cxx03/__type_traits/is_trivially_relocatable.h
[772/1881] Copying CXX header __cxx03/__type_traits/is_union.h
[773/1881] Copying CXX header __cxx03/__type_traits/is_unsigned.h
[774/1881] Copying CXX header __cxx03/__type_traits/is_unsigned_integer.h
[775/1881] Copying CXX header __cxx03/__type_traits/is_unbounded_array.h
[776/1881] Copying CXX header __cxx03/__type_traits/is_valid_expansion.h
[777/1881] Copying CXX header __cxx03/__type_traits/is_void.h
[778/1881] Copying CXX header __cxx03/__type_traits/is_volatile.h
[779/1881] Copying CXX header __cxx03/__type_traits/lazy.h
[780/1881] Copying CXX header __cxx03/__type_traits/make_32_64_or_128_bit.h
[781/1881] Copying CXX header __cxx03/__type_traits/make_const_lvalue_ref.h
[782/1881] Copying CXX header __cxx03/__type_traits/make_signed.h
[783/1881] Copying CXX header __cxx03/__type_traits/maybe_const.h
[784/1881] Copying CXX header __cxx03/__type_traits/nat.h
[785/1881] Copying CXX header __cxx03/__type_traits/noexcept_move_assign_container.h
[786/1881] Copying CXX header __cxx03/__type_traits/rank.h
[787/1881] Copying CXX header __cxx03/__type_traits/make_unsigned.h
[788/1881] Copying CXX header __cxx03/__type_traits/negation.h
[789/1881] Copying CXX header __cxx03/__type_traits/promote.h
[790/1881] Copying CXX header __cxx03/__type_traits/remove_all_extents.h
[791/1881] Copying CXX header __cxx03/__type_traits/remove_const.h
[792/1881] Copying CXX header __cxx03/__type_traits/remove_const_ref.h
[793/1881] Copying CXX header __cxx03/__type_traits/remove_cvref.h
[794/1881] Copying CXX header __cxx03/__type_traits/remove_extent.h
[795/1881] Copying CXX header __cxx03/__type_traits/remove_cv.h
[796/1881] Copying CXX header __cxx03/__type_traits/remove_reference.h
[797/1881] Copying CXX header __cxx03/__type_traits/remove_volatile.h
[798/1881] Copying CXX header __cxx03/__type_traits/result_of.h
[799/1881] Copying CXX header __cxx03/__type_traits/strip_signature.h
[800/1881] Copying CXX header __cxx03/__type_traits/type_list.h
[801/1881] Copying CXX header __cxx03/__type_traits/void_t.h
[802/1881] Copying CXX header __cxx03/__utility/auto_cast.h
[803/1881] Copying CXX header __cxx03/__utility/exception_guard.h
[804/1881] Copying CXX header __cxx03/__utility/forward.h
[805/1881] Copying CXX header __cxx03/__type_traits/remove_pointer.h
[806/1881] Copying CXX header __cxx03/__type_traits/type_identity.h
[807/1881] Copying CXX header __cxx03/__type_traits/underlying_type.h
[808/1881] Copying CXX header __cxx03/__type_traits/unwrap_ref.h
[809/1881] Copying CXX header __cxx03/__undef_macros
[810/1881] Copying CXX header __cxx03/__utility/as_lvalue.h
[811/1881] Copying CXX header __cxx03/__utility/declval.h
[812/1881] Copying CXX header __cxx03/__utility/convert_to_integral.h
[813/1881] Copying CXX header __cxx03/__utility/empty.h
[814/1881] Copying CXX header __cxx03/__utility/is_pointer_in_range.h
[815/1881] Copying CXX header __cxx03/__utility/is_valid_range.h
[816/1881] Copying CXX header __cxx03/__utility/move.h
[817/1881] Copying CXX header __cxx03/__utility/no_destroy.h
[818/1881] Copying CXX header __cxx03/__utility/pair.h
[819/1881] Copying CXX header __cxx03/__utility/piecewise_construct.h
[820/1881] Copying CXX header __cxx03/__utility/priority_tag.h
[821/1881] Copying CXX header __cxx03/__utility/integer_sequence.h
[822/1881] Copying CXX header __cxx03/__utility/private_constructor_tag.h
[823/1881] Copying CXX header __cxx03/__utility/rel_ops.h
[824/1881] Copying CXX header __cxx03/__utility/small_buffer.h
[825/1881] Copying CXX header __cxx03/__utility/swap.h
[826/1881] Copying CXX header __cxx03/__variant/monostate.h
[827/1881] Copying CXX header __cxx03/__verbose_trap
[828/1881] Copying CXX header __cxx03/__utility/unreachable.h
[829/1881] Copying CXX header __cxx03/__verbose_abort
[830/1881] Copying CXX header __cxx03/algorithm
[831/1881] Copying CXX header __cxx03/array
[832/1881] Copying CXX header __cxx03/atomic
[833/1881] Copying CXX header __cxx03/bitset
[834/1881] Copying CXX header __cxx03/cassert
[835/1881] Copying CXX header __cxx03/ccomplex
[836/1881] Copying CXX header __cxx03/cctype
[837/1881] Copying CXX header __cxx03/cerrno
[838/1881] Copying CXX header __cxx03/cfenv
[839/1881] Copying CXX header __cxx03/cfloat
[840/1881] Copying CXX header __cxx03/chrono
[841/1881] Copying CXX header __cxx03/ciso646
[842/1881] Copying CXX header __cxx03/clocale
[843/1881] Copying CXX header __cxx03/cinttypes
[844/1881] Copying CXX header __cxx03/climits
[845/1881] Copying CXX header __cxx03/cmath
[846/1881] Copying CXX header __cxx03/complex
[847/1881] Copying CXX header __cxx03/ctgmath
[848/1881] Copying CXX header __cxx03/codecvt
[849/1881] Copying CXX header __cxx03/cstdbool
[850/1881] Copying CXX header __cxx03/condition_variable
[851/1881] Copying CXX header __cxx03/csetjmp
[852/1881] Copying CXX header __cxx03/csignal
[853/1881] Copying CXX header __cxx03/cstdarg
[854/1881] Copying CXX header __cxx03/cstdint
[855/1881] Copying CXX header __cxx03/cstdlib
[856/1881] Copying CXX header __cxx03/cstring
[857/1881] Copying CXX header __cxx03/cwchar
[858/1881] Copying CXX header __cxx03/cstddef
[859/1881] Copying CXX header __cxx03/cstdio
[860/1881] Copying CXX header __cxx03/ctime
[861/1881] Copying CXX header __cxx03/cuchar
[862/1881] Copying CXX header __cxx03/cwctype
[863/1881] Copying CXX header __cxx03/deque
[864/1881] Copying CXX header __cxx03/exception
[865/1881] Copying CXX header __cxx03/ext/hash_map
[866/1881] Copying CXX header __cxx03/ext/hash_set
[867/1881] Copying CXX header __cxx03/experimental/__config
[868/1881] Copying CXX header __cxx03/experimental/utility
[869/1881] Copying CXX header __cxx03/ext/__hash
[870/1881] Copying CXX header __cxx03/forward_list
[871/1881] Copying CXX header __cxx03/fstream
[872/1881] Copying CXX header __cxx03/functional
[873/1881] Copying CXX header __cxx03/future
[874/1881] Copying CXX header __cxx03/iomanip
[875/1881] Copying CXX header __cxx03/ios
[876/1881] Copying CXX header __cxx03/iosfwd
[877/1881] Copying CXX header __cxx03/iostream
[878/1881] Copying CXX header __cxx03/istream
[879/1881] Copying CXX header __cxx03/iterator
[880/1881] Copying CXX header __cxx03/limits
[881/1881] Copying CXX header __cxx03/list
[882/1881] Copying CXX header __cxx03/locale
[883/1881] Copying CXX header __cxx03/locale.h
[884/1881] Copying CXX header __cxx03/map
[885/1881] Copying CXX header __cxx03/math.h
[886/1881] Copying CXX header __cxx03/memory
[887/1881] Copying CXX header __cxx03/module.modulemap
[888/1881] Copying CXX header __cxx03/new
[889/1881] Copying CXX header __cxx03/mutex
[890/1881] Copying CXX header __cxx03/numeric
[891/1881] Copying CXX header __cxx03/queue
[892/1881] Copying CXX header __cxx03/ratio
[893/1881] Copying CXX header __cxx03/regex
[894/1881] Copying CXX header __cxx03/ostream
[895/1881] Copying CXX header __cxx03/random
[896/1881] Copying CXX header __cxx03/sstream
[897/1881] Copying CXX header __cxx03/stack
[898/1881] Copying CXX header __cxx03/stdatomic.h
[899/1881] Copying CXX header __cxx03/stdexcept
[900/1881] Copying CXX header __cxx03/stdlib.h
[901/1881] Copying CXX header __cxx03/set
[902/1881] Copying CXX header __cxx03/stdint.h
[903/1881] Copying CXX header __cxx03/streambuf
[904/1881] Copying CXX header __cxx03/string_view
[905/1881] Copying CXX header __cxx03/string
[906/1881] Copying CXX header __cxx03/strstream
[907/1881] Copying CXX header __cxx03/system_error
[908/1881] Copying CXX header __cxx03/type_traits
[909/1881] Copying CXX header __cxx03/string.h
[910/1881] Copying CXX header __cxx03/uchar.h
[911/1881] Copying CXX header __cxx03/unordered_map
[912/1881] Copying CXX header __cxx03/utility
[913/1881] Copying CXX header __cxx03/thread
[914/1881] Copying CXX header __cxx03/unordered_set
[915/1881] Copying CXX header __cxx03/version
[916/1881] Copying CXX header __cxx03/typeindex
[917/1881] Copying CXX header __cxx03/valarray
[918/1881] Copying CXX header __cxx03/vector
[919/1881] Copying CXX header __cxx03/wchar.h
[920/1881] Copying CXX header __debug_utils/randomize_range.h
[921/1881] Copying CXX header __debug_utils/sanitizers.h
[922/1881] Copying CXX header __exception/exception_ptr.h
[923/1881] Copying CXX header __exception/nested_exception.h
[924/1881] Copying CXX header __exception/operations.h
[925/1881] Copying CXX header __cxx03/typeinfo
[926/1881] Copying CXX header __debug_utils/strict_weak_ordering_check.h
[927/1881] Copying CXX header __exception/exception.h
[928/1881] Copying CXX header __expected/unexpect.h
[929/1881] Copying CXX header __filesystem/directory_entry.h
[930/1881] Copying CXX header __expected/bad_expected_access.h
[931/1881] Copying CXX header __expected/expected.h
[932/1881] Copying CXX header __expected/unexpected.h
[933/1881] Copying CXX header __filesystem/copy_options.h
[934/1881] Copying CXX header __filesystem/directory_options.h
[935/1881] Copying CXX header __filesystem/directory_iterator.h
[936/1881] Copying CXX header __filesystem/file_status.h
[937/1881] Copying CXX header __filesystem/file_time_type.h
[938/1881] Copying CXX header __filesystem/file_type.h
[939/1881] Copying CXX header __filesystem/filesystem_error.h
[940/1881] Copying CXX header __filesystem/operations.h
[941/1881] Copying CXX header __filesystem/path.h
[942/1881] Copying CXX header __filesystem/space_info.h
[943/1881] Copying CXX header __exception/terminate.h
[944/1881] Copying CXX header __filesystem/path_iterator.h
[945/1881] Copying CXX header __filesystem/perms.h
[946/1881] Copying CXX header __filesystem/u8path.h
[947/1881] Copying CXX header __filesystem/recursive_directory_iterator.h
[948/1881] Copying CXX header __flat_map/sorted_unique.h
[949/1881] Copying CXX header __flat_set/flat_multiset.h
[950/1881] Copying CXX header __flat_set/flat_set.h
[951/1881] Copying CXX header __filesystem/perm_options.h
[952/1881] Copying CXX header __flat_map/flat_multimap.h
[953/1881] Copying CXX header __flat_map/key_value_iterator.h
[954/1881] Copying CXX header __flat_map/sorted_equivalent.h
[955/1881] Copying CXX header __flat_map/utils.h
[956/1881] Copying CXX header __flat_map/flat_map.h
[957/1881] Copying CXX header __flat_set/ra_iterator.h
[958/1881] Copying CXX header __flat_set/utils.h
[959/1881] Copying CXX header __format/concepts.h
[960/1881] Copying CXX header __format/container_adaptor.h
[961/1881] Copying CXX header __format/enable_insertable.h
[962/1881] Copying CXX header __format/escaped_output_table.h
[963/1881] Copying CXX header __format/extended_grapheme_cluster_table.h
[964/1881] Copying CXX header __format/format_arg.h
[965/1881] Copying CXX header __format/buffer.h
[966/1881] Copying CXX header __format/fmt_pair_like.h
[967/1881] Copying CXX header __format/format_arg_store.h
[968/1881] Copying CXX header __format/format_args.h
[969/1881] Copying CXX header __format/format_context.h
[970/1881] Copying CXX header __format/format_error.h
[971/1881] Copying CXX header __format/format_functions.h
[972/1881] Copying CXX header __format/format_parse_context.h
[973/1881] Copying CXX header __format/format_to_n_result.h
[974/1881] Copying CXX header __format/format_string.h
[975/1881] Copying CXX header __format/formatter_bool.h
[976/1881] Copying CXX header __format/formatter_integer.h
[977/1881] Copying CXX header __format/formatter_integral.h
[978/1881] Copying CXX header __format/formatter_output.h
[979/1881] Copying CXX header __format/formatter_pointer.h
[980/1881] Copying CXX header __format/formatter_tuple.h
[981/1881] Copying CXX header __format/formatter.h
[982/1881] Copying CXX header __format/formatter_char.h
[983/1881] Copying CXX header __format/formatter_floating_point.h
[984/1881] Copying CXX header __format/formatter_string.h
[985/1881] Copying CXX header __format/indic_conjunct_break_table.h
[986/1881] Copying CXX header __format/parser_std_format_spec.h
[987/1881] Copying CXX header __format/range_default_formatter.h
[988/1881] Copying CXX header __format/range_format.h
[989/1881] Copying CXX header __format/range_formatter.h
[990/1881] Copying CXX header __format/unicode.h
[991/1881] Copying CXX header __format/write_escaped.h
[992/1881] Copying CXX header __functional/binary_negate.h
[993/1881] Copying CXX header __format/width_estimation_table.h
[994/1881] Copying CXX header __functional/binary_function.h
[995/1881] Copying CXX header __functional/bind.h
[996/1881] Copying CXX header __functional/bind_back.h
[997/1881] Copying CXX header __functional/binder1st.h
[998/1881] Copying CXX header __functional/binder2nd.h
[999/1881] Copying CXX header __functional/compose.h
[1000/1881] Copying CXX header __functional/default_searcher.h
[1001/1881] Copying CXX header __functional/function.h
[1002/1881] Copying CXX header __functional/hash.h
[1003/1881] Copying CXX header __functional/bind_front.h
[1004/1881] Copying CXX header __functional/boyer_moore_searcher.h
[1005/1881] Copying CXX header __functional/identity.h
[1006/1881] Copying CXX header __functional/perfect_forward.h
[1007/1881] Copying CXX header __functional/invoke.h
[1008/1881] Copying CXX header __functional/is_transparent.h
[1009/1881] Copying CXX header __functional/mem_fn.h
[1010/1881] Copying CXX header __functional/mem_fun_ref.h
[1011/1881] Copying CXX header __functional/not_fn.h
[1012/1881] Copying CXX header __functional/operations.h
[1013/1881] Copying CXX header __functional/pointer_to_binary_function.h
[1014/1881] Copying CXX header __functional/unary_negate.h
[1015/1881] Copying CXX header __functional/pointer_to_unary_function.h
[1016/1881] Copying CXX header __functional/ranges_operations.h
[1017/1881] Copying CXX header __functional/reference_wrapper.h
[1018/1881] Copying CXX header __functional/unary_function.h
[1019/1881] Copying CXX header __fwd/array.h
[1020/1881] Copying CXX header __fwd/byte.h
[1021/1881] Copying CXX header __functional/weak_result_type.h
[1022/1881] Copying CXX header __fwd/bit_reference.h
[1023/1881] Copying CXX header __fwd/complex.h
[1024/1881] Copying CXX header __fwd/deque.h
[1025/1881] Copying CXX header __fwd/format.h
[1026/1881] Copying CXX header __fwd/fstream.h
[1027/1881] Copying CXX header __fwd/functional.h
[1028/1881] Copying CXX header __fwd/ios.h
[1029/1881] Copying CXX header __fwd/get.h
[1030/1881] Copying CXX header __fwd/mdspan.h
[1031/1881] Copying CXX header __fwd/istream.h
[1032/1881] Copying CXX header __fwd/memory.h
[1033/1881] Copying CXX header __fwd/queue.h
[1034/1881] Copying CXX header __fwd/stack.h
[1035/1881] Copying CXX header __fwd/subrange.h
[1036/1881] Copying CXX header __fwd/memory_resource.h
[1037/1881] Copying CXX header __fwd/pair.h
[1038/1881] Copying CXX header __fwd/sstream.h
[1039/1881] Copying CXX header __fwd/streambuf.h
[1040/1881] Copying CXX header __fwd/string.h
[1041/1881] Copying CXX header __fwd/tuple.h
[1042/1881] Copying CXX header __fwd/variant.h
[1043/1881] Copying CXX header __fwd/vector.h
[1044/1881] Copying CXX header __fwd/ostream.h
[1045/1881] Copying CXX header __fwd/span.h
[1046/1881] Copying CXX header __fwd/string_view.h
[1047/1881] Copying CXX header __hash_table
[1048/1881] Copying CXX header __iterator/access.h
[1049/1881] Copying CXX header __iterator/back_insert_iterator.h
[1050/1881] Copying CXX header __iterator/bounded_iter.h
[1051/1881] Copying CXX header __iterator/common_iterator.h
[1052/1881] Copying CXX header __ios/fpos.h
[1053/1881] Copying CXX header __iterator/advance.h
[1054/1881] Copying CXX header __iterator/aliasing_iterator.h
[1055/1881] Copying CXX header __iterator/concepts.h
[1056/1881] Copying CXX header __iterator/counted_iterator.h
[1057/1881] Copying CXX header __iterator/cpp17_iterator_concepts.h
[1058/1881] Copying CXX header __iterator/default_sentinel.h
[1059/1881] Copying CXX header __iterator/empty.h
[1060/1881] Copying CXX header __iterator/data.h
[1061/1881] Copying CXX header __iterator/distance.h
[1062/1881] Copying CXX header __iterator/erase_if_container.h
[1063/1881] Copying CXX header __iterator/indirectly_comparable.h
[1064/1881] Copying CXX header __iterator/insert_iterator.h
[1065/1881] Copying CXX header __iterator/front_insert_iterator.h
[1066/1881] Copying CXX header __iterator/incrementable_traits.h
[1067/1881] Copying CXX header __iterator/iter_move.h
[1068/1881] Copying CXX header __iterator/iterator_with_data.h
[1069/1881] Copying CXX header __iterator/move_iterator.h
[1070/1881] Copying CXX header __iterator/istream_iterator.h
[1071/1881] Copying CXX header __iterator/istreambuf_iterator.h
[1072/1881] Copying CXX header __iterator/iter_swap.h
[1073/1881] Copying CXX header __iterator/mergeable.h
[1074/1881] Copying CXX header __iterator/next.h
[1075/1881] Copying CXX header __iterator/iterator.h
[1076/1881] Copying CXX header __iterator/iterator_traits.h
[1077/1881] Copying CXX header __iterator/ostream_iterator.h
[1078/1881] Copying CXX header __iterator/permutable.h
[1079/1881] Copying CXX header __iterator/product_iterator.h
[1080/1881] Copying CXX header __iterator/move_sentinel.h
[1081/1881] Copying CXX header __iterator/ostreambuf_iterator.h
[1082/1881] Copying CXX header __iterator/prev.h
[1083/1881] Copying CXX header __iterator/projected.h
[1084/1881] Copying CXX header __iterator/readable_traits.h
[1085/1881] Copying CXX header __iterator/reverse_access.h
[1086/1881] Copying CXX header __iterator/reverse_iterator.h
[1087/1881] Copying CXX header __iterator/ranges_iterator_traits.h
[1088/1881] Copying CXX header __iterator/size.h
[1089/1881] Copying CXX header __iterator/sortable.h
[1090/1881] Copying CXX header __iterator/segmented_iterator.h
[1091/1881] Copying CXX header __iterator/static_bounded_iter.h
[1092/1881] Copying CXX header __iterator/unreachable_sentinel.h
[1093/1881] Copying CXX header __iterator/wrap_iter.h
[1094/1881] Copying CXX header __locale
[1095/1881] Copying CXX header __locale_dir/check_grouping.h
[1096/1881] Copying CXX header __locale_dir/get_c_locale.h
[1097/1881] Copying CXX header __locale_dir/locale_base_api.h
[1098/1881] Copying CXX header __locale_dir/locale_base_api/bsd_locale_fallbacks.h
[1099/1881] Copying CXX header __locale_dir/locale_base_api/ibm.h
[1100/1881] Copying CXX header __locale_dir/locale_base_api/openbsd.h
[1101/1881] Copying CXX header __locale_dir/money.h
[1102/1881] Copying CXX header __locale_dir/support/aix.h
[1103/1881] Copying CXX header __locale_dir/messages.h
[1104/1881] Copying CXX header __locale_dir/num.h
[1105/1881] Copying CXX header __locale_dir/pad_and_output.h
[1106/1881] Copying CXX header __locale_dir/scan_keyword.h
[1107/1881] Copying CXX header __locale_dir/support/apple.h
[1108/1881] Copying CXX header __locale_dir/support/bsd_like.h
[1109/1881] Copying CXX header __locale_dir/support/freebsd.h
[1110/1881] Copying CXX header __locale_dir/support/fuchsia.h
[1111/1881] Copying CXX header __locale_dir/support/no_locale/characters.h
[1112/1881] Copying CXX header __locale_dir/support/windows.h
[1113/1881] Copying CXX header __locale_dir/support/linux.h
[1114/1881] Copying CXX header __locale_dir/support/netbsd.h
[1115/1881] Copying CXX header __locale_dir/support/newlib.h
[1116/1881] Copying CXX header __locale_dir/support/no_locale/strtonum.h
[1117/1881] Copying CXX header __locale_dir/time.h
[1118/1881] Copying CXX header __locale_dir/wstring_convert.h
[1119/1881] Copying CXX header __locale_dir/wbuffer_convert.h
[1120/1881] Copying CXX header __math/abs.h
[1121/1881] Copying CXX header __math/copysign.h
[1122/1881] Copying CXX header __math/error_functions.h
[1123/1881] Copying CXX header __math/exponential_functions.h
[1124/1881] Copying CXX header __math/fdim.h
[1125/1881] Copying CXX header __math/fma.h
[1126/1881] Copying CXX header __math/hyperbolic_functions.h
[1127/1881] Copying CXX header __log_hardening_failure
[1128/1881] Copying CXX header __math/gamma.h
[1129/1881] Copying CXX header __math/hypot.h
[1130/1881] Copying CXX header __math/inverse_trigonometric_functions.h
[1131/1881] Copying CXX header __math/logarithms.h
[1132/1881] Copying CXX header __math/inverse_hyperbolic_functions.h
[1133/1881] Copying CXX header __math/min_max.h
[1134/1881] Copying CXX header __math/modulo.h
[1135/1881] Copying CXX header __math/remainder.h
[1136/1881] Copying CXX header __math/roots.h
[1137/1881] Copying CXX header __math/rounding_functions.h
[1138/1881] Copying CXX header __mdspan/default_accessor.h
[1139/1881] Copying CXX header __math/special_functions.h
[1140/1881] Copying CXX header __math/traits.h
[1141/1881] Copying CXX header __math/trigonometric_functions.h
[1142/1881] Copying CXX header __mbstate_t.h
[1143/1881] Copying CXX header __mdspan/aligned_accessor.h
[1144/1881] Copying CXX header __mdspan/extents.h
[1145/1881] Copying CXX header __mdspan/layout_left.h
[1146/1881] Copying CXX header __mdspan/layout_right.h
[1147/1881] Copying CXX header __mdspan/layout_stride.h
[1148/1881] Copying CXX header __mdspan/mdspan.h
[1149/1881] Copying CXX header __memory/addressof.h
[1150/1881] Copying CXX header __memory/allocation_guard.h
[1151/1881] Copying CXX header __memory/allocator.h
[1152/1881] Copying CXX header __memory/allocator_arg_t.h
[1153/1881] Copying CXX header __memory/allocator_destructor.h
[1154/1881] Copying CXX header __memory/array_cookie.h
[1155/1881] Copying CXX header __memory/assume_aligned.h
[1156/1881] Copying CXX header __memory/align.h
[1157/1881] Copying CXX header __memory/allocate_at_least.h
[1158/1881] Copying CXX header __memory/allocator_traits.h
[1159/1881] Copying CXX header __memory/auto_ptr.h
[1160/1881] Copying CXX header __memory/compressed_pair.h
[1161/1881] Copying CXX header __memory/concepts.h
[1162/1881] Copying CXX header __memory/construct_at.h
[1163/1881] Copying CXX header __memory/destroy.h
[1164/1881] Copying CXX header __memory/destruct_n.h
[1165/1881] Copying CXX header __memory/inout_ptr.h
[1166/1881] Copying CXX header __memory/out_ptr.h
[1167/1881] Copying CXX header __memory/noexcept_move_assign_container.h
[1168/1881] Copying CXX header __memory/pointer_traits.h
[1169/1881] Copying CXX header __memory/ranges_construct_at.h
[1170/1881] Copying CXX header __memory/is_sufficiently_aligned.h
[1171/1881] Copying CXX header __memory/ranges_destroy.h
[1172/1881] Copying CXX header __memory/raw_storage_iterator.h
[1173/1881] Copying CXX header __memory/shared_count.h
[1174/1881] Copying CXX header __memory/shared_ptr.h
[1175/1881] Copying CXX header __memory/swap_allocator.h
[1176/1881] Copying CXX header __memory/temp_value.h
[1177/1881] Copying CXX header __memory/unique_ptr.h
[1178/1881] Copying CXX header __memory/unique_temporary_buffer.h
[1179/1881] Copying CXX header __memory/ranges_uninitialized_algorithms.h
[1180/1881] Copying CXX header __memory/temporary_buffer.h
[1181/1881] Copying CXX header __memory/uninitialized_algorithms.h
[1182/1881] Copying CXX header __memory/uses_allocator.h
[1183/1881] Copying CXX header __memory/uses_allocator_construction.h
[1184/1881] Copying CXX header __memory_resource/memory_resource.h
[1185/1881] Copying CXX header __memory_resource/monotonic_buffer_resource.h
[1186/1881] Copying CXX header __memory_resource/polymorphic_allocator.h
[1187/1881] Copying CXX header __memory_resource/pool_options.h
[1188/1881] Copying CXX header __memory_resource/synchronized_pool_resource.h
[1189/1881] Copying CXX header __memory_resource/unsynchronized_pool_resource.h
[1190/1881] Copying CXX header __mutex/lock_guard.h
[1191/1881] Copying CXX header __mutex/mutex.h
[1192/1881] Copying CXX header __mutex/once_flag.h
[1193/1881] Copying CXX header __mutex/tag_types.h
[1194/1881] Copying CXX header __mutex/unique_lock.h
[1195/1881] Copying CXX header __new/allocate.h
[1196/1881] Copying CXX header __new/exceptions.h
[1197/1881] Copying CXX header __new/align_val_t.h
[1198/1881] Copying CXX header __new/destroying_delete_t.h
[1199/1881] Copying CXX header __new/global_new_delete.h
[1200/1881] Copying CXX header __new/launder.h
[1201/1881] Copying CXX header __new/new_handler.h
[1202/1881] Copying CXX header __new/placement_new_delete.h
[1203/1881] Copying CXX header __node_handle
[1204/1881] Copying CXX header __numeric/accumulate.h
[1205/1881] Copying CXX header __new/interference_size.h
[1206/1881] Copying CXX header __new/nothrow_t.h
[1207/1881] Copying CXX header __numeric/adjacent_difference.h
[1208/1881] Copying CXX header __numeric/inclusive_scan.h
[1209/1881] Copying CXX header __numeric/exclusive_scan.h
[1210/1881] Copying CXX header __numeric/gcd_lcm.h
[1211/1881] Copying CXX header __numeric/inner_product.h
[1212/1881] Copying CXX header __numeric/midpoint.h
[1213/1881] Copying CXX header __numeric/partial_sum.h
[1214/1881] Copying CXX header __numeric/transform_reduce.h
[1215/1881] Copying CXX header __numeric/iota.h
[1216/1881] Copying CXX header __numeric/reduce.h
[1217/1881] Copying CXX header __numeric/transform_inclusive_scan.h
[1218/1881] Copying CXX header __ostream/print.h
[1219/1881] Copying CXX header __ostream/put_character_sequence.h
[1220/1881] Copying CXX header __numeric/pstl.h
[1221/1881] Copying CXX header __numeric/ranges_iota.h
[1222/1881] Copying CXX header __numeric/saturation_arithmetic.h
[1223/1881] Copying CXX header __numeric/transform_exclusive_scan.h
[1224/1881] Copying CXX header __ostream/basic_ostream.h
[1225/1881] Copying CXX header __pstl/backend.h
[1226/1881] Copying CXX header __pstl/backend_fwd.h
[1227/1881] Copying CXX header __pstl/backends/default.h
[1228/1881] Copying CXX header __pstl/backends/libdispatch.h
[1229/1881] Copying CXX header __pstl/backends/serial.h
[1230/1881] Copying CXX header __pstl/backends/std_thread.h
[1231/1881] Copying CXX header __pstl/cpu_algos/any_of.h
[1232/1881] Copying CXX header __pstl/cpu_algos/cpu_traits.h
[1233/1881] Copying CXX header __pstl/cpu_algos/fill.h
[1234/1881] Copying CXX header __pstl/cpu_algos/find_if.h
[1235/1881] Copying CXX header __pstl/cpu_algos/for_each.h
[1236/1881] Copying CXX header __pstl/cpu_algos/stable_sort.h
[1237/1881] Copying CXX header __pstl/cpu_algos/merge.h
[1238/1881] Copying CXX header __pstl/cpu_algos/transform.h
[1239/1881] Copying CXX header __pstl/cpu_algos/transform_reduce.h
[1240/1881] Copying CXX header __pstl/dispatch.h
[1241/1881] Copying CXX header __pstl/handle_exception.h
[1242/1881] Copying CXX header __random/bernoulli_distribution.h
[1243/1881] Copying CXX header __random/binomial_distribution.h
[1244/1881] Copying CXX header __random/cauchy_distribution.h
[1245/1881] Copying CXX header __random/chi_squared_distribution.h
[1246/1881] Copying CXX header __random/clamp_to_integral.h
[1247/1881] Copying CXX header __random/default_random_engine.h
[1248/1881] Copying CXX header __random/discard_block_engine.h
[1249/1881] Copying CXX header __random/discrete_distribution.h
[1250/1881] Copying CXX header __random/exponential_distribution.h
[1251/1881] Copying CXX header __random/fisher_f_distribution.h
[1252/1881] Copying CXX header __random/extreme_value_distribution.h
[1253/1881] Copying CXX header __random/gamma_distribution.h
[1254/1881] Copying CXX header __random/generate_canonical.h
[1255/1881] Copying CXX header __random/geometric_distribution.h
[1256/1881] Copying CXX header __random/independent_bits_engine.h
[1257/1881] Copying CXX header __random/knuth_b.h
[1258/1881] Copying CXX header __random/log2.h
[1259/1881] Copying CXX header __random/is_seed_sequence.h
[1260/1881] Copying CXX header __random/is_valid.h
[1261/1881] Copying CXX header __random/linear_congruential_engine.h
[1262/1881] Copying CXX header __random/mersenne_twister_engine.h
[1263/1881] Copying CXX header __random/negative_binomial_distribution.h
[1264/1881] Copying CXX header __random/ranlux.h
[1265/1881] Copying CXX header __random/lognormal_distribution.h
[1266/1881] Copying CXX header __random/normal_distribution.h
[1267/1881] Copying CXX header __random/piecewise_constant_distribution.h
[1268/1881] Copying CXX header __random/piecewise_linear_distribution.h
[1269/1881] Copying CXX header __random/poisson_distribution.h
[1270/1881] Copying CXX header __random/seed_seq.h
[1271/1881] Copying CXX header __random/shuffle_order_engine.h
[1272/1881] Copying CXX header __random/student_t_distribution.h
[1273/1881] Copying CXX header __random/random_device.h
[1274/1881] Copying CXX header __random/subtract_with_carry_engine.h
[1275/1881] Copying CXX header __random/uniform_int_distribution.h
[1276/1881] Copying CXX header __random/uniform_random_bit_generator.h
[1277/1881] Copying CXX header __random/uniform_real_distribution.h
[1278/1881] Copying CXX header __random/weibull_distribution.h
[1279/1881] Copying CXX header __ranges/access.h
[1280/1881] Copying CXX header __ranges/adjacent_transform_view.h
[1281/1881] Copying CXX header __ranges/adjacent_view.h
[1282/1881] Copying CXX header __ranges/all.h
[1283/1881] Copying CXX header __ranges/as_rvalue_view.h
[1284/1881] Copying CXX header __ranges/chunk_by_view.h
[1285/1881] Copying CXX header __ranges/common_view.h
[1286/1881] Copying CXX header __ranges/container_compatible_range.h
[1287/1881] Copying CXX header __ranges/counted.h
[1288/1881] Copying CXX header __ranges/dangling.h
[1289/1881] Copying CXX header __ranges/data.h
[1290/1881] Copying CXX header __ranges/drop_view.h
[1291/1881] Copying CXX header __ranges/drop_while_view.h
[1292/1881] Copying CXX header __ranges/elements_of.h
[1293/1881] Copying CXX header __ranges/empty_view.h
[1294/1881] Copying CXX header __ranges/concepts.h
[1295/1881] Copying CXX header __ranges/elements_view.h
[1296/1881] Copying CXX header __ranges/empty.h
[1297/1881] Copying CXX header __ranges/enable_borrowed_range.h
[1298/1881] Copying CXX header __ranges/enable_view.h
[1299/1881] Copying CXX header __ranges/filter_view.h
[1300/1881] Copying CXX header __ranges/from_range.h
[1301/1881] Copying CXX header __ranges/iota_view.h
[1302/1881] Copying CXX header __ranges/istream_view.h
[1303/1881] Copying CXX header __ranges/join_view.h
[1304/1881] Copying CXX header __ranges/lazy_split_view.h
[1305/1881] Copying CXX header __ranges/movable_box.h
[1306/1881] Copying CXX header __ranges/join_with_view.h
[1307/1881] Copying CXX header __ranges/non_propagating_cache.h
[1308/1881] Copying CXX header __ranges/owning_view.h
[1309/1881] Copying CXX header __ranges/range_adaptor.h
[1310/1881] Copying CXX header __ranges/rbegin.h
[1311/1881] Copying CXX header __ranges/ref_view.h
[1312/1881] Copying CXX header __ranges/rend.h
[1313/1881] Copying CXX header __ranges/repeat_view.h
[1314/1881] Copying CXX header __ranges/single_view.h
[1315/1881] Copying CXX header __ranges/reverse_view.h
[1316/1881] Copying CXX header __ranges/size.h
[1317/1881] Copying CXX header __ranges/split_view.h
[1318/1881] Copying CXX header __ranges/subrange.h
[1319/1881] Copying CXX header __ranges/take_view.h
[1320/1881] Copying CXX header __ranges/transform_view.h
[1321/1881] Copying CXX header __ranges/take_while_view.h
[1322/1881] Copying CXX header __ranges/to.h
[1323/1881] Copying CXX header __ranges/views.h
[1324/1881] Copying CXX header __ranges/zip_view.h
[1325/1881] Copying CXX header __stop_token/atomic_unique_lock.h
[1326/1881] Copying CXX header __ranges/view_interface.h
[1327/1881] Copying CXX header __ranges/zip_transform_view.h
[1328/1881] Copying CXX header __split_buffer
[1329/1881] Copying CXX header __std_mbstate_t.h
[1330/1881] Copying CXX header __stop_token/intrusive_list_view.h
[1331/1881] Copying CXX header __stop_token/intrusive_shared_ptr.h
[1332/1881] Copying CXX header __stop_token/stop_callback.h
[1333/1881] Copying CXX header __string/char_traits.h
[1334/1881] Copying CXX header __stop_token/stop_source.h
[1335/1881] Copying CXX header __stop_token/stop_state.h
[1336/1881] Copying CXX header __stop_token/stop_token.h
[1337/1881] Copying CXX header __string/constexpr_c_functions.h
[1338/1881] Copying CXX header __support/ibm/nanosleep.h
[1339/1881] Copying CXX header __string/extern_template_lists.h
[1340/1881] Copying CXX header __support/ibm/gettod_zos.h
[1341/1881] Copying CXX header __support/ibm/locale_mgmt_zos.h
[1342/1881] Copying CXX header __support/xlocale/__nop_locale_mgmt.h
[1343/1881] Copying CXX header __support/xlocale/__posix_l_fallback.h
[1344/1881] Copying CXX header __system_error/errc.h
[1345/1881] Copying CXX header __system_error/error_category.h
[1346/1881] Copying CXX header __system_error/error_code.h
[1347/1881] Copying CXX header __system_error/error_condition.h
[1348/1881] Copying CXX header __system_error/system_error.h
[1349/1881] Copying CXX header __system_error/throw_system_error.h
[1350/1881] Copying CXX header __thread/formatter.h
[1351/1881] Copying CXX header __support/xlocale/__strtonum_fallback.h
[1352/1881] Copying CXX header __thread/id.h
[1353/1881] Copying CXX header __thread/jthread.h
[1354/1881] Copying CXX header __thread/poll_with_backoff.h
[1355/1881] Copying CXX header __thread/support.h
[1356/1881] Copying CXX header __thread/support/c11.h
[1357/1881] Copying CXX header __thread/support/external.h
[1358/1881] Copying CXX header __thread/support/pthread.h
[1359/1881] Copying CXX header __thread/support/windows.h
[1360/1881] Copying CXX header __thread/this_thread.h
[1361/1881] Copying CXX header __thread/thread.h
[1362/1881] Copying CXX header __thread/timed_backoff_policy.h
[1363/1881] Copying CXX header __tree
[1364/1881] Copying CXX header __tuple/find_index.h
[1365/1881] Copying CXX header __tuple/ignore.h
[1366/1881] Copying CXX header __tuple/tuple_element.h
[1367/1881] Copying CXX header __tuple/sfinae_helpers.h
[1368/1881] Copying CXX header __tuple/tuple_like.h
[1369/1881] Copying CXX header __tuple/tuple_size.h
[1370/1881] Copying CXX header __tuple/tuple_transform.h
[1371/1881] Copying CXX header __tuple/tuple_like_no_subrange.h
[1372/1881] Copying CXX header __type_traits/add_cv_quals.h
[1373/1881] Copying CXX header __type_traits/add_reference.h
[1374/1881] Copying CXX header __type_traits/aligned_storage.h
[1375/1881] Copying CXX header __type_traits/aligned_union.h
[1376/1881] Copying CXX header __type_traits/alignment_of.h
[1377/1881] Copying CXX header __type_traits/add_pointer.h
[1378/1881] Copying CXX header __type_traits/common_reference.h
[1379/1881] Copying CXX header __type_traits/common_type.h
[1380/1881] Copying CXX header __type_traits/conditional.h
[1381/1881] Copying CXX header __type_traits/conjunction.h
[1382/1881] Copying CXX header __type_traits/container_traits.h
[1383/1881] Copying CXX header __type_traits/copy_cv.h
[1384/1881] Copying CXX header __type_traits/copy_cvref.h
[1385/1881] Copying CXX header __type_traits/datasizeof.h
[1386/1881] Copying CXX header __type_traits/decay.h
[1387/1881] Copying CXX header __type_traits/desugars_to.h
[1388/1881] Copying CXX header __type_traits/detected_or.h
[1389/1881] Copying CXX header __type_traits/dependent_type.h
[1390/1881] Copying CXX header __type_traits/disjunction.h
[1391/1881] Copying CXX header __type_traits/enable_if.h
[1392/1881] Copying CXX header __type_traits/extent.h
[1393/1881] Copying CXX header __type_traits/has_unique_object_representation.h
[1394/1881] Copying CXX header __type_traits/has_virtual_destructor.h
[1395/1881] Copying CXX header __type_traits/integer_traits.h
[1396/1881] Copying CXX header __type_traits/integral_constant.h
[1397/1881] Copying CXX header __type_traits/invoke.h
[1398/1881] Copying CXX header __type_traits/is_aggregate.h
[1399/1881] Copying CXX header __type_traits/is_abstract.h
[1400/1881] Copying CXX header __type_traits/is_allocator.h
[1401/1881] Copying CXX header __type_traits/is_always_bitcastable.h
[1402/1881] Copying CXX header __type_traits/is_arithmetic.h
[1403/1881] Copying CXX header __type_traits/is_array.h
[1404/1881] Copying CXX header __type_traits/is_assignable.h
[1405/1881] Copying CXX header __type_traits/is_base_of.h
[1406/1881] Copying CXX header __type_traits/is_callable.h
[1407/1881] Copying CXX header __type_traits/is_char_like_type.h
[1408/1881] Copying CXX header __type_traits/is_class.h
[1409/1881] Copying CXX header __type_traits/is_compound.h
[1410/1881] Copying CXX header __type_traits/is_const.h
[1411/1881] Copying CXX header __type_traits/is_empty.h
[1412/1881] Copying CXX header __type_traits/is_constructible.h
[1413/1881] Copying CXX header __type_traits/is_destructible.h
[1414/1881] Copying CXX header __type_traits/is_enum.h
[1415/1881] Copying CXX header __type_traits/is_convertible.h
[1416/1881] Copying CXX header __type_traits/is_final.h
[1417/1881] Copying CXX header __type_traits/is_execution_policy.h
[1418/1881] Copying CXX header __type_traits/is_floating_point.h
[1419/1881] Copying CXX header __type_traits/is_function.h
[1420/1881] Copying CXX header __type_traits/is_fundamental.h
[1421/1881] Copying CXX header __type_traits/is_constant_evaluated.h
[1422/1881] Copying CXX header __type_traits/is_generic_transparent_comparator.h
[1423/1881] Copying CXX header __type_traits/is_integral.h
[1424/1881] Copying CXX header __type_traits/is_literal_type.h
[1425/1881] Copying CXX header __type_traits/is_core_convertible.h
[1426/1881] Copying CXX header __type_traits/is_equality_comparable.h
[1427/1881] Copying CXX header __type_traits/is_implicit_lifetime.h
[1428/1881] Copying CXX header __type_traits/is_implicitly_default_constructible.h
[1429/1881] Copying CXX header __type_traits/is_member_pointer.h
[1430/1881] Copying CXX header __type_traits/is_nothrow_assignable.h
[1431/1881] Copying CXX header __type_traits/is_nothrow_constructible.h
[1432/1881] Copying CXX header __type_traits/is_nothrow_destructible.h
[1433/1881] Copying CXX header __type_traits/is_null_pointer.h
[1434/1881] Copying CXX header __type_traits/is_object.h
[1435/1881] Copying CXX header __type_traits/is_pod.h
[1436/1881] Copying CXX header __type_traits/is_pointer.h
[1437/1881] Copying CXX header __type_traits/is_polymorphic.h
[1438/1881] Copying CXX header __type_traits/is_primary_template.h
[1439/1881] Copying CXX header __type_traits/is_reference.h
[1440/1881] Copying CXX header __type_traits/is_reference_wrapper.h
[1441/1881] Copying CXX header __type_traits/is_referenceable.h
[1442/1881] Copying CXX header __type_traits/is_scalar.h
[1443/1881] Copying CXX header __type_traits/is_same.h
[1444/1881] Copying CXX header __type_traits/is_signed.h
[1445/1881] Copying CXX header __type_traits/is_swappable.h
[1446/1881] Copying CXX header __type_traits/is_trivial.h
[1447/1881] Copying CXX header __type_traits/is_specialization.h
[1448/1881] Copying CXX header __type_traits/is_standard_layout.h
[1449/1881] Copying CXX header __type_traits/is_trivially_copyable.h
[1450/1881] Copying CXX header __type_traits/is_trivially_assignable.h
[1451/1881] Copying CXX header __type_traits/is_trivially_constructible.h
[1452/1881] Copying CXX header __type_traits/is_trivially_destructible.h
[1453/1881] Copying CXX header __type_traits/is_trivially_lexicographically_comparable.h
[1454/1881] Copying CXX header __type_traits/is_trivially_relocatable.h
[1455/1881] Copying CXX header __type_traits/is_union.h
[1456/1881] Copying CXX header __type_traits/is_unqualified.h
[1457/1881] Copying CXX header __type_traits/is_volatile.h
[1458/1881] Copying CXX header __type_traits/is_unsigned.h
[1459/1881] Copying CXX header __type_traits/is_void.h
[1460/1881] Copying CXX header __type_traits/is_within_lifetime.h
[1461/1881] Copying CXX header __type_traits/lazy.h
[1462/1881] Copying CXX header __type_traits/make_32_64_or_128_bit.h
[1463/1881] Copying CXX header __type_traits/make_const_lvalue_ref.h
[1464/1881] Copying CXX header __type_traits/make_signed.h
[1465/1881] Copying CXX header __type_traits/is_valid_expansion.h
[1466/1881] Copying CXX header __type_traits/make_transparent.h
[1467/1881] Copying CXX header __type_traits/make_unsigned.h
[1468/1881] Copying CXX header __type_traits/maybe_const.h
[1469/1881] Copying CXX header __type_traits/nat.h
[1470/1881] Copying CXX header __type_traits/negation.h
[1471/1881] Copying CXX header __type_traits/reference_converts_from_temporary.h
[1472/1881] Copying CXX header __type_traits/promote.h
[1473/1881] Copying CXX header __type_traits/rank.h
[1474/1881] Copying CXX header __type_traits/reference_constructs_from_temporary.h
[1475/1881] Copying CXX header __type_traits/remove_all_extents.h
[1476/1881] Copying CXX header __type_traits/remove_const.h
[1477/1881] Copying CXX header __type_traits/remove_const_ref.h
[1478/1881] Copying CXX header __type_traits/remove_extent.h
[1479/1881] Copying CXX header __type_traits/remove_pointer.h
[1480/1881] Copying CXX header __type_traits/remove_reference.h
[1481/1881] Copying CXX header __type_traits/remove_volatile.h
[1482/1881] Copying CXX header __type_traits/type_identity.h
[1483/1881] Copying CXX header __type_traits/unwrap_ref.h
[1484/1881] Copying CXX header __type_traits/remove_cv.h
[1485/1881] Copying CXX header __type_traits/result_of.h
[1486/1881] Copying CXX header __type_traits/strip_signature.h
[1487/1881] Copying CXX header __type_traits/type_list.h
[1488/1881] Copying CXX header __type_traits/underlying_type.h
[1489/1881] Copying CXX header __type_traits/void_t.h
[1490/1881] Copying CXX header __undef_macros
[1491/1881] Copying CXX header __utility/as_const.h
[1492/1881] Copying CXX header __type_traits/remove_cvref.h
[1493/1881] Copying CXX header __utility/default_three_way_comparator.h
[1494/1881] Copying CXX header __utility/as_lvalue.h
[1495/1881] Copying CXX header __utility/auto_cast.h
[1496/1881] Copying CXX header __utility/cmp.h
[1497/1881] Copying CXX header __utility/convert_to_integral.h
[1498/1881] Copying CXX header __utility/declval.h
[1499/1881] Copying CXX header __utility/element_count.h
[1500/1881] Copying CXX header __utility/empty.h
[1501/1881] Copying CXX header __utility/exception_guard.h
[1502/1881] Copying CXX header __utility/exchange.h
[1503/1881] Copying CXX header __utility/forward.h
[1504/1881] Copying CXX header __utility/forward_like.h
[1505/1881] Copying CXX header __utility/integer_sequence.h
[1506/1881] Copying CXX header __utility/is_pointer_in_range.h
[1507/1881] Copying CXX header __utility/is_valid_range.h
[1508/1881] Copying CXX header __utility/in_place.h
[1509/1881] Copying CXX header __utility/lazy_synth_three_way_comparator.h
[1510/1881] Copying CXX header __utility/move.h
[1511/1881] Copying CXX header __utility/no_destroy.h
[1512/1881] Copying CXX header __utility/pair.h
[1513/1881] Copying CXX header __utility/piecewise_construct.h
[1514/1881] Copying CXX header __utility/priority_tag.h
[1515/1881] Copying CXX header __utility/private_constructor_tag.h
[1516/1881] Copying CXX header __utility/scope_guard.h
[1517/1881] Copying CXX header __utility/small_buffer.h
[1518/1881] Copying CXX header __utility/rel_ops.h
[1519/1881] Copying CXX header __utility/swap.h
[1520/1881] Copying CXX header __utility/to_underlying.h
[1521/1881] Copying CXX header __utility/try_key_extraction.h
[1522/1881] Copying CXX header __utility/unreachable.h
[1523/1881] Copying CXX header __variant/monostate.h
[1524/1881] Copying CXX header __vector/container_traits.h
[1525/1881] Copying CXX header __vector/comparison.h
[1526/1881] Copying CXX header __vector/erase.h
[1527/1881] Copying CXX header __vector/pmr.h
[1528/1881] Copying CXX header __vector/swap.h
[1529/1881] Copying CXX header __vector/vector.h
[1530/1881] Copying CXX header __vector/vector_bool.h
[1531/1881] Copying CXX header __vector/vector_bool_formatter.h
[1532/1881] Copying CXX header __verbose_abort
[1533/1881] Copying CXX header __verbose_trap
[1534/1881] Copying CXX header algorithm
[1535/1881] Copying CXX header array
[1536/1881] Copying CXX header bit
[1537/1881] Copying CXX header bitset
[1538/1881] Copying CXX header cassert
[1539/1881] Copying CXX header cerrno
[1540/1881] Copying CXX header cinttypes
[1541/1881] Copying CXX header any
[1542/1881] Copying CXX header atomic
[1543/1881] Copying CXX header barrier
[1544/1881] Copying CXX header ccomplex
[1545/1881] Copying CXX header cctype
[1546/1881] Copying CXX header ciso646
[1547/1881] Copying CXX header climits
[1548/1881] Copying CXX header cfenv
[1549/1881] Copying CXX header cfloat
[1550/1881] Copying CXX header charconv
[1551/1881] Copying CXX header chrono
[1552/1881] Copying CXX header clocale
[1553/1881] Copying CXX header cmath
[1554/1881] Copying CXX header codecvt
[1555/1881] Copying CXX header compare
[1556/1881] Copying CXX header complex
[1557/1881] Copying CXX header complex.h
[1558/1881] Copying CXX header concepts
[1559/1881] Copying CXX header condition_variable
[1560/1881] Copying CXX header coroutine
[1561/1881] Copying CXX header csetjmp
[1562/1881] Copying CXX header csignal
[1563/1881] Copying CXX header cstdalign
[1564/1881] Copying CXX header cstdarg
[1565/1881] Copying CXX header cstdbool
[1566/1881] Copying CXX header cstddef
[1567/1881] Copying CXX header cstdint
[1568/1881] Copying CXX header cstdio
[1569/1881] Copying CXX header cstdlib
[1570/1881] Copying CXX header cstring
[1571/1881] Copying CXX header ctgmath
[1572/1881] Copying CXX header ctime
[1573/1881] Copying CXX header ctype.h
[1574/1881] Copying CXX header cuchar
[1575/1881] Copying CXX header cwchar
[1576/1881] Copying CXX header cwctype
[1577/1881] Copying CXX header deque
[1578/1881] Copying CXX header errno.h
[1579/1881] Copying CXX header execution
[1580/1881] Copying CXX header expected
[1581/1881] Copying CXX header exception
[1582/1881] Copying CXX header experimental/__simd/declaration.h
[1583/1881] Copying CXX header experimental/__simd/simd.h
[1584/1881] Copying CXX header experimental/__simd/aligned_tag.h
[1585/1881] Copying CXX header experimental/memory
[1586/1881] Copying CXX header experimental/utility
[1587/1881] Copying CXX header ext/hash_set
[1588/1881] Copying CXX header experimental/__simd/reference.h
[1589/1881] Copying CXX header experimental/__simd/scalar.h
[1590/1881] Copying CXX header experimental/__simd/simd_mask.h
[1591/1881] Copying CXX header experimental/__simd/traits.h
[1592/1881] Copying CXX header experimental/__simd/utility.h
[1593/1881] Copying CXX header experimental/__simd/vec_ext.h
[1594/1881] Copying CXX header experimental/iterator
[1595/1881] Copying CXX header experimental/propagate_const
[1596/1881] Copying CXX header experimental/simd
[1597/1881] Copying CXX header experimental/type_traits
[1598/1881] Copying CXX header ext/__hash
[1599/1881] Copying CXX header ext/hash_map
[1600/1881] Copying CXX header fenv.h
[1601/1881] Copying CXX header filesystem
[1602/1881] Copying CXX header float.h
[1603/1881] Copying CXX header forward_list
[1604/1881] Copying CXX header inttypes.h
[1605/1881] Copying CXX header flat_map
[1606/1881] Copying CXX header flat_set
[1607/1881] Copying CXX header format
[1608/1881] Copying CXX header fstream
[1609/1881] Copying CXX header functional
[1610/1881] Copying CXX header future
[1611/1881] Copying CXX header initializer_list
[1612/1881] Copying CXX header iomanip
[1613/1881] Copying CXX header iosfwd
[1614/1881] Copying CXX header iostream
[1615/1881] Copying CXX header istream
[1616/1881] Copying CXX header iterator
[1617/1881] Copying CXX header latch
[1618/1881] Copying CXX header limits
[1619/1881] Copying CXX header list
[1620/1881] Copying CXX header map
[1621/1881] Copying CXX header math.h
[1622/1881] Copying CXX header mdspan
[1623/1881] Copying CXX header memory
[1624/1881] Copying CXX header ios
[1625/1881] Copying CXX header locale
[1626/1881] Copying CXX header mutex
[1627/1881] Copying CXX header memory_resource
[1628/1881] Copying CXX header new
[1629/1881] Copying CXX header numbers
[1630/1881] Copying CXX header numeric
[1631/1881] Copying CXX header optional
[1632/1881] Copying CXX header ostream
[1633/1881] Copying CXX header print
[1634/1881] Copying CXX header queue
[1635/1881] Copying CXX header ranges
[1636/1881] Copying CXX header ratio
[1637/1881] Copying CXX header regex
[1638/1881] Copying CXX header scoped_allocator
[1639/1881] Copying CXX header semaphore
[1640/1881] Copying CXX header random
[1641/1881] Copying CXX header shared_mutex
[1642/1881] Copying CXX header source_location
[1643/1881] Copying CXX header span
[1644/1881] Copying CXX header sstream
[1645/1881] Copying CXX header stack
[1646/1881] Copying CXX header stdatomic.h
[1647/1881] Copying CXX header set
[1648/1881] Copying CXX header stddef.h
[1649/1881] Copying CXX header string.h
[1650/1881] Copying CXX header string_view
[1651/1881] Copying CXX header stop_token
[1652/1881] Copying CXX header string
[1653/1881] Copying CXX header stdexcept
[1654/1881] Copying CXX header stdio.h
[1655/1881] Copying CXX header stdlib.h
[1656/1881] Copying CXX header streambuf
[1657/1881] Copying CXX header strstream
[1658/1881] Copying CXX header system_error
[1659/1881] Copying CXX header thread
[1660/1881] Copying CXX header syncstream
[1661/1881] Copying CXX header tgmath.h
[1662/1881] Copying CXX header tuple
[1663/1881] Copying CXX header type_traits
[1664/1881] Copying CXX header typeindex
[1665/1881] Copying CXX header typeinfo
[1666/1881] Copying CXX header uchar.h
[1667/1881] Copying CXX header unordered_map
[1668/1881] Copying CXX header unordered_set
[1669/1881] Copying CXX header utility
[1670/1881] Copying CXX header valarray
[1671/1881] Copying CXX header variant
[1672/1881] Copying CXX header vector
[1673/1881] Copying CXX header version
[1674/1881] Copying CXX header wchar.h
[1675/1881] Copying CXX header wctype.h
[1676/1881] Copying CXX module std.compat/cassert.inc
[1677/1881] Copying CXX module std.compat/cfloat.inc
[1678/1881] Copying CXX module std.compat/cinttypes.inc
[1679/1881] Copying CXX module std.compat/cctype.inc
[1680/1881] Copying CXX module std.compat/cfenv.inc
[1681/1881] Copying CXX module std.compat/climits.inc
[1682/1881] Building CXX object libunwind/src/CMakeFiles/unwind_static_objects.dir/Unwind-seh.cpp.o
[1683/1881] Building C object libunwind/src/CMakeFiles/unwind_static_objects.dir/Unwind-wasm.c.o
[1684/1881] Copying CXX module std.compat/cerrno.inc
[1685/1881] Copying CXX module std.compat/clocale.inc
[1686/1881] Copying CXX module std.compat/csetjmp.inc
[1687/1881] Copying CXX module std.compat/cstdarg.inc
[1688/1881] Copying CXX module std.compat/cmath.inc
[1689/1881] Copying CXX module std.compat/csignal.inc
[1690/1881] Copying CXX module std.compat/cstddef.inc
[1691/1881] Copying CXX module std.compat/cstdint.inc
[1692/1881] Copying CXX module std.compat/cstdio.inc
[1693/1881] Copying CXX module std.compat/cstdlib.inc
[1694/1881] Copying CXX module std.compat/cwchar.inc
[1695/1881] Copying CXX module std.compat/cstring.inc
[1696/1881] Copying CXX module std.compat/ctime.inc
[1697/1881] Copying CXX module std.compat/cuchar.inc
[1698/1881] Copying CXX module std/algorithm.inc
[1699/1881] Copying CXX module std/array.inc
[1700/1881] Building C object libunwind/src/CMakeFiles/unwind_static_objects.dir/Unwind-sjlj.c.o
[1701/1881] Copying CXX module std.compat/cwctype.inc
[1702/1881] Copying CXX module std/any.inc
[1703/1881] Copying CXX module std/atomic.inc
[1704/1881] Copying CXX module std/barrier.inc
[1705/1881] Copying CXX module std/bit.inc
[1706/1881] Generate the mapping file for include-what-you-use
[1707/1881] Copying CXX module std/bitset.inc
[1708/1881] Copying CXX module std/cassert.inc
[1709/1881] Building ASM object libunwind/src/CMakeFiles/unwind_static_objects.dir/UnwindRegistersRestore.S.o
[1710/1881] Copying CXX module std/cctype.inc
[1711/1881] Building C object libunwind/src/CMakeFiles/unwind_static_objects.dir/UnwindLevel1-gcc-ext.c.o
[1712/1881] Copying CXX module std/cfloat.inc
[1713/1881] Copying CXX module std/charconv.inc
[1714/1881] Building CXX object libunwind/src/CMakeFiles/unwind_static_objects.dir/Unwind-EHABI.cpp.o
[1715/1881] Copying CXX module std/chrono.inc
[1716/1881] Copying CXX module std/cfenv.inc
[1717/1881] Copying CXX module std/cerrno.inc
[1718/1881] Copying CXX module std/cinttypes.inc
[1719/1881] Building CXX object libcxxabi/src/CMakeFiles/cxxabi_static_objects.dir/cxa_virtual.cpp.o
[1720/1881] Building CXX object libcxxabi/src/CMakeFiles/cxxabi_static_objects.dir/abort_message.cpp.o
[1721/1881] Building CXX object libcxxabi/src/CMakeFiles/cxxabi_static_objects.dir/stdlib_typeinfo.cpp.o
[1722/1881] Building ASM object libunwind/src/CMakeFiles/unwind_static_objects.dir/UnwindRegistersSave.S.o
[1723/1881] Building C object libunwind/src/CMakeFiles/unwind_static_objects.dir/UnwindLevel1.c.o
[1724/1881] Building CXX object libcxxabi/src/CMakeFiles/cxxabi_static_objects.dir/stdlib_exception.cpp.o
[1725/1881] Building CXX object libcxxabi/src/CMakeFiles/cxxabi_static_objects.dir/cxa_aux_runtime.cpp.o
[1726/1881] Building CXX object libcxxabi/src/CMakeFiles/cxxabi_static_objects.dir/cxa_exception_storage.cpp.o
In file included from /var/db/repos/Local/tools/llvm-libc-probe/.src/llvm-project/libcxxabi/src/cxa_exception_storage.cpp:15:
In file included from /var/db/repos/Local/tools/llvm-libc-probe/.build-cxx-ext/include/c++/v1/__thread/support.h:110:
In file included from /var/db/repos/Local/tools/llvm-libc-probe/.build-cxx-ext/include/c++/v1/__thread/support/external.h:19:
/var/db/repos/Local/tools/llvm-libc-probe/compat/__external_threading:177:31: warning: cast from 'void *(*)(void *)' to 'thrd_start_t' (aka 'int (*)(void *)') converts to incompatible function type [-Wcast-function-type-mismatch]
  177 |   int __ec = thrd_create(__t, reinterpret_cast<thrd_start_t>(__func), __arg);
      |                               ^~~~~~~~~~~~~~~~~~~~~~~~~~~~~~~~~~~~~~
1 warning generated.
[1727/1881] Building CXX object libcxxabi/src/CMakeFiles/cxxabi_static_objects.dir/private_typeinfo.cpp.o
[1728/1881] Building CXX object libcxx/src/CMakeFiles/cxx_static.dir/any.cpp.o
[1729/1881] Building CXX object libcxxabi/src/CMakeFiles/cxxabi_static_objects.dir/stdlib_new_delete.cpp.o
[1730/1881] Building CXX object libcxxabi/src/CMakeFiles/cxxabi_static_objects.dir/cxa_vector.cpp.o
[1731/1881] Building CXX object libcxxabi/src/CMakeFiles/cxxabi_static_objects.dir/cxa_personality.cpp.o
[1732/1881] Building CXX object libcxxabi/src/CMakeFiles/cxxabi_static_objects.dir/fallback_malloc.cpp.o
In file included from /var/db/repos/Local/tools/llvm-libc-probe/.src/llvm-project/libcxxabi/src/fallback_malloc.cpp:12:
In file included from /var/db/repos/Local/tools/llvm-libc-probe/.build-cxx-ext/include/c++/v1/__thread/support.h:110:
In file included from /var/db/repos/Local/tools/llvm-libc-probe/.build-cxx-ext/include/c++/v1/__thread/support/external.h:19:
/var/db/repos/Local/tools/llvm-libc-probe/compat/__external_threading:177:31: warning: cast from 'void *(*)(void *)' to 'thrd_start_t' (aka 'int (*)(void *)') converts to incompatible function type [-Wcast-function-type-mismatch]
  177 |   int __ec = thrd_create(__t, reinterpret_cast<thrd_start_t>(__func), __arg);
      |                               ^~~~~~~~~~~~~~~~~~~~~~~~~~~~~~~~~~~~~~
1 warning generated.
[1733/1881] Building CXX object libcxx/src/CMakeFiles/cxx_static.dir/exception.cpp.o
[1734/1881] Building CXX object libcxxabi/src/CMakeFiles/cxxabi_static_objects.dir/cxa_thread_atexit.cpp.o
In file included from /var/db/repos/Local/tools/llvm-libc-probe/.src/llvm-project/libcxxabi/src/cxa_thread_atexit.cpp:11:
In file included from /var/db/repos/Local/tools/llvm-libc-probe/.build-cxx-ext/include/c++/v1/__thread/support.h:110:
In file included from /var/db/repos/Local/tools/llvm-libc-probe/.build-cxx-ext/include/c++/v1/__thread/support/external.h:19:
/var/db/repos/Local/tools/llvm-libc-probe/compat/__external_threading:177:31: warning: cast from 'void *(*)(void *)' to 'thrd_start_t' (aka 'int (*)(void *)') converts to incompatible function type [-Wcast-function-type-mismatch]
  177 |   int __ec = thrd_create(__t, reinterpret_cast<thrd_start_t>(__func), __arg);
      |                               ^~~~~~~~~~~~~~~~~~~~~~~~~~~~~~~~~~~~~~
1 warning generated.
[1735/1881] Building CXX object libcxxabi/src/CMakeFiles/cxxabi_static_objects.dir/cxa_default_handlers.cpp.o
[1736/1881] Building CXX object libcxx/src/CMakeFiles/cxx_static.dir/expected.cpp.o
[1737/1881] Building CXX object libunwind/src/CMakeFiles/unwind_static_objects.dir/libunwind.cpp.o
[1738/1881] Building CXX object libcxxabi/src/CMakeFiles/cxxabi_static_objects.dir/stdlib_stdexcept.cpp.o
[1739/1881] Building CXX object libcxx/src/CMakeFiles/cxx_static.dir/call_once.cpp.o
In file included from /var/db/repos/Local/tools/llvm-libc-probe/.src/llvm-project/libcxx/src/call_once.cpp:14:
In file included from /var/db/repos/Local/tools/llvm-libc-probe/.build-cxx-ext/include/c++/v1/__thread/support.h:110:
In file included from /var/db/repos/Local/tools/llvm-libc-probe/.build-cxx-ext/include/c++/v1/__thread/support/external.h:19:
/var/db/repos/Local/tools/llvm-libc-probe/compat/__external_threading:177:31: warning: cast from 'void *(*)(void *)' to 'thrd_start_t' (aka 'int (*)(void *)') converts to incompatible function type [-Wcast-function-type-mismatch]
  177 |   int __ec = thrd_create(__t, reinterpret_cast<thrd_start_t>(__func), __arg);
      |                               ^~~~~~~~~~~~~~~~~~~~~~~~~~~~~~~~~~~~~~
1 warning generated.
[1740/1881] Building CXX object libcxxabi/src/CMakeFiles/cxxabi_static_objects.dir/cxa_handlers.cpp.o
[1741/1881] Building CXX object libcxxabi/src/CMakeFiles/cxxabi_static_objects.dir/cxa_exception.cpp.o
[1742/1881] Building CXX object libcxx/src/CMakeFiles/cxx_static.dir/bind.cpp.o
[1743/1881] Building CXX object libcxxabi/src/CMakeFiles/cxxabi_static_objects.dir/cxa_guard.cpp.o
In file included from /var/db/repos/Local/tools/llvm-libc-probe/.src/llvm-project/libcxxabi/src/cxa_guard.cpp:15:
In file included from /var/db/repos/Local/tools/llvm-libc-probe/.src/llvm-project/libcxxabi/src/cxa_guard_impl.h:61:
In file included from /var/db/repos/Local/tools/llvm-libc-probe/.build-cxx-ext/include/c++/v1/__thread/support.h:110:
In file included from /var/db/repos/Local/tools/llvm-libc-probe/.build-cxx-ext/include/c++/v1/__thread/support/external.h:19:
/var/db/repos/Local/tools/llvm-libc-probe/compat/__external_threading:177:31: warning: cast from 'void *(*)(void *)' to 'thrd_start_t' (aka 'int (*)(void *)') converts to incompatible function type [-Wcast-function-type-mismatch]
  177 |   int __ec = thrd_create(__t, reinterpret_cast<thrd_start_t>(__func), __arg);
      |                               ^~~~~~~~~~~~~~~~~~~~~~~~~~~~~~~~~~~~~~
1 warning generated.
[1744/1881] Building CXX object libcxx/src/CMakeFiles/cxx_static.dir/new_helpers.cpp.o
[1745/1881] Building CXX object libcxx/src/CMakeFiles/cxx_static.dir/error_category.cpp.o
[1746/1881] Building CXX object libcxx/src/CMakeFiles/cxx_static.dir/optional.cpp.o
[1747/1881] Building CXX object libcxx/src/CMakeFiles/cxx_static.dir/filesystem/filesystem_error.cpp.o
[1748/1881] Building CXX object libcxx/src/CMakeFiles/cxx_static.dir/memory_resource.cpp.o
In file included from /var/db/repos/Local/tools/llvm-libc-probe/.src/llvm-project/libcxx/src/memory_resource.cpp:11:
In file included from /var/db/repos/Local/tools/llvm-libc-probe/.build-cxx-ext/include/c++/v1/memory_resource:62:
In file included from /var/db/repos/Local/tools/llvm-libc-probe/.build-cxx-ext/include/c++/v1/__memory_resource/synchronized_pool_resource.h:17:
In file included from /var/db/repos/Local/tools/llvm-libc-probe/.build-cxx-ext/include/c++/v1/__mutex/mutex.h:13:
In file included from /var/db/repos/Local/tools/llvm-libc-probe/.build-cxx-ext/include/c++/v1/__thread/support.h:110:
In file included from /var/db/repos/Local/tools/llvm-libc-probe/.build-cxx-ext/include/c++/v1/__thread/support/external.h:19:
/var/db/repos/Local/tools/llvm-libc-probe/compat/__external_threading:177:31: warning: cast from 'void *(*)(void *)' to 'thrd_start_t' (aka 'int (*)(void *)') converts to incompatible function type [-Wcast-function-type-mismatch]
  177 |   int __ec = thrd_create(__t, reinterpret_cast<thrd_start_t>(__func), __arg);
      |                               ^~~~~~~~~~~~~~~~~~~~~~~~~~~~~~~~~~~~~~
1 warning generated.
[1749/1881] Building CXX object libcxx/src/CMakeFiles/cxx_static.dir/new_handler.cpp.o
[1750/1881] Building CXX object libcxx/src/CMakeFiles/cxx_static.dir/ryu/d2s.cpp.o
[1751/1881] Building CXX object libcxx/src/CMakeFiles/cxx_static.dir/ryu/f2s.cpp.o
[1752/1881] Building CXX object libcxx/src/CMakeFiles/cxx_static.dir/functional.cpp.o
[1753/1881] Building CXX object libcxx/src/CMakeFiles/cxx_static.dir/charconv.cpp.o
[1754/1881] Building CXX object libcxx/src/CMakeFiles/cxx_static.dir/typeinfo.cpp.o
[1755/1881] Building CXX object libcxx/src/CMakeFiles/cxx_static.dir/ryu/d2fixed.cpp.o
[1756/1881] Building CXX object libcxx/src/CMakeFiles/cxx_static.dir/memory.cpp.o
In file included from /var/db/repos/Local/tools/llvm-libc-probe/.src/llvm-project/libcxx/src/memory.cpp:20:
In file included from /var/db/repos/Local/tools/llvm-libc-probe/.build-cxx-ext/include/c++/v1/mutex:194:
In file included from /var/db/repos/Local/tools/llvm-libc-probe/.build-cxx-ext/include/c++/v1/__condition_variable/condition_variable.h:17:
In file included from /var/db/repos/Local/tools/llvm-libc-probe/.build-cxx-ext/include/c++/v1/__mutex/mutex.h:13:
In file included from /var/db/repos/Local/tools/llvm-libc-probe/.build-cxx-ext/include/c++/v1/__thread/support.h:110:
In file included from /var/db/repos/Local/tools/llvm-libc-probe/.build-cxx-ext/include/c++/v1/__thread/support/external.h:19:
/var/db/repos/Local/tools/llvm-libc-probe/compat/__external_threading:177:31: warning: cast from 'void *(*)(void *)' to 'thrd_start_t' (aka 'int (*)(void *)') converts to incompatible function type [-Wcast-function-type-mismatch]
  177 |   int __ec = thrd_create(__t, reinterpret_cast<thrd_start_t>(__func), __arg);
      |                               ^~~~~~~~~~~~~~~~~~~~~~~~~~~~~~~~~~~~~~
1 warning generated.
[1757/1881] Building CXX object libcxx/src/CMakeFiles/cxx_static.dir/verbose_abort.cpp.o
[1758/1881] Building CXX object libcxx/src/CMakeFiles/cxx_static.dir/valarray.cpp.o
[1759/1881] Building CXX object libcxx/src/CMakeFiles/cxx_static.dir/condition_variable_destructor.cpp.o
In file included from /var/db/repos/Local/tools/llvm-libc-probe/.src/llvm-project/libcxx/src/condition_variable_destructor.cpp:15:
In file included from /var/db/repos/Local/tools/llvm-libc-probe/.build-cxx-ext/include/c++/v1/__thread/support.h:110:
In file included from /var/db/repos/Local/tools/llvm-libc-probe/.build-cxx-ext/include/c++/v1/__thread/support/external.h:19:
/var/db/repos/Local/tools/llvm-libc-probe/compat/__external_threading:177:31: warning: cast from 'void *(*)(void *)' to 'thrd_start_t' (aka 'int (*)(void *)') converts to incompatible function type [-Wcast-function-type-mismatch]
  177 |   int __ec = thrd_create(__t, reinterpret_cast<thrd_start_t>(__func), __arg);
      |                               ^~~~~~~~~~~~~~~~~~~~~~~~~~~~~~~~~~~~~~
1 warning generated.
[1760/1881] Building CXX object libcxx/src/CMakeFiles/cxx_static.dir/stdexcept.cpp.o
[1761/1881] Building CXX object libcxx/src/CMakeFiles/cxx_static.dir/chrono.cpp.o
[1762/1881] Building CXX object libcxx/src/CMakeFiles/cxx_static.dir/variant.cpp.o
[1763/1881] Building CXX object libcxx/src/CMakeFiles/cxx_static.dir/random_shuffle.cpp.o
In file included from /var/db/repos/Local/tools/llvm-libc-probe/.src/llvm-project/libcxx/src/random_shuffle.cpp:13:
In file included from /var/db/repos/Local/tools/llvm-libc-probe/.build-cxx-ext/include/c++/v1/mutex:194:
In file included from /var/db/repos/Local/tools/llvm-libc-probe/.build-cxx-ext/include/c++/v1/__condition_variable/condition_variable.h:17:
In file included from /var/db/repos/Local/tools/llvm-libc-probe/.build-cxx-ext/include/c++/v1/__mutex/mutex.h:13:
In file included from /var/db/repos/Local/tools/llvm-libc-probe/.build-cxx-ext/include/c++/v1/__thread/support.h:110:
In file included from /var/db/repos/Local/tools/llvm-libc-probe/.build-cxx-ext/include/c++/v1/__thread/support/external.h:19:
/var/db/repos/Local/tools/llvm-libc-probe/compat/__external_threading:177:31: warning: cast from 'void *(*)(void *)' to 'thrd_start_t' (aka 'int (*)(void *)') converts to incompatible function type [-Wcast-function-type-mismatch]
  177 |   int __ec = thrd_create(__t, reinterpret_cast<thrd_start_t>(__func), __arg);
      |                               ^~~~~~~~~~~~~~~~~~~~~~~~~~~~~~~~~~~~~~
1 warning generated.
[1764/1881] Building CXX object libcxx/src/CMakeFiles/cxx_static.dir/hash.cpp.o
[1765/1881] Building CXX object libcxx/src/CMakeFiles/cxx_static.dir/mutex_destructor.cpp.o
In file included from /var/db/repos/Local/tools/llvm-libc-probe/.src/llvm-project/libcxx/src/mutex_destructor.cpp:20:
In file included from /var/db/repos/Local/tools/llvm-libc-probe/.build-cxx-ext/include/c++/v1/__thread/support.h:110:
In file included from /var/db/repos/Local/tools/llvm-libc-probe/.build-cxx-ext/include/c++/v1/__thread/support/external.h:19:
/var/db/repos/Local/tools/llvm-libc-probe/compat/__external_threading:177:31: warning: cast from 'void *(*)(void *)' to 'thrd_start_t' (aka 'int (*)(void *)') converts to incompatible function type [-Wcast-function-type-mismatch]
  177 |   int __ec = thrd_create(__t, reinterpret_cast<thrd_start_t>(__func), __arg);
      |                               ^~~~~~~~~~~~~~~~~~~~~~~~~~~~~~~~~~~~~~
1 warning generated.
[1766/1881] Building CXX object libcxx/src/CMakeFiles/cxx_static.dir/filesystem/filesystem_clock.cpp.o
[1767/1881] Building CXX object libcxx/src/CMakeFiles/cxx_experimental.dir/experimental/log_hardening_failure.cpp.o
[1768/1881] Building CXX object libcxx/src/CMakeFiles/cxx_experimental.dir/experimental/keep.cpp.o
[1769/1881] Copying CXX module std/climits.inc
[1770/1881] Linking C static library lib/libunwind.a
[1771/1881] Copying CXX module std/cmath.inc
[1772/1881] Copying CXX module std/clocale.inc
[1773/1881] Copying CXX module std/codecvt.inc
[1774/1881] Copying CXX module std/complex.inc
[1775/1881] Building CXX object libcxx/src/CMakeFiles/cxx_static.dir/print.cpp.o
[1776/1881] Copying CXX module std/compare.inc
[1777/1881] Copying CXX module std/concepts.inc
[1778/1881] Copying CXX module std/condition_variable.inc
[1779/1881] Copying CXX module std/coroutine.inc
[1780/1881] Copying CXX module std/csetjmp.inc
[1781/1881] Copying CXX module std/csignal.inc
[1782/1881] Copying CXX module std/cstdint.inc
[1783/1881] Copying CXX module std/cstdarg.inc
[1784/1881] Copying CXX module std/cstdio.inc
[1785/1881] Copying CXX module std/cstddef.inc
[1786/1881] Copying CXX module std/cstdlib.inc
[1787/1881] Copying CXX module std/cstring.inc
[1788/1881] Building CXX object libcxx/src/CMakeFiles/cxx_static.dir/system_error.cpp.o
[1789/1881] Copying CXX module std/ctime.inc
[1790/1881] Copying CXX module std/cuchar.inc
[1791/1881] Copying CXX module std/cwchar.inc
[1792/1881] Copying CXX module std/cwctype.inc
[1793/1881] Copying CXX module std/deque.inc
[1794/1881] Copying CXX module std/exception.inc
[1795/1881] Copying CXX module std/filesystem.inc
[1796/1881] Copying CXX module std/execution.inc
[1797/1881] Copying CXX module std/expected.inc
[1798/1881] Copying CXX module std/flat_map.inc
[1799/1881] Copying CXX module std/flat_set.inc
[1800/1881] Copying CXX module std/forward_list.inc
[1801/1881] Copying CXX module std/fstream.inc
[1802/1881] Copying CXX module std/format.inc
[1803/1881] Copying CXX module std/functional.inc
[1804/1881] Copying CXX module std/future.inc
[1805/1881] Copying CXX module std/generator.inc
[1806/1881] Copying CXX module std/hazard_pointer.inc
[1807/1881] Copying CXX module std/initializer_list.inc
[1808/1881] Copying CXX module std/iomanip.inc
[1809/1881] Building CXX object libcxx/src/CMakeFiles/cxx_static.dir/shared_mutex.cpp.o
In file included from /var/db/repos/Local/tools/llvm-libc-probe/.src/llvm-project/libcxx/src/shared_mutex.cpp:9:
In file included from /var/db/repos/Local/tools/llvm-libc-probe/.build-cxx-ext/include/c++/v1/mutex:194:
In file included from /var/db/repos/Local/tools/llvm-libc-probe/.build-cxx-ext/include/c++/v1/__condition_variable/condition_variable.h:17:
In file included from /var/db/repos/Local/tools/llvm-libc-probe/.build-cxx-ext/include/c++/v1/__mutex/mutex.h:13:
In file included from /var/db/repos/Local/tools/llvm-libc-probe/.build-cxx-ext/include/c++/v1/__thread/support.h:110:
In file included from /var/db/repos/Local/tools/llvm-libc-probe/.build-cxx-ext/include/c++/v1/__thread/support/external.h:19:
/var/db/repos/Local/tools/llvm-libc-probe/compat/__external_threading:177:31: warning: cast from 'void *(*)(void *)' to 'thrd_start_t' (aka 'int (*)(void *)') converts to incompatible function type [-Wcast-function-type-mismatch]
  177 |   int __ec = thrd_create(__t, reinterpret_cast<thrd_start_t>(__func), __arg);
      |                               ^~~~~~~~~~~~~~~~~~~~~~~~~~~~~~~~~~~~~~
1 warning generated.
[1810/1881] Copying CXX module std/ios.inc
[1811/1881] Copying CXX module std/iosfwd.inc
[1812/1881] Copying CXX module std/iostream.inc
[1813/1881] Copying CXX module std/iterator.inc
[1814/1881] Copying CXX module std/limits.inc
[1815/1881] Copying CXX module std/istream.inc
[1816/1881] Building CXX object libcxx/src/CMakeFiles/cxx_static.dir/mutex.cpp.o
In file included from /var/db/repos/Local/tools/llvm-libc-probe/.src/llvm-project/libcxx/src/mutex.cpp:11:
In file included from /var/db/repos/Local/tools/llvm-libc-probe/.build-cxx-ext/include/c++/v1/__thread/id.h:17:
In file included from /var/db/repos/Local/tools/llvm-libc-probe/.build-cxx-ext/include/c++/v1/__thread/support.h:110:
In file included from /var/db/repos/Local/tools/llvm-libc-probe/.build-cxx-ext/include/c++/v1/__thread/support/external.h:19:
/var/db/repos/Local/tools/llvm-libc-probe/compat/__external_threading:177:31: warning: cast from 'void *(*)(void *)' to 'thrd_start_t' (aka 'int (*)(void *)') converts to incompatible function type [-Wcast-function-type-mismatch]
  177 |   int __ec = thrd_create(__t, reinterpret_cast<thrd_start_t>(__func), __arg);
      |                               ^~~~~~~~~~~~~~~~~~~~~~~~~~~~~~~~~~~~~~
1 warning generated.
[1817/1881] Copying CXX module std/latch.inc
[1818/1881] Copying CXX module std/locale.inc
[1819/1881] Copying CXX module std/list.inc
[1820/1881] Copying CXX module std/map.inc
[1821/1881] Copying CXX module std/mdspan.inc
[1822/1881] Copying CXX module std/memory_resource.inc
[1823/1881] Copying CXX module std/mutex.inc
[1824/1881] Copying CXX module std/memory.inc
[1825/1881] Copying CXX module std/new.inc
[1826/1881] Copying CXX module std/numbers.inc
[1827/1881] Copying CXX module std/optional.inc
[1828/1881] Copying CXX module std/numeric.inc
[1829/1881] Copying CXX module std/print.inc
[1830/1881] Copying CXX module std/ostream.inc
[1831/1881] Copying CXX module std/queue.inc
[1832/1881] Copying CXX module std/random.inc
[1833/1881] Building CXX object libcxx/src/CMakeFiles/cxx_static.dir/filesystem/path.cpp.o
[1834/1881] Copying CXX module std/ranges.inc
[1835/1881] Copying CXX module std/rcu.inc
[1836/1881] Copying CXX module std/ratio.inc
[1837/1881] Copying CXX module std/scoped_allocator.inc
[1838/1881] Copying CXX module std/semaphore.inc
[1839/1881] Copying CXX module std/source_location.inc
[1840/1881] Building CXX object libcxx/src/CMakeFiles/cxx_static.dir/vector.cpp.o
[1841/1881] Copying CXX module std/regex.inc
[1842/1881] Copying CXX module std/set.inc
[1843/1881] Copying CXX module std/shared_mutex.inc
[1844/1881] Copying CXX module std/span.inc
[1845/1881] Copying CXX module std/spanstream.inc
[1846/1881] Copying CXX module std/stack.inc
[1847/1881] Copying CXX module std/sstream.inc
[1848/1881] Copying CXX module std/stdfloat.inc
[1849/1881] Copying CXX module std/stacktrace.inc
[1850/1881] Copying CXX module std/stop_token.inc
[1851/1881] Copying CXX module std/stdexcept.inc
[1852/1881] Copying CXX module std/streambuf.inc
[1853/1881] Copying CXX module std/string.inc
[1854/1881] Copying CXX module std/string_view.inc
[1855/1881] Copying CXX module std/strstream.inc
[1856/1881] Copying CXX module std/syncstream.inc
[1857/1881] Copying CXX module std/system_error.inc
[1858/1881] Copying CXX module std/text_encoding.inc
[1859/1881] Copying CXX module std/tuple.inc
[1860/1881] Copying CXX module std/type_traits.inc
[1861/1881] Copying CXX module std/thread.inc
[1862/1881] Copying CXX module std/typeinfo.inc
[1863/1881] Copying CXX module std/unordered_map.inc
[1864/1881] Copying CXX module std/unordered_set.inc
[1865/1881] Copying CXX module std/utility.inc
[1866/1881] Copying CXX module std/variant.inc
[1867/1881] Copying CXX module std/typeindex.inc
[1868/1881] Copying CXX module std/valarray.inc
[1869/1881] Copying CXX module std/vector.inc
[1870/1881] Copying CXX module std/version.inc
[1871/1881] Building CXX object libcxx/src/CMakeFiles/cxx_static.dir/condition_variable.cpp.o
In file included from /var/db/repos/Local/tools/llvm-libc-probe/.src/llvm-project/libcxx/src/condition_variable.cpp:9:
In file included from /var/db/repos/Local/tools/llvm-libc-probe/.build-cxx-ext/include/c++/v1/condition_variable:127:
In file included from /var/db/repos/Local/tools/llvm-libc-probe/.build-cxx-ext/include/c++/v1/__condition_variable/condition_variable.h:17:
In file included from /var/db/repos/Local/tools/llvm-libc-probe/.build-cxx-ext/include/c++/v1/__mutex/mutex.h:13:
In file included from /var/db/repos/Local/tools/llvm-libc-probe/.build-cxx-ext/include/c++/v1/__thread/support.h:110:
In file included from /var/db/repos/Local/tools/llvm-libc-probe/.build-cxx-ext/include/c++/v1/__thread/support/external.h:19:
/var/db/repos/Local/tools/llvm-libc-probe/compat/__external_threading:177:31: warning: cast from 'void *(*)(void *)' to 'thrd_start_t' (aka 'int (*)(void *)') converts to incompatible function type [-Wcast-function-type-mismatch]
  177 |   int __ec = thrd_create(__t, reinterpret_cast<thrd_start_t>(__func), __arg);
      |                               ^~~~~~~~~~~~~~~~~~~~~~~~~~~~~~~~~~~~~~
1 warning generated.
[1872/1881] Building CXX object libcxx/src/CMakeFiles/cxx_static.dir/barrier.cpp.o
In file included from /var/db/repos/Local/tools/llvm-libc-probe/.src/llvm-project/libcxx/src/barrier.cpp:10:
In file included from /var/db/repos/Local/tools/llvm-libc-probe/.build-cxx-ext/include/c++/v1/thread:96:
In file included from /var/db/repos/Local/tools/llvm-libc-probe/.build-cxx-ext/include/c++/v1/__thread/this_thread.h:16:
In file included from /var/db/repos/Local/tools/llvm-libc-probe/.build-cxx-ext/include/c++/v1/__condition_variable/condition_variable.h:17:
In file included from /var/db/repos/Local/tools/llvm-libc-probe/.build-cxx-ext/include/c++/v1/__mutex/mutex.h:13:
In file included from /var/db/repos/Local/tools/llvm-libc-probe/.build-cxx-ext/include/c++/v1/__thread/support.h:110:
In file included from /var/db/repos/Local/tools/llvm-libc-probe/.build-cxx-ext/include/c++/v1/__thread/support/external.h:19:
/var/db/repos/Local/tools/llvm-libc-probe/compat/__external_threading:177:31: warning: cast from 'void *(*)(void *)' to 'thrd_start_t' (aka 'int (*)(void *)') converts to incompatible function type [-Wcast-function-type-mismatch]
  177 |   int __ec = thrd_create(__t, reinterpret_cast<thrd_start_t>(__func), __arg);
      |                               ^~~~~~~~~~~~~~~~~~~~~~~~~~~~~~~~~~~~~~
1 warning generated.
[1873/1881] Building CXX object libcxx/src/CMakeFiles/cxx_static.dir/future.cpp.o
In file included from /var/db/repos/Local/tools/llvm-libc-probe/.src/llvm-project/libcxx/src/future.cpp:9:
In file included from /var/db/repos/Local/tools/llvm-libc-probe/.build-cxx-ext/include/c++/v1/future:374:
In file included from /var/db/repos/Local/tools/llvm-libc-probe/.build-cxx-ext/include/c++/v1/__condition_variable/condition_variable.h:17:
In file included from /var/db/repos/Local/tools/llvm-libc-probe/.build-cxx-ext/include/c++/v1/__mutex/mutex.h:13:
In file included from /var/db/repos/Local/tools/llvm-libc-probe/.build-cxx-ext/include/c++/v1/__thread/support.h:110:
In file included from /var/db/repos/Local/tools/llvm-libc-probe/.build-cxx-ext/include/c++/v1/__thread/support/external.h:19:
/var/db/repos/Local/tools/llvm-libc-probe/compat/__external_threading:177:31: warning: cast from 'void *(*)(void *)' to 'thrd_start_t' (aka 'int (*)(void *)') converts to incompatible function type [-Wcast-function-type-mismatch]
  177 |   int __ec = thrd_create(__t, reinterpret_cast<thrd_start_t>(__func), __arg);
      |                               ^~~~~~~~~~~~~~~~~~~~~~~~~~~~~~~~~~~~~~
1 warning generated.
[1874/1881] Building CXX object libcxx/src/CMakeFiles/cxx_static.dir/atomic.cpp.o
In file included from /var/db/repos/Local/tools/llvm-libc-probe/.src/llvm-project/libcxx/src/atomic.cpp:9:
In file included from /var/db/repos/Local/tools/llvm-libc-probe/.build-cxx-ext/include/c++/v1/__thread/timed_backoff_policy.h:19:
In file included from /var/db/repos/Local/tools/llvm-libc-probe/.build-cxx-ext/include/c++/v1/__thread/support.h:110:
In file included from /var/db/repos/Local/tools/llvm-libc-probe/.build-cxx-ext/include/c++/v1/__thread/support/external.h:19:
/var/db/repos/Local/tools/llvm-libc-probe/compat/__external_threading:177:31: warning: cast from 'void *(*)(void *)' to 'thrd_start_t' (aka 'int (*)(void *)') converts to incompatible function type [-Wcast-function-type-mismatch]
  177 |   int __ec = thrd_create(__t, reinterpret_cast<thrd_start_t>(__func), __arg);
      |                               ^~~~~~~~~~~~~~~~~~~~~~~~~~~~~~~~~~~~~~
1 warning generated.
[1875/1881] Building CXX object libcxx/src/CMakeFiles/cxx_static.dir/string.cpp.o
[1876/1881] Building CXX object libcxx/src/CMakeFiles/cxx_static.dir/thread.cpp.o
In file included from /var/db/repos/Local/tools/llvm-libc-probe/.src/llvm-project/libcxx/src/thread.cpp:11:
In file included from /var/db/repos/Local/tools/llvm-libc-probe/.build-cxx-ext/include/c++/v1/__thread/timed_backoff_policy.h:19:
In file included from /var/db/repos/Local/tools/llvm-libc-probe/.build-cxx-ext/include/c++/v1/__thread/support.h:110:
In file included from /var/db/repos/Local/tools/llvm-libc-probe/.build-cxx-ext/include/c++/v1/__thread/support/external.h:19:
/var/db/repos/Local/tools/llvm-libc-probe/compat/__external_threading:177:31: warning: cast from 'void *(*)(void *)' to 'thrd_start_t' (aka 'int (*)(void *)') converts to incompatible function type [-Wcast-function-type-mismatch]
  177 |   int __ec = thrd_create(__t, reinterpret_cast<thrd_start_t>(__func), __arg);
      |                               ^~~~~~~~~~~~~~~~~~~~~~~~~~~~~~~~~~~~~~
/var/db/repos/Local/tools/llvm-libc-probe/.src/llvm-project/libcxx/src/thread.cpp:84:6: warning: hardware_concurrency not yet implemented [-W#warnings]
   84 | #    warning hardware_concurrency not yet implemented
      |      ^
2 warnings generated.
[1877/1881] Building CXX object libcxx/src/CMakeFiles/cxx_static.dir/algorithm.cpp.o
[1878/1881] Building CXX object libcxxabi/src/CMakeFiles/cxxabi_static_objects.dir/cxa_demangle.cpp.o
[1879/1881] Linking CXX static library lib/libc++abi.a
[1880/1881] Linking CXX static library lib/libc++.a
[1881/1881] Linking CXX static library lib/libc++experimental.a
[1;34m==>[0m installing into /var/db/repos/Local/tools/llvm-libc-probe/.prefix
ninja: Entering directory `/var/db/repos/Local/tools/llvm-libc-probe/.build-cxx-ext'
[0/1] Install the project...
-- Install configuration: "Release"
-- Up-to-date: /var/db/repos/Local/tools/llvm-libc-probe/.prefix/include/__libunwind_config.h
-- Up-to-date: /var/db/repos/Local/tools/llvm-libc-probe/.prefix/include/libunwind.h
-- Up-to-date: /var/db/repos/Local/tools/llvm-libc-probe/.prefix/include/libunwind.modulemap
-- Up-to-date: /var/db/repos/Local/tools/llvm-libc-probe/.prefix/include/mach-o/compact_unwind_encoding.h
-- Up-to-date: /var/db/repos/Local/tools/llvm-libc-probe/.prefix/include/unwind_arm_ehabi.h
-- Up-to-date: /var/db/repos/Local/tools/llvm-libc-probe/.prefix/include/unwind_itanium.h
-- Up-to-date: /var/db/repos/Local/tools/llvm-libc-probe/.prefix/include/unwind.h
-- Installing: /var/db/repos/Local/tools/llvm-libc-probe/.prefix/lib/libunwind.a
-- Up-to-date: /var/db/repos/Local/tools/llvm-libc-probe/.prefix/include/c++/v1/__cxxabi_config.h
-- Up-to-date: /var/db/repos/Local/tools/llvm-libc-probe/.prefix/include/c++/v1/cxxabi.h
-- Installing: /var/db/repos/Local/tools/llvm-libc-probe/.prefix/lib/libc++abi.a
-- Up-to-date: /var/db/repos/Local/tools/llvm-libc-probe/.prefix/include/c++/v1/__algorithm/adjacent_find.h
-- Up-to-date: /var/db/repos/Local/tools/llvm-libc-probe/.prefix/include/c++/v1/__algorithm/all_of.h
-- Up-to-date: /var/db/repos/Local/tools/llvm-libc-probe/.prefix/include/c++/v1/__algorithm/any_of.h
-- Up-to-date: /var/db/repos/Local/tools/llvm-libc-probe/.prefix/include/c++/v1/__algorithm/binary_search.h
-- Up-to-date: /var/db/repos/Local/tools/llvm-libc-probe/.prefix/include/c++/v1/__algorithm/clamp.h
-- Up-to-date: /var/db/repos/Local/tools/llvm-libc-probe/.prefix/include/c++/v1/__algorithm/comp.h
-- Up-to-date: /var/db/repos/Local/tools/llvm-libc-probe/.prefix/include/c++/v1/__algorithm/comp_ref_type.h
-- Up-to-date: /var/db/repos/Local/tools/llvm-libc-probe/.prefix/include/c++/v1/__algorithm/copy.h
-- Up-to-date: /var/db/repos/Local/tools/llvm-libc-probe/.prefix/include/c++/v1/__algorithm/copy_backward.h
-- Up-to-date: /var/db/repos/Local/tools/llvm-libc-probe/.prefix/include/c++/v1/__algorithm/copy_if.h
-- Up-to-date: /var/db/repos/Local/tools/llvm-libc-probe/.prefix/include/c++/v1/__algorithm/copy_move_common.h
-- Up-to-date: /var/db/repos/Local/tools/llvm-libc-probe/.prefix/include/c++/v1/__algorithm/copy_n.h
-- Up-to-date: /var/db/repos/Local/tools/llvm-libc-probe/.prefix/include/c++/v1/__algorithm/count.h
-- Up-to-date: /var/db/repos/Local/tools/llvm-libc-probe/.prefix/include/c++/v1/__algorithm/count_if.h
-- Up-to-date: /var/db/repos/Local/tools/llvm-libc-probe/.prefix/include/c++/v1/__algorithm/equal.h
-- Up-to-date: /var/db/repos/Local/tools/llvm-libc-probe/.prefix/include/c++/v1/__algorithm/equal_range.h
-- Up-to-date: /var/db/repos/Local/tools/llvm-libc-probe/.prefix/include/c++/v1/__algorithm/fill.h
-- Up-to-date: /var/db/repos/Local/tools/llvm-libc-probe/.prefix/include/c++/v1/__algorithm/fill_n.h
-- Up-to-date: /var/db/repos/Local/tools/llvm-libc-probe/.prefix/include/c++/v1/__algorithm/find.h
-- Up-to-date: /var/db/repos/Local/tools/llvm-libc-probe/.prefix/include/c++/v1/__algorithm/find_end.h
-- Up-to-date: /var/db/repos/Local/tools/llvm-libc-probe/.prefix/include/c++/v1/__algorithm/find_first_of.h
-- Up-to-date: /var/db/repos/Local/tools/llvm-libc-probe/.prefix/include/c++/v1/__algorithm/find_if.h
-- Up-to-date: /var/db/repos/Local/tools/llvm-libc-probe/.prefix/include/c++/v1/__algorithm/find_if_not.h
-- Up-to-date: /var/db/repos/Local/tools/llvm-libc-probe/.prefix/include/c++/v1/__algorithm/find_segment_if.h
-- Up-to-date: /var/db/repos/Local/tools/llvm-libc-probe/.prefix/include/c++/v1/__algorithm/for_each.h
-- Up-to-date: /var/db/repos/Local/tools/llvm-libc-probe/.prefix/include/c++/v1/__algorithm/for_each_n.h
-- Up-to-date: /var/db/repos/Local/tools/llvm-libc-probe/.prefix/include/c++/v1/__algorithm/for_each_n_segment.h
-- Up-to-date: /var/db/repos/Local/tools/llvm-libc-probe/.prefix/include/c++/v1/__algorithm/for_each_segment.h
-- Up-to-date: /var/db/repos/Local/tools/llvm-libc-probe/.prefix/include/c++/v1/__algorithm/generate.h
-- Up-to-date: /var/db/repos/Local/tools/llvm-libc-probe/.prefix/include/c++/v1/__algorithm/generate_n.h
-- Up-to-date: /var/db/repos/Local/tools/llvm-libc-probe/.prefix/include/c++/v1/__algorithm/half_positive.h
-- Up-to-date: /var/db/repos/Local/tools/llvm-libc-probe/.prefix/include/c++/v1/__algorithm/in_found_result.h
-- Up-to-date: /var/db/repos/Local/tools/llvm-libc-probe/.prefix/include/c++/v1/__algorithm/in_fun_result.h
-- Up-to-date: /var/db/repos/Local/tools/llvm-libc-probe/.prefix/include/c++/v1/__algorithm/in_in_out_result.h
-- Up-to-date: /var/db/repos/Local/tools/llvm-libc-probe/.prefix/include/c++/v1/__algorithm/in_in_result.h
-- Up-to-date: /var/db/repos/Local/tools/llvm-libc-probe/.prefix/include/c++/v1/__algorithm/in_out_out_result.h
-- Up-to-date: /var/db/repos/Local/tools/llvm-libc-probe/.prefix/include/c++/v1/__algorithm/in_out_result.h
-- Up-to-date: /var/db/repos/Local/tools/llvm-libc-probe/.prefix/include/c++/v1/__algorithm/includes.h
-- Up-to-date: /var/db/repos/Local/tools/llvm-libc-probe/.prefix/include/c++/v1/__algorithm/inplace_merge.h
-- Up-to-date: /var/db/repos/Local/tools/llvm-libc-probe/.prefix/include/c++/v1/__algorithm/is_heap.h
-- Up-to-date: /var/db/repos/Local/tools/llvm-libc-probe/.prefix/include/c++/v1/__algorithm/is_heap_until.h
-- Up-to-date: /var/db/repos/Local/tools/llvm-libc-probe/.prefix/include/c++/v1/__algorithm/is_partitioned.h
-- Up-to-date: /var/db/repos/Local/tools/llvm-libc-probe/.prefix/include/c++/v1/__algorithm/is_permutation.h
-- Up-to-date: /var/db/repos/Local/tools/llvm-libc-probe/.prefix/include/c++/v1/__algorithm/is_sorted.h
-- Up-to-date: /var/db/repos/Local/tools/llvm-libc-probe/.prefix/include/c++/v1/__algorithm/is_sorted_until.h
-- Up-to-date: /var/db/repos/Local/tools/llvm-libc-probe/.prefix/include/c++/v1/__algorithm/iter_swap.h
-- Up-to-date: /var/db/repos/Local/tools/llvm-libc-probe/.prefix/include/c++/v1/__algorithm/iterator_operations.h
-- Up-to-date: /var/db/repos/Local/tools/llvm-libc-probe/.prefix/include/c++/v1/__algorithm/lexicographical_compare.h
-- Up-to-date: /var/db/repos/Local/tools/llvm-libc-probe/.prefix/include/c++/v1/__algorithm/lexicographical_compare_three_way.h
-- Up-to-date: /var/db/repos/Local/tools/llvm-libc-probe/.prefix/include/c++/v1/__algorithm/lower_bound.h
-- Up-to-date: /var/db/repos/Local/tools/llvm-libc-probe/.prefix/include/c++/v1/__algorithm/make_heap.h
-- Up-to-date: /var/db/repos/Local/tools/llvm-libc-probe/.prefix/include/c++/v1/__algorithm/make_projected.h
-- Up-to-date: /var/db/repos/Local/tools/llvm-libc-probe/.prefix/include/c++/v1/__algorithm/max.h
-- Up-to-date: /var/db/repos/Local/tools/llvm-libc-probe/.prefix/include/c++/v1/__algorithm/max_element.h
-- Up-to-date: /var/db/repos/Local/tools/llvm-libc-probe/.prefix/include/c++/v1/__algorithm/merge.h
-- Up-to-date: /var/db/repos/Local/tools/llvm-libc-probe/.prefix/include/c++/v1/__algorithm/min.h
-- Up-to-date: /var/db/repos/Local/tools/llvm-libc-probe/.prefix/include/c++/v1/__algorithm/min_element.h
-- Up-to-date: /var/db/repos/Local/tools/llvm-libc-probe/.prefix/include/c++/v1/__algorithm/min_max_result.h
-- Up-to-date: /var/db/repos/Local/tools/llvm-libc-probe/.prefix/include/c++/v1/__algorithm/minmax.h
-- Up-to-date: /var/db/repos/Local/tools/llvm-libc-probe/.prefix/include/c++/v1/__algorithm/minmax_element.h
-- Up-to-date: /var/db/repos/Local/tools/llvm-libc-probe/.prefix/include/c++/v1/__algorithm/mismatch.h
-- Up-to-date: /var/db/repos/Local/tools/llvm-libc-probe/.prefix/include/c++/v1/__algorithm/move.h
-- Up-to-date: /var/db/repos/Local/tools/llvm-libc-probe/.prefix/include/c++/v1/__algorithm/move_backward.h
-- Up-to-date: /var/db/repos/Local/tools/llvm-libc-probe/.prefix/include/c++/v1/__algorithm/next_permutation.h
-- Up-to-date: /var/db/repos/Local/tools/llvm-libc-probe/.prefix/include/c++/v1/__algorithm/none_of.h
-- Up-to-date: /var/db/repos/Local/tools/llvm-libc-probe/.prefix/include/c++/v1/__algorithm/nth_element.h
-- Up-to-date: /var/db/repos/Local/tools/llvm-libc-probe/.prefix/include/c++/v1/__algorithm/out_value_result.h
-- Up-to-date: /var/db/repos/Local/tools/llvm-libc-probe/.prefix/include/c++/v1/__algorithm/partial_sort.h
-- Up-to-date: /var/db/repos/Local/tools/llvm-libc-probe/.prefix/include/c++/v1/__algorithm/partial_sort_copy.h
-- Up-to-date: /var/db/repos/Local/tools/llvm-libc-probe/.prefix/include/c++/v1/__algorithm/partition.h
-- Up-to-date: /var/db/repos/Local/tools/llvm-libc-probe/.prefix/include/c++/v1/__algorithm/partition_copy.h
-- Up-to-date: /var/db/repos/Local/tools/llvm-libc-probe/.prefix/include/c++/v1/__algorithm/partition_point.h
-- Up-to-date: /var/db/repos/Local/tools/llvm-libc-probe/.prefix/include/c++/v1/__algorithm/pop_heap.h
-- Up-to-date: /var/db/repos/Local/tools/llvm-libc-probe/.prefix/include/c++/v1/__algorithm/prev_permutation.h
-- Up-to-date: /var/db/repos/Local/tools/llvm-libc-probe/.prefix/include/c++/v1/__algorithm/pstl.h
-- Up-to-date: /var/db/repos/Local/tools/llvm-libc-probe/.prefix/include/c++/v1/__algorithm/push_heap.h
-- Up-to-date: /var/db/repos/Local/tools/llvm-libc-probe/.prefix/include/c++/v1/__algorithm/radix_sort.h
-- Up-to-date: /var/db/repos/Local/tools/llvm-libc-probe/.prefix/include/c++/v1/__algorithm/ranges_adjacent_find.h
-- Up-to-date: /var/db/repos/Local/tools/llvm-libc-probe/.prefix/include/c++/v1/__algorithm/ranges_all_of.h
-- Up-to-date: /var/db/repos/Local/tools/llvm-libc-probe/.prefix/include/c++/v1/__algorithm/ranges_any_of.h
-- Up-to-date: /var/db/repos/Local/tools/llvm-libc-probe/.prefix/include/c++/v1/__algorithm/ranges_binary_search.h
-- Up-to-date: /var/db/repos/Local/tools/llvm-libc-probe/.prefix/include/c++/v1/__algorithm/ranges_clamp.h
-- Up-to-date: /var/db/repos/Local/tools/llvm-libc-probe/.prefix/include/c++/v1/__algorithm/ranges_contains.h
-- Up-to-date: /var/db/repos/Local/tools/llvm-libc-probe/.prefix/include/c++/v1/__algorithm/ranges_contains_subrange.h
-- Up-to-date: /var/db/repos/Local/tools/llvm-libc-probe/.prefix/include/c++/v1/__algorithm/ranges_copy.h
-- Up-to-date: /var/db/repos/Local/tools/llvm-libc-probe/.prefix/include/c++/v1/__algorithm/ranges_copy_backward.h
-- Up-to-date: /var/db/repos/Local/tools/llvm-libc-probe/.prefix/include/c++/v1/__algorithm/ranges_copy_if.h
-- Up-to-date: /var/db/repos/Local/tools/llvm-libc-probe/.prefix/include/c++/v1/__algorithm/ranges_copy_n.h
-- Up-to-date: /var/db/repos/Local/tools/llvm-libc-probe/.prefix/include/c++/v1/__algorithm/ranges_count.h
-- Up-to-date: /var/db/repos/Local/tools/llvm-libc-probe/.prefix/include/c++/v1/__algorithm/ranges_count_if.h
-- Up-to-date: /var/db/repos/Local/tools/llvm-libc-probe/.prefix/include/c++/v1/__algorithm/ranges_ends_with.h
-- Up-to-date: /var/db/repos/Local/tools/llvm-libc-probe/.prefix/include/c++/v1/__algorithm/ranges_equal.h
-- Up-to-date: /var/db/repos/Local/tools/llvm-libc-probe/.prefix/include/c++/v1/__algorithm/ranges_equal_range.h
-- Up-to-date: /var/db/repos/Local/tools/llvm-libc-probe/.prefix/include/c++/v1/__algorithm/ranges_fill.h
-- Up-to-date: /var/db/repos/Local/tools/llvm-libc-probe/.prefix/include/c++/v1/__algorithm/ranges_fill_n.h
-- Up-to-date: /var/db/repos/Local/tools/llvm-libc-probe/.prefix/include/c++/v1/__algorithm/ranges_find.h
-- Up-to-date: /var/db/repos/Local/tools/llvm-libc-probe/.prefix/include/c++/v1/__algorithm/ranges_find_end.h
-- Up-to-date: /var/db/repos/Local/tools/llvm-libc-probe/.prefix/include/c++/v1/__algorithm/ranges_find_first_of.h
-- Up-to-date: /var/db/repos/Local/tools/llvm-libc-probe/.prefix/include/c++/v1/__algorithm/ranges_find_if.h
-- Up-to-date: /var/db/repos/Local/tools/llvm-libc-probe/.prefix/include/c++/v1/__algorithm/ranges_find_if_not.h
-- Up-to-date: /var/db/repos/Local/tools/llvm-libc-probe/.prefix/include/c++/v1/__algorithm/ranges_find_last.h
-- Up-to-date: /var/db/repos/Local/tools/llvm-libc-probe/.prefix/include/c++/v1/__algorithm/ranges_fold.h
-- Up-to-date: /var/db/repos/Local/tools/llvm-libc-probe/.prefix/include/c++/v1/__algorithm/ranges_for_each.h
-- Up-to-date: /var/db/repos/Local/tools/llvm-libc-probe/.prefix/include/c++/v1/__algorithm/ranges_for_each_n.h
-- Up-to-date: /var/db/repos/Local/tools/llvm-libc-probe/.prefix/include/c++/v1/__algorithm/ranges_generate.h
-- Up-to-date: /var/db/repos/Local/tools/llvm-libc-probe/.prefix/include/c++/v1/__algorithm/ranges_generate_n.h
-- Up-to-date: /var/db/repos/Local/tools/llvm-libc-probe/.prefix/include/c++/v1/__algorithm/ranges_includes.h
-- Up-to-date: /var/db/repos/Local/tools/llvm-libc-probe/.prefix/include/c++/v1/__algorithm/ranges_inplace_merge.h
-- Up-to-date: /var/db/repos/Local/tools/llvm-libc-probe/.prefix/include/c++/v1/__algorithm/ranges_is_heap.h
-- Up-to-date: /var/db/repos/Local/tools/llvm-libc-probe/.prefix/include/c++/v1/__algorithm/ranges_is_heap_until.h
-- Up-to-date: /var/db/repos/Local/tools/llvm-libc-probe/.prefix/include/c++/v1/__algorithm/ranges_is_partitioned.h
-- Up-to-date: /var/db/repos/Local/tools/llvm-libc-probe/.prefix/include/c++/v1/__algorithm/ranges_is_permutation.h
-- Up-to-date: /var/db/repos/Local/tools/llvm-libc-probe/.prefix/include/c++/v1/__algorithm/ranges_is_sorted.h
-- Up-to-date: /var/db/repos/Local/tools/llvm-libc-probe/.prefix/include/c++/v1/__algorithm/ranges_is_sorted_until.h
-- Up-to-date: /var/db/repos/Local/tools/llvm-libc-probe/.prefix/include/c++/v1/__algorithm/ranges_iterator_concept.h
-- Up-to-date: /var/db/repos/Local/tools/llvm-libc-probe/.prefix/include/c++/v1/__algorithm/ranges_lexicographical_compare.h
-- Up-to-date: /var/db/repos/Local/tools/llvm-libc-probe/.prefix/include/c++/v1/__algorithm/ranges_lower_bound.h
-- Up-to-date: /var/db/repos/Local/tools/llvm-libc-probe/.prefix/include/c++/v1/__algorithm/ranges_make_heap.h
-- Up-to-date: /var/db/repos/Local/tools/llvm-libc-probe/.prefix/include/c++/v1/__algorithm/ranges_max.h
-- Up-to-date: /var/db/repos/Local/tools/llvm-libc-probe/.prefix/include/c++/v1/__algorithm/ranges_max_element.h
-- Up-to-date: /var/db/repos/Local/tools/llvm-libc-probe/.prefix/include/c++/v1/__algorithm/ranges_merge.h
-- Up-to-date: /var/db/repos/Local/tools/llvm-libc-probe/.prefix/include/c++/v1/__algorithm/ranges_min.h
-- Up-to-date: /var/db/repos/Local/tools/llvm-libc-probe/.prefix/include/c++/v1/__algorithm/ranges_min_element.h
-- Up-to-date: /var/db/repos/Local/tools/llvm-libc-probe/.prefix/include/c++/v1/__algorithm/ranges_minmax.h
-- Up-to-date: /var/db/repos/Local/tools/llvm-libc-probe/.prefix/include/c++/v1/__algorithm/ranges_minmax_element.h
-- Up-to-date: /var/db/repos/Local/tools/llvm-libc-probe/.prefix/include/c++/v1/__algorithm/ranges_mismatch.h
-- Up-to-date: /var/db/repos/Local/tools/llvm-libc-probe/.prefix/include/c++/v1/__algorithm/ranges_move.h
-- Up-to-date: /var/db/repos/Local/tools/llvm-libc-probe/.prefix/include/c++/v1/__algorithm/ranges_move_backward.h
-- Up-to-date: /var/db/repos/Local/tools/llvm-libc-probe/.prefix/include/c++/v1/__algorithm/ranges_next_permutation.h
-- Up-to-date: /var/db/repos/Local/tools/llvm-libc-probe/.prefix/include/c++/v1/__algorithm/ranges_none_of.h
-- Up-to-date: /var/db/repos/Local/tools/llvm-libc-probe/.prefix/include/c++/v1/__algorithm/ranges_nth_element.h
-- Up-to-date: /var/db/repos/Local/tools/llvm-libc-probe/.prefix/include/c++/v1/__algorithm/ranges_partial_sort.h
-- Up-to-date: /var/db/repos/Local/tools/llvm-libc-probe/.prefix/include/c++/v1/__algorithm/ranges_partial_sort_copy.h
-- Up-to-date: /var/db/repos/Local/tools/llvm-libc-probe/.prefix/include/c++/v1/__algorithm/ranges_partition.h
-- Up-to-date: /var/db/repos/Local/tools/llvm-libc-probe/.prefix/include/c++/v1/__algorithm/ranges_partition_copy.h
-- Up-to-date: /var/db/repos/Local/tools/llvm-libc-probe/.prefix/include/c++/v1/__algorithm/ranges_partition_point.h
-- Up-to-date: /var/db/repos/Local/tools/llvm-libc-probe/.prefix/include/c++/v1/__algorithm/ranges_pop_heap.h
-- Up-to-date: /var/db/repos/Local/tools/llvm-libc-probe/.prefix/include/c++/v1/__algorithm/ranges_prev_permutation.h
-- Up-to-date: /var/db/repos/Local/tools/llvm-libc-probe/.prefix/include/c++/v1/__algorithm/ranges_push_heap.h
-- Up-to-date: /var/db/repos/Local/tools/llvm-libc-probe/.prefix/include/c++/v1/__algorithm/ranges_remove.h
-- Up-to-date: /var/db/repos/Local/tools/llvm-libc-probe/.prefix/include/c++/v1/__algorithm/ranges_remove_copy.h
-- Up-to-date: /var/db/repos/Local/tools/llvm-libc-probe/.prefix/include/c++/v1/__algorithm/ranges_remove_copy_if.h
-- Up-to-date: /var/db/repos/Local/tools/llvm-libc-probe/.prefix/include/c++/v1/__algorithm/ranges_remove_if.h
-- Up-to-date: /var/db/repos/Local/tools/llvm-libc-probe/.prefix/include/c++/v1/__algorithm/ranges_replace.h
-- Up-to-date: /var/db/repos/Local/tools/llvm-libc-probe/.prefix/include/c++/v1/__algorithm/ranges_replace_copy.h
-- Up-to-date: /var/db/repos/Local/tools/llvm-libc-probe/.prefix/include/c++/v1/__algorithm/ranges_replace_copy_if.h
-- Up-to-date: /var/db/repos/Local/tools/llvm-libc-probe/.prefix/include/c++/v1/__algorithm/ranges_replace_if.h
-- Up-to-date: /var/db/repos/Local/tools/llvm-libc-probe/.prefix/include/c++/v1/__algorithm/ranges_reverse.h
-- Up-to-date: /var/db/repos/Local/tools/llvm-libc-probe/.prefix/include/c++/v1/__algorithm/ranges_reverse_copy.h
-- Up-to-date: /var/db/repos/Local/tools/llvm-libc-probe/.prefix/include/c++/v1/__algorithm/ranges_rotate.h
-- Up-to-date: /var/db/repos/Local/tools/llvm-libc-probe/.prefix/include/c++/v1/__algorithm/ranges_rotate_copy.h
-- Up-to-date: /var/db/repos/Local/tools/llvm-libc-probe/.prefix/include/c++/v1/__algorithm/ranges_sample.h
-- Up-to-date: /var/db/repos/Local/tools/llvm-libc-probe/.prefix/include/c++/v1/__algorithm/ranges_search.h
-- Up-to-date: /var/db/repos/Local/tools/llvm-libc-probe/.prefix/include/c++/v1/__algorithm/ranges_search_n.h
-- Up-to-date: /var/db/repos/Local/tools/llvm-libc-probe/.prefix/include/c++/v1/__algorithm/ranges_set_difference.h
-- Up-to-date: /var/db/repos/Local/tools/llvm-libc-probe/.prefix/include/c++/v1/__algorithm/ranges_set_intersection.h
-- Up-to-date: /var/db/repos/Local/tools/llvm-libc-probe/.prefix/include/c++/v1/__algorithm/ranges_set_symmetric_difference.h
-- Up-to-date: /var/db/repos/Local/tools/llvm-libc-probe/.prefix/include/c++/v1/__algorithm/ranges_set_union.h
-- Up-to-date: /var/db/repos/Local/tools/llvm-libc-probe/.prefix/include/c++/v1/__algorithm/ranges_shuffle.h
-- Up-to-date: /var/db/repos/Local/tools/llvm-libc-probe/.prefix/include/c++/v1/__algorithm/ranges_sort.h
-- Up-to-date: /var/db/repos/Local/tools/llvm-libc-probe/.prefix/include/c++/v1/__algorithm/ranges_sort_heap.h
-- Up-to-date: /var/db/repos/Local/tools/llvm-libc-probe/.prefix/include/c++/v1/__algorithm/ranges_stable_partition.h
-- Up-to-date: /var/db/repos/Local/tools/llvm-libc-probe/.prefix/include/c++/v1/__algorithm/ranges_stable_sort.h
-- Up-to-date: /var/db/repos/Local/tools/llvm-libc-probe/.prefix/include/c++/v1/__algorithm/ranges_starts_with.h
-- Up-to-date: /var/db/repos/Local/tools/llvm-libc-probe/.prefix/include/c++/v1/__algorithm/ranges_swap_ranges.h
-- Up-to-date: /var/db/repos/Local/tools/llvm-libc-probe/.prefix/include/c++/v1/__algorithm/ranges_transform.h
-- Up-to-date: /var/db/repos/Local/tools/llvm-libc-probe/.prefix/include/c++/v1/__algorithm/ranges_unique.h
-- Up-to-date: /var/db/repos/Local/tools/llvm-libc-probe/.prefix/include/c++/v1/__algorithm/ranges_unique_copy.h
-- Up-to-date: /var/db/repos/Local/tools/llvm-libc-probe/.prefix/include/c++/v1/__algorithm/ranges_upper_bound.h
-- Up-to-date: /var/db/repos/Local/tools/llvm-libc-probe/.prefix/include/c++/v1/__algorithm/remove.h
-- Up-to-date: /var/db/repos/Local/tools/llvm-libc-probe/.prefix/include/c++/v1/__algorithm/remove_copy.h
-- Up-to-date: /var/db/repos/Local/tools/llvm-libc-probe/.prefix/include/c++/v1/__algorithm/remove_copy_if.h
-- Up-to-date: /var/db/repos/Local/tools/llvm-libc-probe/.prefix/include/c++/v1/__algorithm/remove_if.h
-- Up-to-date: /var/db/repos/Local/tools/llvm-libc-probe/.prefix/include/c++/v1/__algorithm/replace.h
-- Up-to-date: /var/db/repos/Local/tools/llvm-libc-probe/.prefix/include/c++/v1/__algorithm/replace_copy.h
-- Up-to-date: /var/db/repos/Local/tools/llvm-libc-probe/.prefix/include/c++/v1/__algorithm/replace_copy_if.h
-- Up-to-date: /var/db/repos/Local/tools/llvm-libc-probe/.prefix/include/c++/v1/__algorithm/replace_if.h
-- Up-to-date: /var/db/repos/Local/tools/llvm-libc-probe/.prefix/include/c++/v1/__algorithm/reverse.h
-- Up-to-date: /var/db/repos/Local/tools/llvm-libc-probe/.prefix/include/c++/v1/__algorithm/reverse_copy.h
-- Up-to-date: /var/db/repos/Local/tools/llvm-libc-probe/.prefix/include/c++/v1/__algorithm/rotate.h
-- Up-to-date: /var/db/repos/Local/tools/llvm-libc-probe/.prefix/include/c++/v1/__algorithm/rotate_copy.h
-- Up-to-date: /var/db/repos/Local/tools/llvm-libc-probe/.prefix/include/c++/v1/__algorithm/sample.h
-- Up-to-date: /var/db/repos/Local/tools/llvm-libc-probe/.prefix/include/c++/v1/__algorithm/search.h
-- Up-to-date: /var/db/repos/Local/tools/llvm-libc-probe/.prefix/include/c++/v1/__algorithm/search_n.h
-- Up-to-date: /var/db/repos/Local/tools/llvm-libc-probe/.prefix/include/c++/v1/__algorithm/set_difference.h
-- Up-to-date: /var/db/repos/Local/tools/llvm-libc-probe/.prefix/include/c++/v1/__algorithm/set_intersection.h
-- Up-to-date: /var/db/repos/Local/tools/llvm-libc-probe/.prefix/include/c++/v1/__algorithm/set_symmetric_difference.h
-- Up-to-date: /var/db/repos/Local/tools/llvm-libc-probe/.prefix/include/c++/v1/__algorithm/set_union.h
-- Up-to-date: /var/db/repos/Local/tools/llvm-libc-probe/.prefix/include/c++/v1/__algorithm/shift_left.h
-- Up-to-date: /var/db/repos/Local/tools/llvm-libc-probe/.prefix/include/c++/v1/__algorithm/shift_right.h
-- Up-to-date: /var/db/repos/Local/tools/llvm-libc-probe/.prefix/include/c++/v1/__algorithm/shuffle.h
-- Up-to-date: /var/db/repos/Local/tools/llvm-libc-probe/.prefix/include/c++/v1/__algorithm/sift_down.h
-- Up-to-date: /var/db/repos/Local/tools/llvm-libc-probe/.prefix/include/c++/v1/__algorithm/simd_utils.h
-- Up-to-date: /var/db/repos/Local/tools/llvm-libc-probe/.prefix/include/c++/v1/__algorithm/sort.h
-- Up-to-date: /var/db/repos/Local/tools/llvm-libc-probe/.prefix/include/c++/v1/__algorithm/sort_heap.h
-- Up-to-date: /var/db/repos/Local/tools/llvm-libc-probe/.prefix/include/c++/v1/__algorithm/specialized_algorithms.h
-- Up-to-date: /var/db/repos/Local/tools/llvm-libc-probe/.prefix/include/c++/v1/__algorithm/stable_partition.h
-- Up-to-date: /var/db/repos/Local/tools/llvm-libc-probe/.prefix/include/c++/v1/__algorithm/stable_sort.h
-- Up-to-date: /var/db/repos/Local/tools/llvm-libc-probe/.prefix/include/c++/v1/__algorithm/swap_ranges.h
-- Up-to-date: /var/db/repos/Local/tools/llvm-libc-probe/.prefix/include/c++/v1/__algorithm/three_way_comp_ref_type.h
-- Up-to-date: /var/db/repos/Local/tools/llvm-libc-probe/.prefix/include/c++/v1/__algorithm/transform.h
-- Up-to-date: /var/db/repos/Local/tools/llvm-libc-probe/.prefix/include/c++/v1/__algorithm/uniform_random_bit_generator_adaptor.h
-- Up-to-date: /var/db/repos/Local/tools/llvm-libc-probe/.prefix/include/c++/v1/__algorithm/unique.h
-- Up-to-date: /var/db/repos/Local/tools/llvm-libc-probe/.prefix/include/c++/v1/__algorithm/unique_copy.h
-- Up-to-date: /var/db/repos/Local/tools/llvm-libc-probe/.prefix/include/c++/v1/__algorithm/unwrap_iter.h
-- Up-to-date: /var/db/repos/Local/tools/llvm-libc-probe/.prefix/include/c++/v1/__algorithm/unwrap_range.h
-- Up-to-date: /var/db/repos/Local/tools/llvm-libc-probe/.prefix/include/c++/v1/__algorithm/upper_bound.h
-- Up-to-date: /var/db/repos/Local/tools/llvm-libc-probe/.prefix/include/c++/v1/__assert
-- Up-to-date: /var/db/repos/Local/tools/llvm-libc-probe/.prefix/include/c++/v1/__atomic/aliases.h
-- Up-to-date: /var/db/repos/Local/tools/llvm-libc-probe/.prefix/include/c++/v1/__atomic/atomic.h
-- Up-to-date: /var/db/repos/Local/tools/llvm-libc-probe/.prefix/include/c++/v1/__atomic/atomic_flag.h
-- Up-to-date: /var/db/repos/Local/tools/llvm-libc-probe/.prefix/include/c++/v1/__atomic/atomic_init.h
-- Up-to-date: /var/db/repos/Local/tools/llvm-libc-probe/.prefix/include/c++/v1/__atomic/atomic_lock_free.h
-- Up-to-date: /var/db/repos/Local/tools/llvm-libc-probe/.prefix/include/c++/v1/__atomic/atomic_ref.h
-- Up-to-date: /var/db/repos/Local/tools/llvm-libc-probe/.prefix/include/c++/v1/__atomic/atomic_sync.h
-- Up-to-date: /var/db/repos/Local/tools/llvm-libc-probe/.prefix/include/c++/v1/__atomic/atomic_sync_timed.h
-- Up-to-date: /var/db/repos/Local/tools/llvm-libc-probe/.prefix/include/c++/v1/__atomic/atomic_waitable_traits.h
-- Up-to-date: /var/db/repos/Local/tools/llvm-libc-probe/.prefix/include/c++/v1/__atomic/check_memory_order.h
-- Up-to-date: /var/db/repos/Local/tools/llvm-libc-probe/.prefix/include/c++/v1/__atomic/contention_t.h
-- Up-to-date: /var/db/repos/Local/tools/llvm-libc-probe/.prefix/include/c++/v1/__atomic/fence.h
-- Up-to-date: /var/db/repos/Local/tools/llvm-libc-probe/.prefix/include/c++/v1/__atomic/floating_point_helper.h
-- Up-to-date: /var/db/repos/Local/tools/llvm-libc-probe/.prefix/include/c++/v1/__atomic/is_always_lock_free.h
-- Up-to-date: /var/db/repos/Local/tools/llvm-libc-probe/.prefix/include/c++/v1/__atomic/kill_dependency.h
-- Up-to-date: /var/db/repos/Local/tools/llvm-libc-probe/.prefix/include/c++/v1/__atomic/memory_order.h
-- Up-to-date: /var/db/repos/Local/tools/llvm-libc-probe/.prefix/include/c++/v1/__atomic/support.h
-- Up-to-date: /var/db/repos/Local/tools/llvm-libc-probe/.prefix/include/c++/v1/__atomic/support/c11.h
-- Up-to-date: /var/db/repos/Local/tools/llvm-libc-probe/.prefix/include/c++/v1/__atomic/support/gcc.h
-- Up-to-date: /var/db/repos/Local/tools/llvm-libc-probe/.prefix/include/c++/v1/__atomic/to_gcc_order.h
-- Up-to-date: /var/db/repos/Local/tools/llvm-libc-probe/.prefix/include/c++/v1/__bit/bit_cast.h
-- Up-to-date: /var/db/repos/Local/tools/llvm-libc-probe/.prefix/include/c++/v1/__bit/bit_ceil.h
-- Up-to-date: /var/db/repos/Local/tools/llvm-libc-probe/.prefix/include/c++/v1/__bit/bit_floor.h
-- Up-to-date: /var/db/repos/Local/tools/llvm-libc-probe/.prefix/include/c++/v1/__bit/bit_log2.h
-- Up-to-date: /var/db/repos/Local/tools/llvm-libc-probe/.prefix/include/c++/v1/__bit/bit_width.h
-- Up-to-date: /var/db/repos/Local/tools/llvm-libc-probe/.prefix/include/c++/v1/__bit/blsr.h
-- Up-to-date: /var/db/repos/Local/tools/llvm-libc-probe/.prefix/include/c++/v1/__bit/byteswap.h
-- Up-to-date: /var/db/repos/Local/tools/llvm-libc-probe/.prefix/include/c++/v1/__bit/countl.h
-- Up-to-date: /var/db/repos/Local/tools/llvm-libc-probe/.prefix/include/c++/v1/__bit/countr.h
-- Up-to-date: /var/db/repos/Local/tools/llvm-libc-probe/.prefix/include/c++/v1/__bit/endian.h
-- Up-to-date: /var/db/repos/Local/tools/llvm-libc-probe/.prefix/include/c++/v1/__bit/has_single_bit.h
-- Up-to-date: /var/db/repos/Local/tools/llvm-libc-probe/.prefix/include/c++/v1/__bit/invert_if.h
-- Up-to-date: /var/db/repos/Local/tools/llvm-libc-probe/.prefix/include/c++/v1/__bit/popcount.h
-- Up-to-date: /var/db/repos/Local/tools/llvm-libc-probe/.prefix/include/c++/v1/__bit/rotate.h
-- Up-to-date: /var/db/repos/Local/tools/llvm-libc-probe/.prefix/include/c++/v1/__bit_reference
-- Up-to-date: /var/db/repos/Local/tools/llvm-libc-probe/.prefix/include/c++/v1/__charconv/chars_format.h
-- Up-to-date: /var/db/repos/Local/tools/llvm-libc-probe/.prefix/include/c++/v1/__charconv/from_chars_floating_point.h
-- Up-to-date: /var/db/repos/Local/tools/llvm-libc-probe/.prefix/include/c++/v1/__charconv/from_chars_integral.h
-- Up-to-date: /var/db/repos/Local/tools/llvm-libc-probe/.prefix/include/c++/v1/__charconv/from_chars_result.h
-- Up-to-date: /var/db/repos/Local/tools/llvm-libc-probe/.prefix/include/c++/v1/__charconv/tables.h
-- Up-to-date: /var/db/repos/Local/tools/llvm-libc-probe/.prefix/include/c++/v1/__charconv/to_chars.h
-- Up-to-date: /var/db/repos/Local/tools/llvm-libc-probe/.prefix/include/c++/v1/__charconv/to_chars_base_10.h
-- Up-to-date: /var/db/repos/Local/tools/llvm-libc-probe/.prefix/include/c++/v1/__charconv/to_chars_floating_point.h
-- Up-to-date: /var/db/repos/Local/tools/llvm-libc-probe/.prefix/include/c++/v1/__charconv/to_chars_integral.h
-- Up-to-date: /var/db/repos/Local/tools/llvm-libc-probe/.prefix/include/c++/v1/__charconv/to_chars_result.h
-- Up-to-date: /var/db/repos/Local/tools/llvm-libc-probe/.prefix/include/c++/v1/__charconv/traits.h
-- Up-to-date: /var/db/repos/Local/tools/llvm-libc-probe/.prefix/include/c++/v1/__chrono/calendar.h
-- Up-to-date: /var/db/repos/Local/tools/llvm-libc-probe/.prefix/include/c++/v1/__chrono/concepts.h
-- Up-to-date: /var/db/repos/Local/tools/llvm-libc-probe/.prefix/include/c++/v1/__chrono/convert_to_timespec.h
-- Up-to-date: /var/db/repos/Local/tools/llvm-libc-probe/.prefix/include/c++/v1/__chrono/convert_to_tm.h
-- Up-to-date: /var/db/repos/Local/tools/llvm-libc-probe/.prefix/include/c++/v1/__chrono/day.h
-- Up-to-date: /var/db/repos/Local/tools/llvm-libc-probe/.prefix/include/c++/v1/__chrono/duration.h
-- Up-to-date: /var/db/repos/Local/tools/llvm-libc-probe/.prefix/include/c++/v1/__chrono/exception.h
-- Up-to-date: /var/db/repos/Local/tools/llvm-libc-probe/.prefix/include/c++/v1/__chrono/file_clock.h
-- Up-to-date: /var/db/repos/Local/tools/llvm-libc-probe/.prefix/include/c++/v1/__chrono/formatter.h
-- Up-to-date: /var/db/repos/Local/tools/llvm-libc-probe/.prefix/include/c++/v1/__chrono/gps_clock.h
-- Up-to-date: /var/db/repos/Local/tools/llvm-libc-probe/.prefix/include/c++/v1/__chrono/hh_mm_ss.h
-- Up-to-date: /var/db/repos/Local/tools/llvm-libc-probe/.prefix/include/c++/v1/__chrono/high_resolution_clock.h
-- Up-to-date: /var/db/repos/Local/tools/llvm-libc-probe/.prefix/include/c++/v1/__chrono/is_clock.h
-- Up-to-date: /var/db/repos/Local/tools/llvm-libc-probe/.prefix/include/c++/v1/__chrono/leap_second.h
-- Up-to-date: /var/db/repos/Local/tools/llvm-libc-probe/.prefix/include/c++/v1/__chrono/literals.h
-- Up-to-date: /var/db/repos/Local/tools/llvm-libc-probe/.prefix/include/c++/v1/__chrono/local_info.h
-- Up-to-date: /var/db/repos/Local/tools/llvm-libc-probe/.prefix/include/c++/v1/__chrono/month.h
-- Up-to-date: /var/db/repos/Local/tools/llvm-libc-probe/.prefix/include/c++/v1/__chrono/month_weekday.h
-- Up-to-date: /var/db/repos/Local/tools/llvm-libc-probe/.prefix/include/c++/v1/__chrono/monthday.h
-- Up-to-date: /var/db/repos/Local/tools/llvm-libc-probe/.prefix/include/c++/v1/__chrono/ostream.h
-- Up-to-date: /var/db/repos/Local/tools/llvm-libc-probe/.prefix/include/c++/v1/__chrono/parser_std_format_spec.h
-- Up-to-date: /var/db/repos/Local/tools/llvm-libc-probe/.prefix/include/c++/v1/__chrono/statically_widen.h
-- Up-to-date: /var/db/repos/Local/tools/llvm-libc-probe/.prefix/include/c++/v1/__chrono/steady_clock.h
-- Up-to-date: /var/db/repos/Local/tools/llvm-libc-probe/.prefix/include/c++/v1/__chrono/sys_info.h
-- Up-to-date: /var/db/repos/Local/tools/llvm-libc-probe/.prefix/include/c++/v1/__chrono/system_clock.h
-- Up-to-date: /var/db/repos/Local/tools/llvm-libc-probe/.prefix/include/c++/v1/__chrono/tai_clock.h
-- Up-to-date: /var/db/repos/Local/tools/llvm-libc-probe/.prefix/include/c++/v1/__chrono/time_point.h
-- Up-to-date: /var/db/repos/Local/tools/llvm-libc-probe/.prefix/include/c++/v1/__chrono/time_zone.h
-- Up-to-date: /var/db/repos/Local/tools/llvm-libc-probe/.prefix/include/c++/v1/__chrono/time_zone_link.h
-- Up-to-date: /var/db/repos/Local/tools/llvm-libc-probe/.prefix/include/c++/v1/__chrono/tzdb.h
-- Up-to-date: /var/db/repos/Local/tools/llvm-libc-probe/.prefix/include/c++/v1/__chrono/tzdb_list.h
-- Up-to-date: /var/db/repos/Local/tools/llvm-libc-probe/.prefix/include/c++/v1/__chrono/utc_clock.h
-- Up-to-date: /var/db/repos/Local/tools/llvm-libc-probe/.prefix/include/c++/v1/__chrono/weekday.h
-- Up-to-date: /var/db/repos/Local/tools/llvm-libc-probe/.prefix/include/c++/v1/__chrono/year.h
-- Up-to-date: /var/db/repos/Local/tools/llvm-libc-probe/.prefix/include/c++/v1/__chrono/year_month.h
-- Up-to-date: /var/db/repos/Local/tools/llvm-libc-probe/.prefix/include/c++/v1/__chrono/year_month_day.h
-- Up-to-date: /var/db/repos/Local/tools/llvm-libc-probe/.prefix/include/c++/v1/__chrono/year_month_weekday.h
-- Up-to-date: /var/db/repos/Local/tools/llvm-libc-probe/.prefix/include/c++/v1/__chrono/zoned_time.h
-- Up-to-date: /var/db/repos/Local/tools/llvm-libc-probe/.prefix/include/c++/v1/__compare/common_comparison_category.h
-- Up-to-date: /var/db/repos/Local/tools/llvm-libc-probe/.prefix/include/c++/v1/__compare/compare_partial_order_fallback.h
-- Up-to-date: /var/db/repos/Local/tools/llvm-libc-probe/.prefix/include/c++/v1/__compare/compare_strong_order_fallback.h
-- Up-to-date: /var/db/repos/Local/tools/llvm-libc-probe/.prefix/include/c++/v1/__compare/compare_three_way.h
-- Up-to-date: /var/db/repos/Local/tools/llvm-libc-probe/.prefix/include/c++/v1/__compare/compare_three_way_result.h
-- Up-to-date: /var/db/repos/Local/tools/llvm-libc-probe/.prefix/include/c++/v1/__compare/compare_weak_order_fallback.h
-- Up-to-date: /var/db/repos/Local/tools/llvm-libc-probe/.prefix/include/c++/v1/__compare/is_eq.h
-- Up-to-date: /var/db/repos/Local/tools/llvm-libc-probe/.prefix/include/c++/v1/__compare/ordering.h
-- Up-to-date: /var/db/repos/Local/tools/llvm-libc-probe/.prefix/include/c++/v1/__compare/partial_order.h
-- Up-to-date: /var/db/repos/Local/tools/llvm-libc-probe/.prefix/include/c++/v1/__compare/strong_order.h
-- Up-to-date: /var/db/repos/Local/tools/llvm-libc-probe/.prefix/include/c++/v1/__compare/synth_three_way.h
-- Up-to-date: /var/db/repos/Local/tools/llvm-libc-probe/.prefix/include/c++/v1/__compare/three_way_comparable.h
-- Up-to-date: /var/db/repos/Local/tools/llvm-libc-probe/.prefix/include/c++/v1/__compare/weak_order.h
-- Up-to-date: /var/db/repos/Local/tools/llvm-libc-probe/.prefix/include/c++/v1/__concepts/arithmetic.h
-- Up-to-date: /var/db/repos/Local/tools/llvm-libc-probe/.prefix/include/c++/v1/__concepts/assignable.h
-- Up-to-date: /var/db/repos/Local/tools/llvm-libc-probe/.prefix/include/c++/v1/__concepts/boolean_testable.h
-- Up-to-date: /var/db/repos/Local/tools/llvm-libc-probe/.prefix/include/c++/v1/__concepts/class_or_enum.h
-- Up-to-date: /var/db/repos/Local/tools/llvm-libc-probe/.prefix/include/c++/v1/__concepts/common_reference_with.h
-- Up-to-date: /var/db/repos/Local/tools/llvm-libc-probe/.prefix/include/c++/v1/__concepts/common_with.h
-- Up-to-date: /var/db/repos/Local/tools/llvm-libc-probe/.prefix/include/c++/v1/__concepts/comparison_common_type.h
-- Up-to-date: /var/db/repos/Local/tools/llvm-libc-probe/.prefix/include/c++/v1/__concepts/constructible.h
-- Up-to-date: /var/db/repos/Local/tools/llvm-libc-probe/.prefix/include/c++/v1/__concepts/convertible_to.h
-- Up-to-date: /var/db/repos/Local/tools/llvm-libc-probe/.prefix/include/c++/v1/__concepts/copyable.h
-- Up-to-date: /var/db/repos/Local/tools/llvm-libc-probe/.prefix/include/c++/v1/__concepts/derived_from.h
-- Up-to-date: /var/db/repos/Local/tools/llvm-libc-probe/.prefix/include/c++/v1/__concepts/destructible.h
-- Up-to-date: /var/db/repos/Local/tools/llvm-libc-probe/.prefix/include/c++/v1/__concepts/different_from.h
-- Up-to-date: /var/db/repos/Local/tools/llvm-libc-probe/.prefix/include/c++/v1/__concepts/equality_comparable.h
-- Up-to-date: /var/db/repos/Local/tools/llvm-libc-probe/.prefix/include/c++/v1/__concepts/invocable.h
-- Up-to-date: /var/db/repos/Local/tools/llvm-libc-probe/.prefix/include/c++/v1/__concepts/movable.h
-- Up-to-date: /var/db/repos/Local/tools/llvm-libc-probe/.prefix/include/c++/v1/__concepts/predicate.h
-- Up-to-date: /var/db/repos/Local/tools/llvm-libc-probe/.prefix/include/c++/v1/__concepts/regular.h
-- Up-to-date: /var/db/repos/Local/tools/llvm-libc-probe/.prefix/include/c++/v1/__concepts/relation.h
-- Up-to-date: /var/db/repos/Local/tools/llvm-libc-probe/.prefix/include/c++/v1/__concepts/same_as.h
-- Up-to-date: /var/db/repos/Local/tools/llvm-libc-probe/.prefix/include/c++/v1/__concepts/semiregular.h
-- Up-to-date: /var/db/repos/Local/tools/llvm-libc-probe/.prefix/include/c++/v1/__concepts/swappable.h
-- Up-to-date: /var/db/repos/Local/tools/llvm-libc-probe/.prefix/include/c++/v1/__concepts/totally_ordered.h
-- Up-to-date: /var/db/repos/Local/tools/llvm-libc-probe/.prefix/include/c++/v1/__condition_variable/condition_variable.h
-- Up-to-date: /var/db/repos/Local/tools/llvm-libc-probe/.prefix/include/c++/v1/__config
-- Up-to-date: /var/db/repos/Local/tools/llvm-libc-probe/.prefix/include/c++/v1/__configuration/abi.h
-- Up-to-date: /var/db/repos/Local/tools/llvm-libc-probe/.prefix/include/c++/v1/__configuration/availability.h
-- Up-to-date: /var/db/repos/Local/tools/llvm-libc-probe/.prefix/include/c++/v1/__configuration/compiler.h
-- Up-to-date: /var/db/repos/Local/tools/llvm-libc-probe/.prefix/include/c++/v1/__configuration/experimental.h
-- Up-to-date: /var/db/repos/Local/tools/llvm-libc-probe/.prefix/include/c++/v1/__configuration/hardening.h
-- Up-to-date: /var/db/repos/Local/tools/llvm-libc-probe/.prefix/include/c++/v1/__configuration/language.h
-- Up-to-date: /var/db/repos/Local/tools/llvm-libc-probe/.prefix/include/c++/v1/__configuration/platform.h
-- Up-to-date: /var/db/repos/Local/tools/llvm-libc-probe/.prefix/include/c++/v1/__coroutine/coroutine_handle.h
-- Up-to-date: /var/db/repos/Local/tools/llvm-libc-probe/.prefix/include/c++/v1/__coroutine/coroutine_traits.h
-- Up-to-date: /var/db/repos/Local/tools/llvm-libc-probe/.prefix/include/c++/v1/__coroutine/noop_coroutine_handle.h
-- Up-to-date: /var/db/repos/Local/tools/llvm-libc-probe/.prefix/include/c++/v1/__coroutine/trivial_awaitables.h
-- Up-to-date: /var/db/repos/Local/tools/llvm-libc-probe/.prefix/include/c++/v1/__cstddef/byte.h
-- Up-to-date: /var/db/repos/Local/tools/llvm-libc-probe/.prefix/include/c++/v1/__cstddef/max_align_t.h
-- Up-to-date: /var/db/repos/Local/tools/llvm-libc-probe/.prefix/include/c++/v1/__cstddef/nullptr_t.h
-- Up-to-date: /var/db/repos/Local/tools/llvm-libc-probe/.prefix/include/c++/v1/__cstddef/ptrdiff_t.h
-- Up-to-date: /var/db/repos/Local/tools/llvm-libc-probe/.prefix/include/c++/v1/__cstddef/size_t.h
-- Up-to-date: /var/db/repos/Local/tools/llvm-libc-probe/.prefix/include/c++/v1/__debug_utils/randomize_range.h
-- Up-to-date: /var/db/repos/Local/tools/llvm-libc-probe/.prefix/include/c++/v1/__debug_utils/sanitizers.h
-- Up-to-date: /var/db/repos/Local/tools/llvm-libc-probe/.prefix/include/c++/v1/__debug_utils/strict_weak_ordering_check.h
-- Up-to-date: /var/db/repos/Local/tools/llvm-libc-probe/.prefix/include/c++/v1/__exception/exception.h
-- Up-to-date: /var/db/repos/Local/tools/llvm-libc-probe/.prefix/include/c++/v1/__exception/exception_ptr.h
-- Up-to-date: /var/db/repos/Local/tools/llvm-libc-probe/.prefix/include/c++/v1/__exception/nested_exception.h
-- Up-to-date: /var/db/repos/Local/tools/llvm-libc-probe/.prefix/include/c++/v1/__exception/operations.h
-- Up-to-date: /var/db/repos/Local/tools/llvm-libc-probe/.prefix/include/c++/v1/__exception/terminate.h
-- Up-to-date: /var/db/repos/Local/tools/llvm-libc-probe/.prefix/include/c++/v1/__expected/bad_expected_access.h
-- Up-to-date: /var/db/repos/Local/tools/llvm-libc-probe/.prefix/include/c++/v1/__expected/expected.h
-- Up-to-date: /var/db/repos/Local/tools/llvm-libc-probe/.prefix/include/c++/v1/__expected/unexpect.h
-- Up-to-date: /var/db/repos/Local/tools/llvm-libc-probe/.prefix/include/c++/v1/__expected/unexpected.h
-- Up-to-date: /var/db/repos/Local/tools/llvm-libc-probe/.prefix/include/c++/v1/__filesystem/copy_options.h
-- Up-to-date: /var/db/repos/Local/tools/llvm-libc-probe/.prefix/include/c++/v1/__filesystem/directory_entry.h
-- Up-to-date: /var/db/repos/Local/tools/llvm-libc-probe/.prefix/include/c++/v1/__filesystem/directory_iterator.h
-- Up-to-date: /var/db/repos/Local/tools/llvm-libc-probe/.prefix/include/c++/v1/__filesystem/directory_options.h
-- Up-to-date: /var/db/repos/Local/tools/llvm-libc-probe/.prefix/include/c++/v1/__filesystem/file_status.h
-- Up-to-date: /var/db/repos/Local/tools/llvm-libc-probe/.prefix/include/c++/v1/__filesystem/file_time_type.h
-- Up-to-date: /var/db/repos/Local/tools/llvm-libc-probe/.prefix/include/c++/v1/__filesystem/file_type.h
-- Up-to-date: /var/db/repos/Local/tools/llvm-libc-probe/.prefix/include/c++/v1/__filesystem/filesystem_error.h
-- Up-to-date: /var/db/repos/Local/tools/llvm-libc-probe/.prefix/include/c++/v1/__filesystem/operations.h
-- Up-to-date: /var/db/repos/Local/tools/llvm-libc-probe/.prefix/include/c++/v1/__filesystem/path.h
-- Up-to-date: /var/db/repos/Local/tools/llvm-libc-probe/.prefix/include/c++/v1/__filesystem/path_iterator.h
-- Up-to-date: /var/db/repos/Local/tools/llvm-libc-probe/.prefix/include/c++/v1/__filesystem/perm_options.h
-- Up-to-date: /var/db/repos/Local/tools/llvm-libc-probe/.prefix/include/c++/v1/__filesystem/perms.h
-- Up-to-date: /var/db/repos/Local/tools/llvm-libc-probe/.prefix/include/c++/v1/__filesystem/recursive_directory_iterator.h
-- Up-to-date: /var/db/repos/Local/tools/llvm-libc-probe/.prefix/include/c++/v1/__filesystem/space_info.h
-- Up-to-date: /var/db/repos/Local/tools/llvm-libc-probe/.prefix/include/c++/v1/__filesystem/u8path.h
-- Up-to-date: /var/db/repos/Local/tools/llvm-libc-probe/.prefix/include/c++/v1/__flat_map/flat_map.h
-- Up-to-date: /var/db/repos/Local/tools/llvm-libc-probe/.prefix/include/c++/v1/__flat_map/flat_multimap.h
-- Up-to-date: /var/db/repos/Local/tools/llvm-libc-probe/.prefix/include/c++/v1/__flat_map/key_value_iterator.h
-- Up-to-date: /var/db/repos/Local/tools/llvm-libc-probe/.prefix/include/c++/v1/__flat_map/sorted_equivalent.h
-- Up-to-date: /var/db/repos/Local/tools/llvm-libc-probe/.prefix/include/c++/v1/__flat_map/sorted_unique.h
-- Up-to-date: /var/db/repos/Local/tools/llvm-libc-probe/.prefix/include/c++/v1/__flat_map/utils.h
-- Up-to-date: /var/db/repos/Local/tools/llvm-libc-probe/.prefix/include/c++/v1/__flat_set/flat_multiset.h
-- Up-to-date: /var/db/repos/Local/tools/llvm-libc-probe/.prefix/include/c++/v1/__flat_set/flat_set.h
-- Up-to-date: /var/db/repos/Local/tools/llvm-libc-probe/.prefix/include/c++/v1/__flat_set/ra_iterator.h
-- Up-to-date: /var/db/repos/Local/tools/llvm-libc-probe/.prefix/include/c++/v1/__flat_set/utils.h
-- Up-to-date: /var/db/repos/Local/tools/llvm-libc-probe/.prefix/include/c++/v1/__format/buffer.h
-- Up-to-date: /var/db/repos/Local/tools/llvm-libc-probe/.prefix/include/c++/v1/__format/concepts.h
-- Up-to-date: /var/db/repos/Local/tools/llvm-libc-probe/.prefix/include/c++/v1/__format/container_adaptor.h
-- Up-to-date: /var/db/repos/Local/tools/llvm-libc-probe/.prefix/include/c++/v1/__format/enable_insertable.h
-- Up-to-date: /var/db/repos/Local/tools/llvm-libc-probe/.prefix/include/c++/v1/__format/escaped_output_table.h
-- Up-to-date: /var/db/repos/Local/tools/llvm-libc-probe/.prefix/include/c++/v1/__format/extended_grapheme_cluster_table.h
-- Up-to-date: /var/db/repos/Local/tools/llvm-libc-probe/.prefix/include/c++/v1/__format/fmt_pair_like.h
-- Up-to-date: /var/db/repos/Local/tools/llvm-libc-probe/.prefix/include/c++/v1/__format/format_arg.h
-- Up-to-date: /var/db/repos/Local/tools/llvm-libc-probe/.prefix/include/c++/v1/__format/format_arg_store.h
-- Up-to-date: /var/db/repos/Local/tools/llvm-libc-probe/.prefix/include/c++/v1/__format/format_args.h
-- Up-to-date: /var/db/repos/Local/tools/llvm-libc-probe/.prefix/include/c++/v1/__format/format_context.h
-- Up-to-date: /var/db/repos/Local/tools/llvm-libc-probe/.prefix/include/c++/v1/__format/format_error.h
-- Up-to-date: /var/db/repos/Local/tools/llvm-libc-probe/.prefix/include/c++/v1/__format/format_functions.h
-- Up-to-date: /var/db/repos/Local/tools/llvm-libc-probe/.prefix/include/c++/v1/__format/format_parse_context.h
-- Up-to-date: /var/db/repos/Local/tools/llvm-libc-probe/.prefix/include/c++/v1/__format/format_string.h
-- Up-to-date: /var/db/repos/Local/tools/llvm-libc-probe/.prefix/include/c++/v1/__format/format_to_n_result.h
-- Up-to-date: /var/db/repos/Local/tools/llvm-libc-probe/.prefix/include/c++/v1/__format/formatter.h
-- Up-to-date: /var/db/repos/Local/tools/llvm-libc-probe/.prefix/include/c++/v1/__format/formatter_bool.h
-- Up-to-date: /var/db/repos/Local/tools/llvm-libc-probe/.prefix/include/c++/v1/__format/formatter_char.h
-- Up-to-date: /var/db/repos/Local/tools/llvm-libc-probe/.prefix/include/c++/v1/__format/formatter_floating_point.h
-- Up-to-date: /var/db/repos/Local/tools/llvm-libc-probe/.prefix/include/c++/v1/__format/formatter_integer.h
-- Up-to-date: /var/db/repos/Local/tools/llvm-libc-probe/.prefix/include/c++/v1/__format/formatter_integral.h
-- Up-to-date: /var/db/repos/Local/tools/llvm-libc-probe/.prefix/include/c++/v1/__format/formatter_output.h
-- Up-to-date: /var/db/repos/Local/tools/llvm-libc-probe/.prefix/include/c++/v1/__format/formatter_pointer.h
-- Up-to-date: /var/db/repos/Local/tools/llvm-libc-probe/.prefix/include/c++/v1/__format/formatter_string.h
-- Up-to-date: /var/db/repos/Local/tools/llvm-libc-probe/.prefix/include/c++/v1/__format/formatter_tuple.h
-- Up-to-date: /var/db/repos/Local/tools/llvm-libc-probe/.prefix/include/c++/v1/__format/indic_conjunct_break_table.h
-- Up-to-date: /var/db/repos/Local/tools/llvm-libc-probe/.prefix/include/c++/v1/__format/parser_std_format_spec.h
-- Up-to-date: /var/db/repos/Local/tools/llvm-libc-probe/.prefix/include/c++/v1/__format/range_default_formatter.h
-- Up-to-date: /var/db/repos/Local/tools/llvm-libc-probe/.prefix/include/c++/v1/__format/range_format.h
-- Up-to-date: /var/db/repos/Local/tools/llvm-libc-probe/.prefix/include/c++/v1/__format/range_formatter.h
-- Up-to-date: /var/db/repos/Local/tools/llvm-libc-probe/.prefix/include/c++/v1/__format/unicode.h
-- Up-to-date: /var/db/repos/Local/tools/llvm-libc-probe/.prefix/include/c++/v1/__format/width_estimation_table.h
-- Up-to-date: /var/db/repos/Local/tools/llvm-libc-probe/.prefix/include/c++/v1/__format/write_escaped.h
-- Up-to-date: /var/db/repos/Local/tools/llvm-libc-probe/.prefix/include/c++/v1/__functional/binary_function.h
-- Up-to-date: /var/db/repos/Local/tools/llvm-libc-probe/.prefix/include/c++/v1/__functional/binary_negate.h
-- Up-to-date: /var/db/repos/Local/tools/llvm-libc-probe/.prefix/include/c++/v1/__functional/bind.h
-- Up-to-date: /var/db/repos/Local/tools/llvm-libc-probe/.prefix/include/c++/v1/__functional/bind_back.h
-- Up-to-date: /var/db/repos/Local/tools/llvm-libc-probe/.prefix/include/c++/v1/__functional/bind_front.h
-- Up-to-date: /var/db/repos/Local/tools/llvm-libc-probe/.prefix/include/c++/v1/__functional/binder1st.h
-- Up-to-date: /var/db/repos/Local/tools/llvm-libc-probe/.prefix/include/c++/v1/__functional/binder2nd.h
-- Up-to-date: /var/db/repos/Local/tools/llvm-libc-probe/.prefix/include/c++/v1/__functional/boyer_moore_searcher.h
-- Up-to-date: /var/db/repos/Local/tools/llvm-libc-probe/.prefix/include/c++/v1/__functional/compose.h
-- Up-to-date: /var/db/repos/Local/tools/llvm-libc-probe/.prefix/include/c++/v1/__functional/default_searcher.h
-- Up-to-date: /var/db/repos/Local/tools/llvm-libc-probe/.prefix/include/c++/v1/__functional/function.h
-- Up-to-date: /var/db/repos/Local/tools/llvm-libc-probe/.prefix/include/c++/v1/__functional/hash.h
-- Up-to-date: /var/db/repos/Local/tools/llvm-libc-probe/.prefix/include/c++/v1/__functional/identity.h
-- Up-to-date: /var/db/repos/Local/tools/llvm-libc-probe/.prefix/include/c++/v1/__functional/invoke.h
-- Up-to-date: /var/db/repos/Local/tools/llvm-libc-probe/.prefix/include/c++/v1/__functional/is_transparent.h
-- Up-to-date: /var/db/repos/Local/tools/llvm-libc-probe/.prefix/include/c++/v1/__functional/mem_fn.h
-- Up-to-date: /var/db/repos/Local/tools/llvm-libc-probe/.prefix/include/c++/v1/__functional/mem_fun_ref.h
-- Up-to-date: /var/db/repos/Local/tools/llvm-libc-probe/.prefix/include/c++/v1/__functional/not_fn.h
-- Up-to-date: /var/db/repos/Local/tools/llvm-libc-probe/.prefix/include/c++/v1/__functional/operations.h
-- Up-to-date: /var/db/repos/Local/tools/llvm-libc-probe/.prefix/include/c++/v1/__functional/perfect_forward.h
-- Up-to-date: /var/db/repos/Local/tools/llvm-libc-probe/.prefix/include/c++/v1/__functional/pointer_to_binary_function.h
-- Up-to-date: /var/db/repos/Local/tools/llvm-libc-probe/.prefix/include/c++/v1/__functional/pointer_to_unary_function.h
-- Up-to-date: /var/db/repos/Local/tools/llvm-libc-probe/.prefix/include/c++/v1/__functional/ranges_operations.h
-- Up-to-date: /var/db/repos/Local/tools/llvm-libc-probe/.prefix/include/c++/v1/__functional/reference_wrapper.h
-- Up-to-date: /var/db/repos/Local/tools/llvm-libc-probe/.prefix/include/c++/v1/__functional/unary_function.h
-- Up-to-date: /var/db/repos/Local/tools/llvm-libc-probe/.prefix/include/c++/v1/__functional/unary_negate.h
-- Up-to-date: /var/db/repos/Local/tools/llvm-libc-probe/.prefix/include/c++/v1/__functional/weak_result_type.h
-- Up-to-date: /var/db/repos/Local/tools/llvm-libc-probe/.prefix/include/c++/v1/__fwd/array.h
-- Up-to-date: /var/db/repos/Local/tools/llvm-libc-probe/.prefix/include/c++/v1/__fwd/bit_reference.h
-- Up-to-date: /var/db/repos/Local/tools/llvm-libc-probe/.prefix/include/c++/v1/__fwd/byte.h
-- Up-to-date: /var/db/repos/Local/tools/llvm-libc-probe/.prefix/include/c++/v1/__fwd/complex.h
-- Up-to-date: /var/db/repos/Local/tools/llvm-libc-probe/.prefix/include/c++/v1/__fwd/deque.h
-- Up-to-date: /var/db/repos/Local/tools/llvm-libc-probe/.prefix/include/c++/v1/__fwd/format.h
-- Up-to-date: /var/db/repos/Local/tools/llvm-libc-probe/.prefix/include/c++/v1/__fwd/fstream.h
-- Up-to-date: /var/db/repos/Local/tools/llvm-libc-probe/.prefix/include/c++/v1/__fwd/functional.h
-- Up-to-date: /var/db/repos/Local/tools/llvm-libc-probe/.prefix/include/c++/v1/__fwd/get.h
-- Up-to-date: /var/db/repos/Local/tools/llvm-libc-probe/.prefix/include/c++/v1/__fwd/ios.h
-- Up-to-date: /var/db/repos/Local/tools/llvm-libc-probe/.prefix/include/c++/v1/__fwd/istream.h
-- Up-to-date: /var/db/repos/Local/tools/llvm-libc-probe/.prefix/include/c++/v1/__fwd/mdspan.h
-- Up-to-date: /var/db/repos/Local/tools/llvm-libc-probe/.prefix/include/c++/v1/__fwd/memory.h
-- Up-to-date: /var/db/repos/Local/tools/llvm-libc-probe/.prefix/include/c++/v1/__fwd/memory_resource.h
-- Up-to-date: /var/db/repos/Local/tools/llvm-libc-probe/.prefix/include/c++/v1/__fwd/ostream.h
-- Up-to-date: /var/db/repos/Local/tools/llvm-libc-probe/.prefix/include/c++/v1/__fwd/pair.h
-- Up-to-date: /var/db/repos/Local/tools/llvm-libc-probe/.prefix/include/c++/v1/__fwd/queue.h
-- Up-to-date: /var/db/repos/Local/tools/llvm-libc-probe/.prefix/include/c++/v1/__fwd/span.h
-- Up-to-date: /var/db/repos/Local/tools/llvm-libc-probe/.prefix/include/c++/v1/__fwd/sstream.h
-- Up-to-date: /var/db/repos/Local/tools/llvm-libc-probe/.prefix/include/c++/v1/__fwd/stack.h
-- Up-to-date: /var/db/repos/Local/tools/llvm-libc-probe/.prefix/include/c++/v1/__fwd/streambuf.h
-- Up-to-date: /var/db/repos/Local/tools/llvm-libc-probe/.prefix/include/c++/v1/__fwd/string.h
-- Up-to-date: /var/db/repos/Local/tools/llvm-libc-probe/.prefix/include/c++/v1/__fwd/string_view.h
-- Up-to-date: /var/db/repos/Local/tools/llvm-libc-probe/.prefix/include/c++/v1/__fwd/subrange.h
-- Up-to-date: /var/db/repos/Local/tools/llvm-libc-probe/.prefix/include/c++/v1/__fwd/tuple.h
-- Up-to-date: /var/db/repos/Local/tools/llvm-libc-probe/.prefix/include/c++/v1/__fwd/variant.h
-- Up-to-date: /var/db/repos/Local/tools/llvm-libc-probe/.prefix/include/c++/v1/__fwd/vector.h
-- Up-to-date: /var/db/repos/Local/tools/llvm-libc-probe/.prefix/include/c++/v1/__hash_table
-- Up-to-date: /var/db/repos/Local/tools/llvm-libc-probe/.prefix/include/c++/v1/__ios/fpos.h
-- Up-to-date: /var/db/repos/Local/tools/llvm-libc-probe/.prefix/include/c++/v1/__iterator/access.h
-- Up-to-date: /var/db/repos/Local/tools/llvm-libc-probe/.prefix/include/c++/v1/__iterator/advance.h
-- Up-to-date: /var/db/repos/Local/tools/llvm-libc-probe/.prefix/include/c++/v1/__iterator/aliasing_iterator.h
-- Up-to-date: /var/db/repos/Local/tools/llvm-libc-probe/.prefix/include/c++/v1/__iterator/back_insert_iterator.h
-- Up-to-date: /var/db/repos/Local/tools/llvm-libc-probe/.prefix/include/c++/v1/__iterator/bounded_iter.h
-- Up-to-date: /var/db/repos/Local/tools/llvm-libc-probe/.prefix/include/c++/v1/__iterator/common_iterator.h
-- Up-to-date: /var/db/repos/Local/tools/llvm-libc-probe/.prefix/include/c++/v1/__iterator/concepts.h
-- Up-to-date: /var/db/repos/Local/tools/llvm-libc-probe/.prefix/include/c++/v1/__iterator/counted_iterator.h
-- Up-to-date: /var/db/repos/Local/tools/llvm-libc-probe/.prefix/include/c++/v1/__iterator/cpp17_iterator_concepts.h
-- Up-to-date: /var/db/repos/Local/tools/llvm-libc-probe/.prefix/include/c++/v1/__iterator/data.h
-- Up-to-date: /var/db/repos/Local/tools/llvm-libc-probe/.prefix/include/c++/v1/__iterator/default_sentinel.h
-- Up-to-date: /var/db/repos/Local/tools/llvm-libc-probe/.prefix/include/c++/v1/__iterator/distance.h
-- Up-to-date: /var/db/repos/Local/tools/llvm-libc-probe/.prefix/include/c++/v1/__iterator/empty.h
-- Up-to-date: /var/db/repos/Local/tools/llvm-libc-probe/.prefix/include/c++/v1/__iterator/erase_if_container.h
-- Up-to-date: /var/db/repos/Local/tools/llvm-libc-probe/.prefix/include/c++/v1/__iterator/front_insert_iterator.h
-- Up-to-date: /var/db/repos/Local/tools/llvm-libc-probe/.prefix/include/c++/v1/__iterator/incrementable_traits.h
-- Up-to-date: /var/db/repos/Local/tools/llvm-libc-probe/.prefix/include/c++/v1/__iterator/indirectly_comparable.h
-- Up-to-date: /var/db/repos/Local/tools/llvm-libc-probe/.prefix/include/c++/v1/__iterator/insert_iterator.h
-- Up-to-date: /var/db/repos/Local/tools/llvm-libc-probe/.prefix/include/c++/v1/__iterator/istream_iterator.h
-- Up-to-date: /var/db/repos/Local/tools/llvm-libc-probe/.prefix/include/c++/v1/__iterator/istreambuf_iterator.h
-- Up-to-date: /var/db/repos/Local/tools/llvm-libc-probe/.prefix/include/c++/v1/__iterator/iter_move.h
-- Up-to-date: /var/db/repos/Local/tools/llvm-libc-probe/.prefix/include/c++/v1/__iterator/iter_swap.h
-- Up-to-date: /var/db/repos/Local/tools/llvm-libc-probe/.prefix/include/c++/v1/__iterator/iterator.h
-- Up-to-date: /var/db/repos/Local/tools/llvm-libc-probe/.prefix/include/c++/v1/__iterator/iterator_traits.h
-- Up-to-date: /var/db/repos/Local/tools/llvm-libc-probe/.prefix/include/c++/v1/__iterator/iterator_with_data.h
-- Up-to-date: /var/db/repos/Local/tools/llvm-libc-probe/.prefix/include/c++/v1/__iterator/mergeable.h
-- Up-to-date: /var/db/repos/Local/tools/llvm-libc-probe/.prefix/include/c++/v1/__iterator/move_iterator.h
-- Up-to-date: /var/db/repos/Local/tools/llvm-libc-probe/.prefix/include/c++/v1/__iterator/move_sentinel.h
-- Up-to-date: /var/db/repos/Local/tools/llvm-libc-probe/.prefix/include/c++/v1/__iterator/next.h
-- Up-to-date: /var/db/repos/Local/tools/llvm-libc-probe/.prefix/include/c++/v1/__iterator/ostream_iterator.h
-- Up-to-date: /var/db/repos/Local/tools/llvm-libc-probe/.prefix/include/c++/v1/__iterator/ostreambuf_iterator.h
-- Up-to-date: /var/db/repos/Local/tools/llvm-libc-probe/.prefix/include/c++/v1/__iterator/permutable.h
-- Up-to-date: /var/db/repos/Local/tools/llvm-libc-probe/.prefix/include/c++/v1/__iterator/prev.h
-- Up-to-date: /var/db/repos/Local/tools/llvm-libc-probe/.prefix/include/c++/v1/__iterator/product_iterator.h
-- Up-to-date: /var/db/repos/Local/tools/llvm-libc-probe/.prefix/include/c++/v1/__iterator/projected.h
-- Up-to-date: /var/db/repos/Local/tools/llvm-libc-probe/.prefix/include/c++/v1/__iterator/ranges_iterator_traits.h
-- Up-to-date: /var/db/repos/Local/tools/llvm-libc-probe/.prefix/include/c++/v1/__iterator/readable_traits.h
-- Up-to-date: /var/db/repos/Local/tools/llvm-libc-probe/.prefix/include/c++/v1/__iterator/reverse_access.h
-- Up-to-date: /var/db/repos/Local/tools/llvm-libc-probe/.prefix/include/c++/v1/__iterator/reverse_iterator.h
-- Up-to-date: /var/db/repos/Local/tools/llvm-libc-probe/.prefix/include/c++/v1/__iterator/segmented_iterator.h
-- Up-to-date: /var/db/repos/Local/tools/llvm-libc-probe/.prefix/include/c++/v1/__iterator/size.h
-- Up-to-date: /var/db/repos/Local/tools/llvm-libc-probe/.prefix/include/c++/v1/__iterator/sortable.h
-- Up-to-date: /var/db/repos/Local/tools/llvm-libc-probe/.prefix/include/c++/v1/__iterator/static_bounded_iter.h
-- Up-to-date: /var/db/repos/Local/tools/llvm-libc-probe/.prefix/include/c++/v1/__iterator/unreachable_sentinel.h
-- Up-to-date: /var/db/repos/Local/tools/llvm-libc-probe/.prefix/include/c++/v1/__iterator/wrap_iter.h
-- Up-to-date: /var/db/repos/Local/tools/llvm-libc-probe/.prefix/include/c++/v1/__locale
-- Up-to-date: /var/db/repos/Local/tools/llvm-libc-probe/.prefix/include/c++/v1/__locale_dir/check_grouping.h
-- Up-to-date: /var/db/repos/Local/tools/llvm-libc-probe/.prefix/include/c++/v1/__locale_dir/get_c_locale.h
-- Up-to-date: /var/db/repos/Local/tools/llvm-libc-probe/.prefix/include/c++/v1/__locale_dir/locale_base_api.h
-- Up-to-date: /var/db/repos/Local/tools/llvm-libc-probe/.prefix/include/c++/v1/__locale_dir/locale_base_api/bsd_locale_fallbacks.h
-- Up-to-date: /var/db/repos/Local/tools/llvm-libc-probe/.prefix/include/c++/v1/__locale_dir/locale_base_api/ibm.h
-- Up-to-date: /var/db/repos/Local/tools/llvm-libc-probe/.prefix/include/c++/v1/__locale_dir/locale_base_api/openbsd.h
-- Up-to-date: /var/db/repos/Local/tools/llvm-libc-probe/.prefix/include/c++/v1/__locale_dir/messages.h
-- Up-to-date: /var/db/repos/Local/tools/llvm-libc-probe/.prefix/include/c++/v1/__locale_dir/money.h
-- Up-to-date: /var/db/repos/Local/tools/llvm-libc-probe/.prefix/include/c++/v1/__locale_dir/num.h
-- Up-to-date: /var/db/repos/Local/tools/llvm-libc-probe/.prefix/include/c++/v1/__locale_dir/pad_and_output.h
-- Up-to-date: /var/db/repos/Local/tools/llvm-libc-probe/.prefix/include/c++/v1/__locale_dir/scan_keyword.h
-- Up-to-date: /var/db/repos/Local/tools/llvm-libc-probe/.prefix/include/c++/v1/__locale_dir/support/aix.h
-- Up-to-date: /var/db/repos/Local/tools/llvm-libc-probe/.prefix/include/c++/v1/__locale_dir/support/apple.h
-- Up-to-date: /var/db/repos/Local/tools/llvm-libc-probe/.prefix/include/c++/v1/__locale_dir/support/bsd_like.h
-- Up-to-date: /var/db/repos/Local/tools/llvm-libc-probe/.prefix/include/c++/v1/__locale_dir/support/freebsd.h
-- Up-to-date: /var/db/repos/Local/tools/llvm-libc-probe/.prefix/include/c++/v1/__locale_dir/support/fuchsia.h
-- Up-to-date: /var/db/repos/Local/tools/llvm-libc-probe/.prefix/include/c++/v1/__locale_dir/support/linux.h
-- Up-to-date: /var/db/repos/Local/tools/llvm-libc-probe/.prefix/include/c++/v1/__locale_dir/support/netbsd.h
-- Up-to-date: /var/db/repos/Local/tools/llvm-libc-probe/.prefix/include/c++/v1/__locale_dir/support/newlib.h
-- Up-to-date: /var/db/repos/Local/tools/llvm-libc-probe/.prefix/include/c++/v1/__locale_dir/support/no_locale/characters.h
-- Up-to-date: /var/db/repos/Local/tools/llvm-libc-probe/.prefix/include/c++/v1/__locale_dir/support/no_locale/strtonum.h
-- Up-to-date: /var/db/repos/Local/tools/llvm-libc-probe/.prefix/include/c++/v1/__locale_dir/support/windows.h
-- Up-to-date: /var/db/repos/Local/tools/llvm-libc-probe/.prefix/include/c++/v1/__locale_dir/time.h
-- Up-to-date: /var/db/repos/Local/tools/llvm-libc-probe/.prefix/include/c++/v1/__locale_dir/wbuffer_convert.h
-- Up-to-date: /var/db/repos/Local/tools/llvm-libc-probe/.prefix/include/c++/v1/__locale_dir/wstring_convert.h
-- Up-to-date: /var/db/repos/Local/tools/llvm-libc-probe/.prefix/include/c++/v1/__log_hardening_failure
-- Up-to-date: /var/db/repos/Local/tools/llvm-libc-probe/.prefix/include/c++/v1/__math/abs.h
-- Up-to-date: /var/db/repos/Local/tools/llvm-libc-probe/.prefix/include/c++/v1/__math/copysign.h
-- Up-to-date: /var/db/repos/Local/tools/llvm-libc-probe/.prefix/include/c++/v1/__math/error_functions.h
-- Up-to-date: /var/db/repos/Local/tools/llvm-libc-probe/.prefix/include/c++/v1/__math/exponential_functions.h
-- Up-to-date: /var/db/repos/Local/tools/llvm-libc-probe/.prefix/include/c++/v1/__math/fdim.h
-- Up-to-date: /var/db/repos/Local/tools/llvm-libc-probe/.prefix/include/c++/v1/__math/fma.h
-- Up-to-date: /var/db/repos/Local/tools/llvm-libc-probe/.prefix/include/c++/v1/__math/gamma.h
-- Up-to-date: /var/db/repos/Local/tools/llvm-libc-probe/.prefix/include/c++/v1/__math/hyperbolic_functions.h
-- Up-to-date: /var/db/repos/Local/tools/llvm-libc-probe/.prefix/include/c++/v1/__math/hypot.h
-- Up-to-date: /var/db/repos/Local/tools/llvm-libc-probe/.prefix/include/c++/v1/__math/inverse_hyperbolic_functions.h
-- Up-to-date: /var/db/repos/Local/tools/llvm-libc-probe/.prefix/include/c++/v1/__math/inverse_trigonometric_functions.h
-- Up-to-date: /var/db/repos/Local/tools/llvm-libc-probe/.prefix/include/c++/v1/__math/logarithms.h
-- Up-to-date: /var/db/repos/Local/tools/llvm-libc-probe/.prefix/include/c++/v1/__math/min_max.h
-- Up-to-date: /var/db/repos/Local/tools/llvm-libc-probe/.prefix/include/c++/v1/__math/modulo.h
-- Up-to-date: /var/db/repos/Local/tools/llvm-libc-probe/.prefix/include/c++/v1/__math/remainder.h
-- Up-to-date: /var/db/repos/Local/tools/llvm-libc-probe/.prefix/include/c++/v1/__math/roots.h
-- Up-to-date: /var/db/repos/Local/tools/llvm-libc-probe/.prefix/include/c++/v1/__math/rounding_functions.h
-- Up-to-date: /var/db/repos/Local/tools/llvm-libc-probe/.prefix/include/c++/v1/__math/special_functions.h
-- Up-to-date: /var/db/repos/Local/tools/llvm-libc-probe/.prefix/include/c++/v1/__math/traits.h
-- Up-to-date: /var/db/repos/Local/tools/llvm-libc-probe/.prefix/include/c++/v1/__math/trigonometric_functions.h
-- Up-to-date: /var/db/repos/Local/tools/llvm-libc-probe/.prefix/include/c++/v1/__mbstate_t.h
-- Up-to-date: /var/db/repos/Local/tools/llvm-libc-probe/.prefix/include/c++/v1/__mdspan/aligned_accessor.h
-- Up-to-date: /var/db/repos/Local/tools/llvm-libc-probe/.prefix/include/c++/v1/__mdspan/default_accessor.h
-- Up-to-date: /var/db/repos/Local/tools/llvm-libc-probe/.prefix/include/c++/v1/__mdspan/extents.h
-- Up-to-date: /var/db/repos/Local/tools/llvm-libc-probe/.prefix/include/c++/v1/__mdspan/layout_left.h
-- Up-to-date: /var/db/repos/Local/tools/llvm-libc-probe/.prefix/include/c++/v1/__mdspan/layout_right.h
-- Up-to-date: /var/db/repos/Local/tools/llvm-libc-probe/.prefix/include/c++/v1/__mdspan/layout_stride.h
-- Up-to-date: /var/db/repos/Local/tools/llvm-libc-probe/.prefix/include/c++/v1/__mdspan/mdspan.h
-- Up-to-date: /var/db/repos/Local/tools/llvm-libc-probe/.prefix/include/c++/v1/__memory/addressof.h
-- Up-to-date: /var/db/repos/Local/tools/llvm-libc-probe/.prefix/include/c++/v1/__memory/align.h
-- Up-to-date: /var/db/repos/Local/tools/llvm-libc-probe/.prefix/include/c++/v1/__memory/allocate_at_least.h
-- Up-to-date: /var/db/repos/Local/tools/llvm-libc-probe/.prefix/include/c++/v1/__memory/allocation_guard.h
-- Up-to-date: /var/db/repos/Local/tools/llvm-libc-probe/.prefix/include/c++/v1/__memory/allocator.h
-- Up-to-date: /var/db/repos/Local/tools/llvm-libc-probe/.prefix/include/c++/v1/__memory/allocator_arg_t.h
-- Up-to-date: /var/db/repos/Local/tools/llvm-libc-probe/.prefix/include/c++/v1/__memory/allocator_destructor.h
-- Up-to-date: /var/db/repos/Local/tools/llvm-libc-probe/.prefix/include/c++/v1/__memory/allocator_traits.h
-- Up-to-date: /var/db/repos/Local/tools/llvm-libc-probe/.prefix/include/c++/v1/__memory/array_cookie.h
-- Up-to-date: /var/db/repos/Local/tools/llvm-libc-probe/.prefix/include/c++/v1/__memory/assume_aligned.h
-- Up-to-date: /var/db/repos/Local/tools/llvm-libc-probe/.prefix/include/c++/v1/__memory/auto_ptr.h
-- Up-to-date: /var/db/repos/Local/tools/llvm-libc-probe/.prefix/include/c++/v1/__memory/compressed_pair.h
-- Up-to-date: /var/db/repos/Local/tools/llvm-libc-probe/.prefix/include/c++/v1/__memory/concepts.h
-- Up-to-date: /var/db/repos/Local/tools/llvm-libc-probe/.prefix/include/c++/v1/__memory/construct_at.h
-- Up-to-date: /var/db/repos/Local/tools/llvm-libc-probe/.prefix/include/c++/v1/__memory/destroy.h
-- Up-to-date: /var/db/repos/Local/tools/llvm-libc-probe/.prefix/include/c++/v1/__memory/destruct_n.h
-- Up-to-date: /var/db/repos/Local/tools/llvm-libc-probe/.prefix/include/c++/v1/__memory/inout_ptr.h
-- Up-to-date: /var/db/repos/Local/tools/llvm-libc-probe/.prefix/include/c++/v1/__memory/is_sufficiently_aligned.h
-- Up-to-date: /var/db/repos/Local/tools/llvm-libc-probe/.prefix/include/c++/v1/__memory/noexcept_move_assign_container.h
-- Up-to-date: /var/db/repos/Local/tools/llvm-libc-probe/.prefix/include/c++/v1/__memory/out_ptr.h
-- Up-to-date: /var/db/repos/Local/tools/llvm-libc-probe/.prefix/include/c++/v1/__memory/pointer_traits.h
-- Up-to-date: /var/db/repos/Local/tools/llvm-libc-probe/.prefix/include/c++/v1/__memory/ranges_construct_at.h
-- Up-to-date: /var/db/repos/Local/tools/llvm-libc-probe/.prefix/include/c++/v1/__memory/ranges_destroy.h
-- Up-to-date: /var/db/repos/Local/tools/llvm-libc-probe/.prefix/include/c++/v1/__memory/ranges_uninitialized_algorithms.h
-- Up-to-date: /var/db/repos/Local/tools/llvm-libc-probe/.prefix/include/c++/v1/__memory/raw_storage_iterator.h
-- Up-to-date: /var/db/repos/Local/tools/llvm-libc-probe/.prefix/include/c++/v1/__memory/shared_count.h
-- Up-to-date: /var/db/repos/Local/tools/llvm-libc-probe/.prefix/include/c++/v1/__memory/shared_ptr.h
-- Up-to-date: /var/db/repos/Local/tools/llvm-libc-probe/.prefix/include/c++/v1/__memory/swap_allocator.h
-- Up-to-date: /var/db/repos/Local/tools/llvm-libc-probe/.prefix/include/c++/v1/__memory/temp_value.h
-- Up-to-date: /var/db/repos/Local/tools/llvm-libc-probe/.prefix/include/c++/v1/__memory/temporary_buffer.h
-- Up-to-date: /var/db/repos/Local/tools/llvm-libc-probe/.prefix/include/c++/v1/__memory/uninitialized_algorithms.h
-- Up-to-date: /var/db/repos/Local/tools/llvm-libc-probe/.prefix/include/c++/v1/__memory/unique_ptr.h
-- Up-to-date: /var/db/repos/Local/tools/llvm-libc-probe/.prefix/include/c++/v1/__memory/unique_temporary_buffer.h
-- Up-to-date: /var/db/repos/Local/tools/llvm-libc-probe/.prefix/include/c++/v1/__memory/uses_allocator.h
-- Up-to-date: /var/db/repos/Local/tools/llvm-libc-probe/.prefix/include/c++/v1/__memory/uses_allocator_construction.h
-- Up-to-date: /var/db/repos/Local/tools/llvm-libc-probe/.prefix/include/c++/v1/__memory_resource/memory_resource.h
-- Up-to-date: /var/db/repos/Local/tools/llvm-libc-probe/.prefix/include/c++/v1/__memory_resource/monotonic_buffer_resource.h
-- Up-to-date: /var/db/repos/Local/tools/llvm-libc-probe/.prefix/include/c++/v1/__memory_resource/polymorphic_allocator.h
-- Up-to-date: /var/db/repos/Local/tools/llvm-libc-probe/.prefix/include/c++/v1/__memory_resource/pool_options.h
-- Up-to-date: /var/db/repos/Local/tools/llvm-libc-probe/.prefix/include/c++/v1/__memory_resource/synchronized_pool_resource.h
-- Up-to-date: /var/db/repos/Local/tools/llvm-libc-probe/.prefix/include/c++/v1/__memory_resource/unsynchronized_pool_resource.h
-- Up-to-date: /var/db/repos/Local/tools/llvm-libc-probe/.prefix/include/c++/v1/__mutex/lock_guard.h
-- Up-to-date: /var/db/repos/Local/tools/llvm-libc-probe/.prefix/include/c++/v1/__mutex/mutex.h
-- Up-to-date: /var/db/repos/Local/tools/llvm-libc-probe/.prefix/include/c++/v1/__mutex/once_flag.h
-- Up-to-date: /var/db/repos/Local/tools/llvm-libc-probe/.prefix/include/c++/v1/__mutex/tag_types.h
-- Up-to-date: /var/db/repos/Local/tools/llvm-libc-probe/.prefix/include/c++/v1/__mutex/unique_lock.h
-- Up-to-date: /var/db/repos/Local/tools/llvm-libc-probe/.prefix/include/c++/v1/__new/align_val_t.h
-- Up-to-date: /var/db/repos/Local/tools/llvm-libc-probe/.prefix/include/c++/v1/__new/allocate.h
-- Up-to-date: /var/db/repos/Local/tools/llvm-libc-probe/.prefix/include/c++/v1/__new/destroying_delete_t.h
-- Up-to-date: /var/db/repos/Local/tools/llvm-libc-probe/.prefix/include/c++/v1/__new/exceptions.h
-- Up-to-date: /var/db/repos/Local/tools/llvm-libc-probe/.prefix/include/c++/v1/__new/global_new_delete.h
-- Up-to-date: /var/db/repos/Local/tools/llvm-libc-probe/.prefix/include/c++/v1/__new/interference_size.h
-- Up-to-date: /var/db/repos/Local/tools/llvm-libc-probe/.prefix/include/c++/v1/__new/launder.h
-- Up-to-date: /var/db/repos/Local/tools/llvm-libc-probe/.prefix/include/c++/v1/__new/new_handler.h
-- Up-to-date: /var/db/repos/Local/tools/llvm-libc-probe/.prefix/include/c++/v1/__new/nothrow_t.h
-- Up-to-date: /var/db/repos/Local/tools/llvm-libc-probe/.prefix/include/c++/v1/__new/placement_new_delete.h
-- Up-to-date: /var/db/repos/Local/tools/llvm-libc-probe/.prefix/include/c++/v1/__node_handle
-- Up-to-date: /var/db/repos/Local/tools/llvm-libc-probe/.prefix/include/c++/v1/__numeric/accumulate.h
-- Up-to-date: /var/db/repos/Local/tools/llvm-libc-probe/.prefix/include/c++/v1/__numeric/adjacent_difference.h
-- Up-to-date: /var/db/repos/Local/tools/llvm-libc-probe/.prefix/include/c++/v1/__numeric/exclusive_scan.h
-- Up-to-date: /var/db/repos/Local/tools/llvm-libc-probe/.prefix/include/c++/v1/__numeric/gcd_lcm.h
-- Up-to-date: /var/db/repos/Local/tools/llvm-libc-probe/.prefix/include/c++/v1/__numeric/inclusive_scan.h
-- Up-to-date: /var/db/repos/Local/tools/llvm-libc-probe/.prefix/include/c++/v1/__numeric/inner_product.h
-- Up-to-date: /var/db/repos/Local/tools/llvm-libc-probe/.prefix/include/c++/v1/__numeric/iota.h
-- Up-to-date: /var/db/repos/Local/tools/llvm-libc-probe/.prefix/include/c++/v1/__numeric/midpoint.h
-- Up-to-date: /var/db/repos/Local/tools/llvm-libc-probe/.prefix/include/c++/v1/__numeric/partial_sum.h
-- Up-to-date: /var/db/repos/Local/tools/llvm-libc-probe/.prefix/include/c++/v1/__numeric/pstl.h
-- Up-to-date: /var/db/repos/Local/tools/llvm-libc-probe/.prefix/include/c++/v1/__numeric/ranges_iota.h
-- Up-to-date: /var/db/repos/Local/tools/llvm-libc-probe/.prefix/include/c++/v1/__numeric/reduce.h
-- Up-to-date: /var/db/repos/Local/tools/llvm-libc-probe/.prefix/include/c++/v1/__numeric/saturation_arithmetic.h
-- Up-to-date: /var/db/repos/Local/tools/llvm-libc-probe/.prefix/include/c++/v1/__numeric/transform_exclusive_scan.h
-- Up-to-date: /var/db/repos/Local/tools/llvm-libc-probe/.prefix/include/c++/v1/__numeric/transform_inclusive_scan.h
-- Up-to-date: /var/db/repos/Local/tools/llvm-libc-probe/.prefix/include/c++/v1/__numeric/transform_reduce.h
-- Up-to-date: /var/db/repos/Local/tools/llvm-libc-probe/.prefix/include/c++/v1/__ostream/basic_ostream.h
-- Up-to-date: /var/db/repos/Local/tools/llvm-libc-probe/.prefix/include/c++/v1/__ostream/print.h
-- Up-to-date: /var/db/repos/Local/tools/llvm-libc-probe/.prefix/include/c++/v1/__ostream/put_character_sequence.h
-- Up-to-date: /var/db/repos/Local/tools/llvm-libc-probe/.prefix/include/c++/v1/__pstl/backend.h
-- Up-to-date: /var/db/repos/Local/tools/llvm-libc-probe/.prefix/include/c++/v1/__pstl/backend_fwd.h
-- Up-to-date: /var/db/repos/Local/tools/llvm-libc-probe/.prefix/include/c++/v1/__pstl/backends/default.h
-- Up-to-date: /var/db/repos/Local/tools/llvm-libc-probe/.prefix/include/c++/v1/__pstl/backends/libdispatch.h
-- Up-to-date: /var/db/repos/Local/tools/llvm-libc-probe/.prefix/include/c++/v1/__pstl/backends/serial.h
-- Up-to-date: /var/db/repos/Local/tools/llvm-libc-probe/.prefix/include/c++/v1/__pstl/backends/std_thread.h
-- Up-to-date: /var/db/repos/Local/tools/llvm-libc-probe/.prefix/include/c++/v1/__pstl/cpu_algos/any_of.h
-- Up-to-date: /var/db/repos/Local/tools/llvm-libc-probe/.prefix/include/c++/v1/__pstl/cpu_algos/cpu_traits.h
-- Up-to-date: /var/db/repos/Local/tools/llvm-libc-probe/.prefix/include/c++/v1/__pstl/cpu_algos/fill.h
-- Up-to-date: /var/db/repos/Local/tools/llvm-libc-probe/.prefix/include/c++/v1/__pstl/cpu_algos/find_if.h
-- Up-to-date: /var/db/repos/Local/tools/llvm-libc-probe/.prefix/include/c++/v1/__pstl/cpu_algos/for_each.h
-- Up-to-date: /var/db/repos/Local/tools/llvm-libc-probe/.prefix/include/c++/v1/__pstl/cpu_algos/merge.h
-- Up-to-date: /var/db/repos/Local/tools/llvm-libc-probe/.prefix/include/c++/v1/__pstl/cpu_algos/stable_sort.h
-- Up-to-date: /var/db/repos/Local/tools/llvm-libc-probe/.prefix/include/c++/v1/__pstl/cpu_algos/transform.h
-- Up-to-date: /var/db/repos/Local/tools/llvm-libc-probe/.prefix/include/c++/v1/__pstl/cpu_algos/transform_reduce.h
-- Up-to-date: /var/db/repos/Local/tools/llvm-libc-probe/.prefix/include/c++/v1/__pstl/dispatch.h
-- Up-to-date: /var/db/repos/Local/tools/llvm-libc-probe/.prefix/include/c++/v1/__pstl/handle_exception.h
-- Up-to-date: /var/db/repos/Local/tools/llvm-libc-probe/.prefix/include/c++/v1/__random/bernoulli_distribution.h
-- Up-to-date: /var/db/repos/Local/tools/llvm-libc-probe/.prefix/include/c++/v1/__random/binomial_distribution.h
-- Up-to-date: /var/db/repos/Local/tools/llvm-libc-probe/.prefix/include/c++/v1/__random/cauchy_distribution.h
-- Up-to-date: /var/db/repos/Local/tools/llvm-libc-probe/.prefix/include/c++/v1/__random/chi_squared_distribution.h
-- Up-to-date: /var/db/repos/Local/tools/llvm-libc-probe/.prefix/include/c++/v1/__random/clamp_to_integral.h
-- Up-to-date: /var/db/repos/Local/tools/llvm-libc-probe/.prefix/include/c++/v1/__random/default_random_engine.h
-- Up-to-date: /var/db/repos/Local/tools/llvm-libc-probe/.prefix/include/c++/v1/__random/discard_block_engine.h
-- Up-to-date: /var/db/repos/Local/tools/llvm-libc-probe/.prefix/include/c++/v1/__random/discrete_distribution.h
-- Up-to-date: /var/db/repos/Local/tools/llvm-libc-probe/.prefix/include/c++/v1/__random/exponential_distribution.h
-- Up-to-date: /var/db/repos/Local/tools/llvm-libc-probe/.prefix/include/c++/v1/__random/extreme_value_distribution.h
-- Up-to-date: /var/db/repos/Local/tools/llvm-libc-probe/.prefix/include/c++/v1/__random/fisher_f_distribution.h
-- Up-to-date: /var/db/repos/Local/tools/llvm-libc-probe/.prefix/include/c++/v1/__random/gamma_distribution.h
-- Up-to-date: /var/db/repos/Local/tools/llvm-libc-probe/.prefix/include/c++/v1/__random/generate_canonical.h
-- Up-to-date: /var/db/repos/Local/tools/llvm-libc-probe/.prefix/include/c++/v1/__random/geometric_distribution.h
-- Up-to-date: /var/db/repos/Local/tools/llvm-libc-probe/.prefix/include/c++/v1/__random/independent_bits_engine.h
-- Up-to-date: /var/db/repos/Local/tools/llvm-libc-probe/.prefix/include/c++/v1/__random/is_seed_sequence.h
-- Up-to-date: /var/db/repos/Local/tools/llvm-libc-probe/.prefix/include/c++/v1/__random/is_valid.h
-- Up-to-date: /var/db/repos/Local/tools/llvm-libc-probe/.prefix/include/c++/v1/__random/knuth_b.h
-- Up-to-date: /var/db/repos/Local/tools/llvm-libc-probe/.prefix/include/c++/v1/__random/linear_congruential_engine.h
-- Up-to-date: /var/db/repos/Local/tools/llvm-libc-probe/.prefix/include/c++/v1/__random/log2.h
-- Up-to-date: /var/db/repos/Local/tools/llvm-libc-probe/.prefix/include/c++/v1/__random/lognormal_distribution.h
-- Up-to-date: /var/db/repos/Local/tools/llvm-libc-probe/.prefix/include/c++/v1/__random/mersenne_twister_engine.h
-- Up-to-date: /var/db/repos/Local/tools/llvm-libc-probe/.prefix/include/c++/v1/__random/negative_binomial_distribution.h
-- Up-to-date: /var/db/repos/Local/tools/llvm-libc-probe/.prefix/include/c++/v1/__random/normal_distribution.h
-- Up-to-date: /var/db/repos/Local/tools/llvm-libc-probe/.prefix/include/c++/v1/__random/piecewise_constant_distribution.h
-- Up-to-date: /var/db/repos/Local/tools/llvm-libc-probe/.prefix/include/c++/v1/__random/piecewise_linear_distribution.h
-- Up-to-date: /var/db/repos/Local/tools/llvm-libc-probe/.prefix/include/c++/v1/__random/poisson_distribution.h
-- Up-to-date: /var/db/repos/Local/tools/llvm-libc-probe/.prefix/include/c++/v1/__random/random_device.h
-- Up-to-date: /var/db/repos/Local/tools/llvm-libc-probe/.prefix/include/c++/v1/__random/ranlux.h
-- Up-to-date: /var/db/repos/Local/tools/llvm-libc-probe/.prefix/include/c++/v1/__random/seed_seq.h
-- Up-to-date: /var/db/repos/Local/tools/llvm-libc-probe/.prefix/include/c++/v1/__random/shuffle_order_engine.h
-- Up-to-date: /var/db/repos/Local/tools/llvm-libc-probe/.prefix/include/c++/v1/__random/student_t_distribution.h
-- Up-to-date: /var/db/repos/Local/tools/llvm-libc-probe/.prefix/include/c++/v1/__random/subtract_with_carry_engine.h
-- Up-to-date: /var/db/repos/Local/tools/llvm-libc-probe/.prefix/include/c++/v1/__random/uniform_int_distribution.h
-- Up-to-date: /var/db/repos/Local/tools/llvm-libc-probe/.prefix/include/c++/v1/__random/uniform_random_bit_generator.h
-- Up-to-date: /var/db/repos/Local/tools/llvm-libc-probe/.prefix/include/c++/v1/__random/uniform_real_distribution.h
-- Up-to-date: /var/db/repos/Local/tools/llvm-libc-probe/.prefix/include/c++/v1/__random/weibull_distribution.h
-- Up-to-date: /var/db/repos/Local/tools/llvm-libc-probe/.prefix/include/c++/v1/__ranges/access.h
-- Up-to-date: /var/db/repos/Local/tools/llvm-libc-probe/.prefix/include/c++/v1/__ranges/adjacent_transform_view.h
-- Up-to-date: /var/db/repos/Local/tools/llvm-libc-probe/.prefix/include/c++/v1/__ranges/adjacent_view.h
-- Up-to-date: /var/db/repos/Local/tools/llvm-libc-probe/.prefix/include/c++/v1/__ranges/all.h
-- Up-to-date: /var/db/repos/Local/tools/llvm-libc-probe/.prefix/include/c++/v1/__ranges/as_rvalue_view.h
-- Up-to-date: /var/db/repos/Local/tools/llvm-libc-probe/.prefix/include/c++/v1/__ranges/chunk_by_view.h
-- Up-to-date: /var/db/repos/Local/tools/llvm-libc-probe/.prefix/include/c++/v1/__ranges/common_view.h
-- Up-to-date: /var/db/repos/Local/tools/llvm-libc-probe/.prefix/include/c++/v1/__ranges/concepts.h
-- Up-to-date: /var/db/repos/Local/tools/llvm-libc-probe/.prefix/include/c++/v1/__ranges/container_compatible_range.h
-- Up-to-date: /var/db/repos/Local/tools/llvm-libc-probe/.prefix/include/c++/v1/__ranges/counted.h
-- Up-to-date: /var/db/repos/Local/tools/llvm-libc-probe/.prefix/include/c++/v1/__ranges/dangling.h
-- Up-to-date: /var/db/repos/Local/tools/llvm-libc-probe/.prefix/include/c++/v1/__ranges/data.h
-- Up-to-date: /var/db/repos/Local/tools/llvm-libc-probe/.prefix/include/c++/v1/__ranges/drop_view.h
-- Up-to-date: /var/db/repos/Local/tools/llvm-libc-probe/.prefix/include/c++/v1/__ranges/drop_while_view.h
-- Up-to-date: /var/db/repos/Local/tools/llvm-libc-probe/.prefix/include/c++/v1/__ranges/elements_of.h
-- Up-to-date: /var/db/repos/Local/tools/llvm-libc-probe/.prefix/include/c++/v1/__ranges/elements_view.h
-- Up-to-date: /var/db/repos/Local/tools/llvm-libc-probe/.prefix/include/c++/v1/__ranges/empty.h
-- Up-to-date: /var/db/repos/Local/tools/llvm-libc-probe/.prefix/include/c++/v1/__ranges/empty_view.h
-- Up-to-date: /var/db/repos/Local/tools/llvm-libc-probe/.prefix/include/c++/v1/__ranges/enable_borrowed_range.h
-- Up-to-date: /var/db/repos/Local/tools/llvm-libc-probe/.prefix/include/c++/v1/__ranges/enable_view.h
-- Up-to-date: /var/db/repos/Local/tools/llvm-libc-probe/.prefix/include/c++/v1/__ranges/filter_view.h
-- Up-to-date: /var/db/repos/Local/tools/llvm-libc-probe/.prefix/include/c++/v1/__ranges/from_range.h
-- Up-to-date: /var/db/repos/Local/tools/llvm-libc-probe/.prefix/include/c++/v1/__ranges/iota_view.h
-- Up-to-date: /var/db/repos/Local/tools/llvm-libc-probe/.prefix/include/c++/v1/__ranges/istream_view.h
-- Up-to-date: /var/db/repos/Local/tools/llvm-libc-probe/.prefix/include/c++/v1/__ranges/join_view.h
-- Up-to-date: /var/db/repos/Local/tools/llvm-libc-probe/.prefix/include/c++/v1/__ranges/join_with_view.h
-- Up-to-date: /var/db/repos/Local/tools/llvm-libc-probe/.prefix/include/c++/v1/__ranges/lazy_split_view.h
-- Up-to-date: /var/db/repos/Local/tools/llvm-libc-probe/.prefix/include/c++/v1/__ranges/movable_box.h
-- Up-to-date: /var/db/repos/Local/tools/llvm-libc-probe/.prefix/include/c++/v1/__ranges/non_propagating_cache.h
-- Up-to-date: /var/db/repos/Local/tools/llvm-libc-probe/.prefix/include/c++/v1/__ranges/owning_view.h
-- Up-to-date: /var/db/repos/Local/tools/llvm-libc-probe/.prefix/include/c++/v1/__ranges/range_adaptor.h
-- Up-to-date: /var/db/repos/Local/tools/llvm-libc-probe/.prefix/include/c++/v1/__ranges/rbegin.h
-- Up-to-date: /var/db/repos/Local/tools/llvm-libc-probe/.prefix/include/c++/v1/__ranges/ref_view.h
-- Up-to-date: /var/db/repos/Local/tools/llvm-libc-probe/.prefix/include/c++/v1/__ranges/rend.h
-- Up-to-date: /var/db/repos/Local/tools/llvm-libc-probe/.prefix/include/c++/v1/__ranges/repeat_view.h
-- Up-to-date: /var/db/repos/Local/tools/llvm-libc-probe/.prefix/include/c++/v1/__ranges/reverse_view.h
-- Up-to-date: /var/db/repos/Local/tools/llvm-libc-probe/.prefix/include/c++/v1/__ranges/single_view.h
-- Up-to-date: /var/db/repos/Local/tools/llvm-libc-probe/.prefix/include/c++/v1/__ranges/size.h
-- Up-to-date: /var/db/repos/Local/tools/llvm-libc-probe/.prefix/include/c++/v1/__ranges/split_view.h
-- Up-to-date: /var/db/repos/Local/tools/llvm-libc-probe/.prefix/include/c++/v1/__ranges/subrange.h
-- Up-to-date: /var/db/repos/Local/tools/llvm-libc-probe/.prefix/include/c++/v1/__ranges/take_view.h
-- Up-to-date: /var/db/repos/Local/tools/llvm-libc-probe/.prefix/include/c++/v1/__ranges/take_while_view.h
-- Up-to-date: /var/db/repos/Local/tools/llvm-libc-probe/.prefix/include/c++/v1/__ranges/to.h
-- Up-to-date: /var/db/repos/Local/tools/llvm-libc-probe/.prefix/include/c++/v1/__ranges/transform_view.h
-- Up-to-date: /var/db/repos/Local/tools/llvm-libc-probe/.prefix/include/c++/v1/__ranges/view_interface.h
-- Up-to-date: /var/db/repos/Local/tools/llvm-libc-probe/.prefix/include/c++/v1/__ranges/views.h
-- Up-to-date: /var/db/repos/Local/tools/llvm-libc-probe/.prefix/include/c++/v1/__ranges/zip_transform_view.h
-- Up-to-date: /var/db/repos/Local/tools/llvm-libc-probe/.prefix/include/c++/v1/__ranges/zip_view.h
-- Up-to-date: /var/db/repos/Local/tools/llvm-libc-probe/.prefix/include/c++/v1/__split_buffer
-- Up-to-date: /var/db/repos/Local/tools/llvm-libc-probe/.prefix/include/c++/v1/__std_mbstate_t.h
-- Up-to-date: /var/db/repos/Local/tools/llvm-libc-probe/.prefix/include/c++/v1/__stop_token/atomic_unique_lock.h
-- Up-to-date: /var/db/repos/Local/tools/llvm-libc-probe/.prefix/include/c++/v1/__stop_token/intrusive_list_view.h
-- Up-to-date: /var/db/repos/Local/tools/llvm-libc-probe/.prefix/include/c++/v1/__stop_token/intrusive_shared_ptr.h
-- Up-to-date: /var/db/repos/Local/tools/llvm-libc-probe/.prefix/include/c++/v1/__stop_token/stop_callback.h
-- Up-to-date: /var/db/repos/Local/tools/llvm-libc-probe/.prefix/include/c++/v1/__stop_token/stop_source.h
-- Up-to-date: /var/db/repos/Local/tools/llvm-libc-probe/.prefix/include/c++/v1/__stop_token/stop_state.h
-- Up-to-date: /var/db/repos/Local/tools/llvm-libc-probe/.prefix/include/c++/v1/__stop_token/stop_token.h
-- Up-to-date: /var/db/repos/Local/tools/llvm-libc-probe/.prefix/include/c++/v1/__string/char_traits.h
-- Up-to-date: /var/db/repos/Local/tools/llvm-libc-probe/.prefix/include/c++/v1/__string/constexpr_c_functions.h
-- Up-to-date: /var/db/repos/Local/tools/llvm-libc-probe/.prefix/include/c++/v1/__string/extern_template_lists.h
-- Up-to-date: /var/db/repos/Local/tools/llvm-libc-probe/.prefix/include/c++/v1/__support/ibm/gettod_zos.h
-- Up-to-date: /var/db/repos/Local/tools/llvm-libc-probe/.prefix/include/c++/v1/__support/ibm/locale_mgmt_zos.h
-- Up-to-date: /var/db/repos/Local/tools/llvm-libc-probe/.prefix/include/c++/v1/__support/ibm/nanosleep.h
-- Up-to-date: /var/db/repos/Local/tools/llvm-libc-probe/.prefix/include/c++/v1/__support/xlocale/__nop_locale_mgmt.h
-- Up-to-date: /var/db/repos/Local/tools/llvm-libc-probe/.prefix/include/c++/v1/__support/xlocale/__posix_l_fallback.h
-- Up-to-date: /var/db/repos/Local/tools/llvm-libc-probe/.prefix/include/c++/v1/__support/xlocale/__strtonum_fallback.h
-- Up-to-date: /var/db/repos/Local/tools/llvm-libc-probe/.prefix/include/c++/v1/__system_error/errc.h
-- Up-to-date: /var/db/repos/Local/tools/llvm-libc-probe/.prefix/include/c++/v1/__system_error/error_category.h
-- Up-to-date: /var/db/repos/Local/tools/llvm-libc-probe/.prefix/include/c++/v1/__system_error/error_code.h
-- Up-to-date: /var/db/repos/Local/tools/llvm-libc-probe/.prefix/include/c++/v1/__system_error/error_condition.h
-- Up-to-date: /var/db/repos/Local/tools/llvm-libc-probe/.prefix/include/c++/v1/__system_error/system_error.h
-- Up-to-date: /var/db/repos/Local/tools/llvm-libc-probe/.prefix/include/c++/v1/__system_error/throw_system_error.h
-- Up-to-date: /var/db/repos/Local/tools/llvm-libc-probe/.prefix/include/c++/v1/__thread/formatter.h
-- Up-to-date: /var/db/repos/Local/tools/llvm-libc-probe/.prefix/include/c++/v1/__thread/id.h
-- Up-to-date: /var/db/repos/Local/tools/llvm-libc-probe/.prefix/include/c++/v1/__thread/jthread.h
-- Up-to-date: /var/db/repos/Local/tools/llvm-libc-probe/.prefix/include/c++/v1/__thread/poll_with_backoff.h
-- Up-to-date: /var/db/repos/Local/tools/llvm-libc-probe/.prefix/include/c++/v1/__thread/support.h
-- Up-to-date: /var/db/repos/Local/tools/llvm-libc-probe/.prefix/include/c++/v1/__thread/support/c11.h
-- Up-to-date: /var/db/repos/Local/tools/llvm-libc-probe/.prefix/include/c++/v1/__thread/support/external.h
-- Up-to-date: /var/db/repos/Local/tools/llvm-libc-probe/.prefix/include/c++/v1/__thread/support/pthread.h
-- Up-to-date: /var/db/repos/Local/tools/llvm-libc-probe/.prefix/include/c++/v1/__thread/support/windows.h
-- Up-to-date: /var/db/repos/Local/tools/llvm-libc-probe/.prefix/include/c++/v1/__thread/this_thread.h
-- Up-to-date: /var/db/repos/Local/tools/llvm-libc-probe/.prefix/include/c++/v1/__thread/thread.h
-- Up-to-date: /var/db/repos/Local/tools/llvm-libc-probe/.prefix/include/c++/v1/__thread/timed_backoff_policy.h
-- Up-to-date: /var/db/repos/Local/tools/llvm-libc-probe/.prefix/include/c++/v1/__tree
-- Up-to-date: /var/db/repos/Local/tools/llvm-libc-probe/.prefix/include/c++/v1/__tuple/find_index.h
-- Up-to-date: /var/db/repos/Local/tools/llvm-libc-probe/.prefix/include/c++/v1/__tuple/ignore.h
-- Up-to-date: /var/db/repos/Local/tools/llvm-libc-probe/.prefix/include/c++/v1/__tuple/sfinae_helpers.h
-- Up-to-date: /var/db/repos/Local/tools/llvm-libc-probe/.prefix/include/c++/v1/__tuple/tuple_element.h
-- Up-to-date: /var/db/repos/Local/tools/llvm-libc-probe/.prefix/include/c++/v1/__tuple/tuple_like.h
-- Up-to-date: /var/db/repos/Local/tools/llvm-libc-probe/.prefix/include/c++/v1/__tuple/tuple_like_no_subrange.h
-- Up-to-date: /var/db/repos/Local/tools/llvm-libc-probe/.prefix/include/c++/v1/__tuple/tuple_size.h
-- Up-to-date: /var/db/repos/Local/tools/llvm-libc-probe/.prefix/include/c++/v1/__tuple/tuple_transform.h
-- Up-to-date: /var/db/repos/Local/tools/llvm-libc-probe/.prefix/include/c++/v1/__type_traits/add_cv_quals.h
-- Up-to-date: /var/db/repos/Local/tools/llvm-libc-probe/.prefix/include/c++/v1/__type_traits/add_pointer.h
-- Up-to-date: /var/db/repos/Local/tools/llvm-libc-probe/.prefix/include/c++/v1/__type_traits/add_reference.h
-- Up-to-date: /var/db/repos/Local/tools/llvm-libc-probe/.prefix/include/c++/v1/__type_traits/aligned_storage.h
-- Up-to-date: /var/db/repos/Local/tools/llvm-libc-probe/.prefix/include/c++/v1/__type_traits/aligned_union.h
-- Up-to-date: /var/db/repos/Local/tools/llvm-libc-probe/.prefix/include/c++/v1/__type_traits/alignment_of.h
-- Up-to-date: /var/db/repos/Local/tools/llvm-libc-probe/.prefix/include/c++/v1/__type_traits/common_reference.h
-- Up-to-date: /var/db/repos/Local/tools/llvm-libc-probe/.prefix/include/c++/v1/__type_traits/common_type.h
-- Up-to-date: /var/db/repos/Local/tools/llvm-libc-probe/.prefix/include/c++/v1/__type_traits/conditional.h
-- Up-to-date: /var/db/repos/Local/tools/llvm-libc-probe/.prefix/include/c++/v1/__type_traits/conjunction.h
-- Up-to-date: /var/db/repos/Local/tools/llvm-libc-probe/.prefix/include/c++/v1/__type_traits/container_traits.h
-- Up-to-date: /var/db/repos/Local/tools/llvm-libc-probe/.prefix/include/c++/v1/__type_traits/copy_cv.h
-- Up-to-date: /var/db/repos/Local/tools/llvm-libc-probe/.prefix/include/c++/v1/__type_traits/copy_cvref.h
-- Up-to-date: /var/db/repos/Local/tools/llvm-libc-probe/.prefix/include/c++/v1/__type_traits/datasizeof.h
-- Up-to-date: /var/db/repos/Local/tools/llvm-libc-probe/.prefix/include/c++/v1/__type_traits/decay.h
-- Up-to-date: /var/db/repos/Local/tools/llvm-libc-probe/.prefix/include/c++/v1/__type_traits/dependent_type.h
-- Up-to-date: /var/db/repos/Local/tools/llvm-libc-probe/.prefix/include/c++/v1/__type_traits/desugars_to.h
-- Up-to-date: /var/db/repos/Local/tools/llvm-libc-probe/.prefix/include/c++/v1/__type_traits/detected_or.h
-- Up-to-date: /var/db/repos/Local/tools/llvm-libc-probe/.prefix/include/c++/v1/__type_traits/disjunction.h
-- Up-to-date: /var/db/repos/Local/tools/llvm-libc-probe/.prefix/include/c++/v1/__type_traits/enable_if.h
-- Up-to-date: /var/db/repos/Local/tools/llvm-libc-probe/.prefix/include/c++/v1/__type_traits/extent.h
-- Up-to-date: /var/db/repos/Local/tools/llvm-libc-probe/.prefix/include/c++/v1/__type_traits/has_unique_object_representation.h
-- Up-to-date: /var/db/repos/Local/tools/llvm-libc-probe/.prefix/include/c++/v1/__type_traits/has_virtual_destructor.h
-- Up-to-date: /var/db/repos/Local/tools/llvm-libc-probe/.prefix/include/c++/v1/__type_traits/integer_traits.h
-- Up-to-date: /var/db/repos/Local/tools/llvm-libc-probe/.prefix/include/c++/v1/__type_traits/integral_constant.h
-- Up-to-date: /var/db/repos/Local/tools/llvm-libc-probe/.prefix/include/c++/v1/__type_traits/invoke.h
-- Up-to-date: /var/db/repos/Local/tools/llvm-libc-probe/.prefix/include/c++/v1/__type_traits/is_abstract.h
-- Up-to-date: /var/db/repos/Local/tools/llvm-libc-probe/.prefix/include/c++/v1/__type_traits/is_aggregate.h
-- Up-to-date: /var/db/repos/Local/tools/llvm-libc-probe/.prefix/include/c++/v1/__type_traits/is_allocator.h
-- Up-to-date: /var/db/repos/Local/tools/llvm-libc-probe/.prefix/include/c++/v1/__type_traits/is_always_bitcastable.h
-- Up-to-date: /var/db/repos/Local/tools/llvm-libc-probe/.prefix/include/c++/v1/__type_traits/is_arithmetic.h
-- Up-to-date: /var/db/repos/Local/tools/llvm-libc-probe/.prefix/include/c++/v1/__type_traits/is_array.h
-- Up-to-date: /var/db/repos/Local/tools/llvm-libc-probe/.prefix/include/c++/v1/__type_traits/is_assignable.h
-- Up-to-date: /var/db/repos/Local/tools/llvm-libc-probe/.prefix/include/c++/v1/__type_traits/is_base_of.h
-- Up-to-date: /var/db/repos/Local/tools/llvm-libc-probe/.prefix/include/c++/v1/__type_traits/is_callable.h
-- Up-to-date: /var/db/repos/Local/tools/llvm-libc-probe/.prefix/include/c++/v1/__type_traits/is_char_like_type.h
-- Up-to-date: /var/db/repos/Local/tools/llvm-libc-probe/.prefix/include/c++/v1/__type_traits/is_class.h
-- Up-to-date: /var/db/repos/Local/tools/llvm-libc-probe/.prefix/include/c++/v1/__type_traits/is_compound.h
-- Up-to-date: /var/db/repos/Local/tools/llvm-libc-probe/.prefix/include/c++/v1/__type_traits/is_const.h
-- Up-to-date: /var/db/repos/Local/tools/llvm-libc-probe/.prefix/include/c++/v1/__type_traits/is_constant_evaluated.h
-- Up-to-date: /var/db/repos/Local/tools/llvm-libc-probe/.prefix/include/c++/v1/__type_traits/is_constructible.h
-- Up-to-date: /var/db/repos/Local/tools/llvm-libc-probe/.prefix/include/c++/v1/__type_traits/is_convertible.h
-- Up-to-date: /var/db/repos/Local/tools/llvm-libc-probe/.prefix/include/c++/v1/__type_traits/is_core_convertible.h
-- Up-to-date: /var/db/repos/Local/tools/llvm-libc-probe/.prefix/include/c++/v1/__type_traits/is_destructible.h
-- Up-to-date: /var/db/repos/Local/tools/llvm-libc-probe/.prefix/include/c++/v1/__type_traits/is_empty.h
-- Up-to-date: /var/db/repos/Local/tools/llvm-libc-probe/.prefix/include/c++/v1/__type_traits/is_enum.h
-- Up-to-date: /var/db/repos/Local/tools/llvm-libc-probe/.prefix/include/c++/v1/__type_traits/is_equality_comparable.h
-- Up-to-date: /var/db/repos/Local/tools/llvm-libc-probe/.prefix/include/c++/v1/__type_traits/is_execution_policy.h
-- Up-to-date: /var/db/repos/Local/tools/llvm-libc-probe/.prefix/include/c++/v1/__type_traits/is_final.h
-- Up-to-date: /var/db/repos/Local/tools/llvm-libc-probe/.prefix/include/c++/v1/__type_traits/is_floating_point.h
-- Up-to-date: /var/db/repos/Local/tools/llvm-libc-probe/.prefix/include/c++/v1/__type_traits/is_function.h
-- Up-to-date: /var/db/repos/Local/tools/llvm-libc-probe/.prefix/include/c++/v1/__type_traits/is_fundamental.h
-- Up-to-date: /var/db/repos/Local/tools/llvm-libc-probe/.prefix/include/c++/v1/__type_traits/is_generic_transparent_comparator.h
-- Up-to-date: /var/db/repos/Local/tools/llvm-libc-probe/.prefix/include/c++/v1/__type_traits/is_implicit_lifetime.h
-- Up-to-date: /var/db/repos/Local/tools/llvm-libc-probe/.prefix/include/c++/v1/__type_traits/is_implicitly_default_constructible.h
-- Up-to-date: /var/db/repos/Local/tools/llvm-libc-probe/.prefix/include/c++/v1/__type_traits/is_integral.h
-- Up-to-date: /var/db/repos/Local/tools/llvm-libc-probe/.prefix/include/c++/v1/__type_traits/is_literal_type.h
-- Up-to-date: /var/db/repos/Local/tools/llvm-libc-probe/.prefix/include/c++/v1/__type_traits/is_member_pointer.h
-- Up-to-date: /var/db/repos/Local/tools/llvm-libc-probe/.prefix/include/c++/v1/__type_traits/is_nothrow_assignable.h
-- Up-to-date: /var/db/repos/Local/tools/llvm-libc-probe/.prefix/include/c++/v1/__type_traits/is_nothrow_constructible.h
-- Up-to-date: /var/db/repos/Local/tools/llvm-libc-probe/.prefix/include/c++/v1/__type_traits/is_nothrow_destructible.h
-- Up-to-date: /var/db/repos/Local/tools/llvm-libc-probe/.prefix/include/c++/v1/__type_traits/is_null_pointer.h
-- Up-to-date: /var/db/repos/Local/tools/llvm-libc-probe/.prefix/include/c++/v1/__type_traits/is_object.h
-- Up-to-date: /var/db/repos/Local/tools/llvm-libc-probe/.prefix/include/c++/v1/__type_traits/is_pod.h
-- Up-to-date: /var/db/repos/Local/tools/llvm-libc-probe/.prefix/include/c++/v1/__type_traits/is_pointer.h
-- Up-to-date: /var/db/repos/Local/tools/llvm-libc-probe/.prefix/include/c++/v1/__type_traits/is_polymorphic.h
-- Up-to-date: /var/db/repos/Local/tools/llvm-libc-probe/.prefix/include/c++/v1/__type_traits/is_primary_template.h
-- Up-to-date: /var/db/repos/Local/tools/llvm-libc-probe/.prefix/include/c++/v1/__type_traits/is_reference.h
-- Up-to-date: /var/db/repos/Local/tools/llvm-libc-probe/.prefix/include/c++/v1/__type_traits/is_reference_wrapper.h
-- Up-to-date: /var/db/repos/Local/tools/llvm-libc-probe/.prefix/include/c++/v1/__type_traits/is_referenceable.h
-- Up-to-date: /var/db/repos/Local/tools/llvm-libc-probe/.prefix/include/c++/v1/__type_traits/is_same.h
-- Up-to-date: /var/db/repos/Local/tools/llvm-libc-probe/.prefix/include/c++/v1/__type_traits/is_scalar.h
-- Up-to-date: /var/db/repos/Local/tools/llvm-libc-probe/.prefix/include/c++/v1/__type_traits/is_signed.h
-- Up-to-date: /var/db/repos/Local/tools/llvm-libc-probe/.prefix/include/c++/v1/__type_traits/is_specialization.h
-- Up-to-date: /var/db/repos/Local/tools/llvm-libc-probe/.prefix/include/c++/v1/__type_traits/is_standard_layout.h
-- Up-to-date: /var/db/repos/Local/tools/llvm-libc-probe/.prefix/include/c++/v1/__type_traits/is_swappable.h
-- Up-to-date: /var/db/repos/Local/tools/llvm-libc-probe/.prefix/include/c++/v1/__type_traits/is_trivial.h
-- Up-to-date: /var/db/repos/Local/tools/llvm-libc-probe/.prefix/include/c++/v1/__type_traits/is_trivially_assignable.h
-- Up-to-date: /var/db/repos/Local/tools/llvm-libc-probe/.prefix/include/c++/v1/__type_traits/is_trivially_constructible.h
-- Up-to-date: /var/db/repos/Local/tools/llvm-libc-probe/.prefix/include/c++/v1/__type_traits/is_trivially_copyable.h
-- Up-to-date: /var/db/repos/Local/tools/llvm-libc-probe/.prefix/include/c++/v1/__type_traits/is_trivially_destructible.h
-- Up-to-date: /var/db/repos/Local/tools/llvm-libc-probe/.prefix/include/c++/v1/__type_traits/is_trivially_lexicographically_comparable.h
-- Up-to-date: /var/db/repos/Local/tools/llvm-libc-probe/.prefix/include/c++/v1/__type_traits/is_trivially_relocatable.h
-- Up-to-date: /var/db/repos/Local/tools/llvm-libc-probe/.prefix/include/c++/v1/__type_traits/is_union.h
-- Up-to-date: /var/db/repos/Local/tools/llvm-libc-probe/.prefix/include/c++/v1/__type_traits/is_unqualified.h
-- Up-to-date: /var/db/repos/Local/tools/llvm-libc-probe/.prefix/include/c++/v1/__type_traits/is_unsigned.h
-- Up-to-date: /var/db/repos/Local/tools/llvm-libc-probe/.prefix/include/c++/v1/__type_traits/is_valid_expansion.h
-- Up-to-date: /var/db/repos/Local/tools/llvm-libc-probe/.prefix/include/c++/v1/__type_traits/is_void.h
-- Up-to-date: /var/db/repos/Local/tools/llvm-libc-probe/.prefix/include/c++/v1/__type_traits/is_volatile.h
-- Up-to-date: /var/db/repos/Local/tools/llvm-libc-probe/.prefix/include/c++/v1/__type_traits/is_within_lifetime.h
-- Up-to-date: /var/db/repos/Local/tools/llvm-libc-probe/.prefix/include/c++/v1/__type_traits/lazy.h
-- Up-to-date: /var/db/repos/Local/tools/llvm-libc-probe/.prefix/include/c++/v1/__type_traits/make_32_64_or_128_bit.h
-- Up-to-date: /var/db/repos/Local/tools/llvm-libc-probe/.prefix/include/c++/v1/__type_traits/make_const_lvalue_ref.h
-- Up-to-date: /var/db/repos/Local/tools/llvm-libc-probe/.prefix/include/c++/v1/__type_traits/make_signed.h
-- Up-to-date: /var/db/repos/Local/tools/llvm-libc-probe/.prefix/include/c++/v1/__type_traits/make_transparent.h
-- Up-to-date: /var/db/repos/Local/tools/llvm-libc-probe/.prefix/include/c++/v1/__type_traits/make_unsigned.h
-- Up-to-date: /var/db/repos/Local/tools/llvm-libc-probe/.prefix/include/c++/v1/__type_traits/maybe_const.h
-- Up-to-date: /var/db/repos/Local/tools/llvm-libc-probe/.prefix/include/c++/v1/__type_traits/nat.h
-- Up-to-date: /var/db/repos/Local/tools/llvm-libc-probe/.prefix/include/c++/v1/__type_traits/negation.h
-- Up-to-date: /var/db/repos/Local/tools/llvm-libc-probe/.prefix/include/c++/v1/__type_traits/promote.h
-- Up-to-date: /var/db/repos/Local/tools/llvm-libc-probe/.prefix/include/c++/v1/__type_traits/rank.h
-- Up-to-date: /var/db/repos/Local/tools/llvm-libc-probe/.prefix/include/c++/v1/__type_traits/reference_constructs_from_temporary.h
-- Up-to-date: /var/db/repos/Local/tools/llvm-libc-probe/.prefix/include/c++/v1/__type_traits/reference_converts_from_temporary.h
-- Up-to-date: /var/db/repos/Local/tools/llvm-libc-probe/.prefix/include/c++/v1/__type_traits/remove_all_extents.h
-- Up-to-date: /var/db/repos/Local/tools/llvm-libc-probe/.prefix/include/c++/v1/__type_traits/remove_const.h
-- Up-to-date: /var/db/repos/Local/tools/llvm-libc-probe/.prefix/include/c++/v1/__type_traits/remove_const_ref.h
-- Up-to-date: /var/db/repos/Local/tools/llvm-libc-probe/.prefix/include/c++/v1/__type_traits/remove_cv.h
-- Up-to-date: /var/db/repos/Local/tools/llvm-libc-probe/.prefix/include/c++/v1/__type_traits/remove_cvref.h
-- Up-to-date: /var/db/repos/Local/tools/llvm-libc-probe/.prefix/include/c++/v1/__type_traits/remove_extent.h
-- Up-to-date: /var/db/repos/Local/tools/llvm-libc-probe/.prefix/include/c++/v1/__type_traits/remove_pointer.h
-- Up-to-date: /var/db/repos/Local/tools/llvm-libc-probe/.prefix/include/c++/v1/__type_traits/remove_reference.h
-- Up-to-date: /var/db/repos/Local/tools/llvm-libc-probe/.prefix/include/c++/v1/__type_traits/remove_volatile.h
-- Up-to-date: /var/db/repos/Local/tools/llvm-libc-probe/.prefix/include/c++/v1/__type_traits/result_of.h
-- Up-to-date: /var/db/repos/Local/tools/llvm-libc-probe/.prefix/include/c++/v1/__type_traits/strip_signature.h
-- Up-to-date: /var/db/repos/Local/tools/llvm-libc-probe/.prefix/include/c++/v1/__type_traits/type_identity.h
-- Up-to-date: /var/db/repos/Local/tools/llvm-libc-probe/.prefix/include/c++/v1/__type_traits/type_list.h
-- Up-to-date: /var/db/repos/Local/tools/llvm-libc-probe/.prefix/include/c++/v1/__type_traits/underlying_type.h
-- Up-to-date: /var/db/repos/Local/tools/llvm-libc-probe/.prefix/include/c++/v1/__type_traits/unwrap_ref.h
-- Up-to-date: /var/db/repos/Local/tools/llvm-libc-probe/.prefix/include/c++/v1/__type_traits/void_t.h
-- Up-to-date: /var/db/repos/Local/tools/llvm-libc-probe/.prefix/include/c++/v1/__undef_macros
-- Up-to-date: /var/db/repos/Local/tools/llvm-libc-probe/.prefix/include/c++/v1/__utility/as_const.h
-- Up-to-date: /var/db/repos/Local/tools/llvm-libc-probe/.prefix/include/c++/v1/__utility/as_lvalue.h
-- Up-to-date: /var/db/repos/Local/tools/llvm-libc-probe/.prefix/include/c++/v1/__utility/auto_cast.h
-- Up-to-date: /var/db/repos/Local/tools/llvm-libc-probe/.prefix/include/c++/v1/__utility/cmp.h
-- Up-to-date: /var/db/repos/Local/tools/llvm-libc-probe/.prefix/include/c++/v1/__utility/convert_to_integral.h
-- Up-to-date: /var/db/repos/Local/tools/llvm-libc-probe/.prefix/include/c++/v1/__utility/declval.h
-- Up-to-date: /var/db/repos/Local/tools/llvm-libc-probe/.prefix/include/c++/v1/__utility/default_three_way_comparator.h
-- Up-to-date: /var/db/repos/Local/tools/llvm-libc-probe/.prefix/include/c++/v1/__utility/element_count.h
-- Up-to-date: /var/db/repos/Local/tools/llvm-libc-probe/.prefix/include/c++/v1/__utility/empty.h
-- Up-to-date: /var/db/repos/Local/tools/llvm-libc-probe/.prefix/include/c++/v1/__utility/exception_guard.h
-- Up-to-date: /var/db/repos/Local/tools/llvm-libc-probe/.prefix/include/c++/v1/__utility/exchange.h
-- Up-to-date: /var/db/repos/Local/tools/llvm-libc-probe/.prefix/include/c++/v1/__utility/forward.h
-- Up-to-date: /var/db/repos/Local/tools/llvm-libc-probe/.prefix/include/c++/v1/__utility/forward_like.h
-- Up-to-date: /var/db/repos/Local/tools/llvm-libc-probe/.prefix/include/c++/v1/__utility/in_place.h
-- Up-to-date: /var/db/repos/Local/tools/llvm-libc-probe/.prefix/include/c++/v1/__utility/integer_sequence.h
-- Up-to-date: /var/db/repos/Local/tools/llvm-libc-probe/.prefix/include/c++/v1/__utility/is_pointer_in_range.h
-- Up-to-date: /var/db/repos/Local/tools/llvm-libc-probe/.prefix/include/c++/v1/__utility/is_valid_range.h
-- Up-to-date: /var/db/repos/Local/tools/llvm-libc-probe/.prefix/include/c++/v1/__utility/lazy_synth_three_way_comparator.h
-- Up-to-date: /var/db/repos/Local/tools/llvm-libc-probe/.prefix/include/c++/v1/__utility/move.h
-- Up-to-date: /var/db/repos/Local/tools/llvm-libc-probe/.prefix/include/c++/v1/__utility/no_destroy.h
-- Up-to-date: /var/db/repos/Local/tools/llvm-libc-probe/.prefix/include/c++/v1/__utility/pair.h
-- Up-to-date: /var/db/repos/Local/tools/llvm-libc-probe/.prefix/include/c++/v1/__utility/piecewise_construct.h
-- Up-to-date: /var/db/repos/Local/tools/llvm-libc-probe/.prefix/include/c++/v1/__utility/priority_tag.h
-- Up-to-date: /var/db/repos/Local/tools/llvm-libc-probe/.prefix/include/c++/v1/__utility/private_constructor_tag.h
-- Up-to-date: /var/db/repos/Local/tools/llvm-libc-probe/.prefix/include/c++/v1/__utility/rel_ops.h
-- Up-to-date: /var/db/repos/Local/tools/llvm-libc-probe/.prefix/include/c++/v1/__utility/scope_guard.h
-- Up-to-date: /var/db/repos/Local/tools/llvm-libc-probe/.prefix/include/c++/v1/__utility/small_buffer.h
-- Up-to-date: /var/db/repos/Local/tools/llvm-libc-probe/.prefix/include/c++/v1/__utility/swap.h
-- Up-to-date: /var/db/repos/Local/tools/llvm-libc-probe/.prefix/include/c++/v1/__utility/to_underlying.h
-- Up-to-date: /var/db/repos/Local/tools/llvm-libc-probe/.prefix/include/c++/v1/__utility/try_key_extraction.h
-- Up-to-date: /var/db/repos/Local/tools/llvm-libc-probe/.prefix/include/c++/v1/__utility/unreachable.h
-- Up-to-date: /var/db/repos/Local/tools/llvm-libc-probe/.prefix/include/c++/v1/__variant/monostate.h
-- Up-to-date: /var/db/repos/Local/tools/llvm-libc-probe/.prefix/include/c++/v1/__vector/comparison.h
-- Up-to-date: /var/db/repos/Local/tools/llvm-libc-probe/.prefix/include/c++/v1/__vector/container_traits.h
-- Up-to-date: /var/db/repos/Local/tools/llvm-libc-probe/.prefix/include/c++/v1/__vector/erase.h
-- Up-to-date: /var/db/repos/Local/tools/llvm-libc-probe/.prefix/include/c++/v1/__vector/pmr.h
-- Up-to-date: /var/db/repos/Local/tools/llvm-libc-probe/.prefix/include/c++/v1/__vector/swap.h
-- Up-to-date: /var/db/repos/Local/tools/llvm-libc-probe/.prefix/include/c++/v1/__vector/vector.h
-- Up-to-date: /var/db/repos/Local/tools/llvm-libc-probe/.prefix/include/c++/v1/__vector/vector_bool.h
-- Up-to-date: /var/db/repos/Local/tools/llvm-libc-probe/.prefix/include/c++/v1/__vector/vector_bool_formatter.h
-- Up-to-date: /var/db/repos/Local/tools/llvm-libc-probe/.prefix/include/c++/v1/__verbose_abort
-- Up-to-date: /var/db/repos/Local/tools/llvm-libc-probe/.prefix/include/c++/v1/__verbose_trap
-- Up-to-date: /var/db/repos/Local/tools/llvm-libc-probe/.prefix/include/c++/v1/algorithm
-- Up-to-date: /var/db/repos/Local/tools/llvm-libc-probe/.prefix/include/c++/v1/any
-- Up-to-date: /var/db/repos/Local/tools/llvm-libc-probe/.prefix/include/c++/v1/array
-- Up-to-date: /var/db/repos/Local/tools/llvm-libc-probe/.prefix/include/c++/v1/atomic
-- Up-to-date: /var/db/repos/Local/tools/llvm-libc-probe/.prefix/include/c++/v1/barrier
-- Up-to-date: /var/db/repos/Local/tools/llvm-libc-probe/.prefix/include/c++/v1/bit
-- Up-to-date: /var/db/repos/Local/tools/llvm-libc-probe/.prefix/include/c++/v1/bitset
-- Up-to-date: /var/db/repos/Local/tools/llvm-libc-probe/.prefix/include/c++/v1/cassert
-- Up-to-date: /var/db/repos/Local/tools/llvm-libc-probe/.prefix/include/c++/v1/ccomplex
-- Up-to-date: /var/db/repos/Local/tools/llvm-libc-probe/.prefix/include/c++/v1/cctype
-- Up-to-date: /var/db/repos/Local/tools/llvm-libc-probe/.prefix/include/c++/v1/cerrno
-- Up-to-date: /var/db/repos/Local/tools/llvm-libc-probe/.prefix/include/c++/v1/cfenv
-- Up-to-date: /var/db/repos/Local/tools/llvm-libc-probe/.prefix/include/c++/v1/cfloat
-- Up-to-date: /var/db/repos/Local/tools/llvm-libc-probe/.prefix/include/c++/v1/charconv
-- Up-to-date: /var/db/repos/Local/tools/llvm-libc-probe/.prefix/include/c++/v1/chrono
-- Up-to-date: /var/db/repos/Local/tools/llvm-libc-probe/.prefix/include/c++/v1/cinttypes
-- Up-to-date: /var/db/repos/Local/tools/llvm-libc-probe/.prefix/include/c++/v1/ciso646
-- Up-to-date: /var/db/repos/Local/tools/llvm-libc-probe/.prefix/include/c++/v1/climits
-- Up-to-date: /var/db/repos/Local/tools/llvm-libc-probe/.prefix/include/c++/v1/clocale
-- Up-to-date: /var/db/repos/Local/tools/llvm-libc-probe/.prefix/include/c++/v1/cmath
-- Up-to-date: /var/db/repos/Local/tools/llvm-libc-probe/.prefix/include/c++/v1/codecvt
-- Up-to-date: /var/db/repos/Local/tools/llvm-libc-probe/.prefix/include/c++/v1/compare
-- Up-to-date: /var/db/repos/Local/tools/llvm-libc-probe/.prefix/include/c++/v1/complex
-- Up-to-date: /var/db/repos/Local/tools/llvm-libc-probe/.prefix/include/c++/v1/complex.h
-- Up-to-date: /var/db/repos/Local/tools/llvm-libc-probe/.prefix/include/c++/v1/concepts
-- Up-to-date: /var/db/repos/Local/tools/llvm-libc-probe/.prefix/include/c++/v1/condition_variable
-- Up-to-date: /var/db/repos/Local/tools/llvm-libc-probe/.prefix/include/c++/v1/coroutine
-- Up-to-date: /var/db/repos/Local/tools/llvm-libc-probe/.prefix/include/c++/v1/csetjmp
-- Up-to-date: /var/db/repos/Local/tools/llvm-libc-probe/.prefix/include/c++/v1/csignal
-- Up-to-date: /var/db/repos/Local/tools/llvm-libc-probe/.prefix/include/c++/v1/cstdalign
-- Up-to-date: /var/db/repos/Local/tools/llvm-libc-probe/.prefix/include/c++/v1/cstdarg
-- Up-to-date: /var/db/repos/Local/tools/llvm-libc-probe/.prefix/include/c++/v1/cstdbool
-- Up-to-date: /var/db/repos/Local/tools/llvm-libc-probe/.prefix/include/c++/v1/cstddef
-- Up-to-date: /var/db/repos/Local/tools/llvm-libc-probe/.prefix/include/c++/v1/cstdint
-- Up-to-date: /var/db/repos/Local/tools/llvm-libc-probe/.prefix/include/c++/v1/cstdio
-- Up-to-date: /var/db/repos/Local/tools/llvm-libc-probe/.prefix/include/c++/v1/cstdlib
-- Up-to-date: /var/db/repos/Local/tools/llvm-libc-probe/.prefix/include/c++/v1/cstring
-- Up-to-date: /var/db/repos/Local/tools/llvm-libc-probe/.prefix/include/c++/v1/ctgmath
-- Up-to-date: /var/db/repos/Local/tools/llvm-libc-probe/.prefix/include/c++/v1/ctime
-- Up-to-date: /var/db/repos/Local/tools/llvm-libc-probe/.prefix/include/c++/v1/ctype.h
-- Up-to-date: /var/db/repos/Local/tools/llvm-libc-probe/.prefix/include/c++/v1/cuchar
-- Up-to-date: /var/db/repos/Local/tools/llvm-libc-probe/.prefix/include/c++/v1/cwchar
-- Up-to-date: /var/db/repos/Local/tools/llvm-libc-probe/.prefix/include/c++/v1/cwctype
-- Up-to-date: /var/db/repos/Local/tools/llvm-libc-probe/.prefix/include/c++/v1/deque
-- Up-to-date: /var/db/repos/Local/tools/llvm-libc-probe/.prefix/include/c++/v1/errno.h
-- Up-to-date: /var/db/repos/Local/tools/llvm-libc-probe/.prefix/include/c++/v1/exception
-- Up-to-date: /var/db/repos/Local/tools/llvm-libc-probe/.prefix/include/c++/v1/execution
-- Up-to-date: /var/db/repos/Local/tools/llvm-libc-probe/.prefix/include/c++/v1/expected
-- Up-to-date: /var/db/repos/Local/tools/llvm-libc-probe/.prefix/include/c++/v1/experimental/__simd/aligned_tag.h
-- Up-to-date: /var/db/repos/Local/tools/llvm-libc-probe/.prefix/include/c++/v1/experimental/__simd/declaration.h
-- Up-to-date: /var/db/repos/Local/tools/llvm-libc-probe/.prefix/include/c++/v1/experimental/__simd/reference.h
-- Up-to-date: /var/db/repos/Local/tools/llvm-libc-probe/.prefix/include/c++/v1/experimental/__simd/scalar.h
-- Up-to-date: /var/db/repos/Local/tools/llvm-libc-probe/.prefix/include/c++/v1/experimental/__simd/simd.h
-- Up-to-date: /var/db/repos/Local/tools/llvm-libc-probe/.prefix/include/c++/v1/experimental/__simd/simd_mask.h
-- Up-to-date: /var/db/repos/Local/tools/llvm-libc-probe/.prefix/include/c++/v1/experimental/__simd/traits.h
-- Up-to-date: /var/db/repos/Local/tools/llvm-libc-probe/.prefix/include/c++/v1/experimental/__simd/utility.h
-- Up-to-date: /var/db/repos/Local/tools/llvm-libc-probe/.prefix/include/c++/v1/experimental/__simd/vec_ext.h
-- Up-to-date: /var/db/repos/Local/tools/llvm-libc-probe/.prefix/include/c++/v1/experimental/iterator
-- Up-to-date: /var/db/repos/Local/tools/llvm-libc-probe/.prefix/include/c++/v1/experimental/memory
-- Up-to-date: /var/db/repos/Local/tools/llvm-libc-probe/.prefix/include/c++/v1/experimental/propagate_const
-- Up-to-date: /var/db/repos/Local/tools/llvm-libc-probe/.prefix/include/c++/v1/experimental/simd
-- Up-to-date: /var/db/repos/Local/tools/llvm-libc-probe/.prefix/include/c++/v1/experimental/type_traits
-- Up-to-date: /var/db/repos/Local/tools/llvm-libc-probe/.prefix/include/c++/v1/experimental/utility
-- Up-to-date: /var/db/repos/Local/tools/llvm-libc-probe/.prefix/include/c++/v1/ext/__hash
-- Up-to-date: /var/db/repos/Local/tools/llvm-libc-probe/.prefix/include/c++/v1/ext/hash_map
-- Up-to-date: /var/db/repos/Local/tools/llvm-libc-probe/.prefix/include/c++/v1/ext/hash_set
-- Up-to-date: /var/db/repos/Local/tools/llvm-libc-probe/.prefix/include/c++/v1/fenv.h
-- Up-to-date: /var/db/repos/Local/tools/llvm-libc-probe/.prefix/include/c++/v1/filesystem
-- Up-to-date: /var/db/repos/Local/tools/llvm-libc-probe/.prefix/include/c++/v1/flat_map
-- Up-to-date: /var/db/repos/Local/tools/llvm-libc-probe/.prefix/include/c++/v1/flat_set
-- Up-to-date: /var/db/repos/Local/tools/llvm-libc-probe/.prefix/include/c++/v1/float.h
-- Up-to-date: /var/db/repos/Local/tools/llvm-libc-probe/.prefix/include/c++/v1/format
-- Up-to-date: /var/db/repos/Local/tools/llvm-libc-probe/.prefix/include/c++/v1/forward_list
-- Up-to-date: /var/db/repos/Local/tools/llvm-libc-probe/.prefix/include/c++/v1/fstream
-- Up-to-date: /var/db/repos/Local/tools/llvm-libc-probe/.prefix/include/c++/v1/functional
-- Up-to-date: /var/db/repos/Local/tools/llvm-libc-probe/.prefix/include/c++/v1/future
-- Up-to-date: /var/db/repos/Local/tools/llvm-libc-probe/.prefix/include/c++/v1/initializer_list
-- Up-to-date: /var/db/repos/Local/tools/llvm-libc-probe/.prefix/include/c++/v1/inttypes.h
-- Up-to-date: /var/db/repos/Local/tools/llvm-libc-probe/.prefix/include/c++/v1/iomanip
-- Up-to-date: /var/db/repos/Local/tools/llvm-libc-probe/.prefix/include/c++/v1/ios
-- Up-to-date: /var/db/repos/Local/tools/llvm-libc-probe/.prefix/include/c++/v1/iosfwd
-- Up-to-date: /var/db/repos/Local/tools/llvm-libc-probe/.prefix/include/c++/v1/iostream
-- Up-to-date: /var/db/repos/Local/tools/llvm-libc-probe/.prefix/include/c++/v1/istream
-- Up-to-date: /var/db/repos/Local/tools/llvm-libc-probe/.prefix/include/c++/v1/iterator
-- Up-to-date: /var/db/repos/Local/tools/llvm-libc-probe/.prefix/include/c++/v1/latch
-- Up-to-date: /var/db/repos/Local/tools/llvm-libc-probe/.prefix/include/c++/v1/limits
-- Up-to-date: /var/db/repos/Local/tools/llvm-libc-probe/.prefix/include/c++/v1/list
-- Up-to-date: /var/db/repos/Local/tools/llvm-libc-probe/.prefix/include/c++/v1/locale
-- Up-to-date: /var/db/repos/Local/tools/llvm-libc-probe/.prefix/include/c++/v1/map
-- Up-to-date: /var/db/repos/Local/tools/llvm-libc-probe/.prefix/include/c++/v1/math.h
-- Up-to-date: /var/db/repos/Local/tools/llvm-libc-probe/.prefix/include/c++/v1/mdspan
-- Up-to-date: /var/db/repos/Local/tools/llvm-libc-probe/.prefix/include/c++/v1/memory
-- Up-to-date: /var/db/repos/Local/tools/llvm-libc-probe/.prefix/include/c++/v1/memory_resource
-- Up-to-date: /var/db/repos/Local/tools/llvm-libc-probe/.prefix/include/c++/v1/mutex
-- Up-to-date: /var/db/repos/Local/tools/llvm-libc-probe/.prefix/include/c++/v1/new
-- Up-to-date: /var/db/repos/Local/tools/llvm-libc-probe/.prefix/include/c++/v1/numbers
-- Up-to-date: /var/db/repos/Local/tools/llvm-libc-probe/.prefix/include/c++/v1/numeric
-- Up-to-date: /var/db/repos/Local/tools/llvm-libc-probe/.prefix/include/c++/v1/optional
-- Up-to-date: /var/db/repos/Local/tools/llvm-libc-probe/.prefix/include/c++/v1/ostream
-- Up-to-date: /var/db/repos/Local/tools/llvm-libc-probe/.prefix/include/c++/v1/print
-- Up-to-date: /var/db/repos/Local/tools/llvm-libc-probe/.prefix/include/c++/v1/queue
-- Up-to-date: /var/db/repos/Local/tools/llvm-libc-probe/.prefix/include/c++/v1/random
-- Up-to-date: /var/db/repos/Local/tools/llvm-libc-probe/.prefix/include/c++/v1/ranges
-- Up-to-date: /var/db/repos/Local/tools/llvm-libc-probe/.prefix/include/c++/v1/ratio
-- Up-to-date: /var/db/repos/Local/tools/llvm-libc-probe/.prefix/include/c++/v1/regex
-- Up-to-date: /var/db/repos/Local/tools/llvm-libc-probe/.prefix/include/c++/v1/scoped_allocator
-- Up-to-date: /var/db/repos/Local/tools/llvm-libc-probe/.prefix/include/c++/v1/semaphore
-- Up-to-date: /var/db/repos/Local/tools/llvm-libc-probe/.prefix/include/c++/v1/set
-- Up-to-date: /var/db/repos/Local/tools/llvm-libc-probe/.prefix/include/c++/v1/shared_mutex
-- Up-to-date: /var/db/repos/Local/tools/llvm-libc-probe/.prefix/include/c++/v1/source_location
-- Up-to-date: /var/db/repos/Local/tools/llvm-libc-probe/.prefix/include/c++/v1/span
-- Up-to-date: /var/db/repos/Local/tools/llvm-libc-probe/.prefix/include/c++/v1/sstream
-- Up-to-date: /var/db/repos/Local/tools/llvm-libc-probe/.prefix/include/c++/v1/stack
-- Up-to-date: /var/db/repos/Local/tools/llvm-libc-probe/.prefix/include/c++/v1/stdatomic.h
-- Up-to-date: /var/db/repos/Local/tools/llvm-libc-probe/.prefix/include/c++/v1/stddef.h
-- Up-to-date: /var/db/repos/Local/tools/llvm-libc-probe/.prefix/include/c++/v1/stdexcept
-- Up-to-date: /var/db/repos/Local/tools/llvm-libc-probe/.prefix/include/c++/v1/stdio.h
-- Up-to-date: /var/db/repos/Local/tools/llvm-libc-probe/.prefix/include/c++/v1/stdlib.h
-- Up-to-date: /var/db/repos/Local/tools/llvm-libc-probe/.prefix/include/c++/v1/stop_token
-- Up-to-date: /var/db/repos/Local/tools/llvm-libc-probe/.prefix/include/c++/v1/streambuf
-- Up-to-date: /var/db/repos/Local/tools/llvm-libc-probe/.prefix/include/c++/v1/string
-- Up-to-date: /var/db/repos/Local/tools/llvm-libc-probe/.prefix/include/c++/v1/string.h
-- Up-to-date: /var/db/repos/Local/tools/llvm-libc-probe/.prefix/include/c++/v1/string_view
-- Up-to-date: /var/db/repos/Local/tools/llvm-libc-probe/.prefix/include/c++/v1/strstream
-- Up-to-date: /var/db/repos/Local/tools/llvm-libc-probe/.prefix/include/c++/v1/syncstream
-- Up-to-date: /var/db/repos/Local/tools/llvm-libc-probe/.prefix/include/c++/v1/system_error
-- Up-to-date: /var/db/repos/Local/tools/llvm-libc-probe/.prefix/include/c++/v1/tgmath.h
-- Up-to-date: /var/db/repos/Local/tools/llvm-libc-probe/.prefix/include/c++/v1/thread
-- Up-to-date: /var/db/repos/Local/tools/llvm-libc-probe/.prefix/include/c++/v1/tuple
-- Up-to-date: /var/db/repos/Local/tools/llvm-libc-probe/.prefix/include/c++/v1/type_traits
-- Up-to-date: /var/db/repos/Local/tools/llvm-libc-probe/.prefix/include/c++/v1/typeindex
-- Up-to-date: /var/db/repos/Local/tools/llvm-libc-probe/.prefix/include/c++/v1/typeinfo
-- Up-to-date: /var/db/repos/Local/tools/llvm-libc-probe/.prefix/include/c++/v1/uchar.h
-- Up-to-date: /var/db/repos/Local/tools/llvm-libc-probe/.prefix/include/c++/v1/unordered_map
-- Up-to-date: /var/db/repos/Local/tools/llvm-libc-probe/.prefix/include/c++/v1/unordered_set
-- Up-to-date: /var/db/repos/Local/tools/llvm-libc-probe/.prefix/include/c++/v1/utility
-- Up-to-date: /var/db/repos/Local/tools/llvm-libc-probe/.prefix/include/c++/v1/valarray
-- Up-to-date: /var/db/repos/Local/tools/llvm-libc-probe/.prefix/include/c++/v1/variant
-- Up-to-date: /var/db/repos/Local/tools/llvm-libc-probe/.prefix/include/c++/v1/vector
-- Up-to-date: /var/db/repos/Local/tools/llvm-libc-probe/.prefix/include/c++/v1/version
-- Up-to-date: /var/db/repos/Local/tools/llvm-libc-probe/.prefix/include/c++/v1/wchar.h
-- Up-to-date: /var/db/repos/Local/tools/llvm-libc-probe/.prefix/include/c++/v1/wctype.h
-- Up-to-date: /var/db/repos/Local/tools/llvm-libc-probe/.prefix/include/c++/v1/__cxx03/__algorithm/adjacent_find.h
-- Up-to-date: /var/db/repos/Local/tools/llvm-libc-probe/.prefix/include/c++/v1/__cxx03/__algorithm/all_of.h
-- Up-to-date: /var/db/repos/Local/tools/llvm-libc-probe/.prefix/include/c++/v1/__cxx03/__algorithm/any_of.h
-- Up-to-date: /var/db/repos/Local/tools/llvm-libc-probe/.prefix/include/c++/v1/__cxx03/__algorithm/binary_search.h
-- Up-to-date: /var/db/repos/Local/tools/llvm-libc-probe/.prefix/include/c++/v1/__cxx03/__algorithm/comp.h
-- Up-to-date: /var/db/repos/Local/tools/llvm-libc-probe/.prefix/include/c++/v1/__cxx03/__algorithm/comp_ref_type.h
-- Up-to-date: /var/db/repos/Local/tools/llvm-libc-probe/.prefix/include/c++/v1/__cxx03/__algorithm/copy.h
-- Up-to-date: /var/db/repos/Local/tools/llvm-libc-probe/.prefix/include/c++/v1/__cxx03/__algorithm/copy_backward.h
-- Up-to-date: /var/db/repos/Local/tools/llvm-libc-probe/.prefix/include/c++/v1/__cxx03/__algorithm/copy_if.h
-- Up-to-date: /var/db/repos/Local/tools/llvm-libc-probe/.prefix/include/c++/v1/__cxx03/__algorithm/copy_move_common.h
-- Up-to-date: /var/db/repos/Local/tools/llvm-libc-probe/.prefix/include/c++/v1/__cxx03/__algorithm/copy_n.h
-- Up-to-date: /var/db/repos/Local/tools/llvm-libc-probe/.prefix/include/c++/v1/__cxx03/__algorithm/count.h
-- Up-to-date: /var/db/repos/Local/tools/llvm-libc-probe/.prefix/include/c++/v1/__cxx03/__algorithm/count_if.h
-- Up-to-date: /var/db/repos/Local/tools/llvm-libc-probe/.prefix/include/c++/v1/__cxx03/__algorithm/equal.h
-- Up-to-date: /var/db/repos/Local/tools/llvm-libc-probe/.prefix/include/c++/v1/__cxx03/__algorithm/equal_range.h
-- Up-to-date: /var/db/repos/Local/tools/llvm-libc-probe/.prefix/include/c++/v1/__cxx03/__algorithm/fill.h
-- Up-to-date: /var/db/repos/Local/tools/llvm-libc-probe/.prefix/include/c++/v1/__cxx03/__algorithm/fill_n.h
-- Up-to-date: /var/db/repos/Local/tools/llvm-libc-probe/.prefix/include/c++/v1/__cxx03/__algorithm/find.h
-- Up-to-date: /var/db/repos/Local/tools/llvm-libc-probe/.prefix/include/c++/v1/__cxx03/__algorithm/find_end.h
-- Up-to-date: /var/db/repos/Local/tools/llvm-libc-probe/.prefix/include/c++/v1/__cxx03/__algorithm/find_first_of.h
-- Up-to-date: /var/db/repos/Local/tools/llvm-libc-probe/.prefix/include/c++/v1/__cxx03/__algorithm/find_if.h
-- Up-to-date: /var/db/repos/Local/tools/llvm-libc-probe/.prefix/include/c++/v1/__cxx03/__algorithm/find_if_not.h
-- Up-to-date: /var/db/repos/Local/tools/llvm-libc-probe/.prefix/include/c++/v1/__cxx03/__algorithm/find_segment_if.h
-- Up-to-date: /var/db/repos/Local/tools/llvm-libc-probe/.prefix/include/c++/v1/__cxx03/__algorithm/for_each.h
-- Up-to-date: /var/db/repos/Local/tools/llvm-libc-probe/.prefix/include/c++/v1/__cxx03/__algorithm/for_each_segment.h
-- Up-to-date: /var/db/repos/Local/tools/llvm-libc-probe/.prefix/include/c++/v1/__cxx03/__algorithm/generate.h
-- Up-to-date: /var/db/repos/Local/tools/llvm-libc-probe/.prefix/include/c++/v1/__cxx03/__algorithm/generate_n.h
-- Up-to-date: /var/db/repos/Local/tools/llvm-libc-probe/.prefix/include/c++/v1/__cxx03/__algorithm/half_positive.h
-- Up-to-date: /var/db/repos/Local/tools/llvm-libc-probe/.prefix/include/c++/v1/__cxx03/__algorithm/includes.h
-- Up-to-date: /var/db/repos/Local/tools/llvm-libc-probe/.prefix/include/c++/v1/__cxx03/__algorithm/inplace_merge.h
-- Up-to-date: /var/db/repos/Local/tools/llvm-libc-probe/.prefix/include/c++/v1/__cxx03/__algorithm/is_heap.h
-- Up-to-date: /var/db/repos/Local/tools/llvm-libc-probe/.prefix/include/c++/v1/__cxx03/__algorithm/is_heap_until.h
-- Up-to-date: /var/db/repos/Local/tools/llvm-libc-probe/.prefix/include/c++/v1/__cxx03/__algorithm/is_partitioned.h
-- Up-to-date: /var/db/repos/Local/tools/llvm-libc-probe/.prefix/include/c++/v1/__cxx03/__algorithm/is_permutation.h
-- Up-to-date: /var/db/repos/Local/tools/llvm-libc-probe/.prefix/include/c++/v1/__cxx03/__algorithm/is_sorted.h
-- Up-to-date: /var/db/repos/Local/tools/llvm-libc-probe/.prefix/include/c++/v1/__cxx03/__algorithm/is_sorted_until.h
-- Up-to-date: /var/db/repos/Local/tools/llvm-libc-probe/.prefix/include/c++/v1/__cxx03/__algorithm/iter_swap.h
-- Up-to-date: /var/db/repos/Local/tools/llvm-libc-probe/.prefix/include/c++/v1/__cxx03/__algorithm/iterator_operations.h
-- Up-to-date: /var/db/repos/Local/tools/llvm-libc-probe/.prefix/include/c++/v1/__cxx03/__algorithm/lexicographical_compare.h
-- Up-to-date: /var/db/repos/Local/tools/llvm-libc-probe/.prefix/include/c++/v1/__cxx03/__algorithm/lower_bound.h
-- Up-to-date: /var/db/repos/Local/tools/llvm-libc-probe/.prefix/include/c++/v1/__cxx03/__algorithm/make_heap.h
-- Up-to-date: /var/db/repos/Local/tools/llvm-libc-probe/.prefix/include/c++/v1/__cxx03/__algorithm/make_projected.h
-- Up-to-date: /var/db/repos/Local/tools/llvm-libc-probe/.prefix/include/c++/v1/__cxx03/__algorithm/max.h
-- Up-to-date: /var/db/repos/Local/tools/llvm-libc-probe/.prefix/include/c++/v1/__cxx03/__algorithm/max_element.h
-- Up-to-date: /var/db/repos/Local/tools/llvm-libc-probe/.prefix/include/c++/v1/__cxx03/__algorithm/merge.h
-- Up-to-date: /var/db/repos/Local/tools/llvm-libc-probe/.prefix/include/c++/v1/__cxx03/__algorithm/min.h
-- Up-to-date: /var/db/repos/Local/tools/llvm-libc-probe/.prefix/include/c++/v1/__cxx03/__algorithm/min_element.h
-- Up-to-date: /var/db/repos/Local/tools/llvm-libc-probe/.prefix/include/c++/v1/__cxx03/__algorithm/minmax.h
-- Up-to-date: /var/db/repos/Local/tools/llvm-libc-probe/.prefix/include/c++/v1/__cxx03/__algorithm/minmax_element.h
-- Up-to-date: /var/db/repos/Local/tools/llvm-libc-probe/.prefix/include/c++/v1/__cxx03/__algorithm/mismatch.h
-- Up-to-date: /var/db/repos/Local/tools/llvm-libc-probe/.prefix/include/c++/v1/__cxx03/__algorithm/move.h
-- Up-to-date: /var/db/repos/Local/tools/llvm-libc-probe/.prefix/include/c++/v1/__cxx03/__algorithm/move_backward.h
-- Up-to-date: /var/db/repos/Local/tools/llvm-libc-probe/.prefix/include/c++/v1/__cxx03/__algorithm/next_permutation.h
-- Up-to-date: /var/db/repos/Local/tools/llvm-libc-probe/.prefix/include/c++/v1/__cxx03/__algorithm/none_of.h
-- Up-to-date: /var/db/repos/Local/tools/llvm-libc-probe/.prefix/include/c++/v1/__cxx03/__algorithm/nth_element.h
-- Up-to-date: /var/db/repos/Local/tools/llvm-libc-probe/.prefix/include/c++/v1/__cxx03/__algorithm/partial_sort.h
-- Up-to-date: /var/db/repos/Local/tools/llvm-libc-probe/.prefix/include/c++/v1/__cxx03/__algorithm/partial_sort_copy.h
-- Up-to-date: /var/db/repos/Local/tools/llvm-libc-probe/.prefix/include/c++/v1/__cxx03/__algorithm/partition.h
-- Up-to-date: /var/db/repos/Local/tools/llvm-libc-probe/.prefix/include/c++/v1/__cxx03/__algorithm/partition_copy.h
-- Up-to-date: /var/db/repos/Local/tools/llvm-libc-probe/.prefix/include/c++/v1/__cxx03/__algorithm/partition_point.h
-- Up-to-date: /var/db/repos/Local/tools/llvm-libc-probe/.prefix/include/c++/v1/__cxx03/__algorithm/pop_heap.h
-- Up-to-date: /var/db/repos/Local/tools/llvm-libc-probe/.prefix/include/c++/v1/__cxx03/__algorithm/prev_permutation.h
-- Up-to-date: /var/db/repos/Local/tools/llvm-libc-probe/.prefix/include/c++/v1/__cxx03/__algorithm/push_heap.h
-- Up-to-date: /var/db/repos/Local/tools/llvm-libc-probe/.prefix/include/c++/v1/__cxx03/__algorithm/remove.h
-- Up-to-date: /var/db/repos/Local/tools/llvm-libc-probe/.prefix/include/c++/v1/__cxx03/__algorithm/remove_copy.h
-- Up-to-date: /var/db/repos/Local/tools/llvm-libc-probe/.prefix/include/c++/v1/__cxx03/__algorithm/remove_copy_if.h
-- Up-to-date: /var/db/repos/Local/tools/llvm-libc-probe/.prefix/include/c++/v1/__cxx03/__algorithm/remove_if.h
-- Up-to-date: /var/db/repos/Local/tools/llvm-libc-probe/.prefix/include/c++/v1/__cxx03/__algorithm/replace.h
-- Up-to-date: /var/db/repos/Local/tools/llvm-libc-probe/.prefix/include/c++/v1/__cxx03/__algorithm/replace_copy.h
-- Up-to-date: /var/db/repos/Local/tools/llvm-libc-probe/.prefix/include/c++/v1/__cxx03/__algorithm/replace_copy_if.h
-- Up-to-date: /var/db/repos/Local/tools/llvm-libc-probe/.prefix/include/c++/v1/__cxx03/__algorithm/replace_if.h
-- Up-to-date: /var/db/repos/Local/tools/llvm-libc-probe/.prefix/include/c++/v1/__cxx03/__algorithm/reverse.h
-- Up-to-date: /var/db/repos/Local/tools/llvm-libc-probe/.prefix/include/c++/v1/__cxx03/__algorithm/reverse_copy.h
-- Up-to-date: /var/db/repos/Local/tools/llvm-libc-probe/.prefix/include/c++/v1/__cxx03/__algorithm/rotate.h
-- Up-to-date: /var/db/repos/Local/tools/llvm-libc-probe/.prefix/include/c++/v1/__cxx03/__algorithm/rotate_copy.h
-- Up-to-date: /var/db/repos/Local/tools/llvm-libc-probe/.prefix/include/c++/v1/__cxx03/__algorithm/search.h
-- Up-to-date: /var/db/repos/Local/tools/llvm-libc-probe/.prefix/include/c++/v1/__cxx03/__algorithm/search_n.h
-- Up-to-date: /var/db/repos/Local/tools/llvm-libc-probe/.prefix/include/c++/v1/__cxx03/__algorithm/set_difference.h
-- Up-to-date: /var/db/repos/Local/tools/llvm-libc-probe/.prefix/include/c++/v1/__cxx03/__algorithm/set_intersection.h
-- Up-to-date: /var/db/repos/Local/tools/llvm-libc-probe/.prefix/include/c++/v1/__cxx03/__algorithm/set_symmetric_difference.h
-- Up-to-date: /var/db/repos/Local/tools/llvm-libc-probe/.prefix/include/c++/v1/__cxx03/__algorithm/set_union.h
-- Up-to-date: /var/db/repos/Local/tools/llvm-libc-probe/.prefix/include/c++/v1/__cxx03/__algorithm/shuffle.h
-- Up-to-date: /var/db/repos/Local/tools/llvm-libc-probe/.prefix/include/c++/v1/__cxx03/__algorithm/sift_down.h
-- Up-to-date: /var/db/repos/Local/tools/llvm-libc-probe/.prefix/include/c++/v1/__cxx03/__algorithm/simd_utils.h
-- Up-to-date: /var/db/repos/Local/tools/llvm-libc-probe/.prefix/include/c++/v1/__cxx03/__algorithm/sort.h
-- Up-to-date: /var/db/repos/Local/tools/llvm-libc-probe/.prefix/include/c++/v1/__cxx03/__algorithm/sort_heap.h
-- Up-to-date: /var/db/repos/Local/tools/llvm-libc-probe/.prefix/include/c++/v1/__cxx03/__algorithm/stable_partition.h
-- Up-to-date: /var/db/repos/Local/tools/llvm-libc-probe/.prefix/include/c++/v1/__cxx03/__algorithm/stable_sort.h
-- Up-to-date: /var/db/repos/Local/tools/llvm-libc-probe/.prefix/include/c++/v1/__cxx03/__algorithm/swap_ranges.h
-- Up-to-date: /var/db/repos/Local/tools/llvm-libc-probe/.prefix/include/c++/v1/__cxx03/__algorithm/three_way_comp_ref_type.h
-- Up-to-date: /var/db/repos/Local/tools/llvm-libc-probe/.prefix/include/c++/v1/__cxx03/__algorithm/transform.h
-- Up-to-date: /var/db/repos/Local/tools/llvm-libc-probe/.prefix/include/c++/v1/__cxx03/__algorithm/uniform_random_bit_generator_adaptor.h
-- Up-to-date: /var/db/repos/Local/tools/llvm-libc-probe/.prefix/include/c++/v1/__cxx03/__algorithm/unique.h
-- Up-to-date: /var/db/repos/Local/tools/llvm-libc-probe/.prefix/include/c++/v1/__cxx03/__algorithm/unique_copy.h
-- Up-to-date: /var/db/repos/Local/tools/llvm-libc-probe/.prefix/include/c++/v1/__cxx03/__algorithm/unwrap_iter.h
-- Up-to-date: /var/db/repos/Local/tools/llvm-libc-probe/.prefix/include/c++/v1/__cxx03/__algorithm/unwrap_range.h
-- Up-to-date: /var/db/repos/Local/tools/llvm-libc-probe/.prefix/include/c++/v1/__cxx03/__algorithm/upper_bound.h
-- Up-to-date: /var/db/repos/Local/tools/llvm-libc-probe/.prefix/include/c++/v1/__cxx03/__assert
-- Up-to-date: /var/db/repos/Local/tools/llvm-libc-probe/.prefix/include/c++/v1/__cxx03/__atomic/aliases.h
-- Up-to-date: /var/db/repos/Local/tools/llvm-libc-probe/.prefix/include/c++/v1/__cxx03/__atomic/atomic.h
-- Up-to-date: /var/db/repos/Local/tools/llvm-libc-probe/.prefix/include/c++/v1/__cxx03/__atomic/atomic_base.h
-- Up-to-date: /var/db/repos/Local/tools/llvm-libc-probe/.prefix/include/c++/v1/__cxx03/__atomic/atomic_flag.h
-- Up-to-date: /var/db/repos/Local/tools/llvm-libc-probe/.prefix/include/c++/v1/__cxx03/__atomic/atomic_init.h
-- Up-to-date: /var/db/repos/Local/tools/llvm-libc-probe/.prefix/include/c++/v1/__cxx03/__atomic/atomic_lock_free.h
-- Up-to-date: /var/db/repos/Local/tools/llvm-libc-probe/.prefix/include/c++/v1/__cxx03/__atomic/atomic_sync.h
-- Up-to-date: /var/db/repos/Local/tools/llvm-libc-probe/.prefix/include/c++/v1/__cxx03/__atomic/check_memory_order.h
-- Up-to-date: /var/db/repos/Local/tools/llvm-libc-probe/.prefix/include/c++/v1/__cxx03/__atomic/contention_t.h
-- Up-to-date: /var/db/repos/Local/tools/llvm-libc-probe/.prefix/include/c++/v1/__cxx03/__atomic/cxx_atomic_impl.h
-- Up-to-date: /var/db/repos/Local/tools/llvm-libc-probe/.prefix/include/c++/v1/__cxx03/__atomic/fence.h
-- Up-to-date: /var/db/repos/Local/tools/llvm-libc-probe/.prefix/include/c++/v1/__cxx03/__atomic/is_always_lock_free.h
-- Up-to-date: /var/db/repos/Local/tools/llvm-libc-probe/.prefix/include/c++/v1/__cxx03/__atomic/kill_dependency.h
-- Up-to-date: /var/db/repos/Local/tools/llvm-libc-probe/.prefix/include/c++/v1/__cxx03/__atomic/memory_order.h
-- Up-to-date: /var/db/repos/Local/tools/llvm-libc-probe/.prefix/include/c++/v1/__cxx03/__atomic/to_gcc_order.h
-- Up-to-date: /var/db/repos/Local/tools/llvm-libc-probe/.prefix/include/c++/v1/__cxx03/__bit/blsr.h
-- Up-to-date: /var/db/repos/Local/tools/llvm-libc-probe/.prefix/include/c++/v1/__cxx03/__bit/countl.h
-- Up-to-date: /var/db/repos/Local/tools/llvm-libc-probe/.prefix/include/c++/v1/__cxx03/__bit/countr.h
-- Up-to-date: /var/db/repos/Local/tools/llvm-libc-probe/.prefix/include/c++/v1/__cxx03/__bit/invert_if.h
-- Up-to-date: /var/db/repos/Local/tools/llvm-libc-probe/.prefix/include/c++/v1/__cxx03/__bit/popcount.h
-- Up-to-date: /var/db/repos/Local/tools/llvm-libc-probe/.prefix/include/c++/v1/__cxx03/__bit/rotate.h
-- Up-to-date: /var/db/repos/Local/tools/llvm-libc-probe/.prefix/include/c++/v1/__cxx03/__bit_reference
-- Up-to-date: /var/db/repos/Local/tools/llvm-libc-probe/.prefix/include/c++/v1/__cxx03/__chrono/convert_to_timespec.h
-- Up-to-date: /var/db/repos/Local/tools/llvm-libc-probe/.prefix/include/c++/v1/__cxx03/__chrono/duration.h
-- Up-to-date: /var/db/repos/Local/tools/llvm-libc-probe/.prefix/include/c++/v1/__cxx03/__chrono/high_resolution_clock.h
-- Up-to-date: /var/db/repos/Local/tools/llvm-libc-probe/.prefix/include/c++/v1/__cxx03/__chrono/steady_clock.h
-- Up-to-date: /var/db/repos/Local/tools/llvm-libc-probe/.prefix/include/c++/v1/__cxx03/__chrono/system_clock.h
-- Up-to-date: /var/db/repos/Local/tools/llvm-libc-probe/.prefix/include/c++/v1/__cxx03/__chrono/time_point.h
-- Up-to-date: /var/db/repos/Local/tools/llvm-libc-probe/.prefix/include/c++/v1/__cxx03/__condition_variable/condition_variable.h
-- Up-to-date: /var/db/repos/Local/tools/llvm-libc-probe/.prefix/include/c++/v1/__cxx03/__config
-- Up-to-date: /var/db/repos/Local/tools/llvm-libc-probe/.prefix/include/c++/v1/__cxx03/__configuration/abi.h
-- Up-to-date: /var/db/repos/Local/tools/llvm-libc-probe/.prefix/include/c++/v1/__cxx03/__configuration/availability.h
-- Up-to-date: /var/db/repos/Local/tools/llvm-libc-probe/.prefix/include/c++/v1/__cxx03/__configuration/compiler.h
-- Up-to-date: /var/db/repos/Local/tools/llvm-libc-probe/.prefix/include/c++/v1/__cxx03/__configuration/config_site_shim.h
-- Up-to-date: /var/db/repos/Local/tools/llvm-libc-probe/.prefix/include/c++/v1/__cxx03/__configuration/language.h
-- Up-to-date: /var/db/repos/Local/tools/llvm-libc-probe/.prefix/include/c++/v1/__cxx03/__configuration/platform.h
-- Up-to-date: /var/db/repos/Local/tools/llvm-libc-probe/.prefix/include/c++/v1/__cxx03/__debug_utils/randomize_range.h
-- Up-to-date: /var/db/repos/Local/tools/llvm-libc-probe/.prefix/include/c++/v1/__cxx03/__debug_utils/sanitizers.h
-- Up-to-date: /var/db/repos/Local/tools/llvm-libc-probe/.prefix/include/c++/v1/__cxx03/__debug_utils/strict_weak_ordering_check.h
-- Up-to-date: /var/db/repos/Local/tools/llvm-libc-probe/.prefix/include/c++/v1/__cxx03/__exception/exception.h
-- Up-to-date: /var/db/repos/Local/tools/llvm-libc-probe/.prefix/include/c++/v1/__cxx03/__exception/exception_ptr.h
-- Up-to-date: /var/db/repos/Local/tools/llvm-libc-probe/.prefix/include/c++/v1/__cxx03/__exception/nested_exception.h
-- Up-to-date: /var/db/repos/Local/tools/llvm-libc-probe/.prefix/include/c++/v1/__cxx03/__exception/operations.h
-- Up-to-date: /var/db/repos/Local/tools/llvm-libc-probe/.prefix/include/c++/v1/__cxx03/__exception/terminate.h
-- Up-to-date: /var/db/repos/Local/tools/llvm-libc-probe/.prefix/include/c++/v1/__cxx03/__functional/binary_function.h
-- Up-to-date: /var/db/repos/Local/tools/llvm-libc-probe/.prefix/include/c++/v1/__cxx03/__functional/binary_negate.h
-- Up-to-date: /var/db/repos/Local/tools/llvm-libc-probe/.prefix/include/c++/v1/__cxx03/__functional/bind.h
-- Up-to-date: /var/db/repos/Local/tools/llvm-libc-probe/.prefix/include/c++/v1/__cxx03/__functional/binder1st.h
-- Up-to-date: /var/db/repos/Local/tools/llvm-libc-probe/.prefix/include/c++/v1/__cxx03/__functional/binder2nd.h
-- Up-to-date: /var/db/repos/Local/tools/llvm-libc-probe/.prefix/include/c++/v1/__cxx03/__functional/hash.h
-- Up-to-date: /var/db/repos/Local/tools/llvm-libc-probe/.prefix/include/c++/v1/__cxx03/__functional/identity.h
-- Up-to-date: /var/db/repos/Local/tools/llvm-libc-probe/.prefix/include/c++/v1/__cxx03/__functional/mem_fn.h
-- Up-to-date: /var/db/repos/Local/tools/llvm-libc-probe/.prefix/include/c++/v1/__cxx03/__functional/mem_fun_ref.h
-- Up-to-date: /var/db/repos/Local/tools/llvm-libc-probe/.prefix/include/c++/v1/__cxx03/__functional/operations.h
-- Up-to-date: /var/db/repos/Local/tools/llvm-libc-probe/.prefix/include/c++/v1/__cxx03/__functional/pointer_to_binary_function.h
-- Up-to-date: /var/db/repos/Local/tools/llvm-libc-probe/.prefix/include/c++/v1/__cxx03/__functional/pointer_to_unary_function.h
-- Up-to-date: /var/db/repos/Local/tools/llvm-libc-probe/.prefix/include/c++/v1/__cxx03/__functional/reference_wrapper.h
-- Up-to-date: /var/db/repos/Local/tools/llvm-libc-probe/.prefix/include/c++/v1/__cxx03/__functional/unary_function.h
-- Up-to-date: /var/db/repos/Local/tools/llvm-libc-probe/.prefix/include/c++/v1/__cxx03/__functional/unary_negate.h
-- Up-to-date: /var/db/repos/Local/tools/llvm-libc-probe/.prefix/include/c++/v1/__cxx03/__functional/weak_result_type.h
-- Up-to-date: /var/db/repos/Local/tools/llvm-libc-probe/.prefix/include/c++/v1/__cxx03/__fwd/array.h
-- Up-to-date: /var/db/repos/Local/tools/llvm-libc-probe/.prefix/include/c++/v1/__cxx03/__fwd/bit_reference.h
-- Up-to-date: /var/db/repos/Local/tools/llvm-libc-probe/.prefix/include/c++/v1/__cxx03/__fwd/complex.h
-- Up-to-date: /var/db/repos/Local/tools/llvm-libc-probe/.prefix/include/c++/v1/__cxx03/__fwd/deque.h
-- Up-to-date: /var/db/repos/Local/tools/llvm-libc-probe/.prefix/include/c++/v1/__cxx03/__fwd/fstream.h
-- Up-to-date: /var/db/repos/Local/tools/llvm-libc-probe/.prefix/include/c++/v1/__cxx03/__fwd/functional.h
-- Up-to-date: /var/db/repos/Local/tools/llvm-libc-probe/.prefix/include/c++/v1/__cxx03/__fwd/ios.h
-- Up-to-date: /var/db/repos/Local/tools/llvm-libc-probe/.prefix/include/c++/v1/__cxx03/__fwd/istream.h
-- Up-to-date: /var/db/repos/Local/tools/llvm-libc-probe/.prefix/include/c++/v1/__cxx03/__fwd/memory.h
-- Up-to-date: /var/db/repos/Local/tools/llvm-libc-probe/.prefix/include/c++/v1/__cxx03/__fwd/ostream.h
-- Up-to-date: /var/db/repos/Local/tools/llvm-libc-probe/.prefix/include/c++/v1/__cxx03/__fwd/pair.h
-- Up-to-date: /var/db/repos/Local/tools/llvm-libc-probe/.prefix/include/c++/v1/__cxx03/__fwd/queue.h
-- Up-to-date: /var/db/repos/Local/tools/llvm-libc-probe/.prefix/include/c++/v1/__cxx03/__fwd/sstream.h
-- Up-to-date: /var/db/repos/Local/tools/llvm-libc-probe/.prefix/include/c++/v1/__cxx03/__fwd/stack.h
-- Up-to-date: /var/db/repos/Local/tools/llvm-libc-probe/.prefix/include/c++/v1/__cxx03/__fwd/streambuf.h
-- Up-to-date: /var/db/repos/Local/tools/llvm-libc-probe/.prefix/include/c++/v1/__cxx03/__fwd/string.h
-- Up-to-date: /var/db/repos/Local/tools/llvm-libc-probe/.prefix/include/c++/v1/__cxx03/__fwd/string_view.h
-- Up-to-date: /var/db/repos/Local/tools/llvm-libc-probe/.prefix/include/c++/v1/__cxx03/__fwd/tuple.h
-- Up-to-date: /var/db/repos/Local/tools/llvm-libc-probe/.prefix/include/c++/v1/__cxx03/__fwd/vector.h
-- Up-to-date: /var/db/repos/Local/tools/llvm-libc-probe/.prefix/include/c++/v1/__cxx03/__hash_table
-- Up-to-date: /var/db/repos/Local/tools/llvm-libc-probe/.prefix/include/c++/v1/__cxx03/__ios/fpos.h
-- Up-to-date: /var/db/repos/Local/tools/llvm-libc-probe/.prefix/include/c++/v1/__cxx03/__iterator/access.h
-- Up-to-date: /var/db/repos/Local/tools/llvm-libc-probe/.prefix/include/c++/v1/__cxx03/__iterator/advance.h
-- Up-to-date: /var/db/repos/Local/tools/llvm-libc-probe/.prefix/include/c++/v1/__cxx03/__iterator/aliasing_iterator.h
-- Up-to-date: /var/db/repos/Local/tools/llvm-libc-probe/.prefix/include/c++/v1/__cxx03/__iterator/back_insert_iterator.h
-- Up-to-date: /var/db/repos/Local/tools/llvm-libc-probe/.prefix/include/c++/v1/__cxx03/__iterator/bounded_iter.h
-- Up-to-date: /var/db/repos/Local/tools/llvm-libc-probe/.prefix/include/c++/v1/__cxx03/__iterator/distance.h
-- Up-to-date: /var/db/repos/Local/tools/llvm-libc-probe/.prefix/include/c++/v1/__cxx03/__iterator/erase_if_container.h
-- Up-to-date: /var/db/repos/Local/tools/llvm-libc-probe/.prefix/include/c++/v1/__cxx03/__iterator/front_insert_iterator.h
-- Up-to-date: /var/db/repos/Local/tools/llvm-libc-probe/.prefix/include/c++/v1/__cxx03/__iterator/insert_iterator.h
-- Up-to-date: /var/db/repos/Local/tools/llvm-libc-probe/.prefix/include/c++/v1/__cxx03/__iterator/istream_iterator.h
-- Up-to-date: /var/db/repos/Local/tools/llvm-libc-probe/.prefix/include/c++/v1/__cxx03/__iterator/istreambuf_iterator.h
-- Up-to-date: /var/db/repos/Local/tools/llvm-libc-probe/.prefix/include/c++/v1/__cxx03/__iterator/iterator.h
-- Up-to-date: /var/db/repos/Local/tools/llvm-libc-probe/.prefix/include/c++/v1/__cxx03/__iterator/iterator_traits.h
-- Up-to-date: /var/db/repos/Local/tools/llvm-libc-probe/.prefix/include/c++/v1/__cxx03/__iterator/move_iterator.h
-- Up-to-date: /var/db/repos/Local/tools/llvm-libc-probe/.prefix/include/c++/v1/__cxx03/__iterator/next.h
-- Up-to-date: /var/db/repos/Local/tools/llvm-libc-probe/.prefix/include/c++/v1/__cxx03/__iterator/ostream_iterator.h
-- Up-to-date: /var/db/repos/Local/tools/llvm-libc-probe/.prefix/include/c++/v1/__cxx03/__iterator/ostreambuf_iterator.h
-- Up-to-date: /var/db/repos/Local/tools/llvm-libc-probe/.prefix/include/c++/v1/__cxx03/__iterator/prev.h
-- Up-to-date: /var/db/repos/Local/tools/llvm-libc-probe/.prefix/include/c++/v1/__cxx03/__iterator/reverse_iterator.h
-- Up-to-date: /var/db/repos/Local/tools/llvm-libc-probe/.prefix/include/c++/v1/__cxx03/__iterator/segmented_iterator.h
-- Up-to-date: /var/db/repos/Local/tools/llvm-libc-probe/.prefix/include/c++/v1/__cxx03/__iterator/wrap_iter.h
-- Up-to-date: /var/db/repos/Local/tools/llvm-libc-probe/.prefix/include/c++/v1/__cxx03/__locale
-- Up-to-date: /var/db/repos/Local/tools/llvm-libc-probe/.prefix/include/c++/v1/__cxx03/__locale_dir/locale_base_api.h
-- Up-to-date: /var/db/repos/Local/tools/llvm-libc-probe/.prefix/include/c++/v1/__cxx03/__locale_dir/locale_base_api/android.h
-- Up-to-date: /var/db/repos/Local/tools/llvm-libc-probe/.prefix/include/c++/v1/__cxx03/__locale_dir/locale_base_api/bsd_locale_defaults.h
-- Up-to-date: /var/db/repos/Local/tools/llvm-libc-probe/.prefix/include/c++/v1/__cxx03/__locale_dir/locale_base_api/bsd_locale_fallbacks.h
-- Up-to-date: /var/db/repos/Local/tools/llvm-libc-probe/.prefix/include/c++/v1/__cxx03/__locale_dir/locale_base_api/fuchsia.h
-- Up-to-date: /var/db/repos/Local/tools/llvm-libc-probe/.prefix/include/c++/v1/__cxx03/__locale_dir/locale_base_api/ibm.h
-- Up-to-date: /var/db/repos/Local/tools/llvm-libc-probe/.prefix/include/c++/v1/__cxx03/__locale_dir/locale_base_api/locale_guard.h
-- Up-to-date: /var/db/repos/Local/tools/llvm-libc-probe/.prefix/include/c++/v1/__cxx03/__locale_dir/locale_base_api/musl.h
-- Up-to-date: /var/db/repos/Local/tools/llvm-libc-probe/.prefix/include/c++/v1/__cxx03/__locale_dir/locale_base_api/newlib.h
-- Up-to-date: /var/db/repos/Local/tools/llvm-libc-probe/.prefix/include/c++/v1/__cxx03/__locale_dir/locale_base_api/openbsd.h
-- Up-to-date: /var/db/repos/Local/tools/llvm-libc-probe/.prefix/include/c++/v1/__cxx03/__locale_dir/locale_base_api/win32.h
-- Up-to-date: /var/db/repos/Local/tools/llvm-libc-probe/.prefix/include/c++/v1/__cxx03/__math/abs.h
-- Up-to-date: /var/db/repos/Local/tools/llvm-libc-probe/.prefix/include/c++/v1/__cxx03/__math/copysign.h
-- Up-to-date: /var/db/repos/Local/tools/llvm-libc-probe/.prefix/include/c++/v1/__cxx03/__math/error_functions.h
-- Up-to-date: /var/db/repos/Local/tools/llvm-libc-probe/.prefix/include/c++/v1/__cxx03/__math/exponential_functions.h
-- Up-to-date: /var/db/repos/Local/tools/llvm-libc-probe/.prefix/include/c++/v1/__cxx03/__math/fdim.h
-- Up-to-date: /var/db/repos/Local/tools/llvm-libc-probe/.prefix/include/c++/v1/__cxx03/__math/fma.h
-- Up-to-date: /var/db/repos/Local/tools/llvm-libc-probe/.prefix/include/c++/v1/__cxx03/__math/gamma.h
-- Up-to-date: /var/db/repos/Local/tools/llvm-libc-probe/.prefix/include/c++/v1/__cxx03/__math/hyperbolic_functions.h
-- Up-to-date: /var/db/repos/Local/tools/llvm-libc-probe/.prefix/include/c++/v1/__cxx03/__math/hypot.h
-- Up-to-date: /var/db/repos/Local/tools/llvm-libc-probe/.prefix/include/c++/v1/__cxx03/__math/inverse_hyperbolic_functions.h
-- Up-to-date: /var/db/repos/Local/tools/llvm-libc-probe/.prefix/include/c++/v1/__cxx03/__math/inverse_trigonometric_functions.h
-- Up-to-date: /var/db/repos/Local/tools/llvm-libc-probe/.prefix/include/c++/v1/__cxx03/__math/logarithms.h
-- Up-to-date: /var/db/repos/Local/tools/llvm-libc-probe/.prefix/include/c++/v1/__cxx03/__math/min_max.h
-- Up-to-date: /var/db/repos/Local/tools/llvm-libc-probe/.prefix/include/c++/v1/__cxx03/__math/modulo.h
-- Up-to-date: /var/db/repos/Local/tools/llvm-libc-probe/.prefix/include/c++/v1/__cxx03/__math/remainder.h
-- Up-to-date: /var/db/repos/Local/tools/llvm-libc-probe/.prefix/include/c++/v1/__cxx03/__math/roots.h
-- Up-to-date: /var/db/repos/Local/tools/llvm-libc-probe/.prefix/include/c++/v1/__cxx03/__math/rounding_functions.h
-- Up-to-date: /var/db/repos/Local/tools/llvm-libc-probe/.prefix/include/c++/v1/__cxx03/__math/traits.h
-- Up-to-date: /var/db/repos/Local/tools/llvm-libc-probe/.prefix/include/c++/v1/__cxx03/__math/trigonometric_functions.h
-- Up-to-date: /var/db/repos/Local/tools/llvm-libc-probe/.prefix/include/c++/v1/__cxx03/__mbstate_t.h
-- Up-to-date: /var/db/repos/Local/tools/llvm-libc-probe/.prefix/include/c++/v1/__cxx03/__memory/addressof.h
-- Up-to-date: /var/db/repos/Local/tools/llvm-libc-probe/.prefix/include/c++/v1/__cxx03/__memory/align.h
-- Up-to-date: /var/db/repos/Local/tools/llvm-libc-probe/.prefix/include/c++/v1/__cxx03/__memory/aligned_alloc.h
-- Up-to-date: /var/db/repos/Local/tools/llvm-libc-probe/.prefix/include/c++/v1/__cxx03/__memory/allocate_at_least.h
-- Up-to-date: /var/db/repos/Local/tools/llvm-libc-probe/.prefix/include/c++/v1/__cxx03/__memory/allocation_guard.h
-- Up-to-date: /var/db/repos/Local/tools/llvm-libc-probe/.prefix/include/c++/v1/__cxx03/__memory/allocator.h
-- Up-to-date: /var/db/repos/Local/tools/llvm-libc-probe/.prefix/include/c++/v1/__cxx03/__memory/allocator_arg_t.h
-- Up-to-date: /var/db/repos/Local/tools/llvm-libc-probe/.prefix/include/c++/v1/__cxx03/__memory/allocator_destructor.h
-- Up-to-date: /var/db/repos/Local/tools/llvm-libc-probe/.prefix/include/c++/v1/__cxx03/__memory/allocator_traits.h
-- Up-to-date: /var/db/repos/Local/tools/llvm-libc-probe/.prefix/include/c++/v1/__cxx03/__memory/assume_aligned.h
-- Up-to-date: /var/db/repos/Local/tools/llvm-libc-probe/.prefix/include/c++/v1/__cxx03/__memory/auto_ptr.h
-- Up-to-date: /var/db/repos/Local/tools/llvm-libc-probe/.prefix/include/c++/v1/__cxx03/__memory/builtin_new_allocator.h
-- Up-to-date: /var/db/repos/Local/tools/llvm-libc-probe/.prefix/include/c++/v1/__cxx03/__memory/compressed_pair.h
-- Up-to-date: /var/db/repos/Local/tools/llvm-libc-probe/.prefix/include/c++/v1/__cxx03/__memory/construct_at.h
-- Up-to-date: /var/db/repos/Local/tools/llvm-libc-probe/.prefix/include/c++/v1/__cxx03/__memory/destruct_n.h
-- Up-to-date: /var/db/repos/Local/tools/llvm-libc-probe/.prefix/include/c++/v1/__cxx03/__memory/pointer_traits.h
-- Up-to-date: /var/db/repos/Local/tools/llvm-libc-probe/.prefix/include/c++/v1/__cxx03/__memory/raw_storage_iterator.h
-- Up-to-date: /var/db/repos/Local/tools/llvm-libc-probe/.prefix/include/c++/v1/__cxx03/__memory/shared_ptr.h
-- Up-to-date: /var/db/repos/Local/tools/llvm-libc-probe/.prefix/include/c++/v1/__cxx03/__memory/swap_allocator.h
-- Up-to-date: /var/db/repos/Local/tools/llvm-libc-probe/.prefix/include/c++/v1/__cxx03/__memory/temp_value.h
-- Up-to-date: /var/db/repos/Local/tools/llvm-libc-probe/.prefix/include/c++/v1/__cxx03/__memory/temporary_buffer.h
-- Up-to-date: /var/db/repos/Local/tools/llvm-libc-probe/.prefix/include/c++/v1/__cxx03/__memory/uninitialized_algorithms.h
-- Up-to-date: /var/db/repos/Local/tools/llvm-libc-probe/.prefix/include/c++/v1/__cxx03/__memory/unique_ptr.h
-- Up-to-date: /var/db/repos/Local/tools/llvm-libc-probe/.prefix/include/c++/v1/__cxx03/__memory/uses_allocator.h
-- Up-to-date: /var/db/repos/Local/tools/llvm-libc-probe/.prefix/include/c++/v1/__cxx03/__memory/voidify.h
-- Up-to-date: /var/db/repos/Local/tools/llvm-libc-probe/.prefix/include/c++/v1/__cxx03/__mutex/lock_guard.h
-- Up-to-date: /var/db/repos/Local/tools/llvm-libc-probe/.prefix/include/c++/v1/__cxx03/__mutex/mutex.h
-- Up-to-date: /var/db/repos/Local/tools/llvm-libc-probe/.prefix/include/c++/v1/__cxx03/__mutex/once_flag.h
-- Up-to-date: /var/db/repos/Local/tools/llvm-libc-probe/.prefix/include/c++/v1/__cxx03/__mutex/tag_types.h
-- Up-to-date: /var/db/repos/Local/tools/llvm-libc-probe/.prefix/include/c++/v1/__cxx03/__mutex/unique_lock.h
-- Up-to-date: /var/db/repos/Local/tools/llvm-libc-probe/.prefix/include/c++/v1/__cxx03/__numeric/accumulate.h
-- Up-to-date: /var/db/repos/Local/tools/llvm-libc-probe/.prefix/include/c++/v1/__cxx03/__numeric/adjacent_difference.h
-- Up-to-date: /var/db/repos/Local/tools/llvm-libc-probe/.prefix/include/c++/v1/__cxx03/__numeric/inner_product.h
-- Up-to-date: /var/db/repos/Local/tools/llvm-libc-probe/.prefix/include/c++/v1/__cxx03/__numeric/iota.h
-- Up-to-date: /var/db/repos/Local/tools/llvm-libc-probe/.prefix/include/c++/v1/__cxx03/__numeric/partial_sum.h
-- Up-to-date: /var/db/repos/Local/tools/llvm-libc-probe/.prefix/include/c++/v1/__cxx03/__ostream/basic_ostream.h
-- Up-to-date: /var/db/repos/Local/tools/llvm-libc-probe/.prefix/include/c++/v1/__cxx03/__random/bernoulli_distribution.h
-- Up-to-date: /var/db/repos/Local/tools/llvm-libc-probe/.prefix/include/c++/v1/__cxx03/__random/binomial_distribution.h
-- Up-to-date: /var/db/repos/Local/tools/llvm-libc-probe/.prefix/include/c++/v1/__cxx03/__random/cauchy_distribution.h
-- Up-to-date: /var/db/repos/Local/tools/llvm-libc-probe/.prefix/include/c++/v1/__cxx03/__random/chi_squared_distribution.h
-- Up-to-date: /var/db/repos/Local/tools/llvm-libc-probe/.prefix/include/c++/v1/__cxx03/__random/clamp_to_integral.h
-- Up-to-date: /var/db/repos/Local/tools/llvm-libc-probe/.prefix/include/c++/v1/__cxx03/__random/default_random_engine.h
-- Up-to-date: /var/db/repos/Local/tools/llvm-libc-probe/.prefix/include/c++/v1/__cxx03/__random/discard_block_engine.h
-- Up-to-date: /var/db/repos/Local/tools/llvm-libc-probe/.prefix/include/c++/v1/__cxx03/__random/discrete_distribution.h
-- Up-to-date: /var/db/repos/Local/tools/llvm-libc-probe/.prefix/include/c++/v1/__cxx03/__random/exponential_distribution.h
-- Up-to-date: /var/db/repos/Local/tools/llvm-libc-probe/.prefix/include/c++/v1/__cxx03/__random/extreme_value_distribution.h
-- Up-to-date: /var/db/repos/Local/tools/llvm-libc-probe/.prefix/include/c++/v1/__cxx03/__random/fisher_f_distribution.h
-- Up-to-date: /var/db/repos/Local/tools/llvm-libc-probe/.prefix/include/c++/v1/__cxx03/__random/gamma_distribution.h
-- Up-to-date: /var/db/repos/Local/tools/llvm-libc-probe/.prefix/include/c++/v1/__cxx03/__random/generate_canonical.h
-- Up-to-date: /var/db/repos/Local/tools/llvm-libc-probe/.prefix/include/c++/v1/__cxx03/__random/geometric_distribution.h
-- Up-to-date: /var/db/repos/Local/tools/llvm-libc-probe/.prefix/include/c++/v1/__cxx03/__random/independent_bits_engine.h
-- Up-to-date: /var/db/repos/Local/tools/llvm-libc-probe/.prefix/include/c++/v1/__cxx03/__random/is_seed_sequence.h
-- Up-to-date: /var/db/repos/Local/tools/llvm-libc-probe/.prefix/include/c++/v1/__cxx03/__random/is_valid.h
-- Up-to-date: /var/db/repos/Local/tools/llvm-libc-probe/.prefix/include/c++/v1/__cxx03/__random/knuth_b.h
-- Up-to-date: /var/db/repos/Local/tools/llvm-libc-probe/.prefix/include/c++/v1/__cxx03/__random/linear_congruential_engine.h
-- Up-to-date: /var/db/repos/Local/tools/llvm-libc-probe/.prefix/include/c++/v1/__cxx03/__random/log2.h
-- Up-to-date: /var/db/repos/Local/tools/llvm-libc-probe/.prefix/include/c++/v1/__cxx03/__random/lognormal_distribution.h
-- Up-to-date: /var/db/repos/Local/tools/llvm-libc-probe/.prefix/include/c++/v1/__cxx03/__random/mersenne_twister_engine.h
-- Up-to-date: /var/db/repos/Local/tools/llvm-libc-probe/.prefix/include/c++/v1/__cxx03/__random/negative_binomial_distribution.h
-- Up-to-date: /var/db/repos/Local/tools/llvm-libc-probe/.prefix/include/c++/v1/__cxx03/__random/normal_distribution.h
-- Up-to-date: /var/db/repos/Local/tools/llvm-libc-probe/.prefix/include/c++/v1/__cxx03/__random/piecewise_constant_distribution.h
-- Up-to-date: /var/db/repos/Local/tools/llvm-libc-probe/.prefix/include/c++/v1/__cxx03/__random/piecewise_linear_distribution.h
-- Up-to-date: /var/db/repos/Local/tools/llvm-libc-probe/.prefix/include/c++/v1/__cxx03/__random/poisson_distribution.h
-- Up-to-date: /var/db/repos/Local/tools/llvm-libc-probe/.prefix/include/c++/v1/__cxx03/__random/random_device.h
-- Up-to-date: /var/db/repos/Local/tools/llvm-libc-probe/.prefix/include/c++/v1/__cxx03/__random/ranlux.h
-- Up-to-date: /var/db/repos/Local/tools/llvm-libc-probe/.prefix/include/c++/v1/__cxx03/__random/seed_seq.h
-- Up-to-date: /var/db/repos/Local/tools/llvm-libc-probe/.prefix/include/c++/v1/__cxx03/__random/shuffle_order_engine.h
-- Up-to-date: /var/db/repos/Local/tools/llvm-libc-probe/.prefix/include/c++/v1/__cxx03/__random/student_t_distribution.h
-- Up-to-date: /var/db/repos/Local/tools/llvm-libc-probe/.prefix/include/c++/v1/__cxx03/__random/subtract_with_carry_engine.h
-- Up-to-date: /var/db/repos/Local/tools/llvm-libc-probe/.prefix/include/c++/v1/__cxx03/__random/uniform_int_distribution.h
-- Up-to-date: /var/db/repos/Local/tools/llvm-libc-probe/.prefix/include/c++/v1/__cxx03/__random/uniform_real_distribution.h
-- Up-to-date: /var/db/repos/Local/tools/llvm-libc-probe/.prefix/include/c++/v1/__cxx03/__random/weibull_distribution.h
-- Up-to-date: /var/db/repos/Local/tools/llvm-libc-probe/.prefix/include/c++/v1/__cxx03/__split_buffer
-- Up-to-date: /var/db/repos/Local/tools/llvm-libc-probe/.prefix/include/c++/v1/__cxx03/__std_clang_module
-- Up-to-date: /var/db/repos/Local/tools/llvm-libc-probe/.prefix/include/c++/v1/__cxx03/__std_mbstate_t.h
-- Up-to-date: /var/db/repos/Local/tools/llvm-libc-probe/.prefix/include/c++/v1/__cxx03/__string/char_traits.h
-- Up-to-date: /var/db/repos/Local/tools/llvm-libc-probe/.prefix/include/c++/v1/__cxx03/__string/constexpr_c_functions.h
-- Up-to-date: /var/db/repos/Local/tools/llvm-libc-probe/.prefix/include/c++/v1/__cxx03/__string/extern_template_lists.h
-- Up-to-date: /var/db/repos/Local/tools/llvm-libc-probe/.prefix/include/c++/v1/__cxx03/__support/ibm/gettod_zos.h
-- Up-to-date: /var/db/repos/Local/tools/llvm-libc-probe/.prefix/include/c++/v1/__cxx03/__support/ibm/locale_mgmt_zos.h
-- Up-to-date: /var/db/repos/Local/tools/llvm-libc-probe/.prefix/include/c++/v1/__cxx03/__support/ibm/nanosleep.h
-- Up-to-date: /var/db/repos/Local/tools/llvm-libc-probe/.prefix/include/c++/v1/__cxx03/__support/xlocale/__nop_locale_mgmt.h
-- Up-to-date: /var/db/repos/Local/tools/llvm-libc-probe/.prefix/include/c++/v1/__cxx03/__support/xlocale/__posix_l_fallback.h
-- Up-to-date: /var/db/repos/Local/tools/llvm-libc-probe/.prefix/include/c++/v1/__cxx03/__support/xlocale/__strtonum_fallback.h
-- Up-to-date: /var/db/repos/Local/tools/llvm-libc-probe/.prefix/include/c++/v1/__cxx03/__system_error/errc.h
-- Up-to-date: /var/db/repos/Local/tools/llvm-libc-probe/.prefix/include/c++/v1/__cxx03/__system_error/error_category.h
-- Up-to-date: /var/db/repos/Local/tools/llvm-libc-probe/.prefix/include/c++/v1/__cxx03/__system_error/error_code.h
-- Up-to-date: /var/db/repos/Local/tools/llvm-libc-probe/.prefix/include/c++/v1/__cxx03/__system_error/error_condition.h
-- Up-to-date: /var/db/repos/Local/tools/llvm-libc-probe/.prefix/include/c++/v1/__cxx03/__system_error/system_error.h
-- Up-to-date: /var/db/repos/Local/tools/llvm-libc-probe/.prefix/include/c++/v1/__cxx03/__thread/id.h
-- Up-to-date: /var/db/repos/Local/tools/llvm-libc-probe/.prefix/include/c++/v1/__cxx03/__thread/poll_with_backoff.h
-- Up-to-date: /var/db/repos/Local/tools/llvm-libc-probe/.prefix/include/c++/v1/__cxx03/__thread/support.h
-- Up-to-date: /var/db/repos/Local/tools/llvm-libc-probe/.prefix/include/c++/v1/__cxx03/__thread/support/c11.h
-- Up-to-date: /var/db/repos/Local/tools/llvm-libc-probe/.prefix/include/c++/v1/__cxx03/__thread/support/external.h
-- Up-to-date: /var/db/repos/Local/tools/llvm-libc-probe/.prefix/include/c++/v1/__cxx03/__thread/support/pthread.h
-- Up-to-date: /var/db/repos/Local/tools/llvm-libc-probe/.prefix/include/c++/v1/__cxx03/__thread/support/windows.h
-- Up-to-date: /var/db/repos/Local/tools/llvm-libc-probe/.prefix/include/c++/v1/__cxx03/__thread/this_thread.h
-- Up-to-date: /var/db/repos/Local/tools/llvm-libc-probe/.prefix/include/c++/v1/__cxx03/__thread/thread.h
-- Up-to-date: /var/db/repos/Local/tools/llvm-libc-probe/.prefix/include/c++/v1/__cxx03/__thread/timed_backoff_policy.h
-- Up-to-date: /var/db/repos/Local/tools/llvm-libc-probe/.prefix/include/c++/v1/__cxx03/__tree
-- Up-to-date: /var/db/repos/Local/tools/llvm-libc-probe/.prefix/include/c++/v1/__cxx03/__tuple/find_index.h
-- Up-to-date: /var/db/repos/Local/tools/llvm-libc-probe/.prefix/include/c++/v1/__cxx03/__tuple/make_tuple_types.h
-- Up-to-date: /var/db/repos/Local/tools/llvm-libc-probe/.prefix/include/c++/v1/__cxx03/__tuple/sfinae_helpers.h
-- Up-to-date: /var/db/repos/Local/tools/llvm-libc-probe/.prefix/include/c++/v1/__cxx03/__tuple/tuple_element.h
-- Up-to-date: /var/db/repos/Local/tools/llvm-libc-probe/.prefix/include/c++/v1/__cxx03/__tuple/tuple_indices.h
-- Up-to-date: /var/db/repos/Local/tools/llvm-libc-probe/.prefix/include/c++/v1/__cxx03/__tuple/tuple_like.h
-- Up-to-date: /var/db/repos/Local/tools/llvm-libc-probe/.prefix/include/c++/v1/__cxx03/__tuple/tuple_like_ext.h
-- Up-to-date: /var/db/repos/Local/tools/llvm-libc-probe/.prefix/include/c++/v1/__cxx03/__tuple/tuple_like_no_subrange.h
-- Up-to-date: /var/db/repos/Local/tools/llvm-libc-probe/.prefix/include/c++/v1/__cxx03/__tuple/tuple_size.h
-- Up-to-date: /var/db/repos/Local/tools/llvm-libc-probe/.prefix/include/c++/v1/__cxx03/__tuple/tuple_types.h
-- Up-to-date: /var/db/repos/Local/tools/llvm-libc-probe/.prefix/include/c++/v1/__cxx03/__type_traits/add_const.h
-- Up-to-date: /var/db/repos/Local/tools/llvm-libc-probe/.prefix/include/c++/v1/__cxx03/__type_traits/add_cv.h
-- Up-to-date: /var/db/repos/Local/tools/llvm-libc-probe/.prefix/include/c++/v1/__cxx03/__type_traits/add_lvalue_reference.h
-- Up-to-date: /var/db/repos/Local/tools/llvm-libc-probe/.prefix/include/c++/v1/__cxx03/__type_traits/add_pointer.h
-- Up-to-date: /var/db/repos/Local/tools/llvm-libc-probe/.prefix/include/c++/v1/__cxx03/__type_traits/add_rvalue_reference.h
-- Up-to-date: /var/db/repos/Local/tools/llvm-libc-probe/.prefix/include/c++/v1/__cxx03/__type_traits/add_volatile.h
-- Up-to-date: /var/db/repos/Local/tools/llvm-libc-probe/.prefix/include/c++/v1/__cxx03/__type_traits/aligned_storage.h
-- Up-to-date: /var/db/repos/Local/tools/llvm-libc-probe/.prefix/include/c++/v1/__cxx03/__type_traits/aligned_union.h
-- Up-to-date: /var/db/repos/Local/tools/llvm-libc-probe/.prefix/include/c++/v1/__cxx03/__type_traits/alignment_of.h
-- Up-to-date: /var/db/repos/Local/tools/llvm-libc-probe/.prefix/include/c++/v1/__cxx03/__type_traits/can_extract_key.h
-- Up-to-date: /var/db/repos/Local/tools/llvm-libc-probe/.prefix/include/c++/v1/__cxx03/__type_traits/common_type.h
-- Up-to-date: /var/db/repos/Local/tools/llvm-libc-probe/.prefix/include/c++/v1/__cxx03/__type_traits/conditional.h
-- Up-to-date: /var/db/repos/Local/tools/llvm-libc-probe/.prefix/include/c++/v1/__cxx03/__type_traits/conjunction.h
-- Up-to-date: /var/db/repos/Local/tools/llvm-libc-probe/.prefix/include/c++/v1/__cxx03/__type_traits/copy_cv.h
-- Up-to-date: /var/db/repos/Local/tools/llvm-libc-probe/.prefix/include/c++/v1/__cxx03/__type_traits/copy_cvref.h
-- Up-to-date: /var/db/repos/Local/tools/llvm-libc-probe/.prefix/include/c++/v1/__cxx03/__type_traits/datasizeof.h
-- Up-to-date: /var/db/repos/Local/tools/llvm-libc-probe/.prefix/include/c++/v1/__cxx03/__type_traits/decay.h
-- Up-to-date: /var/db/repos/Local/tools/llvm-libc-probe/.prefix/include/c++/v1/__cxx03/__type_traits/dependent_type.h
-- Up-to-date: /var/db/repos/Local/tools/llvm-libc-probe/.prefix/include/c++/v1/__cxx03/__type_traits/desugars_to.h
-- Up-to-date: /var/db/repos/Local/tools/llvm-libc-probe/.prefix/include/c++/v1/__cxx03/__type_traits/disjunction.h
-- Up-to-date: /var/db/repos/Local/tools/llvm-libc-probe/.prefix/include/c++/v1/__cxx03/__type_traits/enable_if.h
-- Up-to-date: /var/db/repos/Local/tools/llvm-libc-probe/.prefix/include/c++/v1/__cxx03/__type_traits/extent.h
-- Up-to-date: /var/db/repos/Local/tools/llvm-libc-probe/.prefix/include/c++/v1/__cxx03/__type_traits/has_virtual_destructor.h
-- Up-to-date: /var/db/repos/Local/tools/llvm-libc-probe/.prefix/include/c++/v1/__cxx03/__type_traits/integral_constant.h
-- Up-to-date: /var/db/repos/Local/tools/llvm-libc-probe/.prefix/include/c++/v1/__cxx03/__type_traits/invoke.h
-- Up-to-date: /var/db/repos/Local/tools/llvm-libc-probe/.prefix/include/c++/v1/__cxx03/__type_traits/is_abstract.h
-- Up-to-date: /var/db/repos/Local/tools/llvm-libc-probe/.prefix/include/c++/v1/__cxx03/__type_traits/is_allocator.h
-- Up-to-date: /var/db/repos/Local/tools/llvm-libc-probe/.prefix/include/c++/v1/__cxx03/__type_traits/is_always_bitcastable.h
-- Up-to-date: /var/db/repos/Local/tools/llvm-libc-probe/.prefix/include/c++/v1/__cxx03/__type_traits/is_arithmetic.h
-- Up-to-date: /var/db/repos/Local/tools/llvm-libc-probe/.prefix/include/c++/v1/__cxx03/__type_traits/is_array.h
-- Up-to-date: /var/db/repos/Local/tools/llvm-libc-probe/.prefix/include/c++/v1/__cxx03/__type_traits/is_assignable.h
-- Up-to-date: /var/db/repos/Local/tools/llvm-libc-probe/.prefix/include/c++/v1/__cxx03/__type_traits/is_base_of.h
-- Up-to-date: /var/db/repos/Local/tools/llvm-libc-probe/.prefix/include/c++/v1/__cxx03/__type_traits/is_bounded_array.h
-- Up-to-date: /var/db/repos/Local/tools/llvm-libc-probe/.prefix/include/c++/v1/__cxx03/__type_traits/is_callable.h
-- Up-to-date: /var/db/repos/Local/tools/llvm-libc-probe/.prefix/include/c++/v1/__cxx03/__type_traits/is_char_like_type.h
-- Up-to-date: /var/db/repos/Local/tools/llvm-libc-probe/.prefix/include/c++/v1/__cxx03/__type_traits/is_class.h
-- Up-to-date: /var/db/repos/Local/tools/llvm-libc-probe/.prefix/include/c++/v1/__cxx03/__type_traits/is_compound.h
-- Up-to-date: /var/db/repos/Local/tools/llvm-libc-probe/.prefix/include/c++/v1/__cxx03/__type_traits/is_const.h
-- Up-to-date: /var/db/repos/Local/tools/llvm-libc-probe/.prefix/include/c++/v1/__cxx03/__type_traits/is_constant_evaluated.h
-- Up-to-date: /var/db/repos/Local/tools/llvm-libc-probe/.prefix/include/c++/v1/__cxx03/__type_traits/is_constructible.h
-- Up-to-date: /var/db/repos/Local/tools/llvm-libc-probe/.prefix/include/c++/v1/__cxx03/__type_traits/is_convertible.h
-- Up-to-date: /var/db/repos/Local/tools/llvm-libc-probe/.prefix/include/c++/v1/__cxx03/__type_traits/is_core_convertible.h
-- Up-to-date: /var/db/repos/Local/tools/llvm-libc-probe/.prefix/include/c++/v1/__cxx03/__type_traits/is_destructible.h
-- Up-to-date: /var/db/repos/Local/tools/llvm-libc-probe/.prefix/include/c++/v1/__cxx03/__type_traits/is_empty.h
-- Up-to-date: /var/db/repos/Local/tools/llvm-libc-probe/.prefix/include/c++/v1/__cxx03/__type_traits/is_enum.h
-- Up-to-date: /var/db/repos/Local/tools/llvm-libc-probe/.prefix/include/c++/v1/__cxx03/__type_traits/is_equality_comparable.h
-- Up-to-date: /var/db/repos/Local/tools/llvm-libc-probe/.prefix/include/c++/v1/__cxx03/__type_traits/is_execution_policy.h
-- Up-to-date: /var/db/repos/Local/tools/llvm-libc-probe/.prefix/include/c++/v1/__cxx03/__type_traits/is_final.h
-- Up-to-date: /var/db/repos/Local/tools/llvm-libc-probe/.prefix/include/c++/v1/__cxx03/__type_traits/is_floating_point.h
-- Up-to-date: /var/db/repos/Local/tools/llvm-libc-probe/.prefix/include/c++/v1/__cxx03/__type_traits/is_function.h
-- Up-to-date: /var/db/repos/Local/tools/llvm-libc-probe/.prefix/include/c++/v1/__cxx03/__type_traits/is_fundamental.h
-- Up-to-date: /var/db/repos/Local/tools/llvm-libc-probe/.prefix/include/c++/v1/__cxx03/__type_traits/is_implicitly_default_constructible.h
-- Up-to-date: /var/db/repos/Local/tools/llvm-libc-probe/.prefix/include/c++/v1/__cxx03/__type_traits/is_integral.h
-- Up-to-date: /var/db/repos/Local/tools/llvm-libc-probe/.prefix/include/c++/v1/__cxx03/__type_traits/is_literal_type.h
-- Up-to-date: /var/db/repos/Local/tools/llvm-libc-probe/.prefix/include/c++/v1/__cxx03/__type_traits/is_member_pointer.h
-- Up-to-date: /var/db/repos/Local/tools/llvm-libc-probe/.prefix/include/c++/v1/__cxx03/__type_traits/is_nothrow_assignable.h
-- Up-to-date: /var/db/repos/Local/tools/llvm-libc-probe/.prefix/include/c++/v1/__cxx03/__type_traits/is_nothrow_constructible.h
-- Up-to-date: /var/db/repos/Local/tools/llvm-libc-probe/.prefix/include/c++/v1/__cxx03/__type_traits/is_nothrow_destructible.h
-- Up-to-date: /var/db/repos/Local/tools/llvm-libc-probe/.prefix/include/c++/v1/__cxx03/__type_traits/is_null_pointer.h
-- Up-to-date: /var/db/repos/Local/tools/llvm-libc-probe/.prefix/include/c++/v1/__cxx03/__type_traits/is_object.h
-- Up-to-date: /var/db/repos/Local/tools/llvm-libc-probe/.prefix/include/c++/v1/__cxx03/__type_traits/is_pod.h
-- Up-to-date: /var/db/repos/Local/tools/llvm-libc-probe/.prefix/include/c++/v1/__cxx03/__type_traits/is_pointer.h
-- Up-to-date: /var/db/repos/Local/tools/llvm-libc-probe/.prefix/include/c++/v1/__cxx03/__type_traits/is_polymorphic.h
-- Up-to-date: /var/db/repos/Local/tools/llvm-libc-probe/.prefix/include/c++/v1/__cxx03/__type_traits/is_primary_template.h
-- Up-to-date: /var/db/repos/Local/tools/llvm-libc-probe/.prefix/include/c++/v1/__cxx03/__type_traits/is_reference.h
-- Up-to-date: /var/db/repos/Local/tools/llvm-libc-probe/.prefix/include/c++/v1/__cxx03/__type_traits/is_reference_wrapper.h
-- Up-to-date: /var/db/repos/Local/tools/llvm-libc-probe/.prefix/include/c++/v1/__cxx03/__type_traits/is_referenceable.h
-- Up-to-date: /var/db/repos/Local/tools/llvm-libc-probe/.prefix/include/c++/v1/__cxx03/__type_traits/is_same.h
-- Up-to-date: /var/db/repos/Local/tools/llvm-libc-probe/.prefix/include/c++/v1/__cxx03/__type_traits/is_scalar.h
-- Up-to-date: /var/db/repos/Local/tools/llvm-libc-probe/.prefix/include/c++/v1/__cxx03/__type_traits/is_signed.h
-- Up-to-date: /var/db/repos/Local/tools/llvm-libc-probe/.prefix/include/c++/v1/__cxx03/__type_traits/is_signed_integer.h
-- Up-to-date: /var/db/repos/Local/tools/llvm-libc-probe/.prefix/include/c++/v1/__cxx03/__type_traits/is_specialization.h
-- Up-to-date: /var/db/repos/Local/tools/llvm-libc-probe/.prefix/include/c++/v1/__cxx03/__type_traits/is_standard_layout.h
-- Up-to-date: /var/db/repos/Local/tools/llvm-libc-probe/.prefix/include/c++/v1/__cxx03/__type_traits/is_swappable.h
-- Up-to-date: /var/db/repos/Local/tools/llvm-libc-probe/.prefix/include/c++/v1/__cxx03/__type_traits/is_trivial.h
-- Up-to-date: /var/db/repos/Local/tools/llvm-libc-probe/.prefix/include/c++/v1/__cxx03/__type_traits/is_trivially_assignable.h
-- Up-to-date: /var/db/repos/Local/tools/llvm-libc-probe/.prefix/include/c++/v1/__cxx03/__type_traits/is_trivially_constructible.h
-- Up-to-date: /var/db/repos/Local/tools/llvm-libc-probe/.prefix/include/c++/v1/__cxx03/__type_traits/is_trivially_copyable.h
-- Up-to-date: /var/db/repos/Local/tools/llvm-libc-probe/.prefix/include/c++/v1/__cxx03/__type_traits/is_trivially_destructible.h
-- Up-to-date: /var/db/repos/Local/tools/llvm-libc-probe/.prefix/include/c++/v1/__cxx03/__type_traits/is_trivially_lexicographically_comparable.h
-- Up-to-date: /var/db/repos/Local/tools/llvm-libc-probe/.prefix/include/c++/v1/__cxx03/__type_traits/is_trivially_relocatable.h
-- Up-to-date: /var/db/repos/Local/tools/llvm-libc-probe/.prefix/include/c++/v1/__cxx03/__type_traits/is_unbounded_array.h
-- Up-to-date: /var/db/repos/Local/tools/llvm-libc-probe/.prefix/include/c++/v1/__cxx03/__type_traits/is_union.h
-- Up-to-date: /var/db/repos/Local/tools/llvm-libc-probe/.prefix/include/c++/v1/__cxx03/__type_traits/is_unsigned.h
-- Up-to-date: /var/db/repos/Local/tools/llvm-libc-probe/.prefix/include/c++/v1/__cxx03/__type_traits/is_unsigned_integer.h
-- Up-to-date: /var/db/repos/Local/tools/llvm-libc-probe/.prefix/include/c++/v1/__cxx03/__type_traits/is_valid_expansion.h
-- Up-to-date: /var/db/repos/Local/tools/llvm-libc-probe/.prefix/include/c++/v1/__cxx03/__type_traits/is_void.h
-- Up-to-date: /var/db/repos/Local/tools/llvm-libc-probe/.prefix/include/c++/v1/__cxx03/__type_traits/is_volatile.h
-- Up-to-date: /var/db/repos/Local/tools/llvm-libc-probe/.prefix/include/c++/v1/__cxx03/__type_traits/lazy.h
-- Up-to-date: /var/db/repos/Local/tools/llvm-libc-probe/.prefix/include/c++/v1/__cxx03/__type_traits/make_32_64_or_128_bit.h
-- Up-to-date: /var/db/repos/Local/tools/llvm-libc-probe/.prefix/include/c++/v1/__cxx03/__type_traits/make_const_lvalue_ref.h
-- Up-to-date: /var/db/repos/Local/tools/llvm-libc-probe/.prefix/include/c++/v1/__cxx03/__type_traits/make_signed.h
-- Up-to-date: /var/db/repos/Local/tools/llvm-libc-probe/.prefix/include/c++/v1/__cxx03/__type_traits/make_unsigned.h
-- Up-to-date: /var/db/repos/Local/tools/llvm-libc-probe/.prefix/include/c++/v1/__cxx03/__type_traits/maybe_const.h
-- Up-to-date: /var/db/repos/Local/tools/llvm-libc-probe/.prefix/include/c++/v1/__cxx03/__type_traits/nat.h
-- Up-to-date: /var/db/repos/Local/tools/llvm-libc-probe/.prefix/include/c++/v1/__cxx03/__type_traits/negation.h
-- Up-to-date: /var/db/repos/Local/tools/llvm-libc-probe/.prefix/include/c++/v1/__cxx03/__type_traits/noexcept_move_assign_container.h
-- Up-to-date: /var/db/repos/Local/tools/llvm-libc-probe/.prefix/include/c++/v1/__cxx03/__type_traits/promote.h
-- Up-to-date: /var/db/repos/Local/tools/llvm-libc-probe/.prefix/include/c++/v1/__cxx03/__type_traits/rank.h
-- Up-to-date: /var/db/repos/Local/tools/llvm-libc-probe/.prefix/include/c++/v1/__cxx03/__type_traits/remove_all_extents.h
-- Up-to-date: /var/db/repos/Local/tools/llvm-libc-probe/.prefix/include/c++/v1/__cxx03/__type_traits/remove_const.h
-- Up-to-date: /var/db/repos/Local/tools/llvm-libc-probe/.prefix/include/c++/v1/__cxx03/__type_traits/remove_const_ref.h
-- Up-to-date: /var/db/repos/Local/tools/llvm-libc-probe/.prefix/include/c++/v1/__cxx03/__type_traits/remove_cv.h
-- Up-to-date: /var/db/repos/Local/tools/llvm-libc-probe/.prefix/include/c++/v1/__cxx03/__type_traits/remove_cvref.h
-- Up-to-date: /var/db/repos/Local/tools/llvm-libc-probe/.prefix/include/c++/v1/__cxx03/__type_traits/remove_extent.h
-- Up-to-date: /var/db/repos/Local/tools/llvm-libc-probe/.prefix/include/c++/v1/__cxx03/__type_traits/remove_pointer.h
-- Up-to-date: /var/db/repos/Local/tools/llvm-libc-probe/.prefix/include/c++/v1/__cxx03/__type_traits/remove_reference.h
-- Up-to-date: /var/db/repos/Local/tools/llvm-libc-probe/.prefix/include/c++/v1/__cxx03/__type_traits/remove_volatile.h
-- Up-to-date: /var/db/repos/Local/tools/llvm-libc-probe/.prefix/include/c++/v1/__cxx03/__type_traits/result_of.h
-- Up-to-date: /var/db/repos/Local/tools/llvm-libc-probe/.prefix/include/c++/v1/__cxx03/__type_traits/strip_signature.h
-- Up-to-date: /var/db/repos/Local/tools/llvm-libc-probe/.prefix/include/c++/v1/__cxx03/__type_traits/type_identity.h
-- Up-to-date: /var/db/repos/Local/tools/llvm-libc-probe/.prefix/include/c++/v1/__cxx03/__type_traits/type_list.h
-- Up-to-date: /var/db/repos/Local/tools/llvm-libc-probe/.prefix/include/c++/v1/__cxx03/__type_traits/underlying_type.h
-- Up-to-date: /var/db/repos/Local/tools/llvm-libc-probe/.prefix/include/c++/v1/__cxx03/__type_traits/unwrap_ref.h
-- Up-to-date: /var/db/repos/Local/tools/llvm-libc-probe/.prefix/include/c++/v1/__cxx03/__type_traits/void_t.h
-- Up-to-date: /var/db/repos/Local/tools/llvm-libc-probe/.prefix/include/c++/v1/__cxx03/__undef_macros
-- Up-to-date: /var/db/repos/Local/tools/llvm-libc-probe/.prefix/include/c++/v1/__cxx03/__utility/as_lvalue.h
-- Up-to-date: /var/db/repos/Local/tools/llvm-libc-probe/.prefix/include/c++/v1/__cxx03/__utility/auto_cast.h
-- Up-to-date: /var/db/repos/Local/tools/llvm-libc-probe/.prefix/include/c++/v1/__cxx03/__utility/convert_to_integral.h
-- Up-to-date: /var/db/repos/Local/tools/llvm-libc-probe/.prefix/include/c++/v1/__cxx03/__utility/declval.h
-- Up-to-date: /var/db/repos/Local/tools/llvm-libc-probe/.prefix/include/c++/v1/__cxx03/__utility/empty.h
-- Up-to-date: /var/db/repos/Local/tools/llvm-libc-probe/.prefix/include/c++/v1/__cxx03/__utility/exception_guard.h
-- Up-to-date: /var/db/repos/Local/tools/llvm-libc-probe/.prefix/include/c++/v1/__cxx03/__utility/forward.h
-- Up-to-date: /var/db/repos/Local/tools/llvm-libc-probe/.prefix/include/c++/v1/__cxx03/__utility/integer_sequence.h
-- Up-to-date: /var/db/repos/Local/tools/llvm-libc-probe/.prefix/include/c++/v1/__cxx03/__utility/is_pointer_in_range.h
-- Up-to-date: /var/db/repos/Local/tools/llvm-libc-probe/.prefix/include/c++/v1/__cxx03/__utility/is_valid_range.h
-- Up-to-date: /var/db/repos/Local/tools/llvm-libc-probe/.prefix/include/c++/v1/__cxx03/__utility/move.h
-- Up-to-date: /var/db/repos/Local/tools/llvm-libc-probe/.prefix/include/c++/v1/__cxx03/__utility/no_destroy.h
-- Up-to-date: /var/db/repos/Local/tools/llvm-libc-probe/.prefix/include/c++/v1/__cxx03/__utility/pair.h
-- Up-to-date: /var/db/repos/Local/tools/llvm-libc-probe/.prefix/include/c++/v1/__cxx03/__utility/piecewise_construct.h
-- Up-to-date: /var/db/repos/Local/tools/llvm-libc-probe/.prefix/include/c++/v1/__cxx03/__utility/priority_tag.h
-- Up-to-date: /var/db/repos/Local/tools/llvm-libc-probe/.prefix/include/c++/v1/__cxx03/__utility/private_constructor_tag.h
-- Up-to-date: /var/db/repos/Local/tools/llvm-libc-probe/.prefix/include/c++/v1/__cxx03/__utility/rel_ops.h
-- Up-to-date: /var/db/repos/Local/tools/llvm-libc-probe/.prefix/include/c++/v1/__cxx03/__utility/small_buffer.h
-- Up-to-date: /var/db/repos/Local/tools/llvm-libc-probe/.prefix/include/c++/v1/__cxx03/__utility/swap.h
-- Up-to-date: /var/db/repos/Local/tools/llvm-libc-probe/.prefix/include/c++/v1/__cxx03/__utility/unreachable.h
-- Up-to-date: /var/db/repos/Local/tools/llvm-libc-probe/.prefix/include/c++/v1/__cxx03/__variant/monostate.h
-- Up-to-date: /var/db/repos/Local/tools/llvm-libc-probe/.prefix/include/c++/v1/__cxx03/__verbose_abort
-- Up-to-date: /var/db/repos/Local/tools/llvm-libc-probe/.prefix/include/c++/v1/__cxx03/__verbose_trap
-- Up-to-date: /var/db/repos/Local/tools/llvm-libc-probe/.prefix/include/c++/v1/__cxx03/algorithm
-- Up-to-date: /var/db/repos/Local/tools/llvm-libc-probe/.prefix/include/c++/v1/__cxx03/array
-- Up-to-date: /var/db/repos/Local/tools/llvm-libc-probe/.prefix/include/c++/v1/__cxx03/atomic
-- Up-to-date: /var/db/repos/Local/tools/llvm-libc-probe/.prefix/include/c++/v1/__cxx03/bitset
-- Up-to-date: /var/db/repos/Local/tools/llvm-libc-probe/.prefix/include/c++/v1/__cxx03/cassert
-- Up-to-date: /var/db/repos/Local/tools/llvm-libc-probe/.prefix/include/c++/v1/__cxx03/ccomplex
-- Up-to-date: /var/db/repos/Local/tools/llvm-libc-probe/.prefix/include/c++/v1/__cxx03/cctype
-- Up-to-date: /var/db/repos/Local/tools/llvm-libc-probe/.prefix/include/c++/v1/__cxx03/cerrno
-- Up-to-date: /var/db/repos/Local/tools/llvm-libc-probe/.prefix/include/c++/v1/__cxx03/cfenv
-- Up-to-date: /var/db/repos/Local/tools/llvm-libc-probe/.prefix/include/c++/v1/__cxx03/cfloat
-- Up-to-date: /var/db/repos/Local/tools/llvm-libc-probe/.prefix/include/c++/v1/__cxx03/chrono
-- Up-to-date: /var/db/repos/Local/tools/llvm-libc-probe/.prefix/include/c++/v1/__cxx03/cinttypes
-- Up-to-date: /var/db/repos/Local/tools/llvm-libc-probe/.prefix/include/c++/v1/__cxx03/ciso646
-- Up-to-date: /var/db/repos/Local/tools/llvm-libc-probe/.prefix/include/c++/v1/__cxx03/climits
-- Up-to-date: /var/db/repos/Local/tools/llvm-libc-probe/.prefix/include/c++/v1/__cxx03/clocale
-- Up-to-date: /var/db/repos/Local/tools/llvm-libc-probe/.prefix/include/c++/v1/__cxx03/cmath
-- Up-to-date: /var/db/repos/Local/tools/llvm-libc-probe/.prefix/include/c++/v1/__cxx03/codecvt
-- Up-to-date: /var/db/repos/Local/tools/llvm-libc-probe/.prefix/include/c++/v1/__cxx03/complex
-- Up-to-date: /var/db/repos/Local/tools/llvm-libc-probe/.prefix/include/c++/v1/__cxx03/condition_variable
-- Up-to-date: /var/db/repos/Local/tools/llvm-libc-probe/.prefix/include/c++/v1/__cxx03/csetjmp
-- Up-to-date: /var/db/repos/Local/tools/llvm-libc-probe/.prefix/include/c++/v1/__cxx03/csignal
-- Up-to-date: /var/db/repos/Local/tools/llvm-libc-probe/.prefix/include/c++/v1/__cxx03/cstdarg
-- Up-to-date: /var/db/repos/Local/tools/llvm-libc-probe/.prefix/include/c++/v1/__cxx03/cstdbool
-- Up-to-date: /var/db/repos/Local/tools/llvm-libc-probe/.prefix/include/c++/v1/__cxx03/cstddef
-- Up-to-date: /var/db/repos/Local/tools/llvm-libc-probe/.prefix/include/c++/v1/__cxx03/cstdint
-- Up-to-date: /var/db/repos/Local/tools/llvm-libc-probe/.prefix/include/c++/v1/__cxx03/cstdio
-- Up-to-date: /var/db/repos/Local/tools/llvm-libc-probe/.prefix/include/c++/v1/__cxx03/cstdlib
-- Up-to-date: /var/db/repos/Local/tools/llvm-libc-probe/.prefix/include/c++/v1/__cxx03/cstring
-- Up-to-date: /var/db/repos/Local/tools/llvm-libc-probe/.prefix/include/c++/v1/__cxx03/ctgmath
-- Up-to-date: /var/db/repos/Local/tools/llvm-libc-probe/.prefix/include/c++/v1/__cxx03/ctime
-- Up-to-date: /var/db/repos/Local/tools/llvm-libc-probe/.prefix/include/c++/v1/__cxx03/cuchar
-- Up-to-date: /var/db/repos/Local/tools/llvm-libc-probe/.prefix/include/c++/v1/__cxx03/cwchar
-- Up-to-date: /var/db/repos/Local/tools/llvm-libc-probe/.prefix/include/c++/v1/__cxx03/cwctype
-- Up-to-date: /var/db/repos/Local/tools/llvm-libc-probe/.prefix/include/c++/v1/__cxx03/deque
-- Up-to-date: /var/db/repos/Local/tools/llvm-libc-probe/.prefix/include/c++/v1/__cxx03/exception
-- Up-to-date: /var/db/repos/Local/tools/llvm-libc-probe/.prefix/include/c++/v1/__cxx03/experimental/__config
-- Up-to-date: /var/db/repos/Local/tools/llvm-libc-probe/.prefix/include/c++/v1/__cxx03/experimental/utility
-- Up-to-date: /var/db/repos/Local/tools/llvm-libc-probe/.prefix/include/c++/v1/__cxx03/ext/__hash
-- Up-to-date: /var/db/repos/Local/tools/llvm-libc-probe/.prefix/include/c++/v1/__cxx03/ext/hash_map
-- Up-to-date: /var/db/repos/Local/tools/llvm-libc-probe/.prefix/include/c++/v1/__cxx03/ext/hash_set
-- Up-to-date: /var/db/repos/Local/tools/llvm-libc-probe/.prefix/include/c++/v1/__cxx03/forward_list
-- Up-to-date: /var/db/repos/Local/tools/llvm-libc-probe/.prefix/include/c++/v1/__cxx03/fstream
-- Up-to-date: /var/db/repos/Local/tools/llvm-libc-probe/.prefix/include/c++/v1/__cxx03/functional
-- Up-to-date: /var/db/repos/Local/tools/llvm-libc-probe/.prefix/include/c++/v1/__cxx03/future
-- Up-to-date: /var/db/repos/Local/tools/llvm-libc-probe/.prefix/include/c++/v1/__cxx03/iomanip
-- Up-to-date: /var/db/repos/Local/tools/llvm-libc-probe/.prefix/include/c++/v1/__cxx03/ios
-- Up-to-date: /var/db/repos/Local/tools/llvm-libc-probe/.prefix/include/c++/v1/__cxx03/iosfwd
-- Up-to-date: /var/db/repos/Local/tools/llvm-libc-probe/.prefix/include/c++/v1/__cxx03/iostream
-- Up-to-date: /var/db/repos/Local/tools/llvm-libc-probe/.prefix/include/c++/v1/__cxx03/istream
-- Up-to-date: /var/db/repos/Local/tools/llvm-libc-probe/.prefix/include/c++/v1/__cxx03/iterator
-- Up-to-date: /var/db/repos/Local/tools/llvm-libc-probe/.prefix/include/c++/v1/__cxx03/limits
-- Up-to-date: /var/db/repos/Local/tools/llvm-libc-probe/.prefix/include/c++/v1/__cxx03/list
-- Up-to-date: /var/db/repos/Local/tools/llvm-libc-probe/.prefix/include/c++/v1/__cxx03/locale
-- Up-to-date: /var/db/repos/Local/tools/llvm-libc-probe/.prefix/include/c++/v1/__cxx03/locale.h
-- Up-to-date: /var/db/repos/Local/tools/llvm-libc-probe/.prefix/include/c++/v1/__cxx03/map
-- Up-to-date: /var/db/repos/Local/tools/llvm-libc-probe/.prefix/include/c++/v1/__cxx03/math.h
-- Up-to-date: /var/db/repos/Local/tools/llvm-libc-probe/.prefix/include/c++/v1/__cxx03/memory
-- Up-to-date: /var/db/repos/Local/tools/llvm-libc-probe/.prefix/include/c++/v1/__cxx03/module.modulemap
-- Up-to-date: /var/db/repos/Local/tools/llvm-libc-probe/.prefix/include/c++/v1/__cxx03/mutex
-- Up-to-date: /var/db/repos/Local/tools/llvm-libc-probe/.prefix/include/c++/v1/__cxx03/new
-- Up-to-date: /var/db/repos/Local/tools/llvm-libc-probe/.prefix/include/c++/v1/__cxx03/numeric
-- Up-to-date: /var/db/repos/Local/tools/llvm-libc-probe/.prefix/include/c++/v1/__cxx03/ostream
-- Up-to-date: /var/db/repos/Local/tools/llvm-libc-probe/.prefix/include/c++/v1/__cxx03/queue
-- Up-to-date: /var/db/repos/Local/tools/llvm-libc-probe/.prefix/include/c++/v1/__cxx03/random
-- Up-to-date: /var/db/repos/Local/tools/llvm-libc-probe/.prefix/include/c++/v1/__cxx03/ratio
-- Up-to-date: /var/db/repos/Local/tools/llvm-libc-probe/.prefix/include/c++/v1/__cxx03/regex
-- Up-to-date: /var/db/repos/Local/tools/llvm-libc-probe/.prefix/include/c++/v1/__cxx03/set
-- Up-to-date: /var/db/repos/Local/tools/llvm-libc-probe/.prefix/include/c++/v1/__cxx03/sstream
-- Up-to-date: /var/db/repos/Local/tools/llvm-libc-probe/.prefix/include/c++/v1/__cxx03/stack
-- Up-to-date: /var/db/repos/Local/tools/llvm-libc-probe/.prefix/include/c++/v1/__cxx03/stdatomic.h
-- Up-to-date: /var/db/repos/Local/tools/llvm-libc-probe/.prefix/include/c++/v1/__cxx03/stdexcept
-- Up-to-date: /var/db/repos/Local/tools/llvm-libc-probe/.prefix/include/c++/v1/__cxx03/stdint.h
-- Up-to-date: /var/db/repos/Local/tools/llvm-libc-probe/.prefix/include/c++/v1/__cxx03/stdlib.h
-- Up-to-date: /var/db/repos/Local/tools/llvm-libc-probe/.prefix/include/c++/v1/__cxx03/streambuf
-- Up-to-date: /var/db/repos/Local/tools/llvm-libc-probe/.prefix/include/c++/v1/__cxx03/string
-- Up-to-date: /var/db/repos/Local/tools/llvm-libc-probe/.prefix/include/c++/v1/__cxx03/string.h
-- Up-to-date: /var/db/repos/Local/tools/llvm-libc-probe/.prefix/include/c++/v1/__cxx03/string_view
-- Up-to-date: /var/db/repos/Local/tools/llvm-libc-probe/.prefix/include/c++/v1/__cxx03/strstream
-- Up-to-date: /var/db/repos/Local/tools/llvm-libc-probe/.prefix/include/c++/v1/__cxx03/system_error
-- Up-to-date: /var/db/repos/Local/tools/llvm-libc-probe/.prefix/include/c++/v1/__cxx03/thread
-- Up-to-date: /var/db/repos/Local/tools/llvm-libc-probe/.prefix/include/c++/v1/__cxx03/type_traits
-- Up-to-date: /var/db/repos/Local/tools/llvm-libc-probe/.prefix/include/c++/v1/__cxx03/typeindex
-- Up-to-date: /var/db/repos/Local/tools/llvm-libc-probe/.prefix/include/c++/v1/__cxx03/typeinfo
-- Up-to-date: /var/db/repos/Local/tools/llvm-libc-probe/.prefix/include/c++/v1/__cxx03/uchar.h
-- Up-to-date: /var/db/repos/Local/tools/llvm-libc-probe/.prefix/include/c++/v1/__cxx03/unordered_map
-- Up-to-date: /var/db/repos/Local/tools/llvm-libc-probe/.prefix/include/c++/v1/__cxx03/unordered_set
-- Up-to-date: /var/db/repos/Local/tools/llvm-libc-probe/.prefix/include/c++/v1/__cxx03/utility
-- Up-to-date: /var/db/repos/Local/tools/llvm-libc-probe/.prefix/include/c++/v1/__cxx03/valarray
-- Up-to-date: /var/db/repos/Local/tools/llvm-libc-probe/.prefix/include/c++/v1/__cxx03/vector
-- Up-to-date: /var/db/repos/Local/tools/llvm-libc-probe/.prefix/include/c++/v1/__cxx03/version
-- Up-to-date: /var/db/repos/Local/tools/llvm-libc-probe/.prefix/include/c++/v1/__cxx03/wchar.h
-- Installing: /var/db/repos/Local/tools/llvm-libc-probe/.prefix/include/c++/v1/__config_site
-- Installing: /var/db/repos/Local/tools/llvm-libc-probe/.prefix/include/c++/v1/__assertion_handler
-- Installing: /var/db/repos/Local/tools/llvm-libc-probe/.prefix/include/c++/v1/libcxx.imp
-- Installing: /var/db/repos/Local/tools/llvm-libc-probe/.prefix/include/c++/v1/module.modulemap
-- Installing: /var/db/repos/Local/tools/llvm-libc-probe/.prefix/lib/libc++.a
-- Installing: /var/db/repos/Local/tools/llvm-libc-probe/.prefix/lib/libc++experimental.a
-- Up-to-date: /var/db/repos/Local/tools/llvm-libc-probe/.prefix/share/libc++/v1/std/algorithm.inc
-- Up-to-date: /var/db/repos/Local/tools/llvm-libc-probe/.prefix/share/libc++/v1/std/any.inc
-- Up-to-date: /var/db/repos/Local/tools/llvm-libc-probe/.prefix/share/libc++/v1/std/array.inc
-- Up-to-date: /var/db/repos/Local/tools/llvm-libc-probe/.prefix/share/libc++/v1/std/atomic.inc
-- Up-to-date: /var/db/repos/Local/tools/llvm-libc-probe/.prefix/share/libc++/v1/std/barrier.inc
-- Up-to-date: /var/db/repos/Local/tools/llvm-libc-probe/.prefix/share/libc++/v1/std/bit.inc
-- Up-to-date: /var/db/repos/Local/tools/llvm-libc-probe/.prefix/share/libc++/v1/std/bitset.inc
-- Up-to-date: /var/db/repos/Local/tools/llvm-libc-probe/.prefix/share/libc++/v1/std/cassert.inc
-- Up-to-date: /var/db/repos/Local/tools/llvm-libc-probe/.prefix/share/libc++/v1/std/cctype.inc
-- Up-to-date: /var/db/repos/Local/tools/llvm-libc-probe/.prefix/share/libc++/v1/std/cerrno.inc
-- Up-to-date: /var/db/repos/Local/tools/llvm-libc-probe/.prefix/share/libc++/v1/std/cfenv.inc
-- Up-to-date: /var/db/repos/Local/tools/llvm-libc-probe/.prefix/share/libc++/v1/std/cfloat.inc
-- Up-to-date: /var/db/repos/Local/tools/llvm-libc-probe/.prefix/share/libc++/v1/std/charconv.inc
-- Up-to-date: /var/db/repos/Local/tools/llvm-libc-probe/.prefix/share/libc++/v1/std/chrono.inc
-- Up-to-date: /var/db/repos/Local/tools/llvm-libc-probe/.prefix/share/libc++/v1/std/cinttypes.inc
-- Up-to-date: /var/db/repos/Local/tools/llvm-libc-probe/.prefix/share/libc++/v1/std/climits.inc
-- Up-to-date: /var/db/repos/Local/tools/llvm-libc-probe/.prefix/share/libc++/v1/std/clocale.inc
-- Up-to-date: /var/db/repos/Local/tools/llvm-libc-probe/.prefix/share/libc++/v1/std/cmath.inc
-- Up-to-date: /var/db/repos/Local/tools/llvm-libc-probe/.prefix/share/libc++/v1/std/codecvt.inc
-- Up-to-date: /var/db/repos/Local/tools/llvm-libc-probe/.prefix/share/libc++/v1/std/compare.inc
-- Up-to-date: /var/db/repos/Local/tools/llvm-libc-probe/.prefix/share/libc++/v1/std/complex.inc
-- Up-to-date: /var/db/repos/Local/tools/llvm-libc-probe/.prefix/share/libc++/v1/std/concepts.inc
-- Up-to-date: /var/db/repos/Local/tools/llvm-libc-probe/.prefix/share/libc++/v1/std/condition_variable.inc
-- Up-to-date: /var/db/repos/Local/tools/llvm-libc-probe/.prefix/share/libc++/v1/std/coroutine.inc
-- Up-to-date: /var/db/repos/Local/tools/llvm-libc-probe/.prefix/share/libc++/v1/std/csetjmp.inc
-- Up-to-date: /var/db/repos/Local/tools/llvm-libc-probe/.prefix/share/libc++/v1/std/csignal.inc
-- Up-to-date: /var/db/repos/Local/tools/llvm-libc-probe/.prefix/share/libc++/v1/std/cstdarg.inc
-- Up-to-date: /var/db/repos/Local/tools/llvm-libc-probe/.prefix/share/libc++/v1/std/cstddef.inc
-- Up-to-date: /var/db/repos/Local/tools/llvm-libc-probe/.prefix/share/libc++/v1/std/cstdint.inc
-- Up-to-date: /var/db/repos/Local/tools/llvm-libc-probe/.prefix/share/libc++/v1/std/cstdio.inc
-- Up-to-date: /var/db/repos/Local/tools/llvm-libc-probe/.prefix/share/libc++/v1/std/cstdlib.inc
-- Up-to-date: /var/db/repos/Local/tools/llvm-libc-probe/.prefix/share/libc++/v1/std/cstring.inc
-- Up-to-date: /var/db/repos/Local/tools/llvm-libc-probe/.prefix/share/libc++/v1/std/ctime.inc
-- Up-to-date: /var/db/repos/Local/tools/llvm-libc-probe/.prefix/share/libc++/v1/std/cuchar.inc
-- Up-to-date: /var/db/repos/Local/tools/llvm-libc-probe/.prefix/share/libc++/v1/std/cwchar.inc
-- Up-to-date: /var/db/repos/Local/tools/llvm-libc-probe/.prefix/share/libc++/v1/std/cwctype.inc
-- Up-to-date: /var/db/repos/Local/tools/llvm-libc-probe/.prefix/share/libc++/v1/std/deque.inc
-- Up-to-date: /var/db/repos/Local/tools/llvm-libc-probe/.prefix/share/libc++/v1/std/exception.inc
-- Up-to-date: /var/db/repos/Local/tools/llvm-libc-probe/.prefix/share/libc++/v1/std/execution.inc
-- Up-to-date: /var/db/repos/Local/tools/llvm-libc-probe/.prefix/share/libc++/v1/std/expected.inc
-- Up-to-date: /var/db/repos/Local/tools/llvm-libc-probe/.prefix/share/libc++/v1/std/filesystem.inc
-- Up-to-date: /var/db/repos/Local/tools/llvm-libc-probe/.prefix/share/libc++/v1/std/flat_map.inc
-- Up-to-date: /var/db/repos/Local/tools/llvm-libc-probe/.prefix/share/libc++/v1/std/flat_set.inc
-- Up-to-date: /var/db/repos/Local/tools/llvm-libc-probe/.prefix/share/libc++/v1/std/format.inc
-- Up-to-date: /var/db/repos/Local/tools/llvm-libc-probe/.prefix/share/libc++/v1/std/forward_list.inc
-- Up-to-date: /var/db/repos/Local/tools/llvm-libc-probe/.prefix/share/libc++/v1/std/fstream.inc
-- Up-to-date: /var/db/repos/Local/tools/llvm-libc-probe/.prefix/share/libc++/v1/std/functional.inc
-- Up-to-date: /var/db/repos/Local/tools/llvm-libc-probe/.prefix/share/libc++/v1/std/future.inc
-- Up-to-date: /var/db/repos/Local/tools/llvm-libc-probe/.prefix/share/libc++/v1/std/generator.inc
-- Up-to-date: /var/db/repos/Local/tools/llvm-libc-probe/.prefix/share/libc++/v1/std/hazard_pointer.inc
-- Up-to-date: /var/db/repos/Local/tools/llvm-libc-probe/.prefix/share/libc++/v1/std/initializer_list.inc
-- Up-to-date: /var/db/repos/Local/tools/llvm-libc-probe/.prefix/share/libc++/v1/std/iomanip.inc
-- Up-to-date: /var/db/repos/Local/tools/llvm-libc-probe/.prefix/share/libc++/v1/std/ios.inc
-- Up-to-date: /var/db/repos/Local/tools/llvm-libc-probe/.prefix/share/libc++/v1/std/iosfwd.inc
-- Up-to-date: /var/db/repos/Local/tools/llvm-libc-probe/.prefix/share/libc++/v1/std/iostream.inc
-- Up-to-date: /var/db/repos/Local/tools/llvm-libc-probe/.prefix/share/libc++/v1/std/istream.inc
-- Up-to-date: /var/db/repos/Local/tools/llvm-libc-probe/.prefix/share/libc++/v1/std/iterator.inc
-- Up-to-date: /var/db/repos/Local/tools/llvm-libc-probe/.prefix/share/libc++/v1/std/latch.inc
-- Up-to-date: /var/db/repos/Local/tools/llvm-libc-probe/.prefix/share/libc++/v1/std/limits.inc
-- Up-to-date: /var/db/repos/Local/tools/llvm-libc-probe/.prefix/share/libc++/v1/std/list.inc
-- Up-to-date: /var/db/repos/Local/tools/llvm-libc-probe/.prefix/share/libc++/v1/std/locale.inc
-- Up-to-date: /var/db/repos/Local/tools/llvm-libc-probe/.prefix/share/libc++/v1/std/map.inc
-- Up-to-date: /var/db/repos/Local/tools/llvm-libc-probe/.prefix/share/libc++/v1/std/mdspan.inc
-- Up-to-date: /var/db/repos/Local/tools/llvm-libc-probe/.prefix/share/libc++/v1/std/memory.inc
-- Up-to-date: /var/db/repos/Local/tools/llvm-libc-probe/.prefix/share/libc++/v1/std/memory_resource.inc
-- Up-to-date: /var/db/repos/Local/tools/llvm-libc-probe/.prefix/share/libc++/v1/std/mutex.inc
-- Up-to-date: /var/db/repos/Local/tools/llvm-libc-probe/.prefix/share/libc++/v1/std/new.inc
-- Up-to-date: /var/db/repos/Local/tools/llvm-libc-probe/.prefix/share/libc++/v1/std/numbers.inc
-- Up-to-date: /var/db/repos/Local/tools/llvm-libc-probe/.prefix/share/libc++/v1/std/numeric.inc
-- Up-to-date: /var/db/repos/Local/tools/llvm-libc-probe/.prefix/share/libc++/v1/std/optional.inc
-- Up-to-date: /var/db/repos/Local/tools/llvm-libc-probe/.prefix/share/libc++/v1/std/ostream.inc
-- Up-to-date: /var/db/repos/Local/tools/llvm-libc-probe/.prefix/share/libc++/v1/std/print.inc
-- Up-to-date: /var/db/repos/Local/tools/llvm-libc-probe/.prefix/share/libc++/v1/std/queue.inc
-- Up-to-date: /var/db/repos/Local/tools/llvm-libc-probe/.prefix/share/libc++/v1/std/random.inc
-- Up-to-date: /var/db/repos/Local/tools/llvm-libc-probe/.prefix/share/libc++/v1/std/ranges.inc
-- Up-to-date: /var/db/repos/Local/tools/llvm-libc-probe/.prefix/share/libc++/v1/std/ratio.inc
-- Up-to-date: /var/db/repos/Local/tools/llvm-libc-probe/.prefix/share/libc++/v1/std/rcu.inc
-- Up-to-date: /var/db/repos/Local/tools/llvm-libc-probe/.prefix/share/libc++/v1/std/regex.inc
-- Up-to-date: /var/db/repos/Local/tools/llvm-libc-probe/.prefix/share/libc++/v1/std/scoped_allocator.inc
-- Up-to-date: /var/db/repos/Local/tools/llvm-libc-probe/.prefix/share/libc++/v1/std/semaphore.inc
-- Up-to-date: /var/db/repos/Local/tools/llvm-libc-probe/.prefix/share/libc++/v1/std/set.inc
-- Up-to-date: /var/db/repos/Local/tools/llvm-libc-probe/.prefix/share/libc++/v1/std/shared_mutex.inc
-- Up-to-date: /var/db/repos/Local/tools/llvm-libc-probe/.prefix/share/libc++/v1/std/source_location.inc
-- Up-to-date: /var/db/repos/Local/tools/llvm-libc-probe/.prefix/share/libc++/v1/std/span.inc
-- Up-to-date: /var/db/repos/Local/tools/llvm-libc-probe/.prefix/share/libc++/v1/std/spanstream.inc
-- Up-to-date: /var/db/repos/Local/tools/llvm-libc-probe/.prefix/share/libc++/v1/std/sstream.inc
-- Up-to-date: /var/db/repos/Local/tools/llvm-libc-probe/.prefix/share/libc++/v1/std/stack.inc
-- Up-to-date: /var/db/repos/Local/tools/llvm-libc-probe/.prefix/share/libc++/v1/std/stacktrace.inc
-- Up-to-date: /var/db/repos/Local/tools/llvm-libc-probe/.prefix/share/libc++/v1/std/stdexcept.inc
-- Up-to-date: /var/db/repos/Local/tools/llvm-libc-probe/.prefix/share/libc++/v1/std/stdfloat.inc
-- Up-to-date: /var/db/repos/Local/tools/llvm-libc-probe/.prefix/share/libc++/v1/std/stop_token.inc
-- Up-to-date: /var/db/repos/Local/tools/llvm-libc-probe/.prefix/share/libc++/v1/std/streambuf.inc
-- Up-to-date: /var/db/repos/Local/tools/llvm-libc-probe/.prefix/share/libc++/v1/std/string.inc
-- Up-to-date: /var/db/repos/Local/tools/llvm-libc-probe/.prefix/share/libc++/v1/std/string_view.inc
-- Up-to-date: /var/db/repos/Local/tools/llvm-libc-probe/.prefix/share/libc++/v1/std/strstream.inc
-- Up-to-date: /var/db/repos/Local/tools/llvm-libc-probe/.prefix/share/libc++/v1/std/syncstream.inc
-- Up-to-date: /var/db/repos/Local/tools/llvm-libc-probe/.prefix/share/libc++/v1/std/system_error.inc
-- Up-to-date: /var/db/repos/Local/tools/llvm-libc-probe/.prefix/share/libc++/v1/std/text_encoding.inc
-- Up-to-date: /var/db/repos/Local/tools/llvm-libc-probe/.prefix/share/libc++/v1/std/thread.inc
-- Up-to-date: /var/db/repos/Local/tools/llvm-libc-probe/.prefix/share/libc++/v1/std/tuple.inc
-- Up-to-date: /var/db/repos/Local/tools/llvm-libc-probe/.prefix/share/libc++/v1/std/type_traits.inc
-- Up-to-date: /var/db/repos/Local/tools/llvm-libc-probe/.prefix/share/libc++/v1/std/typeindex.inc
-- Up-to-date: /var/db/repos/Local/tools/llvm-libc-probe/.prefix/share/libc++/v1/std/typeinfo.inc
-- Up-to-date: /var/db/repos/Local/tools/llvm-libc-probe/.prefix/share/libc++/v1/std/unordered_map.inc
-- Up-to-date: /var/db/repos/Local/tools/llvm-libc-probe/.prefix/share/libc++/v1/std/unordered_set.inc
-- Up-to-date: /var/db/repos/Local/tools/llvm-libc-probe/.prefix/share/libc++/v1/std/utility.inc
-- Up-to-date: /var/db/repos/Local/tools/llvm-libc-probe/.prefix/share/libc++/v1/std/valarray.inc
-- Up-to-date: /var/db/repos/Local/tools/llvm-libc-probe/.prefix/share/libc++/v1/std/variant.inc
-- Up-to-date: /var/db/repos/Local/tools/llvm-libc-probe/.prefix/share/libc++/v1/std/vector.inc
-- Up-to-date: /var/db/repos/Local/tools/llvm-libc-probe/.prefix/share/libc++/v1/std/version.inc
-- Up-to-date: /var/db/repos/Local/tools/llvm-libc-probe/.prefix/share/libc++/v1/std.compat/cassert.inc
-- Up-to-date: /var/db/repos/Local/tools/llvm-libc-probe/.prefix/share/libc++/v1/std.compat/cctype.inc
-- Up-to-date: /var/db/repos/Local/tools/llvm-libc-probe/.prefix/share/libc++/v1/std.compat/cerrno.inc
-- Up-to-date: /var/db/repos/Local/tools/llvm-libc-probe/.prefix/share/libc++/v1/std.compat/cfenv.inc
-- Up-to-date: /var/db/repos/Local/tools/llvm-libc-probe/.prefix/share/libc++/v1/std.compat/cfloat.inc
-- Up-to-date: /var/db/repos/Local/tools/llvm-libc-probe/.prefix/share/libc++/v1/std.compat/cinttypes.inc
-- Up-to-date: /var/db/repos/Local/tools/llvm-libc-probe/.prefix/share/libc++/v1/std.compat/climits.inc
-- Up-to-date: /var/db/repos/Local/tools/llvm-libc-probe/.prefix/share/libc++/v1/std.compat/clocale.inc
-- Up-to-date: /var/db/repos/Local/tools/llvm-libc-probe/.prefix/share/libc++/v1/std.compat/cmath.inc
-- Up-to-date: /var/db/repos/Local/tools/llvm-libc-probe/.prefix/share/libc++/v1/std.compat/csetjmp.inc
-- Up-to-date: /var/db/repos/Local/tools/llvm-libc-probe/.prefix/share/libc++/v1/std.compat/csignal.inc
-- Up-to-date: /var/db/repos/Local/tools/llvm-libc-probe/.prefix/share/libc++/v1/std.compat/cstdarg.inc
-- Up-to-date: /var/db/repos/Local/tools/llvm-libc-probe/.prefix/share/libc++/v1/std.compat/cstddef.inc
-- Up-to-date: /var/db/repos/Local/tools/llvm-libc-probe/.prefix/share/libc++/v1/std.compat/cstdint.inc
-- Up-to-date: /var/db/repos/Local/tools/llvm-libc-probe/.prefix/share/libc++/v1/std.compat/cstdio.inc
-- Up-to-date: /var/db/repos/Local/tools/llvm-libc-probe/.prefix/share/libc++/v1/std.compat/cstdlib.inc
-- Up-to-date: /var/db/repos/Local/tools/llvm-libc-probe/.prefix/share/libc++/v1/std.compat/cstring.inc
-- Up-to-date: /var/db/repos/Local/tools/llvm-libc-probe/.prefix/share/libc++/v1/std.compat/ctime.inc
-- Up-to-date: /var/db/repos/Local/tools/llvm-libc-probe/.prefix/share/libc++/v1/std.compat/cuchar.inc
-- Up-to-date: /var/db/repos/Local/tools/llvm-libc-probe/.prefix/share/libc++/v1/std.compat/cwchar.inc
-- Up-to-date: /var/db/repos/Local/tools/llvm-libc-probe/.prefix/share/libc++/v1/std.compat/cwctype.inc
-- Installing: /var/db/repos/Local/tools/llvm-libc-probe/.prefix/share/libc++/v1/std.cppm
-- Installing: /var/db/repos/Local/tools/llvm-libc-probe/.prefix/share/libc++/v1/std.compat.cppm
-- Installing: /var/db/repos/Local/tools/llvm-libc-probe/.prefix/lib/libc++.modules.json
[1;34m==>[0m artifacts:
    /var/db/repos/Local/tools/llvm-libc-probe/.prefix/lib/libunwind.a
    /var/db/repos/Local/tools/llvm-libc-probe/.prefix/lib/libc++abi.a
    /var/db/repos/Local/tools/llvm-libc-probe/.prefix/lib/libc++.a
    /var/db/repos/Local/tools/llvm-libc-probe/.prefix/lib/libc++experimental.a
EXT_BUILD_EXIT=0
