[1;34m==>[0m building the llvm-libc compatibility shim
    /var/db/repos/Local/tools/llvm-libc-probe/.prefix/lib/libllvmlibccompat.a
[1;34m==>[0m configuring libunwind + libcxxabi + libcxx against llvm-libc
[1;34m==>[0m   threads=OFF locale=OFF wide=OFF fs=OFF
-- Performing standalone runtimes build.
-- The C compiler identification is Clang 22.1.8
-- The CXX compiler identification is Clang 22.1.8
-- The ASM compiler identification is Clang with GNU-like command-line
-- Found assembler: /usr/lib/llvm/22/bin/clang
-- Detecting C compiler ABI info
-- Detecting C compiler ABI info - done
-- Check for working C compiler: /usr/lib/llvm/22/bin/clang - skipped
-- Detecting C compile features
-- Detecting C compile features - done
-- Detecting CXX compiler ABI info
-- Detecting CXX compiler ABI info - done
-- Check for working CXX compiler: /usr/lib/llvm/22/bin/clang++ - skipped
-- Detecting CXX compile features
-- Detecting CXX compile features - done
-- Could NOT find LLVM (missing: LLVM_DIR)
-- Could NOT find Clang (missing: Clang_DIR)
-- Performing Test CXX_SUPPORTS_UNWINDLIB_EQ_NONE_FLAG
-- Performing Test CXX_SUPPORTS_UNWINDLIB_EQ_NONE_FLAG - Success
-- Performing Test C_SUPPORTS_START_NO_UNUSED_ARGUMENTS
-- Performing Test C_SUPPORTS_START_NO_UNUSED_ARGUMENTS - Success
-- Performing Test CXX_SUPPORTS_NOSTDLIBXX_FLAG
-- Performing Test CXX_SUPPORTS_NOSTDLIBXX_FLAG - Success
-- Performing Test CXX_SUPPORTS_NOSTDINCXX_FLAG
-- Performing Test CXX_SUPPORTS_NOSTDINCXX_FLAG - Success
-- Linker detection: GNU ld
-- Performing Test LLVM_USES_LIBSTDCXX
-- Performing Test LLVM_USES_LIBSTDCXX - Failed
-- Performing Test LLVM_DEFAULT_TO_GLIBCXX_USE_CXX11_ABI
-- Performing Test LLVM_DEFAULT_TO_GLIBCXX_USE_CXX11_ABI - Failed
-- Performing Test SUPPORTS_FVISIBILITY_INLINES_HIDDEN_FLAG
-- Performing Test SUPPORTS_FVISIBILITY_INLINES_HIDDEN_FLAG - Success
-- Performing Test CXX_SUPPORTS_SUGGEST_OVERRIDE_FLAG
-- Performing Test CXX_SUPPORTS_SUGGEST_OVERRIDE_FLAG - Success
-- Performing Test CXX_WSUGGEST_OVERRIDE_ALLOWS_ONLY_FINAL
-- Performing Test CXX_WSUGGEST_OVERRIDE_ALLOWS_ONLY_FINAL - Success
-- Performing Test C_WCOMMENT_ALLOWS_LINE_WRAP
-- Performing Test C_WCOMMENT_ALLOWS_LINE_WRAP - Success
-- Performing Test C_SUPPORTS_MISLEADING_INDENTATION_FLAG
-- Performing Test C_SUPPORTS_MISLEADING_INDENTATION_FLAG - Success
-- Performing Test CXX_SUPPORTS_MISLEADING_INDENTATION_FLAG
-- Performing Test CXX_SUPPORTS_MISLEADING_INDENTATION_FLAG - Success
-- Performing Test C_SUPPORTS_CTAD_MAYBE_UNSPPORTED_FLAG
-- Performing Test C_SUPPORTS_CTAD_MAYBE_UNSPPORTED_FLAG - Success
-- Performing Test CXX_SUPPORTS_CTAD_MAYBE_UNSPPORTED_FLAG
-- Performing Test CXX_SUPPORTS_CTAD_MAYBE_UNSPPORTED_FLAG - Success
-- Performing Test LINKER_SUPPORTS_COLOR_DIAGNOSTICS
-- Performing Test LINKER_SUPPORTS_COLOR_DIAGNOSTICS - Failed
-- Looking for os_signpost_interval_begin
-- Looking for os_signpost_interval_begin - not found
-- Looking for flock
-- Looking for flock - not found
-- Found Python3: /usr/sbin/python3.14 (found version "3.14.7") found components: Interpreter
-- LLVM host triple: x86_64-unknown-linux-gnu
-- LLVM default target triple: x86_64-unknown-linux-gnu
-- Using libunwind testing configuration: /var/db/repos/Local/tools/llvm-libc-probe/.src/llvm-project/libunwind/test/configs/llvm-libunwind-static.cfg.in
-- Looking for __mips_hard_float
-- Looking for __mips_hard_float - not found
-- Looking for _ABIO32
-- Looking for _ABIO32 - not found
-- Looking for fopen in c
-- Looking for fopen in c - found
-- Performing Test C_SUPPORTS_COMMENT_LIB_PRAGMA
-- Performing Test C_SUPPORTS_COMMENT_LIB_PRAGMA - Success
-- Looking for __arm__
-- Looking for __arm__ - not found
-- Looking for __USING_SJLJ_EXCEPTIONS__
-- Looking for __USING_SJLJ_EXCEPTIONS__ - not found
-- Looking for __ARM_DWARF_EH__
-- Looking for __ARM_DWARF_EH__ - not found
-- Looking for dladdr in dl
-- Looking for dladdr in dl - found
-- Looking for pthread_once in pthread
-- Looking for pthread_once in pthread - found
-- Performing Test CXX_SUPPORTS_WERROR_EQ_RETURN_TYPE_FLAG
-- Performing Test CXX_SUPPORTS_WERROR_EQ_RETURN_TYPE_FLAG - Success
-- Performing Test CXX_SUPPORTS_FSTRICT_ALIASING_FLAG
-- Performing Test CXX_SUPPORTS_FSTRICT_ALIASING_FLAG - Success
-- Performing Test CXX_SUPPORTS_EHSC_FLAG
-- Performing Test CXX_SUPPORTS_EHSC_FLAG - Failed
-- Performing Test CXX_SUPPORTS_FUNWIND_TABLES_FLAG
-- Performing Test CXX_SUPPORTS_FUNWIND_TABLES_FLAG - Success
-- Performing Test CXX_SUPPORTS_FNO_EXCEPTIONS_FLAG
-- Performing Test CXX_SUPPORTS_FNO_EXCEPTIONS_FLAG - Success
-- Performing Test CXX_SUPPORTS_FNO_RTTI_FLAG
-- Performing Test CXX_SUPPORTS_FNO_RTTI_FLAG - Success
-- Looking for getauxval
-- Looking for getauxval - found
-- Looking for elf_aux_info
-- Looking for elf_aux_info - not found
-- Performing Test CXX_SUPPORTS_WALL_FLAG
-- Performing Test CXX_SUPPORTS_WALL_FLAG - Success
-- Performing Test CXX_SUPPORTS_WEXTRA_FLAG
-- Performing Test CXX_SUPPORTS_WEXTRA_FLAG - Success
-- Performing Test CXX_SUPPORTS_WNEWLINE_EOF_FLAG
-- Performing Test CXX_SUPPORTS_WNEWLINE_EOF_FLAG - Success
-- Performing Test CXX_SUPPORTS_WSHADOW_FLAG
-- Performing Test CXX_SUPPORTS_WSHADOW_FLAG - Success
-- Performing Test CXX_SUPPORTS_WWRITE_STRINGS_FLAG
-- Performing Test CXX_SUPPORTS_WWRITE_STRINGS_FLAG - Success
-- Performing Test CXX_SUPPORTS_WNO_UNUSED_PARAMETER_FLAG
-- Performing Test CXX_SUPPORTS_WNO_UNUSED_PARAMETER_FLAG - Success
-- Performing Test CXX_SUPPORTS_WNO_LONG_LONG_FLAG
-- Performing Test CXX_SUPPORTS_WNO_LONG_LONG_FLAG - Success
-- Performing Test CXX_SUPPORTS_WEXTRA_SEMI_FLAG
-- Performing Test CXX_SUPPORTS_WEXTRA_SEMI_FLAG - Success
-- Performing Test CXX_SUPPORTS_WUNDEF_FLAG
-- Performing Test CXX_SUPPORTS_WUNDEF_FLAG - Success
-- Performing Test CXX_SUPPORTS_WUNUSED_TEMPLATE_FLAG
-- Performing Test CXX_SUPPORTS_WUNUSED_TEMPLATE_FLAG - Success
-- Performing Test CXX_SUPPORTS_WFORMAT_NONLITERAL_FLAG
-- Performing Test CXX_SUPPORTS_WFORMAT_NONLITERAL_FLAG - Success
-- Performing Test CXX_SUPPORTS_WZERO_LENGTH_ARRAY_FLAG
-- Performing Test CXX_SUPPORTS_WZERO_LENGTH_ARRAY_FLAG - Success
-- Performing Test CXX_SUPPORTS_WDEPRECATED_REDUNDANT_CONSTEXPR_STATIC_DEF_FLAG
-- Performing Test CXX_SUPPORTS_WDEPRECATED_REDUNDANT_CONSTEXPR_STATIC_DEF_FLAG - Success
-- Performing Test CXX_SUPPORTS_WNO_NULLABILITY_COMPLETENESS_FLAG
-- Performing Test CXX_SUPPORTS_WNO_NULLABILITY_COMPLETENESS_FLAG - Success
-- Performing Test CXX_SUPPORTS_WMISSING_PROTOTYPES_FLAG
-- Performing Test CXX_SUPPORTS_WMISSING_PROTOTYPES_FLAG - Success
-- Performing Test CXX_SUPPORTS_WNO_USER_DEFINED_LITERALS_FLAG
-- Performing Test CXX_SUPPORTS_WNO_USER_DEFINED_LITERALS_FLAG - Success
-- Performing Test CXX_SUPPORTS_WNO_COVERED_SWITCH_DEFAULT_FLAG
-- Performing Test CXX_SUPPORTS_WNO_COVERED_SWITCH_DEFAULT_FLAG - Success
-- Performing Test CXX_SUPPORTS_WNO_SUGGEST_OVERRIDE_FLAG
-- Performing Test CXX_SUPPORTS_WNO_SUGGEST_OVERRIDE_FLAG - Success
-- Performing Test CXX_SUPPORTS_WNO_ERROR_FLAG
-- Performing Test CXX_SUPPORTS_WNO_ERROR_FLAG - Success
-- Performing Test CXX_SUPPORTS_PEDANTIC_FLAG
-- Performing Test CXX_SUPPORTS_PEDANTIC_FLAG - Success
-- Found Sphinx: /usr/sbin/sphinx-build
-- Using libc++abi testing configuration: /var/db/repos/Local/tools/llvm-libc-probe/.src/llvm-project/libcxxabi/test/configs/llvm-libc++abi-static.cfg.in
-- Looking for fopen in c
-- Looking for fopen in c - found
-- Looking for dladdr in dl
-- Looking for dladdr in dl - found
-- Looking for pthread_once in pthread
-- Looking for pthread_once in pthread - found
-- Looking for __cxa_thread_atexit_impl in c
-- Looking for __cxa_thread_atexit_impl in c - found
-- Performing Test C_SUPPORTS_FUNWIND_TABLES_FLAG
-- Performing Test C_SUPPORTS_FUNWIND_TABLES_FLAG - Success
-- Performing Test CXX_SUPPORTS_FSIZED_DEALLOCATION_FLAG
-- Performing Test CXX_SUPPORTS_FSIZED_DEALLOCATION_FLAG - Success
-- Using libc++ testing configuration: /var/db/repos/Local/tools/llvm-libc-probe/.src/llvm-project/libcxx/test/configs/llvm-libc++-static.cfg.in
-- Performing Test CXX_SUPPORTS_NOSTDLIBINC_FLAG
-- Performing Test CXX_SUPPORTS_NOSTDLIBINC_FLAG - Success
-- Performing Test CXX_SUPPORTS_NOLIBC_FLAG
-- Performing Test CXX_SUPPORTS_NOLIBC_FLAG - Success
-- Looking for __PICOLIBC__
-- Looking for __PICOLIBC__ - not found
-- Looking for pthread_create in pthread
-- Looking for pthread_create in pthread - found
-- Looking for clock_gettime in rt
-- Looking for clock_gettime in rt - found
-- Looking for __atomic_fetch_add_8 in atomic
-- Looking for __atomic_fetch_add_8 in atomic - found
-- Performing Test CXX_SUPPORTS_FDEBUG_PREFIX_MAP_EQ_/VAR/DB/REPOS/LOCAL/TOOLS/LLVM_LIBC_PROBE/.BUILD_CXX/INCLUDE/CXX/V1_EQ_/VAR/DB/REPOS/LOCAL/TOOLS/LLVM_LIBC_PROBE/.SRC/LLVM_PROJECT/LIBCXX/INCLUDE_FLAG
-- Performing Test CXX_SUPPORTS_FDEBUG_PREFIX_MAP_EQ_/VAR/DB/REPOS/LOCAL/TOOLS/LLVM_LIBC_PROBE/.BUILD_CXX/INCLUDE/CXX/V1_EQ_/VAR/DB/REPOS/LOCAL/TOOLS/LLVM_LIBC_PROBE/.SRC/LLVM_PROJECT/LIBCXX/INCLUDE_FLAG - Success
-- Performing Test CXX_SUPPORTS_FALIGNED_ALLOCATION_FLAG
-- Performing Test CXX_SUPPORTS_FALIGNED_ALLOCATION_FLAG - Success
-- Performing Test CXX_SUPPORTS_FVISIBILITY_INLINES_HIDDEN_FLAG
-- Performing Test CXX_SUPPORTS_FVISIBILITY_INLINES_HIDDEN_FLAG - Success
-- Performing Test CXX_SUPPORTS_FVISIBILITY_EQ_HIDDEN_FLAG
-- Performing Test CXX_SUPPORTS_FVISIBILITY_EQ_HIDDEN_FLAG - Success
-- Configuring done (8.4s)
-- Generating done (0.1s)
-- Build files have been written to: /var/db/repos/Local/tools/llvm-libc-probe/.build-cxx
[1;34m==>[0m building
ninja: Entering directory `/var/db/repos/Local/tools/llvm-libc-probe/.build-cxx'
[1/1871] Copying CXXABI header __cxxabi_config.h
[2/1871] Copying CXX header __algorithm/adjacent_find.h
[3/1871] Copying CXX header __algorithm/all_of.h
[4/1871] Copying CXX header __algorithm/binary_search.h
[5/1871] Copying CXX header __algorithm/clamp.h
[6/1871] Copying CXX header __algorithm/comp.h
[7/1871] Copying CXXABI header cxxabi.h
[8/1871] Copying CXX header __algorithm/any_of.h
[9/1871] Copying CXX header __algorithm/copy_backward.h
[10/1871] Copying CXX header __algorithm/copy_move_common.h
[11/1871] Copying CXX header __algorithm/comp_ref_type.h
[12/1871] Copying CXX header __algorithm/equal_range.h
[13/1871] Copying CXX header __algorithm/copy_if.h
[14/1871] Copying CXX header __algorithm/count.h
[15/1871] Copying CXX header __algorithm/copy_n.h
[16/1871] Copying CXX header __algorithm/count_if.h
[17/1871] Copying CXX header __algorithm/equal.h
[18/1871] Copying CXX header __algorithm/find.h
[19/1871] Copying CXX header __algorithm/for_each.h
[20/1871] Copying CXX header __algorithm/copy.h
[21/1871] Copying CXX header __algorithm/fill_n.h
[22/1871] Copying CXX header __algorithm/find_first_of.h
[23/1871] Copying CXX header __algorithm/find_segment_if.h
[24/1871] Copying CXX header __algorithm/find_end.h
[25/1871] Copying CXX header __algorithm/find_if.h
[26/1871] Copying CXX header __algorithm/find_if_not.h
[27/1871] Copying CXX header __algorithm/for_each_n_segment.h
[28/1871] Copying CXX header __algorithm/for_each_segment.h
[29/1871] Copying CXX header __algorithm/generate.h
[30/1871] Copying CXX header __algorithm/generate_n.h
[31/1871] Copying CXX header __algorithm/half_positive.h
[32/1871] Copying CXX header __algorithm/in_found_result.h
[33/1871] Copying CXX header __algorithm/in_fun_result.h
[34/1871] Copying CXX header __algorithm/fill.h
[35/1871] Copying CXX header __algorithm/in_in_result.h
[36/1871] Copying CXX header __algorithm/in_out_out_result.h
[37/1871] Copying CXX header __algorithm/in_in_out_result.h
[38/1871] Copying CXX header __algorithm/for_each_n.h
[39/1871] Copying CXX header __algorithm/in_out_result.h
[40/1871] Copying CXX header __algorithm/includes.h
[41/1871] Copying CXX header __algorithm/is_sorted.h
[42/1871] Copying CXX header __algorithm/is_permutation.h
[43/1871] Copying CXX header __algorithm/inplace_merge.h
[44/1871] Copying CXX header __algorithm/is_heap.h
[45/1871] Copying CXX header __algorithm/is_heap_until.h
[46/1871] Copying CXX header __algorithm/is_sorted_until.h
[47/1871] Copying CXX header __algorithm/lexicographical_compare_three_way.h
[48/1871] Copying CXX header __algorithm/make_heap.h
[49/1871] Copying CXX header __algorithm/max.h
[50/1871] Copying CXX header __algorithm/is_partitioned.h
[51/1871] Copying CXX header __algorithm/iterator_operations.h
[52/1871] Copying CXX header __algorithm/lexicographical_compare.h
[53/1871] Copying CXX header __algorithm/make_projected.h
[54/1871] Copying CXX header __algorithm/lower_bound.h
[55/1871] Copying CXX header __algorithm/iter_swap.h
[56/1871] Copying CXX header __algorithm/max_element.h
[57/1871] Copying CXX header __algorithm/merge.h
[58/1871] Copying CXX header __algorithm/min.h
[59/1871] Copying CXX header __algorithm/min_max_result.h
[60/1871] Copying CXX header __algorithm/minmax.h
[61/1871] Copying CXX header __algorithm/min_element.h
[62/1871] Copying CXX header __algorithm/move.h
[63/1871] Copying CXX header __algorithm/next_permutation.h
[64/1871] Copying CXX header __algorithm/nth_element.h
[65/1871] Copying CXX header __algorithm/minmax_element.h
[66/1871] Copying CXX header __algorithm/mismatch.h
[67/1871] Copying CXX header __algorithm/move_backward.h
[68/1871] Copying CXX header __algorithm/partial_sort.h
[69/1871] Copying CXX header __algorithm/none_of.h
[70/1871] Copying CXX header __algorithm/out_value_result.h
[71/1871] Copying CXX header __algorithm/partial_sort_copy.h
[72/1871] Copying CXX header __algorithm/partition.h
[73/1871] Copying CXX header __algorithm/partition_copy.h
[74/1871] Copying CXX header __algorithm/partition_point.h
[75/1871] Copying CXX header __algorithm/pop_heap.h
[76/1871] Copying CXX header __algorithm/pstl.h
[77/1871] Copying CXX header __algorithm/radix_sort.h
[78/1871] Copying CXX header __algorithm/prev_permutation.h
[79/1871] Copying CXX header __algorithm/push_heap.h
[80/1871] Copying CXX header __algorithm/ranges_any_of.h
[81/1871] Copying CXX header __algorithm/ranges_all_of.h
[82/1871] Copying CXX header __algorithm/ranges_binary_search.h
[83/1871] Copying CXX header __algorithm/ranges_clamp.h
[84/1871] Copying CXX header __algorithm/ranges_contains_subrange.h
[85/1871] Copying CXX header __algorithm/ranges_copy.h
[86/1871] Copying CXX header __algorithm/ranges_count.h
[87/1871] Copying CXX header __algorithm/ranges_adjacent_find.h
[88/1871] Copying CXX header __algorithm/ranges_contains.h
[89/1871] Copying CXX header __algorithm/ranges_copy_backward.h
[90/1871] Copying CXX header __algorithm/ranges_copy_n.h
[91/1871] Copying CXX header __algorithm/ranges_ends_with.h
[92/1871] Copying CXX header __algorithm/ranges_equal.h
[93/1871] Copying CXX header __algorithm/ranges_equal_range.h
[94/1871] Copying CXX header __algorithm/ranges_copy_if.h
[95/1871] Copying CXX header __algorithm/ranges_count_if.h
[96/1871] Copying CXX header __algorithm/ranges_fill.h
[97/1871] Copying CXX header __algorithm/ranges_fill_n.h
[98/1871] Copying CXX header __algorithm/ranges_find.h
[99/1871] Copying CXX header __algorithm/ranges_find_end.h
[100/1871] Copying CXX header __algorithm/ranges_find_first_of.h
[101/1871] Copying CXX header __algorithm/ranges_find_last.h
[102/1871] Copying CXX header __algorithm/ranges_fold.h
[103/1871] Copying CXX header __algorithm/ranges_find_if.h
[104/1871] Copying CXX header __algorithm/ranges_find_if_not.h
[105/1871] Copying CXX header __algorithm/ranges_for_each.h
[106/1871] Copying CXX header __algorithm/ranges_for_each_n.h
[107/1871] Copying CXX header __algorithm/ranges_generate.h
[108/1871] Copying CXX header __algorithm/ranges_generate_n.h
[109/1871] Copying CXX header __algorithm/ranges_includes.h
[110/1871] Copying CXX header __algorithm/ranges_is_heap.h
[111/1871] Copying CXX header __algorithm/ranges_is_partitioned.h
[112/1871] Copying CXX header __algorithm/ranges_iterator_concept.h
[113/1871] Copying CXX header __algorithm/ranges_inplace_merge.h
[114/1871] Copying CXX header __algorithm/ranges_is_permutation.h
[115/1871] Copying CXX header __algorithm/ranges_is_sorted_until.h
[116/1871] Copying CXX header __algorithm/ranges_lexicographical_compare.h
[117/1871] Copying CXX header __algorithm/ranges_lower_bound.h
[118/1871] Copying CXX header __algorithm/ranges_make_heap.h
[119/1871] Copying CXX header __algorithm/ranges_is_sorted.h
[120/1871] Copying CXX header __algorithm/ranges_max.h
[121/1871] Copying CXX header __algorithm/ranges_max_element.h
[122/1871] Copying CXX header __algorithm/ranges_mismatch.h
[123/1871] Copying CXX header __algorithm/ranges_minmax_element.h
[124/1871] Copying CXX header __algorithm/ranges_move_backward.h
[125/1871] Copying CXX header __algorithm/ranges_next_permutation.h
[126/1871] Copying CXX header __algorithm/ranges_is_heap_until.h
[127/1871] Copying CXX header __algorithm/ranges_merge.h
[128/1871] Copying CXX header __algorithm/ranges_min.h
[129/1871] Copying CXX header __algorithm/ranges_min_element.h
[130/1871] Copying CXX header __algorithm/ranges_minmax.h
[131/1871] Copying CXX header __algorithm/ranges_move.h
[132/1871] Copying CXX header __algorithm/ranges_none_of.h
[133/1871] Copying CXX header __algorithm/ranges_nth_element.h
[134/1871] Copying CXX header __algorithm/ranges_partial_sort.h
[135/1871] Copying CXX header __algorithm/ranges_partition.h
[136/1871] Copying CXX header __algorithm/ranges_partition_copy.h
[137/1871] Copying CXX header __algorithm/ranges_partition_point.h
[138/1871] Copying CXX header __algorithm/ranges_partial_sort_copy.h
[139/1871] Copying CXX header __algorithm/ranges_pop_heap.h
[140/1871] Copying CXX header __algorithm/ranges_prev_permutation.h
[141/1871] Copying CXX header __algorithm/ranges_remove.h
[142/1871] Copying CXX header __algorithm/ranges_push_heap.h
[143/1871] Copying CXX header __algorithm/ranges_remove_if.h
[144/1871] Copying CXX header __algorithm/ranges_reverse_copy.h
[145/1871] Copying CXX header __algorithm/ranges_set_difference.h
[146/1871] Copying CXX header __algorithm/ranges_set_intersection.h
[147/1871] Copying CXX header __algorithm/ranges_set_symmetric_difference.h
[148/1871] Copying CXX header __algorithm/ranges_replace_if.h
[149/1871] Copying CXX header __algorithm/ranges_remove_copy.h
[150/1871] Copying CXX header __algorithm/ranges_remove_copy_if.h
[151/1871] Copying CXX header __algorithm/ranges_replace.h
[152/1871] Copying CXX header __algorithm/ranges_replace_copy.h
[153/1871] Copying CXX header __algorithm/ranges_replace_copy_if.h
[154/1871] Copying CXX header __algorithm/ranges_reverse.h
[155/1871] Copying CXX header __algorithm/ranges_rotate.h
[156/1871] Copying CXX header __algorithm/ranges_rotate_copy.h
[157/1871] Copying CXX header __algorithm/ranges_sample.h
[158/1871] Copying CXX header __algorithm/ranges_search.h
[159/1871] Copying CXX header __algorithm/ranges_search_n.h
[160/1871] Copying CXX header __algorithm/ranges_shuffle.h
[161/1871] Copying CXX header __algorithm/ranges_sort.h
[162/1871] Copying CXX header __algorithm/ranges_sort_heap.h
[163/1871] Copying CXX header __algorithm/ranges_set_union.h
[164/1871] Copying CXX header __algorithm/ranges_stable_partition.h
[165/1871] Copying CXX header __algorithm/ranges_stable_sort.h
[166/1871] Copying CXX header __algorithm/ranges_starts_with.h
[167/1871] Copying CXX header __algorithm/ranges_swap_ranges.h
[168/1871] Copying CXX header __algorithm/ranges_transform.h
[169/1871] Copying CXX header __algorithm/ranges_unique_copy.h
[170/1871] Copying CXX header __algorithm/ranges_upper_bound.h
[171/1871] Copying CXX header __algorithm/remove.h
[172/1871] Copying CXX header __algorithm/remove_if.h
[173/1871] Copying CXX header __algorithm/replace.h
[174/1871] Copying CXX header __algorithm/ranges_unique.h
[175/1871] Copying CXX header __algorithm/remove_copy.h
[176/1871] Copying CXX header __algorithm/remove_copy_if.h
[177/1871] Copying CXX header __algorithm/replace_copy.h
[178/1871] Copying CXX header __algorithm/replace_copy_if.h
[179/1871] Copying CXX header __algorithm/replace_if.h
[180/1871] Copying CXX header __algorithm/reverse.h
[181/1871] Copying CXX header __algorithm/reverse_copy.h
[182/1871] Copying CXX header __algorithm/rotate.h
[183/1871] Copying CXX header __algorithm/rotate_copy.h
[184/1871] Copying CXX header __algorithm/sample.h
[185/1871] Copying CXX header __algorithm/search.h
[186/1871] Copying CXX header __algorithm/search_n.h
[187/1871] Copying CXX header __algorithm/set_difference.h
[188/1871] Copying CXX header __algorithm/set_symmetric_difference.h
[189/1871] Copying CXX header __algorithm/set_union.h
[190/1871] Copying CXX header __algorithm/shift_right.h
[191/1871] Copying CXX header __algorithm/set_intersection.h
[192/1871] Copying CXX header __algorithm/shift_left.h
[193/1871] Copying CXX header __algorithm/shuffle.h
[194/1871] Copying CXX header __algorithm/sift_down.h
[195/1871] Copying CXX header __algorithm/simd_utils.h
[196/1871] Copying CXX header __algorithm/sort.h
[197/1871] Copying CXX header __algorithm/sort_heap.h
[198/1871] Copying CXX header __algorithm/specialized_algorithms.h
[199/1871] Copying CXX header __algorithm/stable_partition.h
[200/1871] Copying CXX header __algorithm/stable_sort.h
[201/1871] Copying CXX header __algorithm/transform.h
[202/1871] Copying CXX header __algorithm/uniform_random_bit_generator_adaptor.h
[203/1871] Copying CXX header __algorithm/swap_ranges.h
[204/1871] Copying CXX header __algorithm/three_way_comp_ref_type.h
[205/1871] Copying CXX header __algorithm/unique.h
[206/1871] Copying CXX header __algorithm/unique_copy.h
[207/1871] Copying CXX header __algorithm/unwrap_iter.h
[208/1871] Copying CXX header __algorithm/unwrap_range.h
[209/1871] Copying CXX header __assert
[210/1871] Copying CXX header __atomic/atomic.h
[211/1871] Copying CXX header __algorithm/upper_bound.h
[212/1871] Copying CXX header __atomic/aliases.h
[213/1871] Copying CXX header __atomic/atomic_flag.h
[214/1871] Copying CXX header __atomic/atomic_init.h
[215/1871] Copying CXX header __atomic/atomic_lock_free.h
[216/1871] Copying CXX header __atomic/atomic_sync.h
[217/1871] Copying CXX header __atomic/atomic_waitable_traits.h
[218/1871] Copying CXX header __atomic/check_memory_order.h
[219/1871] Copying CXX header __atomic/atomic_ref.h
[220/1871] Copying CXX header __atomic/atomic_sync_timed.h
[221/1871] Copying CXX header __atomic/support.h
[222/1871] Copying CXX header __atomic/is_always_lock_free.h
[223/1871] Copying CXX header __bit/bit_cast.h
[224/1871] Copying CXX header __atomic/contention_t.h
[225/1871] Copying CXX header __atomic/fence.h
[226/1871] Copying CXX header __atomic/support/c11.h
[227/1871] Copying CXX header __atomic/support/gcc.h
[228/1871] Copying CXX header __atomic/to_gcc_order.h
[229/1871] Copying CXX header __bit/bit_ceil.h
[230/1871] Copying CXX header __bit/blsr.h
[231/1871] Copying CXX header __bit/bit_floor.h
[232/1871] Copying CXX header __atomic/floating_point_helper.h
[233/1871] Copying CXX header __atomic/kill_dependency.h
[234/1871] Copying CXX header __atomic/memory_order.h
[235/1871] Copying CXX header __bit/bit_log2.h
[236/1871] Copying CXX header __bit/bit_width.h
[237/1871] Copying CXX header __bit/byteswap.h
[238/1871] Copying CXX header __bit/countr.h
[239/1871] Copying CXX header __bit/endian.h
[240/1871] Copying CXX header __charconv/from_chars_integral.h
[241/1871] Copying CXX header __bit/countl.h
[242/1871] Copying CXX header __bit/has_single_bit.h
[243/1871] Copying CXX header __bit/invert_if.h
[244/1871] Copying CXX header __bit/popcount.h
[245/1871] Copying CXX header __bit/rotate.h
[246/1871] Copying CXX header __charconv/chars_format.h
[247/1871] Copying CXX header __charconv/from_chars_result.h
[248/1871] Copying CXX header __charconv/tables.h
[249/1871] Copying CXX header __charconv/to_chars_base_10.h
[250/1871] Copying CXX header __bit_reference
[251/1871] Copying CXX header __charconv/from_chars_floating_point.h
[252/1871] Copying CXX header __charconv/to_chars.h
[253/1871] Copying CXX header __charconv/to_chars_floating_point.h
[254/1871] Copying CXX header __charconv/to_chars_integral.h
[255/1871] Copying CXX header __charconv/to_chars_result.h
[256/1871] Copying CXX header __charconv/traits.h
[257/1871] Copying CXX header __chrono/concepts.h
[258/1871] Copying CXX header __chrono/convert_to_timespec.h
[259/1871] Copying CXX header __chrono/convert_to_tm.h
[260/1871] Copying CXX header __chrono/day.h
[261/1871] Copying CXX header __chrono/calendar.h
[262/1871] Copying CXX header __chrono/duration.h
[263/1871] Copying CXX header __chrono/exception.h
[264/1871] Copying CXX header __chrono/file_clock.h
[265/1871] Copying CXX header __chrono/formatter.h
[266/1871] Copying CXX header __chrono/hh_mm_ss.h
[267/1871] Copying CXX header __chrono/is_clock.h
[268/1871] Copying CXX header __chrono/leap_second.h
[269/1871] Copying CXX header __chrono/literals.h
[270/1871] Copying CXX header __chrono/gps_clock.h
[271/1871] Copying CXX header __chrono/high_resolution_clock.h
[272/1871] Copying CXX header __chrono/local_info.h
[273/1871] Copying CXX header __chrono/month.h
[274/1871] Copying CXX header __chrono/month_weekday.h
[275/1871] Copying CXX header __chrono/monthday.h
[276/1871] Copying CXX header __chrono/ostream.h
[277/1871] Copying CXX header __chrono/statically_widen.h
[278/1871] Copying CXX header __chrono/sys_info.h
[279/1871] Copying CXX header __chrono/parser_std_format_spec.h
[280/1871] Copying CXX header __chrono/steady_clock.h
[281/1871] Copying CXX header __chrono/system_clock.h
[282/1871] Copying CXX header __chrono/tai_clock.h
[283/1871] Copying CXX header __chrono/time_zone.h
[284/1871] Copying CXX header __chrono/tzdb.h
[285/1871] Copying CXX header __chrono/time_point.h
[286/1871] Copying CXX header __chrono/time_zone_link.h
[287/1871] Copying CXX header __chrono/tzdb_list.h
[288/1871] Copying CXX header __chrono/weekday.h
[289/1871] Copying CXX header __chrono/year_month.h
[290/1871] Copying CXX header __chrono/year.h
[291/1871] Copying CXX header __chrono/year_month_weekday.h
[292/1871] Copying CXX header __chrono/year_month_day.h
[293/1871] Copying CXX header __chrono/utc_clock.h
[294/1871] Copying CXX header __compare/common_comparison_category.h
[295/1871] Copying CXX header __compare/compare_partial_order_fallback.h
[296/1871] Copying CXX header __compare/compare_strong_order_fallback.h
[297/1871] Copying CXX header __compare/compare_three_way.h
[298/1871] Copying CXX header __compare/ordering.h
[299/1871] Copying CXX header __compare/strong_order.h
[300/1871] Copying CXX header __compare/three_way_comparable.h
[301/1871] Copying CXX header __chrono/zoned_time.h
[302/1871] Copying CXX header __compare/compare_three_way_result.h
[303/1871] Copying CXX header __compare/compare_weak_order_fallback.h
[304/1871] Copying CXX header __compare/is_eq.h
[305/1871] Copying CXX header __compare/partial_order.h
[306/1871] Copying CXX header __compare/synth_three_way.h
[307/1871] Copying CXX header __compare/weak_order.h
[308/1871] Copying CXX header __concepts/arithmetic.h
[309/1871] Copying CXX header __concepts/boolean_testable.h
[310/1871] Copying CXX header __concepts/assignable.h
[311/1871] Copying CXX header __concepts/class_or_enum.h
[312/1871] Copying CXX header __concepts/common_reference_with.h
[313/1871] Copying CXX header __concepts/common_with.h
[314/1871] Copying CXX header __concepts/comparison_common_type.h
[315/1871] Copying CXX header __concepts/constructible.h
[316/1871] Copying CXX header __concepts/convertible_to.h
[317/1871] Copying CXX header __concepts/copyable.h
[318/1871] Copying CXX header __concepts/derived_from.h
[319/1871] Copying CXX header __concepts/destructible.h
[320/1871] Copying CXX header __concepts/equality_comparable.h
[321/1871] Copying CXX header __concepts/different_from.h
[322/1871] Copying CXX header __concepts/invocable.h
[323/1871] Copying CXX header __concepts/movable.h
[324/1871] Copying CXX header __concepts/predicate.h
[325/1871] Copying CXX header __concepts/regular.h
[326/1871] Copying CXX header __concepts/same_as.h
[327/1871] Copying CXX header __concepts/semiregular.h
[328/1871] Copying CXX header __concepts/swappable.h
[329/1871] Copying CXX header __concepts/totally_ordered.h
[330/1871] Copying CXX header __condition_variable/condition_variable.h
[331/1871] Copying CXX header __config
[332/1871] Copying CXX header __configuration/abi.h
[333/1871] Copying CXX header __configuration/compiler.h
[334/1871] Copying CXX header __concepts/relation.h
[335/1871] Copying CXX header __configuration/availability.h
[336/1871] Copying CXX header __configuration/experimental.h
[337/1871] Copying CXX header __configuration/language.h
[338/1871] Copying CXX header __configuration/hardening.h
[339/1871] Copying CXX header __coroutine/coroutine_handle.h
[340/1871] Copying CXX header __configuration/platform.h
[341/1871] Copying CXX header __coroutine/coroutine_traits.h
[342/1871] Copying CXX header __coroutine/trivial_awaitables.h
[343/1871] Copying CXX header __cxx03/__algorithm/all_of.h
[344/1871] Copying CXX header __cxx03/__algorithm/any_of.h
[345/1871] Copying CXX header __cxx03/__algorithm/binary_search.h
[346/1871] Copying CXX header __coroutine/noop_coroutine_handle.h
[347/1871] Copying CXX header __cstddef/byte.h
[348/1871] Copying CXX header __cstddef/max_align_t.h
[349/1871] Copying CXX header __cstddef/nullptr_t.h
[350/1871] Copying CXX header __cstddef/ptrdiff_t.h
[351/1871] Copying CXX header __cstddef/size_t.h
[352/1871] Copying CXX header __cxx03/__algorithm/adjacent_find.h
[353/1871] Copying CXX header __cxx03/__algorithm/comp.h
[354/1871] Copying CXX header __cxx03/__algorithm/copy_backward.h
[355/1871] Copying CXX header __cxx03/__algorithm/comp_ref_type.h
[356/1871] Copying CXX header __cxx03/__algorithm/copy.h
[357/1871] Copying CXX header __cxx03/__algorithm/copy_if.h
[358/1871] Copying CXX header __cxx03/__algorithm/copy_move_common.h
[359/1871] Copying CXX header __cxx03/__algorithm/copy_n.h
[360/1871] Copying CXX header __cxx03/__algorithm/equal.h
[361/1871] Copying CXX header __cxx03/__algorithm/find_first_of.h
[362/1871] Copying CXX header __cxx03/__algorithm/find_if.h
[363/1871] Copying CXX header __cxx03/__algorithm/count.h
[364/1871] Copying CXX header __cxx03/__algorithm/count_if.h
[365/1871] Copying CXX header __cxx03/__algorithm/equal_range.h
[366/1871] Copying CXX header __cxx03/__algorithm/fill_n.h
[367/1871] Copying CXX header __cxx03/__algorithm/find.h
[368/1871] Copying CXX header __cxx03/__algorithm/for_each.h
[369/1871] Copying CXX header __cxx03/__algorithm/for_each_segment.h
[370/1871] Copying CXX header __cxx03/__algorithm/fill.h
[371/1871] Copying CXX header __cxx03/__algorithm/find_end.h
[372/1871] Copying CXX header __cxx03/__algorithm/find_if_not.h
[373/1871] Copying CXX header __cxx03/__algorithm/find_segment_if.h
[374/1871] Copying CXX header __cxx03/__algorithm/generate_n.h
[375/1871] Copying CXX header __cxx03/__algorithm/includes.h
[376/1871] Copying CXX header __cxx03/__algorithm/is_heap_until.h
[377/1871] Copying CXX header __cxx03/__algorithm/generate.h
[378/1871] Copying CXX header __cxx03/__algorithm/half_positive.h
[379/1871] Copying CXX header __cxx03/__algorithm/inplace_merge.h
[380/1871] Copying CXX header __cxx03/__algorithm/is_heap.h
[381/1871] Copying CXX header __cxx03/__algorithm/is_partitioned.h
[382/1871] Copying CXX header __cxx03/__algorithm/is_permutation.h
[383/1871] Copying CXX header __cxx03/__algorithm/is_sorted.h
[384/1871] Copying CXX header __cxx03/__algorithm/is_sorted_until.h
[385/1871] Copying CXX header __cxx03/__algorithm/lower_bound.h
[386/1871] Copying CXX header __cxx03/__algorithm/make_heap.h
[387/1871] Copying CXX header __cxx03/__algorithm/merge.h
[388/1871] Copying CXX header __cxx03/__algorithm/iter_swap.h
[389/1871] Copying CXX header __cxx03/__algorithm/iterator_operations.h
[390/1871] Copying CXX header __cxx03/__algorithm/lexicographical_compare.h
[391/1871] Copying CXX header __cxx03/__algorithm/make_projected.h
[392/1871] Copying CXX header __cxx03/__algorithm/max.h
[393/1871] Copying CXX header __cxx03/__algorithm/max_element.h
[394/1871] Copying CXX header __cxx03/__algorithm/min.h
[395/1871] Copying CXX header __cxx03/__algorithm/min_element.h
[396/1871] Copying CXX header __cxx03/__algorithm/minmax.h
[397/1871] Copying CXX header __cxx03/__algorithm/minmax_element.h
[398/1871] Copying CXX header __cxx03/__algorithm/mismatch.h
[399/1871] Copying CXX header __cxx03/__algorithm/move.h
[400/1871] Copying CXX header __cxx03/__algorithm/move_backward.h
[401/1871] Copying CXX header __cxx03/__algorithm/nth_element.h
[402/1871] Copying CXX header __cxx03/__algorithm/partial_sort.h
[403/1871] Copying CXX header __cxx03/__algorithm/partition.h
[404/1871] Copying CXX header __cxx03/__algorithm/partition_point.h
[405/1871] Copying CXX header __cxx03/__algorithm/next_permutation.h
[406/1871] Copying CXX header __cxx03/__algorithm/none_of.h
[407/1871] Copying CXX header __cxx03/__algorithm/partial_sort_copy.h
[408/1871] Copying CXX header __cxx03/__algorithm/partition_copy.h
[409/1871] Copying CXX header __cxx03/__algorithm/pop_heap.h
[410/1871] Copying CXX header __cxx03/__algorithm/remove.h
[411/1871] Copying CXX header __cxx03/__algorithm/push_heap.h
[412/1871] Copying CXX header __cxx03/__algorithm/replace_if.h
[413/1871] Copying CXX header __cxx03/__algorithm/rotate.h
[414/1871] Copying CXX header __cxx03/__algorithm/rotate_copy.h
[415/1871] Copying CXX header __cxx03/__algorithm/prev_permutation.h
[416/1871] Copying CXX header __cxx03/__algorithm/remove_copy.h
[417/1871] Copying CXX header __cxx03/__algorithm/remove_copy_if.h
[418/1871] Copying CXX header __cxx03/__algorithm/replace_copy.h
[419/1871] Copying CXX header __cxx03/__algorithm/replace_copy_if.h
[420/1871] Copying CXX header __cxx03/__algorithm/reverse.h
[421/1871] Copying CXX header __cxx03/__algorithm/search.h
[422/1871] Copying CXX header __cxx03/__algorithm/search_n.h
[423/1871] Copying CXX header __cxx03/__algorithm/remove_if.h
[424/1871] Copying CXX header __cxx03/__algorithm/replace.h
[425/1871] Copying CXX header __cxx03/__algorithm/reverse_copy.h
[426/1871] Copying CXX header __cxx03/__algorithm/set_difference.h
[427/1871] Copying CXX header __cxx03/__algorithm/set_intersection.h
[428/1871] Copying CXX header __cxx03/__algorithm/set_symmetric_difference.h
[429/1871] Copying CXX header __cxx03/__algorithm/set_union.h
[430/1871] Copying CXX header __cxx03/__algorithm/shuffle.h
[431/1871] Copying CXX header __cxx03/__algorithm/sift_down.h
[432/1871] Copying CXX header __cxx03/__algorithm/simd_utils.h
[433/1871] Copying CXX header __cxx03/__algorithm/sort.h
[434/1871] Copying CXX header __cxx03/__algorithm/sort_heap.h
[435/1871] Copying CXX header __cxx03/__algorithm/stable_partition.h
[436/1871] Copying CXX header __cxx03/__algorithm/stable_sort.h
[437/1871] Copying CXX header __cxx03/__algorithm/three_way_comp_ref_type.h
[438/1871] Copying CXX header __cxx03/__algorithm/transform.h
[439/1871] Copying CXX header __cxx03/__algorithm/swap_ranges.h
[440/1871] Copying CXX header __cxx03/__algorithm/uniform_random_bit_generator_adaptor.h
[441/1871] Copying CXX header __cxx03/__algorithm/unique.h
[442/1871] Copying CXX header __cxx03/__algorithm/unique_copy.h
[443/1871] Copying CXX header __cxx03/__algorithm/unwrap_iter.h
[444/1871] Copying CXX header __cxx03/__algorithm/unwrap_range.h
[445/1871] Copying CXX header __cxx03/__algorithm/upper_bound.h
[446/1871] Copying CXX header __cxx03/__assert
[447/1871] Copying CXX header __cxx03/__atomic/aliases.h
[448/1871] Copying CXX header __cxx03/__atomic/atomic.h
[449/1871] Copying CXX header __cxx03/__atomic/atomic_base.h
[450/1871] Copying CXX header __cxx03/__atomic/atomic_flag.h
[451/1871] Copying CXX header __cxx03/__atomic/atomic_init.h
[452/1871] Copying CXX header __cxx03/__atomic/atomic_lock_free.h
[453/1871] Copying CXX header __cxx03/__atomic/atomic_sync.h
[454/1871] Copying CXX header __cxx03/__atomic/check_memory_order.h
[455/1871] Copying CXX header __cxx03/__atomic/contention_t.h
[456/1871] Copying CXX header __cxx03/__atomic/cxx_atomic_impl.h
[457/1871] Copying CXX header __cxx03/__atomic/fence.h
[458/1871] Copying CXX header __cxx03/__atomic/is_always_lock_free.h
[459/1871] Copying CXX header __cxx03/__atomic/to_gcc_order.h
[460/1871] Copying CXX header __cxx03/__atomic/kill_dependency.h
[461/1871] Copying CXX header __cxx03/__atomic/memory_order.h
[462/1871] Copying CXX header __cxx03/__bit/blsr.h
[463/1871] Copying CXX header __cxx03/__bit/countl.h
[464/1871] Copying CXX header __cxx03/__bit/countr.h
[465/1871] Copying CXX header __cxx03/__bit/popcount.h
[466/1871] Copying CXX header __cxx03/__bit_reference
[467/1871] Copying CXX header __cxx03/__chrono/duration.h
[468/1871] Copying CXX header __cxx03/__bit/invert_if.h
[469/1871] Copying CXX header __cxx03/__bit/rotate.h
[470/1871] Copying CXX header __cxx03/__chrono/convert_to_timespec.h
[471/1871] Copying CXX header __cxx03/__chrono/high_resolution_clock.h
[472/1871] Copying CXX header __cxx03/__chrono/steady_clock.h
[473/1871] Copying CXX header __cxx03/__chrono/system_clock.h
[474/1871] Copying CXX header __cxx03/__chrono/time_point.h
[475/1871] Copying CXX header __cxx03/__condition_variable/condition_variable.h
[476/1871] Copying CXX header __cxx03/__config
[477/1871] Copying CXX header __cxx03/__configuration/abi.h
[478/1871] Copying CXX header __cxx03/__configuration/availability.h
[479/1871] Copying CXX header __cxx03/__configuration/compiler.h
[480/1871] Copying CXX header __cxx03/__debug_utils/randomize_range.h
[481/1871] Copying CXX header __cxx03/__configuration/config_site_shim.h
[482/1871] Copying CXX header __cxx03/__configuration/language.h
[483/1871] Copying CXX header __cxx03/__configuration/platform.h
[484/1871] Copying CXX header __cxx03/__debug_utils/sanitizers.h
[485/1871] Copying CXX header __cxx03/__debug_utils/strict_weak_ordering_check.h
[486/1871] Copying CXX header __cxx03/__exception/exception_ptr.h
[487/1871] Copying CXX header __cxx03/__exception/operations.h
[488/1871] Copying CXX header __cxx03/__exception/exception.h
[489/1871] Copying CXX header __cxx03/__exception/nested_exception.h
[490/1871] Copying CXX header __cxx03/__exception/terminate.h
[491/1871] Copying CXX header __cxx03/__functional/binary_function.h
[492/1871] Copying CXX header __cxx03/__functional/bind.h
[493/1871] Copying CXX header __cxx03/__functional/binder1st.h
[494/1871] Copying CXX header __cxx03/__functional/binder2nd.h
[495/1871] Copying CXX header __cxx03/__functional/hash.h
[496/1871] Copying CXX header __cxx03/__functional/binary_negate.h
[497/1871] Copying CXX header __cxx03/__functional/identity.h
[498/1871] Copying CXX header __cxx03/__functional/mem_fn.h
[499/1871] Copying CXX header __cxx03/__functional/pointer_to_binary_function.h
[500/1871] Copying CXX header __cxx03/__functional/reference_wrapper.h
[501/1871] Copying CXX header __cxx03/__functional/unary_function.h
[502/1871] Copying CXX header __cxx03/__functional/mem_fun_ref.h
[503/1871] Copying CXX header __cxx03/__functional/operations.h
[504/1871] Copying CXX header __cxx03/__functional/pointer_to_unary_function.h
[505/1871] Copying CXX header __cxx03/__functional/unary_negate.h
[506/1871] Copying CXX header __cxx03/__fwd/deque.h
[507/1871] Copying CXX header __cxx03/__fwd/array.h
[508/1871] Copying CXX header __cxx03/__fwd/bit_reference.h
[509/1871] Copying CXX header __cxx03/__fwd/complex.h
[510/1871] Copying CXX header __cxx03/__fwd/fstream.h
[511/1871] Copying CXX header __cxx03/__functional/weak_result_type.h
[512/1871] Copying CXX header __cxx03/__fwd/functional.h
[513/1871] Copying CXX header __cxx03/__fwd/istream.h
[514/1871] Copying CXX header __cxx03/__fwd/ostream.h
[515/1871] Copying CXX header __cxx03/__fwd/sstream.h
[516/1871] Copying CXX header __cxx03/__fwd/string.h
[517/1871] Copying CXX header __cxx03/__fwd/ios.h
[518/1871] Copying CXX header __cxx03/__fwd/memory.h
[519/1871] Copying CXX header __cxx03/__fwd/pair.h
[520/1871] Copying CXX header __cxx03/__fwd/queue.h
[521/1871] Copying CXX header __cxx03/__fwd/stack.h
[522/1871] Copying CXX header __cxx03/__fwd/streambuf.h
[523/1871] Copying CXX header __cxx03/__fwd/string_view.h
[524/1871] Copying CXX header __cxx03/__fwd/tuple.h
[525/1871] Copying CXX header __cxx03/__fwd/vector.h
[526/1871] Copying CXX header __cxx03/__hash_table
[527/1871] Copying CXX header __cxx03/__ios/fpos.h
[528/1871] Copying CXX header __cxx03/__iterator/access.h
[529/1871] Copying CXX header __cxx03/__iterator/advance.h
[530/1871] Copying CXX header __cxx03/__iterator/aliasing_iterator.h
[531/1871] Copying CXX header __cxx03/__iterator/bounded_iter.h
[532/1871] Copying CXX header __cxx03/__iterator/distance.h
[533/1871] Copying CXX header __cxx03/__iterator/erase_if_container.h
[534/1871] Copying CXX header __cxx03/__iterator/insert_iterator.h
[535/1871] Copying CXX header __cxx03/__iterator/istream_iterator.h
[536/1871] Copying CXX header __cxx03/__iterator/back_insert_iterator.h
[537/1871] Copying CXX header __cxx03/__iterator/front_insert_iterator.h
[538/1871] Copying CXX header __cxx03/__iterator/istreambuf_iterator.h
[539/1871] Copying CXX header __cxx03/__iterator/iterator.h
[540/1871] Copying CXX header __cxx03/__iterator/iterator_traits.h
[541/1871] Copying CXX header __cxx03/__iterator/ostream_iterator.h
[542/1871] Copying CXX header __cxx03/__iterator/ostreambuf_iterator.h
[543/1871] Copying CXX header __cxx03/__iterator/prev.h
[544/1871] Copying CXX header __cxx03/__iterator/next.h
[545/1871] Copying CXX header __cxx03/__iterator/segmented_iterator.h
[546/1871] Copying CXX header __cxx03/__iterator/wrap_iter.h
[547/1871] Copying CXX header __cxx03/__locale_dir/locale_base_api/bsd_locale_fallbacks.h
[548/1871] Copying CXX header __cxx03/__locale
[549/1871] Copying CXX header __cxx03/__locale_dir/locale_base_api/android.h
[550/1871] Copying CXX header __cxx03/__locale_dir/locale_base_api.h
[551/1871] Copying CXX header __cxx03/__locale_dir/locale_base_api/locale_guard.h
[552/1871] Copying CXX header __cxx03/__iterator/reverse_iterator.h
[553/1871] Copying CXX header __cxx03/__locale_dir/locale_base_api/bsd_locale_defaults.h
[554/1871] Copying CXX header __cxx03/__locale_dir/locale_base_api/fuchsia.h
[555/1871] Copying CXX header __cxx03/__locale_dir/locale_base_api/ibm.h
[556/1871] Copying CXX header __cxx03/__locale_dir/locale_base_api/newlib.h
[557/1871] Copying CXX header __cxx03/__iterator/move_iterator.h
[558/1871] Copying CXX header __cxx03/__locale_dir/locale_base_api/musl.h
[559/1871] Copying CXX header __cxx03/__locale_dir/locale_base_api/openbsd.h
[560/1871] Copying CXX header __cxx03/__locale_dir/locale_base_api/win32.h
[561/1871] Copying CXX header __cxx03/__math/abs.h
[562/1871] Copying CXX header __cxx03/__math/copysign.h
[563/1871] Copying CXX header __cxx03/__math/error_functions.h
[564/1871] Copying CXX header __cxx03/__math/exponential_functions.h
[565/1871] Copying CXX header __cxx03/__math/fdim.h
[566/1871] Copying CXX header __cxx03/__math/fma.h
[567/1871] Copying CXX header __cxx03/__math/gamma.h
[568/1871] Copying CXX header __cxx03/__math/inverse_trigonometric_functions.h
[569/1871] Copying CXX header __cxx03/__math/logarithms.h
[570/1871] Copying CXX header __cxx03/__math/inverse_hyperbolic_functions.h
[571/1871] Copying CXX header __cxx03/__math/modulo.h
[572/1871] Copying CXX header __cxx03/__math/traits.h
[573/1871] Copying CXX header __cxx03/__math/trigonometric_functions.h
[574/1871] Copying CXX header __cxx03/__math/hyperbolic_functions.h
[575/1871] Copying CXX header __cxx03/__math/hypot.h
[576/1871] Copying CXX header __cxx03/__math/roots.h
[577/1871] Copying CXX header __cxx03/__math/min_max.h
[578/1871] Copying CXX header __cxx03/__math/remainder.h
[579/1871] Copying CXX header __cxx03/__math/rounding_functions.h
[580/1871] Copying CXX header __cxx03/__mbstate_t.h
[581/1871] Copying CXX header __cxx03/__memory/addressof.h
[582/1871] Copying CXX header __cxx03/__memory/align.h
[583/1871] Copying CXX header __cxx03/__memory/allocate_at_least.h
[584/1871] Copying CXX header __cxx03/__memory/allocation_guard.h
[585/1871] Copying CXX header __cxx03/__memory/aligned_alloc.h
[586/1871] Copying CXX header __cxx03/__memory/allocator.h
[587/1871] Copying CXX header __cxx03/__memory/allocator_arg_t.h
[588/1871] Copying CXX header __cxx03/__memory/allocator_destructor.h
[589/1871] Copying CXX header __cxx03/__memory/allocator_traits.h
[590/1871] Copying CXX header __cxx03/__memory/assume_aligned.h
[591/1871] Copying CXX header __cxx03/__memory/pointer_traits.h
[592/1871] Copying CXX header __cxx03/__memory/auto_ptr.h
[593/1871] Copying CXX header __cxx03/__memory/builtin_new_allocator.h
[594/1871] Copying CXX header __cxx03/__memory/destruct_n.h
[595/1871] Copying CXX header __cxx03/__memory/swap_allocator.h
[596/1871] Copying CXX header __cxx03/__memory/temp_value.h
[597/1871] Copying CXX header __cxx03/__memory/uninitialized_algorithms.h
[598/1871] Copying CXX header __cxx03/__memory/construct_at.h
[599/1871] Copying CXX header __cxx03/__memory/raw_storage_iterator.h
[600/1871] Copying CXX header __cxx03/__memory/shared_ptr.h
[601/1871] Copying CXX header __cxx03/__memory/unique_ptr.h
[602/1871] Copying CXX header __cxx03/__memory/voidify.h
[603/1871] Copying CXX header __cxx03/__mutex/mutex.h
[604/1871] Copying CXX header __cxx03/__memory/compressed_pair.h
[605/1871] Copying CXX header __cxx03/__memory/temporary_buffer.h
[606/1871] Copying CXX header __cxx03/__mutex/once_flag.h
[607/1871] Copying CXX header __cxx03/__memory/uses_allocator.h
[608/1871] Copying CXX header __cxx03/__mutex/lock_guard.h
[609/1871] Copying CXX header __cxx03/__mutex/tag_types.h
[610/1871] Copying CXX header __cxx03/__mutex/unique_lock.h
[611/1871] Copying CXX header __cxx03/__numeric/adjacent_difference.h
[612/1871] Copying CXX header __cxx03/__numeric/inner_product.h
[613/1871] Copying CXX header __cxx03/__numeric/iota.h
[614/1871] Copying CXX header __cxx03/__numeric/partial_sum.h
[615/1871] Copying CXX header __cxx03/__ostream/basic_ostream.h
[616/1871] Copying CXX header __cxx03/__random/bernoulli_distribution.h
[617/1871] Copying CXX header __cxx03/__random/binomial_distribution.h
[618/1871] Copying CXX header __cxx03/__random/cauchy_distribution.h
[619/1871] Copying CXX header __cxx03/__numeric/accumulate.h
[620/1871] Copying CXX header __cxx03/__random/chi_squared_distribution.h
[621/1871] Copying CXX header __cxx03/__random/clamp_to_integral.h
[622/1871] Copying CXX header __cxx03/__random/default_random_engine.h
[623/1871] Copying CXX header __cxx03/__random/discrete_distribution.h
[624/1871] Copying CXX header __cxx03/__random/exponential_distribution.h
[625/1871] Copying CXX header __cxx03/__random/extreme_value_distribution.h
[626/1871] Copying CXX header __cxx03/__random/fisher_f_distribution.h
[627/1871] Copying CXX header __cxx03/__random/gamma_distribution.h
[628/1871] Copying CXX header __cxx03/__random/discard_block_engine.h
[629/1871] Copying CXX header __cxx03/__random/generate_canonical.h
[630/1871] Copying CXX header __cxx03/__random/geometric_distribution.h
[631/1871] Copying CXX header __cxx03/__random/independent_bits_engine.h
[632/1871] Copying CXX header __cxx03/__random/is_seed_sequence.h
[633/1871] Copying CXX header __cxx03/__random/is_valid.h
[634/1871] Copying CXX header __cxx03/__random/linear_congruential_engine.h
[635/1871] Copying CXX header __cxx03/__random/knuth_b.h
[636/1871] Copying CXX header __cxx03/__random/log2.h
[637/1871] Copying CXX header __cxx03/__random/mersenne_twister_engine.h
[638/1871] Copying CXX header __cxx03/__random/negative_binomial_distribution.h
[639/1871] Copying CXX header __cxx03/__random/normal_distribution.h
[640/1871] Copying CXX header __cxx03/__random/piecewise_constant_distribution.h
[641/1871] Copying CXX header __cxx03/__random/piecewise_linear_distribution.h
[642/1871] Copying CXX header __cxx03/__random/poisson_distribution.h
[643/1871] Copying CXX header __cxx03/__random/random_device.h
[644/1871] Copying CXX header __cxx03/__random/ranlux.h
[645/1871] Copying CXX header __cxx03/__random/seed_seq.h
[646/1871] Copying CXX header __cxx03/__random/lognormal_distribution.h
[647/1871] Copying CXX header __cxx03/__random/shuffle_order_engine.h
[648/1871] Copying CXX header __cxx03/__random/student_t_distribution.h
[649/1871] Copying CXX header __cxx03/__random/subtract_with_carry_engine.h
[650/1871] Copying CXX header __cxx03/__random/uniform_int_distribution.h
[651/1871] Copying CXX header __cxx03/__random/uniform_real_distribution.h
[652/1871] Copying CXX header __cxx03/__random/weibull_distribution.h
[653/1871] Copying CXX header __cxx03/__split_buffer
[654/1871] Copying CXX header __cxx03/__std_clang_module
[655/1871] Copying CXX header __cxx03/__std_mbstate_t.h
[656/1871] Copying CXX header __cxx03/__string/char_traits.h
[657/1871] Copying CXX header __cxx03/__string/constexpr_c_functions.h
[658/1871] Copying CXX header __cxx03/__string/extern_template_lists.h
[659/1871] Copying CXX header __cxx03/__support/ibm/gettod_zos.h
[660/1871] Copying CXX header __cxx03/__support/ibm/locale_mgmt_zos.h
[661/1871] Copying CXX header __cxx03/__support/xlocale/__posix_l_fallback.h
[662/1871] Copying CXX header __cxx03/__support/xlocale/__nop_locale_mgmt.h
[663/1871] Copying CXX header __cxx03/__support/xlocale/__strtonum_fallback.h
[664/1871] Copying CXX header __cxx03/__thread/support.h
[665/1871] Copying CXX header __cxx03/__thread/support/c11.h
[666/1871] Copying CXX header __cxx03/__support/ibm/nanosleep.h
[667/1871] Copying CXX header __cxx03/__system_error/errc.h
[668/1871] Copying CXX header __cxx03/__system_error/error_category.h
[669/1871] Copying CXX header __cxx03/__system_error/error_code.h
[670/1871] Copying CXX header __cxx03/__system_error/error_condition.h
[671/1871] Copying CXX header __cxx03/__system_error/system_error.h
[672/1871] Copying CXX header __cxx03/__thread/id.h
[673/1871] Copying CXX header __cxx03/__thread/poll_with_backoff.h
[674/1871] Copying CXX header __cxx03/__thread/support/external.h
[675/1871] Copying CXX header __cxx03/__thread/support/pthread.h
[676/1871] Copying CXX header __cxx03/__thread/support/windows.h
[677/1871] Copying CXX header __cxx03/__thread/this_thread.h
[678/1871] Copying CXX header __cxx03/__thread/thread.h
[679/1871] Copying CXX header __cxx03/__tree
[680/1871] Copying CXX header __cxx03/__tuple/find_index.h
[681/1871] Copying CXX header __cxx03/__tuple/make_tuple_types.h
[682/1871] Copying CXX header __cxx03/__tuple/tuple_element.h
[683/1871] Copying CXX header __cxx03/__tuple/tuple_indices.h
[684/1871] Copying CXX header __cxx03/__thread/timed_backoff_policy.h
[685/1871] Copying CXX header __cxx03/__tuple/tuple_like_ext.h
[686/1871] Copying CXX header __cxx03/__tuple/tuple_like_no_subrange.h
[687/1871] Copying CXX header __cxx03/__tuple/sfinae_helpers.h
[688/1871] Copying CXX header __cxx03/__type_traits/add_rvalue_reference.h
[689/1871] Copying CXX header __cxx03/__tuple/tuple_like.h
[690/1871] Copying CXX header __cxx03/__type_traits/add_cv.h
[691/1871] Copying CXX header __cxx03/__tuple/tuple_size.h
[692/1871] Copying CXX header __cxx03/__type_traits/add_volatile.h
[693/1871] Copying CXX header __cxx03/__tuple/tuple_types.h
[694/1871] Copying CXX header __cxx03/__type_traits/add_lvalue_reference.h
[695/1871] Copying CXX header __cxx03/__type_traits/aligned_storage.h
[696/1871] Copying CXX header __cxx03/__type_traits/aligned_union.h
[697/1871] Copying CXX header __cxx03/__type_traits/alignment_of.h
[698/1871] Copying CXX header __cxx03/__type_traits/add_const.h
[699/1871] Copying CXX header __cxx03/__type_traits/add_pointer.h
[700/1871] Copying CXX header __cxx03/__type_traits/can_extract_key.h
[701/1871] Copying CXX header __cxx03/__type_traits/conditional.h
[702/1871] Copying CXX header __cxx03/__type_traits/conjunction.h
[703/1871] Copying CXX header __cxx03/__type_traits/decay.h
[704/1871] Copying CXX header __cxx03/__type_traits/common_type.h
[705/1871] Copying CXX header __cxx03/__type_traits/copy_cv.h
[706/1871] Copying CXX header __cxx03/__type_traits/copy_cvref.h
[707/1871] Copying CXX header __cxx03/__type_traits/datasizeof.h
[708/1871] Copying CXX header __cxx03/__type_traits/disjunction.h
[709/1871] Copying CXX header __cxx03/__type_traits/enable_if.h
[710/1871] Copying CXX header __cxx03/__type_traits/has_virtual_destructor.h
[711/1871] Copying CXX header __cxx03/__type_traits/integral_constant.h
[712/1871] Copying CXX header __cxx03/__type_traits/invoke.h
[713/1871] Copying CXX header __cxx03/__type_traits/desugars_to.h
[714/1871] Copying CXX header __cxx03/__type_traits/is_abstract.h
[715/1871] Copying CXX header __cxx03/__type_traits/extent.h
[716/1871] Copying CXX header __cxx03/__type_traits/is_allocator.h
[717/1871] Copying CXX header __cxx03/__type_traits/is_arithmetic.h
[718/1871] Copying CXX header __cxx03/__type_traits/is_always_bitcastable.h
[719/1871] Copying CXX header __cxx03/__type_traits/is_compound.h
[720/1871] Copying CXX header __cxx03/__type_traits/dependent_type.h
[721/1871] Copying CXX header __cxx03/__type_traits/is_callable.h
[722/1871] Copying CXX header __cxx03/__type_traits/is_array.h
[723/1871] Copying CXX header __cxx03/__type_traits/is_assignable.h
[724/1871] Copying CXX header __cxx03/__type_traits/is_bounded_array.h
[725/1871] Copying CXX header __cxx03/__type_traits/is_char_like_type.h
[726/1871] Copying CXX header __cxx03/__type_traits/is_base_of.h
[727/1871] Copying CXX header __cxx03/__type_traits/is_class.h
[728/1871] Copying CXX header __cxx03/__type_traits/is_constant_evaluated.h
[729/1871] Copying CXX header __cxx03/__type_traits/is_convertible.h
[730/1871] Copying CXX header __cxx03/__type_traits/is_const.h
[731/1871] Copying CXX header __cxx03/__type_traits/is_constructible.h
[732/1871] Copying CXX header __cxx03/__type_traits/is_core_convertible.h
[733/1871] Copying CXX header __cxx03/__type_traits/is_destructible.h
[734/1871] Copying CXX header __cxx03/__type_traits/is_empty.h
[735/1871] Copying CXX header __cxx03/__type_traits/is_enum.h
[736/1871] Copying CXX header __cxx03/__type_traits/is_equality_comparable.h
[737/1871] Copying CXX header __cxx03/__type_traits/is_execution_policy.h
[738/1871] Copying CXX header __cxx03/__type_traits/is_floating_point.h
[739/1871] Copying CXX header __cxx03/__type_traits/is_final.h
[740/1871] Copying CXX header __cxx03/__type_traits/is_function.h
[741/1871] Copying CXX header __cxx03/__type_traits/is_fundamental.h
[742/1871] Copying CXX header __cxx03/__type_traits/is_implicitly_default_constructible.h
[743/1871] Copying CXX header __cxx03/__type_traits/is_integral.h
[744/1871] Copying CXX header __cxx03/__type_traits/is_literal_type.h
[745/1871] Copying CXX header __cxx03/__type_traits/is_member_pointer.h
[746/1871] Copying CXX header __cxx03/__type_traits/is_nothrow_constructible.h
[747/1871] Copying CXX header __cxx03/__type_traits/is_nothrow_destructible.h
[748/1871] Copying CXX header __cxx03/__type_traits/is_null_pointer.h
[749/1871] Copying CXX header __cxx03/__type_traits/is_pod.h
[750/1871] Copying CXX header __cxx03/__type_traits/is_pointer.h
[751/1871] Copying CXX header __cxx03/__type_traits/is_polymorphic.h
[752/1871] Copying CXX header __cxx03/__type_traits/is_nothrow_assignable.h
[753/1871] Copying CXX header __cxx03/__type_traits/is_object.h
[754/1871] Copying CXX header __cxx03/__type_traits/is_primary_template.h
[755/1871] Copying CXX header __cxx03/__type_traits/is_reference.h
[756/1871] Copying CXX header __cxx03/__type_traits/is_reference_wrapper.h
[757/1871] Copying CXX header __cxx03/__type_traits/is_referenceable.h
[758/1871] Copying CXX header __cxx03/__type_traits/is_signed.h
[759/1871] Copying CXX header __cxx03/__type_traits/is_signed_integer.h
[760/1871] Copying CXX header __cxx03/__type_traits/is_same.h
[761/1871] Copying CXX header __cxx03/__type_traits/is_scalar.h
[762/1871] Copying CXX header __cxx03/__type_traits/is_specialization.h
[763/1871] Copying CXX header __cxx03/__type_traits/is_standard_layout.h
[764/1871] Copying CXX header __cxx03/__type_traits/is_swappable.h
[765/1871] Copying CXX header __cxx03/__type_traits/is_trivial.h
[766/1871] Copying CXX header __cxx03/__type_traits/is_trivially_assignable.h
[767/1871] Copying CXX header __cxx03/__type_traits/is_trivially_constructible.h
[768/1871] Copying CXX header __cxx03/__type_traits/is_trivially_copyable.h
[769/1871] Copying CXX header __cxx03/__type_traits/is_trivially_destructible.h
[770/1871] Copying CXX header __cxx03/__type_traits/is_trivially_lexicographically_comparable.h
[771/1871] Copying CXX header __cxx03/__type_traits/is_trivially_relocatable.h
[772/1871] Copying CXX header __cxx03/__type_traits/is_unbounded_array.h
[773/1871] Copying CXX header __cxx03/__type_traits/is_unsigned.h
[774/1871] Copying CXX header __cxx03/__type_traits/is_void.h
[775/1871] Copying CXX header __cxx03/__type_traits/is_union.h
[776/1871] Copying CXX header __cxx03/__type_traits/is_unsigned_integer.h
[777/1871] Copying CXX header __cxx03/__type_traits/is_valid_expansion.h
[778/1871] Copying CXX header __cxx03/__type_traits/is_volatile.h
[779/1871] Copying CXX header __cxx03/__type_traits/lazy.h
[780/1871] Copying CXX header __cxx03/__type_traits/make_const_lvalue_ref.h
[781/1871] Copying CXX header __cxx03/__type_traits/nat.h
[782/1871] Copying CXX header __cxx03/__type_traits/negation.h
[783/1871] Copying CXX header __cxx03/__type_traits/noexcept_move_assign_container.h
[784/1871] Copying CXX header __cxx03/__type_traits/make_32_64_or_128_bit.h
[785/1871] Copying CXX header __cxx03/__type_traits/make_signed.h
[786/1871] Copying CXX header __cxx03/__type_traits/make_unsigned.h
[787/1871] Copying CXX header __cxx03/__type_traits/maybe_const.h
[788/1871] Copying CXX header __cxx03/__type_traits/promote.h
[789/1871] Copying CXX header __cxx03/__type_traits/remove_const.h
[790/1871] Copying CXX header __cxx03/__type_traits/remove_const_ref.h
[791/1871] Copying CXX header __cxx03/__type_traits/rank.h
[792/1871] Copying CXX header __cxx03/__type_traits/remove_all_extents.h
[793/1871] Copying CXX header __cxx03/__type_traits/remove_cv.h
[794/1871] Copying CXX header __cxx03/__type_traits/remove_cvref.h
[795/1871] Copying CXX header __cxx03/__type_traits/remove_extent.h
[796/1871] Copying CXX header __cxx03/__type_traits/remove_pointer.h
[797/1871] Copying CXX header __cxx03/__type_traits/remove_reference.h
[798/1871] Copying CXX header __cxx03/__type_traits/result_of.h
[799/1871] Copying CXX header __cxx03/__type_traits/strip_signature.h
[800/1871] Copying CXX header __cxx03/__type_traits/type_identity.h
[801/1871] Copying CXX header __cxx03/__type_traits/remove_volatile.h
[802/1871] Copying CXX header __cxx03/__type_traits/underlying_type.h
[803/1871] Copying CXX header __cxx03/__type_traits/unwrap_ref.h
[804/1871] Copying CXX header __cxx03/__type_traits/void_t.h
[805/1871] Copying CXX header __cxx03/__utility/as_lvalue.h
[806/1871] Copying CXX header __cxx03/__utility/auto_cast.h
[807/1871] Copying CXX header __cxx03/__utility/forward.h
[808/1871] Copying CXX header __cxx03/__type_traits/type_list.h
[809/1871] Copying CXX header __cxx03/__undef_macros
[810/1871] Copying CXX header __cxx03/__utility/convert_to_integral.h
[811/1871] Copying CXX header __cxx03/__utility/declval.h
[812/1871] Copying CXX header __cxx03/__utility/exception_guard.h
[813/1871] Copying CXX header __cxx03/__utility/integer_sequence.h
[814/1871] Copying CXX header __cxx03/__utility/is_pointer_in_range.h
[815/1871] Copying CXX header __cxx03/__utility/empty.h
[816/1871] Copying CXX header __cxx03/__utility/is_valid_range.h
[817/1871] Copying CXX header __cxx03/__utility/move.h
[818/1871] Copying CXX header __cxx03/__utility/no_destroy.h
[819/1871] Copying CXX header __cxx03/__utility/pair.h
[820/1871] Copying CXX header __cxx03/__utility/piecewise_construct.h
[821/1871] Copying CXX header __cxx03/__utility/priority_tag.h
[822/1871] Copying CXX header __cxx03/__utility/private_constructor_tag.h
[823/1871] Copying CXX header __cxx03/__utility/rel_ops.h
[824/1871] Copying CXX header __cxx03/__utility/small_buffer.h
[825/1871] Copying CXX header __cxx03/__utility/swap.h
[826/1871] Copying CXX header __cxx03/__utility/unreachable.h
[827/1871] Copying CXX header __cxx03/__variant/monostate.h
[828/1871] Copying CXX header __cxx03/__verbose_abort
[829/1871] Copying CXX header __cxx03/__verbose_trap
[830/1871] Copying CXX header __cxx03/algorithm
[831/1871] Copying CXX header __cxx03/array
[832/1871] Copying CXX header __cxx03/atomic
[833/1871] Copying CXX header __cxx03/bitset
[834/1871] Copying CXX header __cxx03/cassert
[835/1871] Copying CXX header __cxx03/ccomplex
[836/1871] Copying CXX header __cxx03/cctype
[837/1871] Copying CXX header __cxx03/cerrno
[838/1871] Copying CXX header __cxx03/cfenv
[839/1871] Copying CXX header __cxx03/cfloat
[840/1871] Copying CXX header __cxx03/chrono
[841/1871] Copying CXX header __cxx03/cinttypes
[842/1871] Copying CXX header __cxx03/ciso646
[843/1871] Copying CXX header __cxx03/climits
[844/1871] Copying CXX header __cxx03/clocale
[845/1871] Copying CXX header __cxx03/cmath
[846/1871] Copying CXX header __cxx03/complex
[847/1871] Copying CXX header __cxx03/condition_variable
[848/1871] Copying CXX header __cxx03/csetjmp
[849/1871] Copying CXX header __cxx03/cstdarg
[850/1871] Copying CXX header __cxx03/cstdbool
[851/1871] Copying CXX header __cxx03/csignal
[852/1871] Copying CXX header __cxx03/cstdlib
[853/1871] Copying CXX header __cxx03/cstdint
[854/1871] Copying CXX header __cxx03/cstdio
[855/1871] Copying CXX header __cxx03/cwchar
[856/1871] Copying CXX header __cxx03/cstring
[857/1871] Copying CXX header __cxx03/experimental/__config
[858/1871] Copying CXX header __cxx03/experimental/utility
[859/1871] Copying CXX header __cxx03/ext/__hash
[860/1871] Copying CXX header __cxx03/codecvt
[861/1871] Copying CXX header __cxx03/cstddef
[862/1871] Copying CXX header __cxx03/ctgmath
[863/1871] Copying CXX header __cxx03/ctime
[864/1871] Copying CXX header __cxx03/cuchar
[865/1871] Copying CXX header __cxx03/cwctype
[866/1871] Copying CXX header __cxx03/deque
[867/1871] Copying CXX header __cxx03/exception
[868/1871] Copying CXX header __cxx03/ext/hash_map
[869/1871] Copying CXX header __cxx03/ext/hash_set
[870/1871] Copying CXX header __cxx03/forward_list
[871/1871] Copying CXX header __cxx03/functional
[872/1871] Copying CXX header __cxx03/future
[873/1871] Copying CXX header __cxx03/fstream
[874/1871] Copying CXX header __cxx03/ios
[875/1871] Copying CXX header __cxx03/iosfwd
[876/1871] Copying CXX header __cxx03/istream
[877/1871] Copying CXX header __cxx03/list
[878/1871] Copying CXX header __cxx03/iomanip
[879/1871] Copying CXX header __cxx03/iostream
[880/1871] Copying CXX header __cxx03/locale.h
[881/1871] Copying CXX header __cxx03/map
[882/1871] Copying CXX header __cxx03/memory
[883/1871] Copying CXX header __cxx03/mutex
[884/1871] Copying CXX header __cxx03/limits
[885/1871] Copying CXX header __cxx03/locale
[886/1871] Copying CXX header __cxx03/math.h
[887/1871] Copying CXX header __cxx03/module.modulemap
[888/1871] Copying CXX header __cxx03/random
[889/1871] Copying CXX header __cxx03/new
[890/1871] Copying CXX header __cxx03/numeric
[891/1871] Copying CXX header __cxx03/ostream
[892/1871] Copying CXX header __cxx03/ratio
[893/1871] Copying CXX header __cxx03/regex
[894/1871] Copying CXX header __cxx03/set
[895/1871] Copying CXX header __cxx03/stack
[896/1871] Copying CXX header __cxx03/iterator
[897/1871] Copying CXX header __cxx03/queue
[898/1871] Copying CXX header __cxx03/sstream
[899/1871] Copying CXX header __cxx03/stdatomic.h
[900/1871] Copying CXX header __cxx03/stdexcept
[901/1871] Copying CXX header __cxx03/stdint.h
[902/1871] Copying CXX header __cxx03/stdlib.h
[903/1871] Copying CXX header __cxx03/string
[904/1871] Copying CXX header __cxx03/string_view
[905/1871] Copying CXX header __cxx03/streambuf
[906/1871] Copying CXX header __cxx03/string.h
[907/1871] Copying CXX header __cxx03/type_traits
[908/1871] Copying CXX header __cxx03/unordered_map
[909/1871] Copying CXX header __cxx03/utility
[910/1871] Copying CXX header __cxx03/strstream
[911/1871] Copying CXX header __cxx03/system_error
[912/1871] Copying CXX header __cxx03/thread
[913/1871] Copying CXX header __cxx03/typeindex
[914/1871] Copying CXX header __cxx03/typeinfo
[915/1871] Copying CXX header __cxx03/uchar.h
[916/1871] Copying CXX header __cxx03/unordered_set
[917/1871] Copying CXX header __cxx03/valarray
[918/1871] Copying CXX header __cxx03/version
[919/1871] Copying CXX header __cxx03/wchar.h
[920/1871] Copying CXX header __cxx03/vector
[921/1871] Copying CXX header __debug_utils/randomize_range.h
[922/1871] Copying CXX header __debug_utils/sanitizers.h
[923/1871] Copying CXX header __debug_utils/strict_weak_ordering_check.h
[924/1871] Copying CXX header __exception/exception.h
[925/1871] Copying CXX header __exception/exception_ptr.h
[926/1871] Copying CXX header __exception/operations.h
[927/1871] Copying CXX header __exception/nested_exception.h
[928/1871] Copying CXX header __exception/terminate.h
[929/1871] Copying CXX header __expected/bad_expected_access.h
[930/1871] Copying CXX header __expected/expected.h
[931/1871] Copying CXX header __expected/unexpect.h
[932/1871] Copying CXX header __expected/unexpected.h
[933/1871] Copying CXX header __filesystem/directory_entry.h
[934/1871] Copying CXX header __filesystem/directory_iterator.h
[935/1871] Copying CXX header __filesystem/directory_options.h
[936/1871] Copying CXX header __filesystem/copy_options.h
[937/1871] Copying CXX header __filesystem/file_time_type.h
[938/1871] Copying CXX header __filesystem/filesystem_error.h
[939/1871] Copying CXX header __filesystem/file_type.h
[940/1871] Copying CXX header __filesystem/operations.h
[941/1871] Copying CXX header __filesystem/path.h
[942/1871] Copying CXX header __filesystem/space_info.h
[943/1871] Copying CXX header __flat_map/flat_multimap.h
[944/1871] Copying CXX header __flat_map/key_value_iterator.h
[945/1871] Copying CXX header __filesystem/file_status.h
[946/1871] Copying CXX header __filesystem/perm_options.h
[947/1871] Copying CXX header __filesystem/perms.h
[948/1871] Copying CXX header __filesystem/u8path.h
[949/1871] Copying CXX header __flat_map/flat_map.h
[950/1871] Copying CXX header __filesystem/path_iterator.h
[951/1871] Copying CXX header __filesystem/recursive_directory_iterator.h
[952/1871] Copying CXX header __format/buffer.h
[953/1871] Copying CXX header __flat_map/sorted_equivalent.h
[954/1871] Copying CXX header __flat_map/utils.h
[955/1871] Copying CXX header __flat_set/flat_multiset.h
[956/1871] Copying CXX header __flat_set/flat_set.h
[957/1871] Copying CXX header __flat_set/ra_iterator.h
[958/1871] Copying CXX header __flat_set/utils.h
[959/1871] Copying CXX header __format/concepts.h
[960/1871] Copying CXX header __format/escaped_output_table.h
[961/1871] Copying CXX header __flat_map/sorted_unique.h
[962/1871] Copying CXX header __format/container_adaptor.h
[963/1871] Copying CXX header __format/enable_insertable.h
[964/1871] Copying CXX header __format/extended_grapheme_cluster_table.h
[965/1871] Copying CXX header __format/fmt_pair_like.h
[966/1871] Copying CXX header __format/format_arg.h
[967/1871] Copying CXX header __format/format_arg_store.h
[968/1871] Copying CXX header __format/format_args.h
[969/1871] Copying CXX header __format/format_context.h
[970/1871] Copying CXX header __format/format_error.h
[971/1871] Copying CXX header __format/format_functions.h
[972/1871] Copying CXX header __format/format_parse_context.h
[973/1871] Copying CXX header __format/format_string.h
[974/1871] Copying CXX header __format/format_to_n_result.h
[975/1871] Copying CXX header __format/formatter.h
[976/1871] Copying CXX header __format/formatter_bool.h
[977/1871] Copying CXX header __format/formatter_char.h
[978/1871] Copying CXX header __format/formatter_integral.h
[979/1871] Copying CXX header __format/formatter_floating_point.h
[980/1871] Copying CXX header __format/formatter_integer.h
[981/1871] Copying CXX header __format/formatter_output.h
[982/1871] Copying CXX header __format/indic_conjunct_break_table.h
[983/1871] Copying CXX header __format/formatter_string.h
[984/1871] Copying CXX header __format/width_estimation_table.h
[985/1871] Copying CXX header __format/parser_std_format_spec.h
[986/1871] Copying CXX header __format/formatter_tuple.h
[987/1871] Copying CXX header __format/range_default_formatter.h
[988/1871] Copying CXX header __format/range_format.h
[989/1871] Copying CXX header __format/unicode.h
[990/1871] Copying CXX header __format/range_formatter.h
[991/1871] Copying CXX header __format/write_escaped.h
[992/1871] Copying CXX header __functional/binary_function.h
[993/1871] Copying CXX header __functional/binary_negate.h
[994/1871] Copying CXX header __functional/bind_back.h
[995/1871] Copying CXX header __functional/bind_front.h
[996/1871] Copying CXX header __functional/binder1st.h
[997/1871] Copying CXX header __functional/boyer_moore_searcher.h
[998/1871] Copying CXX header __functional/function.h
[999/1871] Copying CXX header __functional/identity.h
[1000/1871] Copying CXX header __format/formatter_pointer.h
[1001/1871] Copying CXX header __functional/bind.h
[1002/1871] Copying CXX header __functional/binder2nd.h
[1003/1871] Copying CXX header __functional/compose.h
[1004/1871] Copying CXX header __functional/default_searcher.h
[1005/1871] Copying CXX header __functional/hash.h
[1006/1871] Copying CXX header __functional/mem_fun_ref.h
[1007/1871] Copying CXX header __functional/perfect_forward.h
[1008/1871] Copying CXX header __functional/invoke.h
[1009/1871] Copying CXX header __functional/not_fn.h
[1010/1871] Copying CXX header __functional/is_transparent.h
[1011/1871] Copying CXX header __functional/mem_fn.h
[1012/1871] Copying CXX header __functional/pointer_to_binary_function.h
[1013/1871] Copying CXX header __functional/ranges_operations.h
[1014/1871] Copying CXX header __functional/reference_wrapper.h
[1015/1871] Copying CXX header __functional/unary_negate.h
[1016/1871] Copying CXX header __functional/weak_result_type.h
[1017/1871] Copying CXX header __functional/operations.h
[1018/1871] Copying CXX header __functional/pointer_to_unary_function.h
[1019/1871] Copying CXX header __functional/unary_function.h
[1020/1871] Copying CXX header __fwd/functional.h
[1021/1871] Copying CXX header __fwd/array.h
[1022/1871] Copying CXX header __fwd/bit_reference.h
[1023/1871] Copying CXX header __fwd/byte.h
[1024/1871] Copying CXX header __fwd/deque.h
[1025/1871] Copying CXX header __fwd/format.h
[1026/1871] Copying CXX header __fwd/fstream.h
[1027/1871] Copying CXX header __fwd/get.h
[1028/1871] Copying CXX header __fwd/istream.h
[1029/1871] Copying CXX header __fwd/complex.h
[1030/1871] Copying CXX header __fwd/ios.h
[1031/1871] Copying CXX header __fwd/mdspan.h
[1032/1871] Copying CXX header __fwd/memory.h
[1033/1871] Copying CXX header __fwd/memory_resource.h
[1034/1871] Copying CXX header __fwd/ostream.h
[1035/1871] Copying CXX header __fwd/pair.h
[1036/1871] Copying CXX header __fwd/queue.h
[1037/1871] Copying CXX header __fwd/span.h
[1038/1871] Copying CXX header __fwd/sstream.h
[1039/1871] Copying CXX header __fwd/string.h
[1040/1871] Copying CXX header __fwd/stack.h
[1041/1871] Copying CXX header __fwd/streambuf.h
[1042/1871] Copying CXX header __fwd/string_view.h
[1043/1871] Copying CXX header __fwd/subrange.h
[1044/1871] Copying CXX header __fwd/tuple.h
[1045/1871] Copying CXX header __fwd/variant.h
[1046/1871] Copying CXX header __fwd/vector.h
[1047/1871] Copying CXX header __hash_table
[1048/1871] Copying CXX header __iterator/access.h
[1049/1871] Copying CXX header __ios/fpos.h
[1050/1871] Copying CXX header __iterator/advance.h
[1051/1871] Copying CXX header __iterator/aliasing_iterator.h
[1052/1871] Copying CXX header __iterator/back_insert_iterator.h
[1053/1871] Copying CXX header __iterator/bounded_iter.h
[1054/1871] Copying CXX header __iterator/common_iterator.h
[1055/1871] Copying CXX header __iterator/concepts.h
[1056/1871] Copying CXX header __iterator/cpp17_iterator_concepts.h
[1057/1871] Copying CXX header __iterator/data.h
[1058/1871] Copying CXX header __iterator/default_sentinel.h
[1059/1871] Copying CXX header __iterator/distance.h
[1060/1871] Copying CXX header __iterator/erase_if_container.h
[1061/1871] Copying CXX header __iterator/front_insert_iterator.h
[1062/1871] Copying CXX header __iterator/counted_iterator.h
[1063/1871] Copying CXX header __iterator/empty.h
[1064/1871] Copying CXX header __iterator/incrementable_traits.h
[1065/1871] Copying CXX header __iterator/indirectly_comparable.h
[1066/1871] Copying CXX header __iterator/insert_iterator.h
[1067/1871] Copying CXX header __iterator/istream_iterator.h
[1068/1871] Copying CXX header __iterator/istreambuf_iterator.h
[1069/1871] Copying CXX header __iterator/iter_move.h
[1070/1871] Copying CXX header __iterator/iterator.h
[1071/1871] Copying CXX header __iterator/iterator_traits.h
[1072/1871] Copying CXX header __iterator/mergeable.h
[1073/1871] Copying CXX header __iterator/iter_swap.h
[1074/1871] Copying CXX header __iterator/iterator_with_data.h
[1075/1871] Copying CXX header __iterator/permutable.h
[1076/1871] Copying CXX header __iterator/move_iterator.h
[1077/1871] Copying CXX header __iterator/move_sentinel.h
[1078/1871] Copying CXX header __iterator/next.h
[1079/1871] Copying CXX header __iterator/ostream_iterator.h
[1080/1871] Copying CXX header __iterator/ostreambuf_iterator.h
[1081/1871] Copying CXX header __iterator/prev.h
[1082/1871] Copying CXX header __iterator/product_iterator.h
[1083/1871] Copying CXX header __iterator/projected.h
[1084/1871] Copying CXX header __iterator/ranges_iterator_traits.h
[1085/1871] Copying CXX header __iterator/segmented_iterator.h
[1086/1871] Copying CXX header __iterator/readable_traits.h
[1087/1871] Copying CXX header __iterator/reverse_access.h
[1088/1871] Copying CXX header __iterator/reverse_iterator.h
[1089/1871] Copying CXX header __iterator/size.h
[1090/1871] Copying CXX header __iterator/sortable.h
[1091/1871] Copying CXX header __iterator/static_bounded_iter.h
[1092/1871] Copying CXX header __iterator/wrap_iter.h
[1093/1871] Copying CXX header __locale_dir/get_c_locale.h
[1094/1871] Copying CXX header __locale
[1095/1871] Copying CXX header __locale_dir/locale_base_api/bsd_locale_fallbacks.h
[1096/1871] Copying CXX header __locale_dir/locale_base_api/ibm.h
[1097/1871] Copying CXX header __locale_dir/locale_base_api/openbsd.h
[1098/1871] Copying CXX header __locale_dir/money.h
[1099/1871] Copying CXX header __locale_dir/num.h
[1100/1871] Copying CXX header __iterator/unreachable_sentinel.h
[1101/1871] Copying CXX header __locale_dir/check_grouping.h
[1102/1871] Copying CXX header __locale_dir/messages.h
[1103/1871] Copying CXX header __locale_dir/locale_base_api.h
[1104/1871] Copying CXX header __locale_dir/pad_and_output.h
[1105/1871] Copying CXX header __locale_dir/scan_keyword.h
[1106/1871] Copying CXX header __locale_dir/support/aix.h
[1107/1871] Copying CXX header __locale_dir/support/apple.h
[1108/1871] Copying CXX header __locale_dir/support/bsd_like.h
[1109/1871] Copying CXX header __locale_dir/support/freebsd.h
[1110/1871] Copying CXX header __locale_dir/support/fuchsia.h
[1111/1871] Copying CXX header __locale_dir/support/linux.h
[1112/1871] Copying CXX header __locale_dir/support/netbsd.h
[1113/1871] Copying CXX header __locale_dir/support/newlib.h
[1114/1871] Copying CXX header __locale_dir/support/no_locale/characters.h
[1115/1871] Copying CXX header __locale_dir/support/no_locale/strtonum.h
[1116/1871] Copying CXX header __locale_dir/support/windows.h
[1117/1871] Copying CXX header __locale_dir/wbuffer_convert.h
[1118/1871] Copying CXX header __locale_dir/wstring_convert.h
[1119/1871] Copying CXX header __math/abs.h
[1120/1871] Copying CXX header __locale_dir/time.h
[1121/1871] Copying CXX header __log_hardening_failure
[1122/1871] Copying CXX header __math/copysign.h
[1123/1871] Copying CXX header __math/error_functions.h
[1124/1871] Copying CXX header __math/exponential_functions.h
[1125/1871] Copying CXX header __math/fdim.h
[1126/1871] Copying CXX header __math/fma.h
[1127/1871] Copying CXX header __math/gamma.h
[1128/1871] Copying CXX header __math/hyperbolic_functions.h
[1129/1871] Copying CXX header __math/hypot.h
[1130/1871] Copying CXX header __math/inverse_hyperbolic_functions.h
[1131/1871] Copying CXX header __math/inverse_trigonometric_functions.h
[1132/1871] Copying CXX header __math/logarithms.h
[1133/1871] Copying CXX header __math/min_max.h
[1134/1871] Copying CXX header __math/modulo.h
[1135/1871] Copying CXX header __math/remainder.h
[1136/1871] Copying CXX header __math/roots.h
[1137/1871] Copying CXX header __math/rounding_functions.h
[1138/1871] Copying CXX header __math/special_functions.h
[1139/1871] Copying CXX header __math/traits.h
[1140/1871] Copying CXX header __math/trigonometric_functions.h
[1141/1871] Copying CXX header __mdspan/aligned_accessor.h
[1142/1871] Copying CXX header __mbstate_t.h
[1143/1871] Copying CXX header __mdspan/default_accessor.h
[1144/1871] Copying CXX header __mdspan/extents.h
[1145/1871] Copying CXX header __mdspan/layout_left.h
[1146/1871] Copying CXX header __mdspan/layout_right.h
[1147/1871] Copying CXX header __mdspan/layout_stride.h
[1148/1871] Copying CXX header __mdspan/mdspan.h
[1149/1871] Copying CXX header __memory/addressof.h
[1150/1871] Copying CXX header __memory/allocate_at_least.h
[1151/1871] Copying CXX header __memory/allocator_traits.h
[1152/1871] Copying CXX header __memory/align.h
[1153/1871] Copying CXX header __memory/allocation_guard.h
[1154/1871] Copying CXX header __memory/allocator.h
[1155/1871] Copying CXX header __memory/allocator_destructor.h
[1156/1871] Copying CXX header __memory/array_cookie.h
[1157/1871] Copying CXX header __memory/assume_aligned.h
[1158/1871] Copying CXX header __memory/auto_ptr.h
[1159/1871] Copying CXX header __memory/allocator_arg_t.h
[1160/1871] Copying CXX header __memory/compressed_pair.h
[1161/1871] Copying CXX header __memory/concepts.h
[1162/1871] Copying CXX header __memory/construct_at.h
[1163/1871] Copying CXX header __memory/destroy.h
[1164/1871] Copying CXX header __memory/destruct_n.h
[1165/1871] Copying CXX header __memory/is_sufficiently_aligned.h
[1166/1871] Copying CXX header __memory/noexcept_move_assign_container.h
[1167/1871] Copying CXX header __memory/inout_ptr.h
[1168/1871] Copying CXX header __memory/out_ptr.h
[1169/1871] Copying CXX header __memory/pointer_traits.h
[1170/1871] Copying CXX header __memory/ranges_construct_at.h
[1171/1871] Copying CXX header __memory/ranges_destroy.h
[1172/1871] Copying CXX header __memory/raw_storage_iterator.h
[1173/1871] Copying CXX header __memory/shared_count.h
[1174/1871] Copying CXX header __memory/shared_ptr.h
[1175/1871] Copying CXX header __memory/swap_allocator.h
[1176/1871] Copying CXX header __memory/ranges_uninitialized_algorithms.h
[1177/1871] Copying CXX header __memory/temp_value.h
[1178/1871] Copying CXX header __memory/temporary_buffer.h
[1179/1871] Copying CXX header __memory/uninitialized_algorithms.h
[1180/1871] Copying CXX header __memory/unique_ptr.h
[1181/1871] Copying CXX header __memory/unique_temporary_buffer.h
[1182/1871] Copying CXX header __memory/uses_allocator_construction.h
[1183/1871] Copying CXX header __memory_resource/memory_resource.h
[1184/1871] Copying CXX header __memory_resource/monotonic_buffer_resource.h
[1185/1871] Copying CXX header __memory/uses_allocator.h
[1186/1871] Copying CXX header __memory_resource/polymorphic_allocator.h
[1187/1871] Copying CXX header __memory_resource/pool_options.h
[1188/1871] Copying CXX header __memory_resource/synchronized_pool_resource.h
[1189/1871] Copying CXX header __memory_resource/unsynchronized_pool_resource.h
[1190/1871] Copying CXX header __mutex/lock_guard.h
[1191/1871] Copying CXX header __mutex/mutex.h
[1192/1871] Copying CXX header __mutex/once_flag.h
[1193/1871] Copying CXX header __mutex/tag_types.h
[1194/1871] Copying CXX header __mutex/unique_lock.h
[1195/1871] Copying CXX header __new/align_val_t.h
[1196/1871] Copying CXX header __new/destroying_delete_t.h
[1197/1871] Copying CXX header __new/exceptions.h
[1198/1871] Copying CXX header __new/interference_size.h
[1199/1871] Copying CXX header __new/launder.h
[1200/1871] Copying CXX header __new/new_handler.h
[1201/1871] Copying CXX header __new/allocate.h
[1202/1871] Copying CXX header __new/global_new_delete.h
[1203/1871] Copying CXX header __node_handle
[1204/1871] Copying CXX header __new/nothrow_t.h
[1205/1871] Copying CXX header __new/placement_new_delete.h
[1206/1871] Copying CXX header __numeric/accumulate.h
[1207/1871] Copying CXX header __numeric/adjacent_difference.h
[1208/1871] Copying CXX header __numeric/exclusive_scan.h
[1209/1871] Copying CXX header __numeric/inclusive_scan.h
[1210/1871] Copying CXX header __numeric/inner_product.h
[1211/1871] Copying CXX header __numeric/pstl.h
[1212/1871] Copying CXX header __numeric/iota.h
[1213/1871] Copying CXX header __numeric/midpoint.h
[1214/1871] Copying CXX header __numeric/gcd_lcm.h
[1215/1871] Copying CXX header __numeric/partial_sum.h
[1216/1871] Copying CXX header __numeric/ranges_iota.h
[1217/1871] Copying CXX header __numeric/reduce.h
[1218/1871] Copying CXX header __numeric/saturation_arithmetic.h
[1219/1871] Copying CXX header __numeric/transform_exclusive_scan.h
[1220/1871] Copying CXX header __numeric/transform_inclusive_scan.h
[1221/1871] Copying CXX header __numeric/transform_reduce.h
[1222/1871] Copying CXX header __ostream/basic_ostream.h
[1223/1871] Copying CXX header __ostream/print.h
[1224/1871] Copying CXX header __ostream/put_character_sequence.h
[1225/1871] Copying CXX header __pstl/backend_fwd.h
[1226/1871] Copying CXX header __pstl/backends/default.h
[1227/1871] Copying CXX header __pstl/backends/libdispatch.h
[1228/1871] Copying CXX header __pstl/backends/serial.h
[1229/1871] Copying CXX header __pstl/backend.h
[1230/1871] Copying CXX header __pstl/backends/std_thread.h
[1231/1871] Copying CXX header __pstl/cpu_algos/any_of.h
[1232/1871] Copying CXX header __pstl/cpu_algos/cpu_traits.h
[1233/1871] Copying CXX header __pstl/cpu_algos/fill.h
[1234/1871] Copying CXX header __pstl/cpu_algos/find_if.h
[1235/1871] Copying CXX header __pstl/cpu_algos/for_each.h
[1236/1871] Copying CXX header __pstl/cpu_algos/merge.h
[1237/1871] Copying CXX header __pstl/cpu_algos/stable_sort.h
[1238/1871] Copying CXX header __pstl/cpu_algos/transform_reduce.h
[1239/1871] Copying CXX header __pstl/dispatch.h
[1240/1871] Copying CXX header __pstl/cpu_algos/transform.h
[1241/1871] Copying CXX header __pstl/handle_exception.h
[1242/1871] Copying CXX header __random/bernoulli_distribution.h
[1243/1871] Copying CXX header __random/binomial_distribution.h
[1244/1871] Copying CXX header __random/cauchy_distribution.h
[1245/1871] Copying CXX header __random/chi_squared_distribution.h
[1246/1871] Copying CXX header __random/clamp_to_integral.h
[1247/1871] Copying CXX header __random/default_random_engine.h
[1248/1871] Copying CXX header __random/discard_block_engine.h
[1249/1871] Copying CXX header __random/discrete_distribution.h
[1250/1871] Copying CXX header __random/exponential_distribution.h
[1251/1871] Copying CXX header __random/fisher_f_distribution.h
[1252/1871] Copying CXX header __random/gamma_distribution.h
[1253/1871] Copying CXX header __random/extreme_value_distribution.h
[1254/1871] Copying CXX header __random/generate_canonical.h
[1255/1871] Copying CXX header __random/independent_bits_engine.h
[1256/1871] Copying CXX header __random/log2.h
[1257/1871] Copying CXX header __random/linear_congruential_engine.h
[1258/1871] Copying CXX header __random/geometric_distribution.h
[1259/1871] Copying CXX header __random/is_seed_sequence.h
[1260/1871] Copying CXX header __random/is_valid.h
[1261/1871] Copying CXX header __random/lognormal_distribution.h
[1262/1871] Copying CXX header __random/mersenne_twister_engine.h
[1263/1871] Copying CXX header __random/normal_distribution.h
[1264/1871] Copying CXX header __random/piecewise_constant_distribution.h
[1265/1871] Copying CXX header __random/knuth_b.h
[1266/1871] Copying CXX header __random/negative_binomial_distribution.h
[1267/1871] Copying CXX header __random/piecewise_linear_distribution.h
[1268/1871] Copying CXX header __random/poisson_distribution.h
[1269/1871] Copying CXX header __random/random_device.h
[1270/1871] Copying CXX header __random/ranlux.h
[1271/1871] Copying CXX header __random/seed_seq.h
[1272/1871] Copying CXX header __random/shuffle_order_engine.h
[1273/1871] Copying CXX header __random/subtract_with_carry_engine.h
[1274/1871] Copying CXX header __random/uniform_int_distribution.h
[1275/1871] Copying CXX header __random/student_t_distribution.h
[1276/1871] Copying CXX header __random/uniform_random_bit_generator.h
[1277/1871] Copying CXX header __random/uniform_real_distribution.h
[1278/1871] Copying CXX header __random/weibull_distribution.h
[1279/1871] Copying CXX header __ranges/access.h
[1280/1871] Copying CXX header __ranges/adjacent_transform_view.h
[1281/1871] Copying CXX header __ranges/adjacent_view.h
[1282/1871] Copying CXX header __ranges/common_view.h
[1283/1871] Copying CXX header __ranges/all.h
[1284/1871] Copying CXX header __ranges/as_rvalue_view.h
[1285/1871] Copying CXX header __ranges/chunk_by_view.h
[1286/1871] Copying CXX header __ranges/concepts.h
[1287/1871] Copying CXX header __ranges/container_compatible_range.h
[1288/1871] Copying CXX header __ranges/counted.h
[1289/1871] Copying CXX header __ranges/data.h
[1290/1871] Copying CXX header __ranges/drop_view.h
[1291/1871] Copying CXX header __ranges/drop_while_view.h
[1292/1871] Copying CXX header __ranges/elements_view.h
[1293/1871] Copying CXX header __ranges/dangling.h
[1294/1871] Copying CXX header __ranges/empty.h
[1295/1871] Copying CXX header __ranges/elements_of.h
[1296/1871] Copying CXX header __ranges/empty_view.h
[1297/1871] Copying CXX header __ranges/enable_borrowed_range.h
[1298/1871] Copying CXX header __ranges/enable_view.h
[1299/1871] Copying CXX header __ranges/iota_view.h
[1300/1871] Copying CXX header __ranges/movable_box.h
[1301/1871] Copying CXX header __ranges/from_range.h
[1302/1871] Copying CXX header __ranges/join_view.h
[1303/1871] Copying CXX header __ranges/join_with_view.h
[1304/1871] Copying CXX header __ranges/lazy_split_view.h
[1305/1871] Copying CXX header __ranges/owning_view.h
[1306/1871] Copying CXX header __ranges/range_adaptor.h
[1307/1871] Copying CXX header __ranges/filter_view.h
[1308/1871] Copying CXX header __ranges/istream_view.h
[1309/1871] Copying CXX header __ranges/non_propagating_cache.h
[1310/1871] Copying CXX header __ranges/rbegin.h
[1311/1871] Copying CXX header __ranges/ref_view.h
[1312/1871] Copying CXX header __ranges/rend.h
[1313/1871] Copying CXX header __ranges/repeat_view.h
[1314/1871] Copying CXX header __ranges/reverse_view.h
[1315/1871] Copying CXX header __ranges/single_view.h
[1316/1871] Copying CXX header __ranges/subrange.h
[1317/1871] Copying CXX header __ranges/size.h
[1318/1871] Copying CXX header __ranges/split_view.h
[1319/1871] Copying CXX header __ranges/take_view.h
[1320/1871] Copying CXX header __ranges/take_while_view.h
[1321/1871] Copying CXX header __ranges/to.h
[1322/1871] Copying CXX header __ranges/transform_view.h
[1323/1871] Copying CXX header __ranges/view_interface.h
[1324/1871] Copying CXX header __ranges/zip_transform_view.h
[1325/1871] Copying CXX header __ranges/zip_view.h
[1326/1871] Copying CXX header __stop_token/intrusive_list_view.h
[1327/1871] Copying CXX header __stop_token/stop_callback.h
[1328/1871] Copying CXX header __ranges/views.h
[1329/1871] Copying CXX header __split_buffer
[1330/1871] Copying CXX header __stop_token/atomic_unique_lock.h
[1331/1871] Copying CXX header __stop_token/intrusive_shared_ptr.h
[1332/1871] Copying CXX header __string/extern_template_lists.h
[1333/1871] Copying CXX header __stop_token/stop_source.h
[1334/1871] Copying CXX header __stop_token/stop_state.h
[1335/1871] Copying CXX header __stop_token/stop_token.h
[1336/1871] Copying CXX header __string/char_traits.h
[1337/1871] Copying CXX header __support/ibm/gettod_zos.h
[1338/1871] Copying CXX header __support/ibm/locale_mgmt_zos.h
[1339/1871] Copying CXX header __std_mbstate_t.h
[1340/1871] Copying CXX header __string/constexpr_c_functions.h
[1341/1871] Copying CXX header __support/ibm/nanosleep.h
[1342/1871] Copying CXX header __support/xlocale/__nop_locale_mgmt.h
[1343/1871] Copying CXX header __support/xlocale/__posix_l_fallback.h
[1344/1871] Copying CXX header __support/xlocale/__strtonum_fallback.h
[1345/1871] Copying CXX header __system_error/error_category.h
[1346/1871] Copying CXX header __system_error/error_code.h
[1347/1871] Copying CXX header __system_error/error_condition.h
[1348/1871] Copying CXX header __thread/formatter.h
[1349/1871] Copying CXX header __thread/jthread.h
[1350/1871] Copying CXX header __system_error/system_error.h
[1351/1871] Copying CXX header __system_error/errc.h
[1352/1871] Copying CXX header __system_error/throw_system_error.h
[1353/1871] Copying CXX header __thread/id.h
[1354/1871] Copying CXX header __thread/poll_with_backoff.h
[1355/1871] Copying CXX header __thread/support.h
[1356/1871] Copying CXX header __thread/support/c11.h
[1357/1871] Copying CXX header __thread/support/external.h
[1358/1871] Copying CXX header __thread/timed_backoff_policy.h
[1359/1871] Copying CXX header __thread/support/pthread.h
[1360/1871] Copying CXX header __thread/support/windows.h
[1361/1871] Copying CXX header __tree
[1362/1871] Copying CXX header __tuple/find_index.h
[1363/1871] Copying CXX header __tuple/ignore.h
[1364/1871] Copying CXX header __thread/this_thread.h
[1365/1871] Copying CXX header __thread/thread.h
[1366/1871] Copying CXX header __tuple/tuple_element.h
[1367/1871] Copying CXX header __tuple/tuple_like_no_subrange.h
[1368/1871] Copying CXX header __tuple/tuple_size.h
[1369/1871] Copying CXX header __tuple/tuple_transform.h
[1370/1871] Copying CXX header __type_traits/add_cv_quals.h
[1371/1871] Copying CXX header __type_traits/add_pointer.h
[1372/1871] Copying CXX header __type_traits/add_reference.h
[1373/1871] Copying CXX header __type_traits/aligned_storage.h
[1374/1871] Copying CXX header __type_traits/aligned_union.h
[1375/1871] Copying CXX header __type_traits/alignment_of.h
[1376/1871] Copying CXX header __type_traits/common_type.h
[1377/1871] Copying CXX header __type_traits/conjunction.h
[1378/1871] Copying CXX header __tuple/sfinae_helpers.h
[1379/1871] Copying CXX header __tuple/tuple_like.h
[1380/1871] Copying CXX header __type_traits/common_reference.h
[1381/1871] Copying CXX header __type_traits/conditional.h
[1382/1871] Copying CXX header __type_traits/container_traits.h
[1383/1871] Copying CXX header __type_traits/copy_cv.h
[1384/1871] Copying CXX header __type_traits/copy_cvref.h
[1385/1871] Copying CXX header __type_traits/decay.h
[1386/1871] Copying CXX header __type_traits/detected_or.h
[1387/1871] Copying CXX header __type_traits/datasizeof.h
[1388/1871] Copying CXX header __type_traits/dependent_type.h
[1389/1871] Copying CXX header __type_traits/desugars_to.h
[1390/1871] Copying CXX header __type_traits/disjunction.h
[1391/1871] Copying CXX header __type_traits/enable_if.h
[1392/1871] Copying CXX header __type_traits/extent.h
[1393/1871] Copying CXX header __type_traits/has_unique_object_representation.h
[1394/1871] Copying CXX header __type_traits/has_virtual_destructor.h
[1395/1871] Copying CXX header __type_traits/integer_traits.h
[1396/1871] Copying CXX header __type_traits/integral_constant.h
[1397/1871] Copying CXX header __type_traits/invoke.h
[1398/1871] Copying CXX header __type_traits/is_abstract.h
[1399/1871] Copying CXX header __type_traits/is_aggregate.h
[1400/1871] Copying CXX header __type_traits/is_allocator.h
[1401/1871] Copying CXX header __type_traits/is_always_bitcastable.h
[1402/1871] Copying CXX header __type_traits/is_arithmetic.h
[1403/1871] Copying CXX header __type_traits/is_array.h
[1404/1871] Copying CXX header __type_traits/is_assignable.h
[1405/1871] Copying CXX header __type_traits/is_base_of.h
[1406/1871] Copying CXX header __type_traits/is_callable.h
[1407/1871] Copying CXX header __type_traits/is_char_like_type.h
[1408/1871] Copying CXX header __type_traits/is_class.h
[1409/1871] Copying CXX header __type_traits/is_compound.h
[1410/1871] Copying CXX header __type_traits/is_constant_evaluated.h
[1411/1871] Copying CXX header __type_traits/is_constructible.h
[1412/1871] Copying CXX header __type_traits/is_convertible.h
[1413/1871] Copying CXX header __type_traits/is_destructible.h
[1414/1871] Copying CXX header __type_traits/is_enum.h
[1415/1871] Copying CXX header __type_traits/is_core_convertible.h
[1416/1871] Copying CXX header __type_traits/is_empty.h
[1417/1871] Copying CXX header __type_traits/is_equality_comparable.h
[1418/1871] Copying CXX header __type_traits/is_function.h
[1419/1871] Copying CXX header __type_traits/is_fundamental.h
[1420/1871] Copying CXX header __type_traits/is_implicitly_default_constructible.h
[1421/1871] Copying CXX header __type_traits/is_const.h
[1422/1871] Copying CXX header __type_traits/is_execution_policy.h
[1423/1871] Copying CXX header __type_traits/is_final.h
[1424/1871] Copying CXX header __type_traits/is_floating_point.h
[1425/1871] Copying CXX header __type_traits/is_generic_transparent_comparator.h
[1426/1871] Copying CXX header __type_traits/is_implicit_lifetime.h
[1427/1871] Copying CXX header __type_traits/is_integral.h
[1428/1871] Copying CXX header __type_traits/is_literal_type.h
[1429/1871] Copying CXX header __type_traits/is_member_pointer.h
[1430/1871] Copying CXX header __type_traits/is_nothrow_assignable.h
[1431/1871] Copying CXX header __type_traits/is_nothrow_constructible.h
[1432/1871] Copying CXX header __type_traits/is_nothrow_destructible.h
[1433/1871] Copying CXX header __type_traits/is_null_pointer.h
[1434/1871] Copying CXX header __type_traits/is_pod.h
[1435/1871] Copying CXX header __type_traits/is_pointer.h
[1436/1871] Copying CXX header __type_traits/is_object.h
[1437/1871] Copying CXX header __type_traits/is_polymorphic.h
[1438/1871] Copying CXX header __type_traits/is_primary_template.h
[1439/1871] Copying CXX header __type_traits/is_reference_wrapper.h
[1440/1871] Copying CXX header __type_traits/is_same.h
[1441/1871] Copying CXX header __type_traits/is_scalar.h
[1442/1871] Copying CXX header __type_traits/is_specialization.h
[1443/1871] Copying CXX header __type_traits/is_reference.h
[1444/1871] Copying CXX header __type_traits/is_referenceable.h
[1445/1871] Copying CXX header __type_traits/is_signed.h
[1446/1871] Copying CXX header __type_traits/is_standard_layout.h
[1447/1871] Copying CXX header __type_traits/is_trivial.h
[1448/1871] Copying CXX header __type_traits/is_trivially_assignable.h
[1449/1871] Copying CXX header __type_traits/is_trivially_constructible.h
[1450/1871] Copying CXX header __type_traits/is_trivially_copyable.h
[1451/1871] Copying CXX header __type_traits/is_swappable.h
[1452/1871] Copying CXX header __type_traits/is_trivially_destructible.h
[1453/1871] Copying CXX header __type_traits/is_trivially_lexicographically_comparable.h
[1454/1871] Copying CXX header __type_traits/is_unqualified.h
[1455/1871] Copying CXX header __type_traits/is_unsigned.h
[1456/1871] Copying CXX header __type_traits/is_valid_expansion.h
[1457/1871] Copying CXX header __type_traits/is_void.h
[1458/1871] Copying CXX header __type_traits/is_volatile.h
[1459/1871] Copying CXX header __type_traits/is_trivially_relocatable.h
[1460/1871] Copying CXX header __type_traits/is_union.h
[1461/1871] Copying CXX header __type_traits/is_within_lifetime.h
[1462/1871] Copying CXX header __type_traits/make_32_64_or_128_bit.h
[1463/1871] Copying CXX header __type_traits/make_const_lvalue_ref.h
[1464/1871] Copying CXX header __type_traits/lazy.h
[1465/1871] Copying CXX header __type_traits/make_transparent.h
[1466/1871] Copying CXX header __type_traits/promote.h
[1467/1871] Copying CXX header __type_traits/make_signed.h
[1468/1871] Copying CXX header __type_traits/make_unsigned.h
[1469/1871] Copying CXX header __type_traits/maybe_const.h
[1470/1871] Copying CXX header __type_traits/nat.h
[1471/1871] Copying CXX header __type_traits/negation.h
[1472/1871] Copying CXX header __type_traits/rank.h
[1473/1871] Copying CXX header __type_traits/reference_constructs_from_temporary.h
[1474/1871] Copying CXX header __type_traits/remove_const_ref.h
[1475/1871] Copying CXX header __type_traits/remove_cv.h
[1476/1871] Copying CXX header __type_traits/remove_extent.h
[1477/1871] Copying CXX header __type_traits/remove_pointer.h
[1478/1871] Copying CXX header __type_traits/remove_reference.h
[1479/1871] Copying CXX header __type_traits/reference_converts_from_temporary.h
[1480/1871] Copying CXX header __type_traits/remove_all_extents.h
[1481/1871] Copying CXX header __type_traits/remove_const.h
[1482/1871] Copying CXX header __type_traits/remove_cvref.h
[1483/1871] Copying CXX header __type_traits/remove_volatile.h
[1484/1871] Copying CXX header __type_traits/result_of.h
[1485/1871] Copying CXX header __type_traits/strip_signature.h
[1486/1871] Copying CXX header __type_traits/type_identity.h
[1487/1871] Copying CXX header __type_traits/type_list.h
[1488/1871] Copying CXX header __type_traits/underlying_type.h
[1489/1871] Copying CXX header __type_traits/unwrap_ref.h
[1490/1871] Copying CXX header __type_traits/void_t.h
[1491/1871] Copying CXX header __utility/as_lvalue.h
[1492/1871] Copying CXX header __utility/as_const.h
[1493/1871] Copying CXX header __utility/auto_cast.h
[1494/1871] Copying CXX header __utility/empty.h
[1495/1871] Copying CXX header __utility/cmp.h
[1496/1871] Copying CXX header __utility/convert_to_integral.h
[1497/1871] Copying CXX header __utility/default_three_way_comparator.h
[1498/1871] Copying CXX header __undef_macros
[1499/1871] Copying CXX header __utility/forward.h
[1500/1871] Copying CXX header __utility/is_pointer_in_range.h
[1501/1871] Copying CXX header __utility/declval.h
[1502/1871] Copying CXX header __utility/exception_guard.h
[1503/1871] Copying CXX header __utility/lazy_synth_three_way_comparator.h
[1504/1871] Copying CXX header __utility/element_count.h
[1505/1871] Copying CXX header __utility/exchange.h
[1506/1871] Copying CXX header __utility/in_place.h
[1507/1871] Copying CXX header __utility/integer_sequence.h
[1508/1871] Copying CXX header __utility/is_valid_range.h
[1509/1871] Copying CXX header __utility/move.h
[1510/1871] Copying CXX header __utility/pair.h
[1511/1871] Copying CXX header __utility/piecewise_construct.h
[1512/1871] Copying CXX header __utility/priority_tag.h
[1513/1871] Copying CXX header __utility/private_constructor_tag.h
[1514/1871] Copying CXX header __utility/rel_ops.h
[1515/1871] Copying CXX header __utility/forward_like.h
[1516/1871] Copying CXX header __utility/scope_guard.h
[1517/1871] Copying CXX header __utility/small_buffer.h
[1518/1871] Copying CXX header __utility/swap.h
[1519/1871] Copying CXX header __utility/no_destroy.h
[1520/1871] Copying CXX header __utility/to_underlying.h
[1521/1871] Copying CXX header __utility/try_key_extraction.h
[1522/1871] Copying CXX header __utility/unreachable.h
[1523/1871] Copying CXX header __vector/pmr.h
[1524/1871] Copying CXX header __vector/vector_bool.h
[1525/1871] Copying CXX header __vector/vector_bool_formatter.h
[1526/1871] Copying CXX header algorithm
[1527/1871] Copying CXX header __verbose_trap
[1528/1871] Copying CXX header __variant/monostate.h
[1529/1871] Copying CXX header __vector/swap.h
[1530/1871] Copying CXX header __vector/vector.h
[1531/1871] Copying CXX header __verbose_abort
[1532/1871] Copying CXX header any
[1533/1871] Copying CXX header __vector/comparison.h
[1534/1871] Copying CXX header __vector/erase.h
[1535/1871] Copying CXX header atomic
[1536/1871] Copying CXX header barrier
[1537/1871] Copying CXX header __vector/container_traits.h
[1538/1871] Copying CXX header array
[1539/1871] Copying CXX header bit
[1540/1871] Copying CXX header bitset
[1541/1871] Copying CXX header cassert
[1542/1871] Copying CXX header ccomplex
[1543/1871] Copying CXX header cerrno
[1544/1871] Copying CXX header cfloat
[1545/1871] Copying CXX header charconv
[1546/1871] Copying CXX header chrono
[1547/1871] Copying CXX header cinttypes
[1548/1871] Copying CXX header ciso646
[1549/1871] Copying CXX header clocale
[1550/1871] Copying CXX header cfenv
[1551/1871] Copying CXX header cctype
[1552/1871] Copying CXX header codecvt
[1553/1871] Copying CXX header compare
[1554/1871] Copying CXX header complex.h
[1555/1871] Copying CXX header concepts
[1556/1871] Copying CXX header csignal
[1557/1871] Copying CXX header climits
[1558/1871] Copying CXX header complex
[1559/1871] Copying CXX header condition_variable
[1560/1871] Copying CXX header csetjmp
[1561/1871] Copying CXX header cstdalign
[1562/1871] Copying CXX header cmath
[1563/1871] Copying CXX header coroutine
[1564/1871] Copying CXX header cstdarg
[1565/1871] Copying CXX header cstddef
[1566/1871] Copying CXX header cstdio
[1567/1871] Copying CXX header ctime
[1568/1871] Copying CXX header cstdbool
[1569/1871] Copying CXX header cstdint
[1570/1871] Copying CXX header ctgmath
[1571/1871] Copying CXX header ctype.h
[1572/1871] Copying CXX header cuchar
[1573/1871] Copying CXX header cwchar
[1574/1871] Copying CXX header cstdlib
[1575/1871] Copying CXX header cstring
[1576/1871] Copying CXX header cwctype
[1577/1871] Copying CXX header deque
[1578/1871] Copying CXX header errno.h
[1579/1871] Copying CXX header exception
[1580/1871] Copying CXX header execution
[1581/1871] Copying CXX header expected
[1582/1871] Copying CXX header experimental/__simd/aligned_tag.h
[1583/1871] Copying CXX header experimental/__simd/declaration.h
[1584/1871] Copying CXX header experimental/__simd/reference.h
[1585/1871] Copying CXX header experimental/__simd/scalar.h
[1586/1871] Copying CXX header experimental/__simd/simd.h
[1587/1871] Copying CXX header experimental/__simd/simd_mask.h
[1588/1871] Copying CXX header experimental/__simd/traits.h
[1589/1871] Copying CXX header experimental/__simd/utility.h
[1590/1871] Copying CXX header experimental/__simd/vec_ext.h
[1591/1871] Copying CXX header experimental/iterator
[1592/1871] Copying CXX header experimental/memory
[1593/1871] Copying CXX header experimental/propagate_const
[1594/1871] Copying CXX header experimental/simd
[1595/1871] Copying CXX header experimental/type_traits
[1596/1871] Copying CXX header experimental/utility
[1597/1871] Copying CXX header ext/__hash
[1598/1871] Copying CXX header ext/hash_set
[1599/1871] Copying CXX header filesystem
[1600/1871] Copying CXX header ext/hash_map
[1601/1871] Copying CXX header fenv.h
[1602/1871] Copying CXX header flat_map
[1603/1871] Copying CXX header flat_set
[1604/1871] Copying CXX header float.h
[1605/1871] Copying CXX header format
[1606/1871] Copying CXX header forward_list
[1607/1871] Copying CXX header fstream
[1608/1871] Copying CXX header functional
[1609/1871] Copying CXX header future
[1610/1871] Copying CXX header initializer_list
[1611/1871] Copying CXX header inttypes.h
[1612/1871] Copying CXX header iomanip
[1613/1871] Copying CXX header ios
[1614/1871] Copying CXX header istream
[1615/1871] Copying CXX header iosfwd
[1616/1871] Copying CXX header latch
[1617/1871] Copying CXX header locale
[1618/1871] Copying CXX header iostream
[1619/1871] Copying CXX header iterator
[1620/1871] Copying CXX header limits
[1621/1871] Copying CXX header list
[1622/1871] Copying CXX header new
[1623/1871] Copying CXX header map
[1624/1871] Copying CXX header math.h
[1625/1871] Copying CXX header mdspan
[1626/1871] Copying CXX header memory
[1627/1871] Copying CXX header numbers
[1628/1871] Copying CXX header numeric
[1629/1871] Copying CXX header memory_resource
[1630/1871] Copying CXX header mutex
[1631/1871] Copying CXX header optional
[1632/1871] Copying CXX header ostream
[1633/1871] Copying CXX header print
[1634/1871] Copying CXX header queue
[1635/1871] Copying CXX header random
[1636/1871] Copying CXX header ranges
[1637/1871] Copying CXX header ratio
[1638/1871] Copying CXX header scoped_allocator
[1639/1871] Copying CXX header semaphore
[1640/1871] Copying CXX header set
[1641/1871] Copying CXX header source_location
[1642/1871] Copying CXX header sstream
[1643/1871] Copying CXX header shared_mutex
[1644/1871] Copying CXX header span
[1645/1871] Copying CXX header stack
[1646/1871] Copying CXX header stdatomic.h
[1647/1871] Copying CXX header stddef.h
[1648/1871] Copying CXX header stdexcept
[1649/1871] Copying CXX header stdio.h
[1650/1871] Copying CXX header stdlib.h
[1651/1871] Copying CXX header stop_token
[1652/1871] Copying CXX header streambuf
[1653/1871] Copying CXX header string
[1654/1871] Copying CXX header string.h
[1655/1871] Copying CXX header string_view
[1656/1871] Copying CXX header strstream
[1657/1871] Copying CXX header regex
[1658/1871] Copying CXX header syncstream
[1659/1871] Copying CXX header system_error
[1660/1871] Copying CXX header tgmath.h
[1661/1871] Copying CXX header tuple
[1662/1871] Copying CXX header type_traits
[1663/1871] Copying CXX header thread
[1664/1871] Copying CXX header typeindex
[1665/1871] Copying CXX header typeinfo
[1666/1871] Copying CXX header uchar.h
[1667/1871] Copying CXX header unordered_map
[1668/1871] Copying CXX header variant
[1669/1871] Copying CXX header unordered_set
[1670/1871] Copying CXX header utility
[1671/1871] Copying CXX header valarray
[1672/1871] Copying CXX header vector
[1673/1871] Copying CXX header version
[1674/1871] Copying CXX header wchar.h
[1675/1871] Copying CXX header wctype.h
[1676/1871] Copying CXX module std.compat/cassert.inc
[1677/1871] Copying CXX module std.compat/cfenv.inc
[1678/1871] Copying CXX module std.compat/cctype.inc
[1679/1871] Copying CXX module std.compat/cerrno.inc
[1680/1871] Copying CXX module std.compat/climits.inc
[1681/1871] Copying CXX module std.compat/cfloat.inc
[1682/1871] Generate the mapping file for include-what-you-use
[1683/1871] Building C object libunwind/src/CMakeFiles/unwind_static_objects.dir/Unwind-wasm.c.o
[1684/1871] Copying CXX module std.compat/csetjmp.inc
[1685/1871] Building C object libunwind/src/CMakeFiles/unwind_static_objects.dir/Unwind-sjlj.c.o
[1686/1871] Copying CXX module std.compat/clocale.inc
[1687/1871] Copying CXX module std.compat/cmath.inc
[1688/1871] Copying CXX module std.compat/csignal.inc
[1689/1871] Building CXX object libunwind/src/CMakeFiles/unwind_static_objects.dir/Unwind-EHABI.cpp.o
[1690/1871] Copying CXX module std.compat/cinttypes.inc
[1691/1871] Building CXX object libunwind/src/CMakeFiles/unwind_static_objects.dir/Unwind-seh.cpp.o
[1692/1871] Copying CXX module std.compat/cstdarg.inc
[1693/1871] Building ASM object libunwind/src/CMakeFiles/unwind_static_objects.dir/UnwindRegistersRestore.S.o
[1694/1871] Building C object libunwind/src/CMakeFiles/unwind_static_objects.dir/UnwindLevel1-gcc-ext.c.o
[1695/1871] Building CXX object libcxxabi/src/CMakeFiles/cxxabi_static_objects.dir/cxa_aux_runtime.cpp.o
[1696/1871] Building CXX object libcxxabi/src/CMakeFiles/cxxabi_static_objects.dir/cxa_virtual.cpp.o
[1697/1871] Building CXX object libcxxabi/src/CMakeFiles/cxxabi_static_objects.dir/stdlib_typeinfo.cpp.o
[1698/1871] Building ASM object libunwind/src/CMakeFiles/unwind_static_objects.dir/UnwindRegistersSave.S.o
[1699/1871] Building CXX object libcxxabi/src/CMakeFiles/cxxabi_static_objects.dir/cxa_exception_storage.cpp.o
[1700/1871] Building CXX object libcxxabi/src/CMakeFiles/cxxabi_static_objects.dir/abort_message.cpp.o
[1701/1871] Building CXX object libcxxabi/src/CMakeFiles/cxxabi_static_objects.dir/fallback_malloc.cpp.o
[1702/1871] Building C object libunwind/src/CMakeFiles/unwind_static_objects.dir/UnwindLevel1.c.o
[1703/1871] Building CXX object libcxxabi/src/CMakeFiles/cxxabi_static_objects.dir/cxa_vector.cpp.o
[1704/1871] Building CXX object libcxxabi/src/CMakeFiles/cxxabi_static_objects.dir/stdlib_exception.cpp.o
[1705/1871] Building CXX object libcxx/src/CMakeFiles/cxx_static.dir/any.cpp.o
[1706/1871] Building CXX object libcxxabi/src/CMakeFiles/cxxabi_static_objects.dir/stdlib_new_delete.cpp.o
[1707/1871] Building CXX object libcxxabi/src/CMakeFiles/cxxabi_static_objects.dir/cxa_guard.cpp.o
[1708/1871] Building CXX object libcxxabi/src/CMakeFiles/cxxabi_static_objects.dir/cxa_personality.cpp.o
[1709/1871] Building CXX object libcxxabi/src/CMakeFiles/cxxabi_static_objects.dir/cxa_handlers.cpp.o
[1710/1871] Building CXX object libcxxabi/src/CMakeFiles/cxxabi_static_objects.dir/cxa_exception.cpp.o
[1711/1871] Building CXX object libcxx/src/CMakeFiles/cxx_static.dir/exception.cpp.o
[1712/1871] Building CXX object libunwind/src/CMakeFiles/unwind_static_objects.dir/libunwind.cpp.o
[1713/1871] Building CXX object libcxxabi/src/CMakeFiles/cxxabi_static_objects.dir/cxa_default_handlers.cpp.o
[1714/1871] Building CXX object libcxx/src/CMakeFiles/cxx_static.dir/call_once.cpp.o
[1715/1871] Building CXX object libcxx/src/CMakeFiles/cxx_static.dir/expected.cpp.o
[1716/1871] Building CXX object libcxxabi/src/CMakeFiles/cxxabi_static_objects.dir/private_typeinfo.cpp.o
[1717/1871] Building CXX object libcxxabi/src/CMakeFiles/cxxabi_static_objects.dir/stdlib_stdexcept.cpp.o
[1718/1871] Building CXX object libcxx/src/CMakeFiles/cxx_static.dir/new_helpers.cpp.o
[1719/1871] Building CXX object libcxx/src/CMakeFiles/cxx_static.dir/new_handler.cpp.o
[1720/1871] Building CXX object libcxx/src/CMakeFiles/cxx_static.dir/memory_resource.cpp.o
[1721/1871] Building CXX object libcxx/src/CMakeFiles/cxx_static.dir/optional.cpp.o
[1722/1871] Building CXX object libcxx/src/CMakeFiles/cxx_static.dir/bind.cpp.o
[1723/1871] Building CXX object libcxx/src/CMakeFiles/cxx_static.dir/filesystem/filesystem_error.cpp.o
[1724/1871] Building CXX object libcxx/src/CMakeFiles/cxx_static.dir/functional.cpp.o
[1725/1871] Building CXX object libcxx/src/CMakeFiles/cxx_static.dir/memory.cpp.o
[1726/1871] Building CXX object libcxx/src/CMakeFiles/cxx_static.dir/error_category.cpp.o
[1727/1871] Building CXX object libcxx/src/CMakeFiles/cxx_static.dir/typeinfo.cpp.o
[1728/1871] Building CXX object libcxx/src/CMakeFiles/cxx_static.dir/hash.cpp.o
[1729/1871] Building CXX object libcxx/src/CMakeFiles/cxx_static.dir/ryu/d2fixed.cpp.o
[1730/1871] Building CXX object libcxx/src/CMakeFiles/cxx_static.dir/chrono.cpp.o
[1731/1871] Building CXX object libcxx/src/CMakeFiles/cxx_static.dir/variant.cpp.o
[1732/1871] Building CXX object libcxx/src/CMakeFiles/cxx_experimental.dir/experimental/keep.cpp.o
[1733/1871] Building CXX object libcxx/src/CMakeFiles/cxx_static.dir/verbose_abort.cpp.o
[1734/1871] Building CXX object libcxx/src/CMakeFiles/cxx_experimental.dir/experimental/log_hardening_failure.cpp.o
[1735/1871] Copying CXX module std.compat/cstddef.inc
[1736/1871] Copying CXX module std.compat/cstdint.inc
[1737/1871] Copying CXX module std.compat/cstdio.inc
[1738/1871] Linking C static library lib/libunwind.a
[1739/1871] Copying CXX module std.compat/cstring.inc
[1740/1871] Building CXX object libcxx/src/CMakeFiles/cxx_static.dir/ryu/d2s.cpp.o
[1741/1871] Copying CXX module std.compat/cstdlib.inc
[1742/1871] Building CXX object libcxx/src/CMakeFiles/cxx_static.dir/valarray.cpp.o
[1743/1871] Copying CXX module std.compat/ctime.inc
[1744/1871] Copying CXX module std.compat/cwchar.inc
[1745/1871] Copying CXX module std.compat/cuchar.inc
[1746/1871] Copying CXX module std/any.inc
[1747/1871] Copying CXX module std/algorithm.inc
[1748/1871] Copying CXX module std.compat/cwctype.inc
[1749/1871] Copying CXX module std/array.inc
[1750/1871] Copying CXX module std/atomic.inc
[1751/1871] Copying CXX module std/bit.inc
[1752/1871] Copying CXX module std/barrier.inc
[1753/1871] Copying CXX module std/bitset.inc
[1754/1871] Copying CXX module std/cctype.inc
[1755/1871] Copying CXX module std/cassert.inc
[1756/1871] Copying CXX module std/cerrno.inc
[1757/1871] Copying CXX module std/cfenv.inc
[1758/1871] Copying CXX module std/cfloat.inc
[1759/1871] Copying CXX module std/charconv.inc
[1760/1871] Copying CXX module std/cinttypes.inc
[1761/1871] Copying CXX module std/climits.inc
[1762/1871] Copying CXX module std/clocale.inc
[1763/1871] Copying CXX module std/chrono.inc
[1764/1871] Copying CXX module std/codecvt.inc
[1765/1871] Copying CXX module std/complex.inc
[1766/1871] Copying CXX module std/compare.inc
[1767/1871] Building CXX object libcxx/src/CMakeFiles/cxx_static.dir/charconv.cpp.o
[1768/1871] Copying CXX module std/cmath.inc
[1769/1871] Copying CXX module std/concepts.inc
[1770/1871] Copying CXX module std/condition_variable.inc
[1771/1871] Copying CXX module std/coroutine.inc
[1772/1871] Building CXX object libcxx/src/CMakeFiles/cxx_static.dir/random_shuffle.cpp.o
[1773/1871] Building CXX object libcxx/src/CMakeFiles/cxx_static.dir/stdexcept.cpp.o
[1774/1871] Copying CXX module std/cstdio.inc
[1775/1871] Copying CXX module std/csetjmp.inc
[1776/1871] Copying CXX module std/cstdarg.inc
[1777/1871] Copying CXX module std/cstdlib.inc
[1778/1871] Copying CXX module std/csignal.inc
[1779/1871] Copying CXX module std/cstring.inc
[1780/1871] Copying CXX module std/cstdint.inc
[1781/1871] Copying CXX module std/cuchar.inc
[1782/1871] Copying CXX module std/cstddef.inc
[1783/1871] Copying CXX module std/cwchar.inc
[1784/1871] Copying CXX module std/ctime.inc
[1785/1871] Copying CXX module std/cwctype.inc
[1786/1871] Copying CXX module std/deque.inc
[1787/1871] Building CXX object libcxx/src/CMakeFiles/cxx_static.dir/system_error.cpp.o
[1788/1871] Copying CXX module std/exception.inc
[1789/1871] Copying CXX module std/expected.inc
[1790/1871] Copying CXX module std/execution.inc
[1791/1871] Copying CXX module std/flat_map.inc
[1792/1871] Copying CXX module std/filesystem.inc
[1793/1871] Copying CXX module std/flat_set.inc
[1794/1871] Copying CXX module std/forward_list.inc
[1795/1871] Copying CXX module std/functional.inc
[1796/1871] Copying CXX module std/future.inc
[1797/1871] Copying CXX module std/format.inc
[1798/1871] Copying CXX module std/fstream.inc
[1799/1871] Copying CXX module std/hazard_pointer.inc
[1800/1871] Copying CXX module std/initializer_list.inc
[1801/1871] Copying CXX module std/ios.inc
[1802/1871] Copying CXX module std/iostream.inc
[1803/1871] Copying CXX module std/iosfwd.inc
[1804/1871] Copying CXX module std/generator.inc
[1805/1871] Copying CXX module std/iomanip.inc
[1806/1871] Copying CXX module std/iterator.inc
[1807/1871] Copying CXX module std/istream.inc
[1808/1871] Copying CXX module std/locale.inc
[1809/1871] Copying CXX module std/map.inc
[1810/1871] Copying CXX module std/limits.inc
[1811/1871] Copying CXX module std/list.inc
[1812/1871] Copying CXX module std/latch.inc
[1813/1871] Building CXX object libcxx/src/CMakeFiles/cxx_static.dir/vector.cpp.o
[1814/1871] Copying CXX module std/memory.inc
[1815/1871] Copying CXX module std/mdspan.inc
[1816/1871] Copying CXX module std/memory_resource.inc
[1817/1871] Copying CXX module std/mutex.inc
[1818/1871] Copying CXX module std/new.inc
[1819/1871] Building CXX object libcxx/src/CMakeFiles/cxx_static.dir/ryu/f2s.cpp.o
[1820/1871] Copying CXX module std/optional.inc
[1821/1871] Copying CXX module std/numbers.inc
[1822/1871] Copying CXX module std/numeric.inc
[1823/1871] Copying CXX module std/ostream.inc
[1824/1871] Copying CXX module std/random.inc
[1825/1871] Copying CXX module std/ranges.inc
[1826/1871] Copying CXX module std/ratio.inc
[1827/1871] Copying CXX module std/regex.inc
[1828/1871] Copying CXX module std/print.inc
[1829/1871] Copying CXX module std/queue.inc
[1830/1871] Copying CXX module std/rcu.inc
[1831/1871] Copying CXX module std/semaphore.inc
[1832/1871] Copying CXX module std/shared_mutex.inc
[1833/1871] Copying CXX module std/scoped_allocator.inc
[1834/1871] Copying CXX module std/set.inc
[1835/1871] Copying CXX module std/source_location.inc
[1836/1871] Copying CXX module std/spanstream.inc
[1837/1871] Copying CXX module std/sstream.inc
[1838/1871] Copying CXX module std/stack.inc
[1839/1871] Copying CXX module std/stdexcept.inc
[1840/1871] Copying CXX module std/stacktrace.inc
[1841/1871] Copying CXX module std/stdfloat.inc
[1842/1871] Copying CXX module std/span.inc
[1843/1871] Copying CXX module std/streambuf.inc
[1844/1871] Copying CXX module std/string.inc
[1845/1871] Copying CXX module std/stop_token.inc
[1846/1871] Copying CXX module std/string_view.inc
[1847/1871] Copying CXX module std/strstream.inc
[1848/1871] Copying CXX module std/syncstream.inc
[1849/1871] Copying CXX module std/system_error.inc
[1850/1871] Copying CXX module std/text_encoding.inc
[1851/1871] Copying CXX module std/thread.inc
[1852/1871] Copying CXX module std/type_traits.inc
[1853/1871] Copying CXX module std/tuple.inc
[1854/1871] Copying CXX module std/typeindex.inc
[1855/1871] Copying CXX module std/valarray.inc
[1856/1871] Copying CXX module std/unordered_map.inc
[1857/1871] Copying CXX module std/typeinfo.inc
[1858/1871] Copying CXX module std/unordered_set.inc
[1859/1871] Copying CXX module std/version.inc
[1860/1871] Copying CXX module std/variant.inc
[1861/1871] Copying CXX module std/utility.inc
[1862/1871] Copying CXX module std/vector.inc
[1863/1871] Building CXX object libcxx/src/CMakeFiles/cxx_static.dir/filesystem/path.cpp.o
[1864/1871] Building CXX object libcxx/src/CMakeFiles/cxx_static.dir/string.cpp.o
[1865/1871] Building CXX object libcxx/src/CMakeFiles/cxx_static.dir/filesystem/filesystem_clock.cpp.o
[1866/1871] Building CXX object libcxx/src/CMakeFiles/cxx_static.dir/print.cpp.o
[1867/1871] Building CXX object libcxx/src/CMakeFiles/cxx_static.dir/algorithm.cpp.o
[1868/1871] Building CXX object libcxxabi/src/CMakeFiles/cxxabi_static_objects.dir/cxa_demangle.cpp.o
[1869/1871] Linking CXX static library lib/libc++abi.a
[1870/1871] Linking CXX static library lib/libc++.a
[1871/1871] Linking CXX static library lib/libc++experimental.a
[1;34m==>[0m installing into /var/db/repos/Local/tools/llvm-libc-probe/.prefix
ninja: Entering directory `/var/db/repos/Local/tools/llvm-libc-probe/.build-cxx'
[0/1] Install the project...
-- Install configuration: "Release"
-- Installing: /var/db/repos/Local/tools/llvm-libc-probe/.prefix/include/__libunwind_config.h
-- Installing: /var/db/repos/Local/tools/llvm-libc-probe/.prefix/include/libunwind.h
-- Installing: /var/db/repos/Local/tools/llvm-libc-probe/.prefix/include/libunwind.modulemap
-- Installing: /var/db/repos/Local/tools/llvm-libc-probe/.prefix/include/mach-o/compact_unwind_encoding.h
-- Installing: /var/db/repos/Local/tools/llvm-libc-probe/.prefix/include/unwind_arm_ehabi.h
-- Installing: /var/db/repos/Local/tools/llvm-libc-probe/.prefix/include/unwind_itanium.h
-- Installing: /var/db/repos/Local/tools/llvm-libc-probe/.prefix/include/unwind.h
-- Installing: /var/db/repos/Local/tools/llvm-libc-probe/.prefix/lib/libunwind.a
-- Installing: /var/db/repos/Local/tools/llvm-libc-probe/.prefix/include/c++/v1/__cxxabi_config.h
-- Installing: /var/db/repos/Local/tools/llvm-libc-probe/.prefix/include/c++/v1/cxxabi.h
-- Installing: /var/db/repos/Local/tools/llvm-libc-probe/.prefix/lib/libc++abi.a
-- Installing: /var/db/repos/Local/tools/llvm-libc-probe/.prefix/include/c++/v1/__algorithm/adjacent_find.h
-- Installing: /var/db/repos/Local/tools/llvm-libc-probe/.prefix/include/c++/v1/__algorithm/all_of.h
-- Installing: /var/db/repos/Local/tools/llvm-libc-probe/.prefix/include/c++/v1/__algorithm/any_of.h
-- Installing: /var/db/repos/Local/tools/llvm-libc-probe/.prefix/include/c++/v1/__algorithm/binary_search.h
-- Installing: /var/db/repos/Local/tools/llvm-libc-probe/.prefix/include/c++/v1/__algorithm/clamp.h
-- Installing: /var/db/repos/Local/tools/llvm-libc-probe/.prefix/include/c++/v1/__algorithm/comp.h
-- Installing: /var/db/repos/Local/tools/llvm-libc-probe/.prefix/include/c++/v1/__algorithm/comp_ref_type.h
-- Installing: /var/db/repos/Local/tools/llvm-libc-probe/.prefix/include/c++/v1/__algorithm/copy.h
-- Installing: /var/db/repos/Local/tools/llvm-libc-probe/.prefix/include/c++/v1/__algorithm/copy_backward.h
-- Installing: /var/db/repos/Local/tools/llvm-libc-probe/.prefix/include/c++/v1/__algorithm/copy_if.h
-- Installing: /var/db/repos/Local/tools/llvm-libc-probe/.prefix/include/c++/v1/__algorithm/copy_move_common.h
-- Installing: /var/db/repos/Local/tools/llvm-libc-probe/.prefix/include/c++/v1/__algorithm/copy_n.h
-- Installing: /var/db/repos/Local/tools/llvm-libc-probe/.prefix/include/c++/v1/__algorithm/count.h
-- Installing: /var/db/repos/Local/tools/llvm-libc-probe/.prefix/include/c++/v1/__algorithm/count_if.h
-- Installing: /var/db/repos/Local/tools/llvm-libc-probe/.prefix/include/c++/v1/__algorithm/equal.h
-- Installing: /var/db/repos/Local/tools/llvm-libc-probe/.prefix/include/c++/v1/__algorithm/equal_range.h
-- Installing: /var/db/repos/Local/tools/llvm-libc-probe/.prefix/include/c++/v1/__algorithm/fill.h
-- Installing: /var/db/repos/Local/tools/llvm-libc-probe/.prefix/include/c++/v1/__algorithm/fill_n.h
-- Installing: /var/db/repos/Local/tools/llvm-libc-probe/.prefix/include/c++/v1/__algorithm/find.h
-- Installing: /var/db/repos/Local/tools/llvm-libc-probe/.prefix/include/c++/v1/__algorithm/find_end.h
-- Installing: /var/db/repos/Local/tools/llvm-libc-probe/.prefix/include/c++/v1/__algorithm/find_first_of.h
-- Installing: /var/db/repos/Local/tools/llvm-libc-probe/.prefix/include/c++/v1/__algorithm/find_if.h
-- Installing: /var/db/repos/Local/tools/llvm-libc-probe/.prefix/include/c++/v1/__algorithm/find_if_not.h
-- Installing: /var/db/repos/Local/tools/llvm-libc-probe/.prefix/include/c++/v1/__algorithm/find_segment_if.h
-- Installing: /var/db/repos/Local/tools/llvm-libc-probe/.prefix/include/c++/v1/__algorithm/for_each.h
-- Installing: /var/db/repos/Local/tools/llvm-libc-probe/.prefix/include/c++/v1/__algorithm/for_each_n.h
-- Installing: /var/db/repos/Local/tools/llvm-libc-probe/.prefix/include/c++/v1/__algorithm/for_each_n_segment.h
-- Installing: /var/db/repos/Local/tools/llvm-libc-probe/.prefix/include/c++/v1/__algorithm/for_each_segment.h
-- Installing: /var/db/repos/Local/tools/llvm-libc-probe/.prefix/include/c++/v1/__algorithm/generate.h
-- Installing: /var/db/repos/Local/tools/llvm-libc-probe/.prefix/include/c++/v1/__algorithm/generate_n.h
-- Installing: /var/db/repos/Local/tools/llvm-libc-probe/.prefix/include/c++/v1/__algorithm/half_positive.h
-- Installing: /var/db/repos/Local/tools/llvm-libc-probe/.prefix/include/c++/v1/__algorithm/in_found_result.h
-- Installing: /var/db/repos/Local/tools/llvm-libc-probe/.prefix/include/c++/v1/__algorithm/in_fun_result.h
-- Installing: /var/db/repos/Local/tools/llvm-libc-probe/.prefix/include/c++/v1/__algorithm/in_in_out_result.h
-- Installing: /var/db/repos/Local/tools/llvm-libc-probe/.prefix/include/c++/v1/__algorithm/in_in_result.h
-- Installing: /var/db/repos/Local/tools/llvm-libc-probe/.prefix/include/c++/v1/__algorithm/in_out_out_result.h
-- Installing: /var/db/repos/Local/tools/llvm-libc-probe/.prefix/include/c++/v1/__algorithm/in_out_result.h
-- Installing: /var/db/repos/Local/tools/llvm-libc-probe/.prefix/include/c++/v1/__algorithm/includes.h
-- Installing: /var/db/repos/Local/tools/llvm-libc-probe/.prefix/include/c++/v1/__algorithm/inplace_merge.h
-- Installing: /var/db/repos/Local/tools/llvm-libc-probe/.prefix/include/c++/v1/__algorithm/is_heap.h
-- Installing: /var/db/repos/Local/tools/llvm-libc-probe/.prefix/include/c++/v1/__algorithm/is_heap_until.h
-- Installing: /var/db/repos/Local/tools/llvm-libc-probe/.prefix/include/c++/v1/__algorithm/is_partitioned.h
-- Installing: /var/db/repos/Local/tools/llvm-libc-probe/.prefix/include/c++/v1/__algorithm/is_permutation.h
-- Installing: /var/db/repos/Local/tools/llvm-libc-probe/.prefix/include/c++/v1/__algorithm/is_sorted.h
-- Installing: /var/db/repos/Local/tools/llvm-libc-probe/.prefix/include/c++/v1/__algorithm/is_sorted_until.h
-- Installing: /var/db/repos/Local/tools/llvm-libc-probe/.prefix/include/c++/v1/__algorithm/iter_swap.h
-- Installing: /var/db/repos/Local/tools/llvm-libc-probe/.prefix/include/c++/v1/__algorithm/iterator_operations.h
-- Installing: /var/db/repos/Local/tools/llvm-libc-probe/.prefix/include/c++/v1/__algorithm/lexicographical_compare.h
-- Installing: /var/db/repos/Local/tools/llvm-libc-probe/.prefix/include/c++/v1/__algorithm/lexicographical_compare_three_way.h
-- Installing: /var/db/repos/Local/tools/llvm-libc-probe/.prefix/include/c++/v1/__algorithm/lower_bound.h
-- Installing: /var/db/repos/Local/tools/llvm-libc-probe/.prefix/include/c++/v1/__algorithm/make_heap.h
-- Installing: /var/db/repos/Local/tools/llvm-libc-probe/.prefix/include/c++/v1/__algorithm/make_projected.h
-- Installing: /var/db/repos/Local/tools/llvm-libc-probe/.prefix/include/c++/v1/__algorithm/max.h
-- Installing: /var/db/repos/Local/tools/llvm-libc-probe/.prefix/include/c++/v1/__algorithm/max_element.h
-- Installing: /var/db/repos/Local/tools/llvm-libc-probe/.prefix/include/c++/v1/__algorithm/merge.h
-- Installing: /var/db/repos/Local/tools/llvm-libc-probe/.prefix/include/c++/v1/__algorithm/min.h
-- Installing: /var/db/repos/Local/tools/llvm-libc-probe/.prefix/include/c++/v1/__algorithm/min_element.h
-- Installing: /var/db/repos/Local/tools/llvm-libc-probe/.prefix/include/c++/v1/__algorithm/min_max_result.h
-- Installing: /var/db/repos/Local/tools/llvm-libc-probe/.prefix/include/c++/v1/__algorithm/minmax.h
-- Installing: /var/db/repos/Local/tools/llvm-libc-probe/.prefix/include/c++/v1/__algorithm/minmax_element.h
-- Installing: /var/db/repos/Local/tools/llvm-libc-probe/.prefix/include/c++/v1/__algorithm/mismatch.h
-- Installing: /var/db/repos/Local/tools/llvm-libc-probe/.prefix/include/c++/v1/__algorithm/move.h
-- Installing: /var/db/repos/Local/tools/llvm-libc-probe/.prefix/include/c++/v1/__algorithm/move_backward.h
-- Installing: /var/db/repos/Local/tools/llvm-libc-probe/.prefix/include/c++/v1/__algorithm/next_permutation.h
-- Installing: /var/db/repos/Local/tools/llvm-libc-probe/.prefix/include/c++/v1/__algorithm/none_of.h
-- Installing: /var/db/repos/Local/tools/llvm-libc-probe/.prefix/include/c++/v1/__algorithm/nth_element.h
-- Installing: /var/db/repos/Local/tools/llvm-libc-probe/.prefix/include/c++/v1/__algorithm/out_value_result.h
-- Installing: /var/db/repos/Local/tools/llvm-libc-probe/.prefix/include/c++/v1/__algorithm/partial_sort.h
-- Installing: /var/db/repos/Local/tools/llvm-libc-probe/.prefix/include/c++/v1/__algorithm/partial_sort_copy.h
-- Installing: /var/db/repos/Local/tools/llvm-libc-probe/.prefix/include/c++/v1/__algorithm/partition.h
-- Installing: /var/db/repos/Local/tools/llvm-libc-probe/.prefix/include/c++/v1/__algorithm/partition_copy.h
-- Installing: /var/db/repos/Local/tools/llvm-libc-probe/.prefix/include/c++/v1/__algorithm/partition_point.h
-- Installing: /var/db/repos/Local/tools/llvm-libc-probe/.prefix/include/c++/v1/__algorithm/pop_heap.h
-- Installing: /var/db/repos/Local/tools/llvm-libc-probe/.prefix/include/c++/v1/__algorithm/prev_permutation.h
-- Installing: /var/db/repos/Local/tools/llvm-libc-probe/.prefix/include/c++/v1/__algorithm/pstl.h
-- Installing: /var/db/repos/Local/tools/llvm-libc-probe/.prefix/include/c++/v1/__algorithm/push_heap.h
-- Installing: /var/db/repos/Local/tools/llvm-libc-probe/.prefix/include/c++/v1/__algorithm/radix_sort.h
-- Installing: /var/db/repos/Local/tools/llvm-libc-probe/.prefix/include/c++/v1/__algorithm/ranges_adjacent_find.h
-- Installing: /var/db/repos/Local/tools/llvm-libc-probe/.prefix/include/c++/v1/__algorithm/ranges_all_of.h
-- Installing: /var/db/repos/Local/tools/llvm-libc-probe/.prefix/include/c++/v1/__algorithm/ranges_any_of.h
-- Installing: /var/db/repos/Local/tools/llvm-libc-probe/.prefix/include/c++/v1/__algorithm/ranges_binary_search.h
-- Installing: /var/db/repos/Local/tools/llvm-libc-probe/.prefix/include/c++/v1/__algorithm/ranges_clamp.h
-- Installing: /var/db/repos/Local/tools/llvm-libc-probe/.prefix/include/c++/v1/__algorithm/ranges_contains.h
-- Installing: /var/db/repos/Local/tools/llvm-libc-probe/.prefix/include/c++/v1/__algorithm/ranges_contains_subrange.h
-- Installing: /var/db/repos/Local/tools/llvm-libc-probe/.prefix/include/c++/v1/__algorithm/ranges_copy.h
-- Installing: /var/db/repos/Local/tools/llvm-libc-probe/.prefix/include/c++/v1/__algorithm/ranges_copy_backward.h
-- Installing: /var/db/repos/Local/tools/llvm-libc-probe/.prefix/include/c++/v1/__algorithm/ranges_copy_if.h
-- Installing: /var/db/repos/Local/tools/llvm-libc-probe/.prefix/include/c++/v1/__algorithm/ranges_copy_n.h
-- Installing: /var/db/repos/Local/tools/llvm-libc-probe/.prefix/include/c++/v1/__algorithm/ranges_count.h
-- Installing: /var/db/repos/Local/tools/llvm-libc-probe/.prefix/include/c++/v1/__algorithm/ranges_count_if.h
-- Installing: /var/db/repos/Local/tools/llvm-libc-probe/.prefix/include/c++/v1/__algorithm/ranges_ends_with.h
-- Installing: /var/db/repos/Local/tools/llvm-libc-probe/.prefix/include/c++/v1/__algorithm/ranges_equal.h
-- Installing: /var/db/repos/Local/tools/llvm-libc-probe/.prefix/include/c++/v1/__algorithm/ranges_equal_range.h
-- Installing: /var/db/repos/Local/tools/llvm-libc-probe/.prefix/include/c++/v1/__algorithm/ranges_fill.h
-- Installing: /var/db/repos/Local/tools/llvm-libc-probe/.prefix/include/c++/v1/__algorithm/ranges_fill_n.h
-- Installing: /var/db/repos/Local/tools/llvm-libc-probe/.prefix/include/c++/v1/__algorithm/ranges_find.h
-- Installing: /var/db/repos/Local/tools/llvm-libc-probe/.prefix/include/c++/v1/__algorithm/ranges_find_end.h
-- Installing: /var/db/repos/Local/tools/llvm-libc-probe/.prefix/include/c++/v1/__algorithm/ranges_find_first_of.h
-- Installing: /var/db/repos/Local/tools/llvm-libc-probe/.prefix/include/c++/v1/__algorithm/ranges_find_if.h
-- Installing: /var/db/repos/Local/tools/llvm-libc-probe/.prefix/include/c++/v1/__algorithm/ranges_find_if_not.h
-- Installing: /var/db/repos/Local/tools/llvm-libc-probe/.prefix/include/c++/v1/__algorithm/ranges_find_last.h
-- Installing: /var/db/repos/Local/tools/llvm-libc-probe/.prefix/include/c++/v1/__algorithm/ranges_fold.h
-- Installing: /var/db/repos/Local/tools/llvm-libc-probe/.prefix/include/c++/v1/__algorithm/ranges_for_each.h
-- Installing: /var/db/repos/Local/tools/llvm-libc-probe/.prefix/include/c++/v1/__algorithm/ranges_for_each_n.h
-- Installing: /var/db/repos/Local/tools/llvm-libc-probe/.prefix/include/c++/v1/__algorithm/ranges_generate.h
-- Installing: /var/db/repos/Local/tools/llvm-libc-probe/.prefix/include/c++/v1/__algorithm/ranges_generate_n.h
-- Installing: /var/db/repos/Local/tools/llvm-libc-probe/.prefix/include/c++/v1/__algorithm/ranges_includes.h
-- Installing: /var/db/repos/Local/tools/llvm-libc-probe/.prefix/include/c++/v1/__algorithm/ranges_inplace_merge.h
-- Installing: /var/db/repos/Local/tools/llvm-libc-probe/.prefix/include/c++/v1/__algorithm/ranges_is_heap.h
-- Installing: /var/db/repos/Local/tools/llvm-libc-probe/.prefix/include/c++/v1/__algorithm/ranges_is_heap_until.h
-- Installing: /var/db/repos/Local/tools/llvm-libc-probe/.prefix/include/c++/v1/__algorithm/ranges_is_partitioned.h
-- Installing: /var/db/repos/Local/tools/llvm-libc-probe/.prefix/include/c++/v1/__algorithm/ranges_is_permutation.h
-- Installing: /var/db/repos/Local/tools/llvm-libc-probe/.prefix/include/c++/v1/__algorithm/ranges_is_sorted.h
-- Installing: /var/db/repos/Local/tools/llvm-libc-probe/.prefix/include/c++/v1/__algorithm/ranges_is_sorted_until.h
-- Installing: /var/db/repos/Local/tools/llvm-libc-probe/.prefix/include/c++/v1/__algorithm/ranges_iterator_concept.h
-- Installing: /var/db/repos/Local/tools/llvm-libc-probe/.prefix/include/c++/v1/__algorithm/ranges_lexicographical_compare.h
-- Installing: /var/db/repos/Local/tools/llvm-libc-probe/.prefix/include/c++/v1/__algorithm/ranges_lower_bound.h
-- Installing: /var/db/repos/Local/tools/llvm-libc-probe/.prefix/include/c++/v1/__algorithm/ranges_make_heap.h
-- Installing: /var/db/repos/Local/tools/llvm-libc-probe/.prefix/include/c++/v1/__algorithm/ranges_max.h
-- Installing: /var/db/repos/Local/tools/llvm-libc-probe/.prefix/include/c++/v1/__algorithm/ranges_max_element.h
-- Installing: /var/db/repos/Local/tools/llvm-libc-probe/.prefix/include/c++/v1/__algorithm/ranges_merge.h
-- Installing: /var/db/repos/Local/tools/llvm-libc-probe/.prefix/include/c++/v1/__algorithm/ranges_min.h
-- Installing: /var/db/repos/Local/tools/llvm-libc-probe/.prefix/include/c++/v1/__algorithm/ranges_min_element.h
-- Installing: /var/db/repos/Local/tools/llvm-libc-probe/.prefix/include/c++/v1/__algorithm/ranges_minmax.h
-- Installing: /var/db/repos/Local/tools/llvm-libc-probe/.prefix/include/c++/v1/__algorithm/ranges_minmax_element.h
-- Installing: /var/db/repos/Local/tools/llvm-libc-probe/.prefix/include/c++/v1/__algorithm/ranges_mismatch.h
-- Installing: /var/db/repos/Local/tools/llvm-libc-probe/.prefix/include/c++/v1/__algorithm/ranges_move.h
-- Installing: /var/db/repos/Local/tools/llvm-libc-probe/.prefix/include/c++/v1/__algorithm/ranges_move_backward.h
-- Installing: /var/db/repos/Local/tools/llvm-libc-probe/.prefix/include/c++/v1/__algorithm/ranges_next_permutation.h
-- Installing: /var/db/repos/Local/tools/llvm-libc-probe/.prefix/include/c++/v1/__algorithm/ranges_none_of.h
-- Installing: /var/db/repos/Local/tools/llvm-libc-probe/.prefix/include/c++/v1/__algorithm/ranges_nth_element.h
-- Installing: /var/db/repos/Local/tools/llvm-libc-probe/.prefix/include/c++/v1/__algorithm/ranges_partial_sort.h
-- Installing: /var/db/repos/Local/tools/llvm-libc-probe/.prefix/include/c++/v1/__algorithm/ranges_partial_sort_copy.h
-- Installing: /var/db/repos/Local/tools/llvm-libc-probe/.prefix/include/c++/v1/__algorithm/ranges_partition.h
-- Installing: /var/db/repos/Local/tools/llvm-libc-probe/.prefix/include/c++/v1/__algorithm/ranges_partition_copy.h
-- Installing: /var/db/repos/Local/tools/llvm-libc-probe/.prefix/include/c++/v1/__algorithm/ranges_partition_point.h
-- Installing: /var/db/repos/Local/tools/llvm-libc-probe/.prefix/include/c++/v1/__algorithm/ranges_pop_heap.h
-- Installing: /var/db/repos/Local/tools/llvm-libc-probe/.prefix/include/c++/v1/__algorithm/ranges_prev_permutation.h
-- Installing: /var/db/repos/Local/tools/llvm-libc-probe/.prefix/include/c++/v1/__algorithm/ranges_push_heap.h
-- Installing: /var/db/repos/Local/tools/llvm-libc-probe/.prefix/include/c++/v1/__algorithm/ranges_remove.h
-- Installing: /var/db/repos/Local/tools/llvm-libc-probe/.prefix/include/c++/v1/__algorithm/ranges_remove_copy.h
-- Installing: /var/db/repos/Local/tools/llvm-libc-probe/.prefix/include/c++/v1/__algorithm/ranges_remove_copy_if.h
-- Installing: /var/db/repos/Local/tools/llvm-libc-probe/.prefix/include/c++/v1/__algorithm/ranges_remove_if.h
-- Installing: /var/db/repos/Local/tools/llvm-libc-probe/.prefix/include/c++/v1/__algorithm/ranges_replace.h
-- Installing: /var/db/repos/Local/tools/llvm-libc-probe/.prefix/include/c++/v1/__algorithm/ranges_replace_copy.h
-- Installing: /var/db/repos/Local/tools/llvm-libc-probe/.prefix/include/c++/v1/__algorithm/ranges_replace_copy_if.h
-- Installing: /var/db/repos/Local/tools/llvm-libc-probe/.prefix/include/c++/v1/__algorithm/ranges_replace_if.h
-- Installing: /var/db/repos/Local/tools/llvm-libc-probe/.prefix/include/c++/v1/__algorithm/ranges_reverse.h
-- Installing: /var/db/repos/Local/tools/llvm-libc-probe/.prefix/include/c++/v1/__algorithm/ranges_reverse_copy.h
-- Installing: /var/db/repos/Local/tools/llvm-libc-probe/.prefix/include/c++/v1/__algorithm/ranges_rotate.h
-- Installing: /var/db/repos/Local/tools/llvm-libc-probe/.prefix/include/c++/v1/__algorithm/ranges_rotate_copy.h
-- Installing: /var/db/repos/Local/tools/llvm-libc-probe/.prefix/include/c++/v1/__algorithm/ranges_sample.h
-- Installing: /var/db/repos/Local/tools/llvm-libc-probe/.prefix/include/c++/v1/__algorithm/ranges_search.h
-- Installing: /var/db/repos/Local/tools/llvm-libc-probe/.prefix/include/c++/v1/__algorithm/ranges_search_n.h
-- Installing: /var/db/repos/Local/tools/llvm-libc-probe/.prefix/include/c++/v1/__algorithm/ranges_set_difference.h
-- Installing: /var/db/repos/Local/tools/llvm-libc-probe/.prefix/include/c++/v1/__algorithm/ranges_set_intersection.h
-- Installing: /var/db/repos/Local/tools/llvm-libc-probe/.prefix/include/c++/v1/__algorithm/ranges_set_symmetric_difference.h
-- Installing: /var/db/repos/Local/tools/llvm-libc-probe/.prefix/include/c++/v1/__algorithm/ranges_set_union.h
-- Installing: /var/db/repos/Local/tools/llvm-libc-probe/.prefix/include/c++/v1/__algorithm/ranges_shuffle.h
-- Installing: /var/db/repos/Local/tools/llvm-libc-probe/.prefix/include/c++/v1/__algorithm/ranges_sort.h
-- Installing: /var/db/repos/Local/tools/llvm-libc-probe/.prefix/include/c++/v1/__algorithm/ranges_sort_heap.h
-- Installing: /var/db/repos/Local/tools/llvm-libc-probe/.prefix/include/c++/v1/__algorithm/ranges_stable_partition.h
-- Installing: /var/db/repos/Local/tools/llvm-libc-probe/.prefix/include/c++/v1/__algorithm/ranges_stable_sort.h
-- Installing: /var/db/repos/Local/tools/llvm-libc-probe/.prefix/include/c++/v1/__algorithm/ranges_starts_with.h
-- Installing: /var/db/repos/Local/tools/llvm-libc-probe/.prefix/include/c++/v1/__algorithm/ranges_swap_ranges.h
-- Installing: /var/db/repos/Local/tools/llvm-libc-probe/.prefix/include/c++/v1/__algorithm/ranges_transform.h
-- Installing: /var/db/repos/Local/tools/llvm-libc-probe/.prefix/include/c++/v1/__algorithm/ranges_unique.h
-- Installing: /var/db/repos/Local/tools/llvm-libc-probe/.prefix/include/c++/v1/__algorithm/ranges_unique_copy.h
-- Installing: /var/db/repos/Local/tools/llvm-libc-probe/.prefix/include/c++/v1/__algorithm/ranges_upper_bound.h
-- Installing: /var/db/repos/Local/tools/llvm-libc-probe/.prefix/include/c++/v1/__algorithm/remove.h
-- Installing: /var/db/repos/Local/tools/llvm-libc-probe/.prefix/include/c++/v1/__algorithm/remove_copy.h
-- Installing: /var/db/repos/Local/tools/llvm-libc-probe/.prefix/include/c++/v1/__algorithm/remove_copy_if.h
-- Installing: /var/db/repos/Local/tools/llvm-libc-probe/.prefix/include/c++/v1/__algorithm/remove_if.h
-- Installing: /var/db/repos/Local/tools/llvm-libc-probe/.prefix/include/c++/v1/__algorithm/replace.h
-- Installing: /var/db/repos/Local/tools/llvm-libc-probe/.prefix/include/c++/v1/__algorithm/replace_copy.h
-- Installing: /var/db/repos/Local/tools/llvm-libc-probe/.prefix/include/c++/v1/__algorithm/replace_copy_if.h
-- Installing: /var/db/repos/Local/tools/llvm-libc-probe/.prefix/include/c++/v1/__algorithm/replace_if.h
-- Installing: /var/db/repos/Local/tools/llvm-libc-probe/.prefix/include/c++/v1/__algorithm/reverse.h
-- Installing: /var/db/repos/Local/tools/llvm-libc-probe/.prefix/include/c++/v1/__algorithm/reverse_copy.h
-- Installing: /var/db/repos/Local/tools/llvm-libc-probe/.prefix/include/c++/v1/__algorithm/rotate.h
-- Installing: /var/db/repos/Local/tools/llvm-libc-probe/.prefix/include/c++/v1/__algorithm/rotate_copy.h
-- Installing: /var/db/repos/Local/tools/llvm-libc-probe/.prefix/include/c++/v1/__algorithm/sample.h
-- Installing: /var/db/repos/Local/tools/llvm-libc-probe/.prefix/include/c++/v1/__algorithm/search.h
-- Installing: /var/db/repos/Local/tools/llvm-libc-probe/.prefix/include/c++/v1/__algorithm/search_n.h
-- Installing: /var/db/repos/Local/tools/llvm-libc-probe/.prefix/include/c++/v1/__algorithm/set_difference.h
-- Installing: /var/db/repos/Local/tools/llvm-libc-probe/.prefix/include/c++/v1/__algorithm/set_intersection.h
-- Installing: /var/db/repos/Local/tools/llvm-libc-probe/.prefix/include/c++/v1/__algorithm/set_symmetric_difference.h
-- Installing: /var/db/repos/Local/tools/llvm-libc-probe/.prefix/include/c++/v1/__algorithm/set_union.h
-- Installing: /var/db/repos/Local/tools/llvm-libc-probe/.prefix/include/c++/v1/__algorithm/shift_left.h
-- Installing: /var/db/repos/Local/tools/llvm-libc-probe/.prefix/include/c++/v1/__algorithm/shift_right.h
-- Installing: /var/db/repos/Local/tools/llvm-libc-probe/.prefix/include/c++/v1/__algorithm/shuffle.h
-- Installing: /var/db/repos/Local/tools/llvm-libc-probe/.prefix/include/c++/v1/__algorithm/sift_down.h
-- Installing: /var/db/repos/Local/tools/llvm-libc-probe/.prefix/include/c++/v1/__algorithm/simd_utils.h
-- Installing: /var/db/repos/Local/tools/llvm-libc-probe/.prefix/include/c++/v1/__algorithm/sort.h
-- Installing: /var/db/repos/Local/tools/llvm-libc-probe/.prefix/include/c++/v1/__algorithm/sort_heap.h
-- Installing: /var/db/repos/Local/tools/llvm-libc-probe/.prefix/include/c++/v1/__algorithm/specialized_algorithms.h
-- Installing: /var/db/repos/Local/tools/llvm-libc-probe/.prefix/include/c++/v1/__algorithm/stable_partition.h
-- Installing: /var/db/repos/Local/tools/llvm-libc-probe/.prefix/include/c++/v1/__algorithm/stable_sort.h
-- Installing: /var/db/repos/Local/tools/llvm-libc-probe/.prefix/include/c++/v1/__algorithm/swap_ranges.h
-- Installing: /var/db/repos/Local/tools/llvm-libc-probe/.prefix/include/c++/v1/__algorithm/three_way_comp_ref_type.h
-- Installing: /var/db/repos/Local/tools/llvm-libc-probe/.prefix/include/c++/v1/__algorithm/transform.h
-- Installing: /var/db/repos/Local/tools/llvm-libc-probe/.prefix/include/c++/v1/__algorithm/uniform_random_bit_generator_adaptor.h
-- Installing: /var/db/repos/Local/tools/llvm-libc-probe/.prefix/include/c++/v1/__algorithm/unique.h
-- Installing: /var/db/repos/Local/tools/llvm-libc-probe/.prefix/include/c++/v1/__algorithm/unique_copy.h
-- Installing: /var/db/repos/Local/tools/llvm-libc-probe/.prefix/include/c++/v1/__algorithm/unwrap_iter.h
-- Installing: /var/db/repos/Local/tools/llvm-libc-probe/.prefix/include/c++/v1/__algorithm/unwrap_range.h
-- Installing: /var/db/repos/Local/tools/llvm-libc-probe/.prefix/include/c++/v1/__algorithm/upper_bound.h
-- Installing: /var/db/repos/Local/tools/llvm-libc-probe/.prefix/include/c++/v1/__assert
-- Installing: /var/db/repos/Local/tools/llvm-libc-probe/.prefix/include/c++/v1/__atomic/aliases.h
-- Installing: /var/db/repos/Local/tools/llvm-libc-probe/.prefix/include/c++/v1/__atomic/atomic.h
-- Installing: /var/db/repos/Local/tools/llvm-libc-probe/.prefix/include/c++/v1/__atomic/atomic_flag.h
-- Installing: /var/db/repos/Local/tools/llvm-libc-probe/.prefix/include/c++/v1/__atomic/atomic_init.h
-- Installing: /var/db/repos/Local/tools/llvm-libc-probe/.prefix/include/c++/v1/__atomic/atomic_lock_free.h
-- Installing: /var/db/repos/Local/tools/llvm-libc-probe/.prefix/include/c++/v1/__atomic/atomic_ref.h
-- Installing: /var/db/repos/Local/tools/llvm-libc-probe/.prefix/include/c++/v1/__atomic/atomic_sync.h
-- Installing: /var/db/repos/Local/tools/llvm-libc-probe/.prefix/include/c++/v1/__atomic/atomic_sync_timed.h
-- Installing: /var/db/repos/Local/tools/llvm-libc-probe/.prefix/include/c++/v1/__atomic/atomic_waitable_traits.h
-- Installing: /var/db/repos/Local/tools/llvm-libc-probe/.prefix/include/c++/v1/__atomic/check_memory_order.h
-- Installing: /var/db/repos/Local/tools/llvm-libc-probe/.prefix/include/c++/v1/__atomic/contention_t.h
-- Installing: /var/db/repos/Local/tools/llvm-libc-probe/.prefix/include/c++/v1/__atomic/fence.h
-- Installing: /var/db/repos/Local/tools/llvm-libc-probe/.prefix/include/c++/v1/__atomic/floating_point_helper.h
-- Installing: /var/db/repos/Local/tools/llvm-libc-probe/.prefix/include/c++/v1/__atomic/is_always_lock_free.h
-- Installing: /var/db/repos/Local/tools/llvm-libc-probe/.prefix/include/c++/v1/__atomic/kill_dependency.h
-- Installing: /var/db/repos/Local/tools/llvm-libc-probe/.prefix/include/c++/v1/__atomic/memory_order.h
-- Installing: /var/db/repos/Local/tools/llvm-libc-probe/.prefix/include/c++/v1/__atomic/support.h
-- Installing: /var/db/repos/Local/tools/llvm-libc-probe/.prefix/include/c++/v1/__atomic/support/c11.h
-- Installing: /var/db/repos/Local/tools/llvm-libc-probe/.prefix/include/c++/v1/__atomic/support/gcc.h
-- Installing: /var/db/repos/Local/tools/llvm-libc-probe/.prefix/include/c++/v1/__atomic/to_gcc_order.h
-- Installing: /var/db/repos/Local/tools/llvm-libc-probe/.prefix/include/c++/v1/__bit/bit_cast.h
-- Installing: /var/db/repos/Local/tools/llvm-libc-probe/.prefix/include/c++/v1/__bit/bit_ceil.h
-- Installing: /var/db/repos/Local/tools/llvm-libc-probe/.prefix/include/c++/v1/__bit/bit_floor.h
-- Installing: /var/db/repos/Local/tools/llvm-libc-probe/.prefix/include/c++/v1/__bit/bit_log2.h
-- Installing: /var/db/repos/Local/tools/llvm-libc-probe/.prefix/include/c++/v1/__bit/bit_width.h
-- Installing: /var/db/repos/Local/tools/llvm-libc-probe/.prefix/include/c++/v1/__bit/blsr.h
-- Installing: /var/db/repos/Local/tools/llvm-libc-probe/.prefix/include/c++/v1/__bit/byteswap.h
-- Installing: /var/db/repos/Local/tools/llvm-libc-probe/.prefix/include/c++/v1/__bit/countl.h
-- Installing: /var/db/repos/Local/tools/llvm-libc-probe/.prefix/include/c++/v1/__bit/countr.h
-- Installing: /var/db/repos/Local/tools/llvm-libc-probe/.prefix/include/c++/v1/__bit/endian.h
-- Installing: /var/db/repos/Local/tools/llvm-libc-probe/.prefix/include/c++/v1/__bit/has_single_bit.h
-- Installing: /var/db/repos/Local/tools/llvm-libc-probe/.prefix/include/c++/v1/__bit/invert_if.h
-- Installing: /var/db/repos/Local/tools/llvm-libc-probe/.prefix/include/c++/v1/__bit/popcount.h
-- Installing: /var/db/repos/Local/tools/llvm-libc-probe/.prefix/include/c++/v1/__bit/rotate.h
-- Installing: /var/db/repos/Local/tools/llvm-libc-probe/.prefix/include/c++/v1/__bit_reference
-- Installing: /var/db/repos/Local/tools/llvm-libc-probe/.prefix/include/c++/v1/__charconv/chars_format.h
-- Installing: /var/db/repos/Local/tools/llvm-libc-probe/.prefix/include/c++/v1/__charconv/from_chars_floating_point.h
-- Installing: /var/db/repos/Local/tools/llvm-libc-probe/.prefix/include/c++/v1/__charconv/from_chars_integral.h
-- Installing: /var/db/repos/Local/tools/llvm-libc-probe/.prefix/include/c++/v1/__charconv/from_chars_result.h
-- Installing: /var/db/repos/Local/tools/llvm-libc-probe/.prefix/include/c++/v1/__charconv/tables.h
-- Installing: /var/db/repos/Local/tools/llvm-libc-probe/.prefix/include/c++/v1/__charconv/to_chars.h
-- Installing: /var/db/repos/Local/tools/llvm-libc-probe/.prefix/include/c++/v1/__charconv/to_chars_base_10.h
-- Installing: /var/db/repos/Local/tools/llvm-libc-probe/.prefix/include/c++/v1/__charconv/to_chars_floating_point.h
-- Installing: /var/db/repos/Local/tools/llvm-libc-probe/.prefix/include/c++/v1/__charconv/to_chars_integral.h
-- Installing: /var/db/repos/Local/tools/llvm-libc-probe/.prefix/include/c++/v1/__charconv/to_chars_result.h
-- Installing: /var/db/repos/Local/tools/llvm-libc-probe/.prefix/include/c++/v1/__charconv/traits.h
-- Installing: /var/db/repos/Local/tools/llvm-libc-probe/.prefix/include/c++/v1/__chrono/calendar.h
-- Installing: /var/db/repos/Local/tools/llvm-libc-probe/.prefix/include/c++/v1/__chrono/concepts.h
-- Installing: /var/db/repos/Local/tools/llvm-libc-probe/.prefix/include/c++/v1/__chrono/convert_to_timespec.h
-- Installing: /var/db/repos/Local/tools/llvm-libc-probe/.prefix/include/c++/v1/__chrono/convert_to_tm.h
-- Installing: /var/db/repos/Local/tools/llvm-libc-probe/.prefix/include/c++/v1/__chrono/day.h
-- Installing: /var/db/repos/Local/tools/llvm-libc-probe/.prefix/include/c++/v1/__chrono/duration.h
-- Installing: /var/db/repos/Local/tools/llvm-libc-probe/.prefix/include/c++/v1/__chrono/exception.h
-- Installing: /var/db/repos/Local/tools/llvm-libc-probe/.prefix/include/c++/v1/__chrono/file_clock.h
-- Installing: /var/db/repos/Local/tools/llvm-libc-probe/.prefix/include/c++/v1/__chrono/formatter.h
-- Installing: /var/db/repos/Local/tools/llvm-libc-probe/.prefix/include/c++/v1/__chrono/gps_clock.h
-- Installing: /var/db/repos/Local/tools/llvm-libc-probe/.prefix/include/c++/v1/__chrono/hh_mm_ss.h
-- Installing: /var/db/repos/Local/tools/llvm-libc-probe/.prefix/include/c++/v1/__chrono/high_resolution_clock.h
-- Installing: /var/db/repos/Local/tools/llvm-libc-probe/.prefix/include/c++/v1/__chrono/is_clock.h
-- Installing: /var/db/repos/Local/tools/llvm-libc-probe/.prefix/include/c++/v1/__chrono/leap_second.h
-- Installing: /var/db/repos/Local/tools/llvm-libc-probe/.prefix/include/c++/v1/__chrono/literals.h
-- Installing: /var/db/repos/Local/tools/llvm-libc-probe/.prefix/include/c++/v1/__chrono/local_info.h
-- Installing: /var/db/repos/Local/tools/llvm-libc-probe/.prefix/include/c++/v1/__chrono/month.h
-- Installing: /var/db/repos/Local/tools/llvm-libc-probe/.prefix/include/c++/v1/__chrono/month_weekday.h
-- Installing: /var/db/repos/Local/tools/llvm-libc-probe/.prefix/include/c++/v1/__chrono/monthday.h
-- Installing: /var/db/repos/Local/tools/llvm-libc-probe/.prefix/include/c++/v1/__chrono/ostream.h
-- Installing: /var/db/repos/Local/tools/llvm-libc-probe/.prefix/include/c++/v1/__chrono/parser_std_format_spec.h
-- Installing: /var/db/repos/Local/tools/llvm-libc-probe/.prefix/include/c++/v1/__chrono/statically_widen.h
-- Installing: /var/db/repos/Local/tools/llvm-libc-probe/.prefix/include/c++/v1/__chrono/steady_clock.h
-- Installing: /var/db/repos/Local/tools/llvm-libc-probe/.prefix/include/c++/v1/__chrono/sys_info.h
-- Installing: /var/db/repos/Local/tools/llvm-libc-probe/.prefix/include/c++/v1/__chrono/system_clock.h
-- Installing: /var/db/repos/Local/tools/llvm-libc-probe/.prefix/include/c++/v1/__chrono/tai_clock.h
-- Installing: /var/db/repos/Local/tools/llvm-libc-probe/.prefix/include/c++/v1/__chrono/time_point.h
-- Installing: /var/db/repos/Local/tools/llvm-libc-probe/.prefix/include/c++/v1/__chrono/time_zone.h
-- Installing: /var/db/repos/Local/tools/llvm-libc-probe/.prefix/include/c++/v1/__chrono/time_zone_link.h
-- Installing: /var/db/repos/Local/tools/llvm-libc-probe/.prefix/include/c++/v1/__chrono/tzdb.h
-- Installing: /var/db/repos/Local/tools/llvm-libc-probe/.prefix/include/c++/v1/__chrono/tzdb_list.h
-- Installing: /var/db/repos/Local/tools/llvm-libc-probe/.prefix/include/c++/v1/__chrono/utc_clock.h
-- Installing: /var/db/repos/Local/tools/llvm-libc-probe/.prefix/include/c++/v1/__chrono/weekday.h
-- Installing: /var/db/repos/Local/tools/llvm-libc-probe/.prefix/include/c++/v1/__chrono/year.h
-- Installing: /var/db/repos/Local/tools/llvm-libc-probe/.prefix/include/c++/v1/__chrono/year_month.h
-- Installing: /var/db/repos/Local/tools/llvm-libc-probe/.prefix/include/c++/v1/__chrono/year_month_day.h
-- Installing: /var/db/repos/Local/tools/llvm-libc-probe/.prefix/include/c++/v1/__chrono/year_month_weekday.h
-- Installing: /var/db/repos/Local/tools/llvm-libc-probe/.prefix/include/c++/v1/__chrono/zoned_time.h
-- Installing: /var/db/repos/Local/tools/llvm-libc-probe/.prefix/include/c++/v1/__compare/common_comparison_category.h
-- Installing: /var/db/repos/Local/tools/llvm-libc-probe/.prefix/include/c++/v1/__compare/compare_partial_order_fallback.h
-- Installing: /var/db/repos/Local/tools/llvm-libc-probe/.prefix/include/c++/v1/__compare/compare_strong_order_fallback.h
-- Installing: /var/db/repos/Local/tools/llvm-libc-probe/.prefix/include/c++/v1/__compare/compare_three_way.h
-- Installing: /var/db/repos/Local/tools/llvm-libc-probe/.prefix/include/c++/v1/__compare/compare_three_way_result.h
-- Installing: /var/db/repos/Local/tools/llvm-libc-probe/.prefix/include/c++/v1/__compare/compare_weak_order_fallback.h
-- Installing: /var/db/repos/Local/tools/llvm-libc-probe/.prefix/include/c++/v1/__compare/is_eq.h
-- Installing: /var/db/repos/Local/tools/llvm-libc-probe/.prefix/include/c++/v1/__compare/ordering.h
-- Installing: /var/db/repos/Local/tools/llvm-libc-probe/.prefix/include/c++/v1/__compare/partial_order.h
-- Installing: /var/db/repos/Local/tools/llvm-libc-probe/.prefix/include/c++/v1/__compare/strong_order.h
-- Installing: /var/db/repos/Local/tools/llvm-libc-probe/.prefix/include/c++/v1/__compare/synth_three_way.h
-- Installing: /var/db/repos/Local/tools/llvm-libc-probe/.prefix/include/c++/v1/__compare/three_way_comparable.h
-- Installing: /var/db/repos/Local/tools/llvm-libc-probe/.prefix/include/c++/v1/__compare/weak_order.h
-- Installing: /var/db/repos/Local/tools/llvm-libc-probe/.prefix/include/c++/v1/__concepts/arithmetic.h
-- Installing: /var/db/repos/Local/tools/llvm-libc-probe/.prefix/include/c++/v1/__concepts/assignable.h
-- Installing: /var/db/repos/Local/tools/llvm-libc-probe/.prefix/include/c++/v1/__concepts/boolean_testable.h
-- Installing: /var/db/repos/Local/tools/llvm-libc-probe/.prefix/include/c++/v1/__concepts/class_or_enum.h
-- Installing: /var/db/repos/Local/tools/llvm-libc-probe/.prefix/include/c++/v1/__concepts/common_reference_with.h
-- Installing: /var/db/repos/Local/tools/llvm-libc-probe/.prefix/include/c++/v1/__concepts/common_with.h
-- Installing: /var/db/repos/Local/tools/llvm-libc-probe/.prefix/include/c++/v1/__concepts/comparison_common_type.h
-- Installing: /var/db/repos/Local/tools/llvm-libc-probe/.prefix/include/c++/v1/__concepts/constructible.h
-- Installing: /var/db/repos/Local/tools/llvm-libc-probe/.prefix/include/c++/v1/__concepts/convertible_to.h
-- Installing: /var/db/repos/Local/tools/llvm-libc-probe/.prefix/include/c++/v1/__concepts/copyable.h
-- Installing: /var/db/repos/Local/tools/llvm-libc-probe/.prefix/include/c++/v1/__concepts/derived_from.h
-- Installing: /var/db/repos/Local/tools/llvm-libc-probe/.prefix/include/c++/v1/__concepts/destructible.h
-- Installing: /var/db/repos/Local/tools/llvm-libc-probe/.prefix/include/c++/v1/__concepts/different_from.h
-- Installing: /var/db/repos/Local/tools/llvm-libc-probe/.prefix/include/c++/v1/__concepts/equality_comparable.h
-- Installing: /var/db/repos/Local/tools/llvm-libc-probe/.prefix/include/c++/v1/__concepts/invocable.h
-- Installing: /var/db/repos/Local/tools/llvm-libc-probe/.prefix/include/c++/v1/__concepts/movable.h
-- Installing: /var/db/repos/Local/tools/llvm-libc-probe/.prefix/include/c++/v1/__concepts/predicate.h
-- Installing: /var/db/repos/Local/tools/llvm-libc-probe/.prefix/include/c++/v1/__concepts/regular.h
-- Installing: /var/db/repos/Local/tools/llvm-libc-probe/.prefix/include/c++/v1/__concepts/relation.h
-- Installing: /var/db/repos/Local/tools/llvm-libc-probe/.prefix/include/c++/v1/__concepts/same_as.h
-- Installing: /var/db/repos/Local/tools/llvm-libc-probe/.prefix/include/c++/v1/__concepts/semiregular.h
-- Installing: /var/db/repos/Local/tools/llvm-libc-probe/.prefix/include/c++/v1/__concepts/swappable.h
-- Installing: /var/db/repos/Local/tools/llvm-libc-probe/.prefix/include/c++/v1/__concepts/totally_ordered.h
-- Installing: /var/db/repos/Local/tools/llvm-libc-probe/.prefix/include/c++/v1/__condition_variable/condition_variable.h
-- Installing: /var/db/repos/Local/tools/llvm-libc-probe/.prefix/include/c++/v1/__config
-- Installing: /var/db/repos/Local/tools/llvm-libc-probe/.prefix/include/c++/v1/__configuration/abi.h
-- Installing: /var/db/repos/Local/tools/llvm-libc-probe/.prefix/include/c++/v1/__configuration/availability.h
-- Installing: /var/db/repos/Local/tools/llvm-libc-probe/.prefix/include/c++/v1/__configuration/compiler.h
-- Installing: /var/db/repos/Local/tools/llvm-libc-probe/.prefix/include/c++/v1/__configuration/experimental.h
-- Installing: /var/db/repos/Local/tools/llvm-libc-probe/.prefix/include/c++/v1/__configuration/hardening.h
-- Installing: /var/db/repos/Local/tools/llvm-libc-probe/.prefix/include/c++/v1/__configuration/language.h
-- Installing: /var/db/repos/Local/tools/llvm-libc-probe/.prefix/include/c++/v1/__configuration/platform.h
-- Installing: /var/db/repos/Local/tools/llvm-libc-probe/.prefix/include/c++/v1/__coroutine/coroutine_handle.h
-- Installing: /var/db/repos/Local/tools/llvm-libc-probe/.prefix/include/c++/v1/__coroutine/coroutine_traits.h
-- Installing: /var/db/repos/Local/tools/llvm-libc-probe/.prefix/include/c++/v1/__coroutine/noop_coroutine_handle.h
-- Installing: /var/db/repos/Local/tools/llvm-libc-probe/.prefix/include/c++/v1/__coroutine/trivial_awaitables.h
-- Installing: /var/db/repos/Local/tools/llvm-libc-probe/.prefix/include/c++/v1/__cstddef/byte.h
-- Installing: /var/db/repos/Local/tools/llvm-libc-probe/.prefix/include/c++/v1/__cstddef/max_align_t.h
-- Installing: /var/db/repos/Local/tools/llvm-libc-probe/.prefix/include/c++/v1/__cstddef/nullptr_t.h
-- Installing: /var/db/repos/Local/tools/llvm-libc-probe/.prefix/include/c++/v1/__cstddef/ptrdiff_t.h
-- Installing: /var/db/repos/Local/tools/llvm-libc-probe/.prefix/include/c++/v1/__cstddef/size_t.h
-- Installing: /var/db/repos/Local/tools/llvm-libc-probe/.prefix/include/c++/v1/__debug_utils/randomize_range.h
-- Installing: /var/db/repos/Local/tools/llvm-libc-probe/.prefix/include/c++/v1/__debug_utils/sanitizers.h
-- Installing: /var/db/repos/Local/tools/llvm-libc-probe/.prefix/include/c++/v1/__debug_utils/strict_weak_ordering_check.h
-- Installing: /var/db/repos/Local/tools/llvm-libc-probe/.prefix/include/c++/v1/__exception/exception.h
-- Installing: /var/db/repos/Local/tools/llvm-libc-probe/.prefix/include/c++/v1/__exception/exception_ptr.h
-- Installing: /var/db/repos/Local/tools/llvm-libc-probe/.prefix/include/c++/v1/__exception/nested_exception.h
-- Installing: /var/db/repos/Local/tools/llvm-libc-probe/.prefix/include/c++/v1/__exception/operations.h
-- Installing: /var/db/repos/Local/tools/llvm-libc-probe/.prefix/include/c++/v1/__exception/terminate.h
-- Installing: /var/db/repos/Local/tools/llvm-libc-probe/.prefix/include/c++/v1/__expected/bad_expected_access.h
-- Installing: /var/db/repos/Local/tools/llvm-libc-probe/.prefix/include/c++/v1/__expected/expected.h
-- Installing: /var/db/repos/Local/tools/llvm-libc-probe/.prefix/include/c++/v1/__expected/unexpect.h
-- Installing: /var/db/repos/Local/tools/llvm-libc-probe/.prefix/include/c++/v1/__expected/unexpected.h
-- Installing: /var/db/repos/Local/tools/llvm-libc-probe/.prefix/include/c++/v1/__filesystem/copy_options.h
-- Installing: /var/db/repos/Local/tools/llvm-libc-probe/.prefix/include/c++/v1/__filesystem/directory_entry.h
-- Installing: /var/db/repos/Local/tools/llvm-libc-probe/.prefix/include/c++/v1/__filesystem/directory_iterator.h
-- Installing: /var/db/repos/Local/tools/llvm-libc-probe/.prefix/include/c++/v1/__filesystem/directory_options.h
-- Installing: /var/db/repos/Local/tools/llvm-libc-probe/.prefix/include/c++/v1/__filesystem/file_status.h
-- Installing: /var/db/repos/Local/tools/llvm-libc-probe/.prefix/include/c++/v1/__filesystem/file_time_type.h
-- Installing: /var/db/repos/Local/tools/llvm-libc-probe/.prefix/include/c++/v1/__filesystem/file_type.h
-- Installing: /var/db/repos/Local/tools/llvm-libc-probe/.prefix/include/c++/v1/__filesystem/filesystem_error.h
-- Installing: /var/db/repos/Local/tools/llvm-libc-probe/.prefix/include/c++/v1/__filesystem/operations.h
-- Installing: /var/db/repos/Local/tools/llvm-libc-probe/.prefix/include/c++/v1/__filesystem/path.h
-- Installing: /var/db/repos/Local/tools/llvm-libc-probe/.prefix/include/c++/v1/__filesystem/path_iterator.h
-- Installing: /var/db/repos/Local/tools/llvm-libc-probe/.prefix/include/c++/v1/__filesystem/perm_options.h
-- Installing: /var/db/repos/Local/tools/llvm-libc-probe/.prefix/include/c++/v1/__filesystem/perms.h
-- Installing: /var/db/repos/Local/tools/llvm-libc-probe/.prefix/include/c++/v1/__filesystem/recursive_directory_iterator.h
-- Installing: /var/db/repos/Local/tools/llvm-libc-probe/.prefix/include/c++/v1/__filesystem/space_info.h
-- Installing: /var/db/repos/Local/tools/llvm-libc-probe/.prefix/include/c++/v1/__filesystem/u8path.h
-- Installing: /var/db/repos/Local/tools/llvm-libc-probe/.prefix/include/c++/v1/__flat_map/flat_map.h
-- Installing: /var/db/repos/Local/tools/llvm-libc-probe/.prefix/include/c++/v1/__flat_map/flat_multimap.h
-- Installing: /var/db/repos/Local/tools/llvm-libc-probe/.prefix/include/c++/v1/__flat_map/key_value_iterator.h
-- Installing: /var/db/repos/Local/tools/llvm-libc-probe/.prefix/include/c++/v1/__flat_map/sorted_equivalent.h
-- Installing: /var/db/repos/Local/tools/llvm-libc-probe/.prefix/include/c++/v1/__flat_map/sorted_unique.h
-- Installing: /var/db/repos/Local/tools/llvm-libc-probe/.prefix/include/c++/v1/__flat_map/utils.h
-- Installing: /var/db/repos/Local/tools/llvm-libc-probe/.prefix/include/c++/v1/__flat_set/flat_multiset.h
-- Installing: /var/db/repos/Local/tools/llvm-libc-probe/.prefix/include/c++/v1/__flat_set/flat_set.h
-- Installing: /var/db/repos/Local/tools/llvm-libc-probe/.prefix/include/c++/v1/__flat_set/ra_iterator.h
-- Installing: /var/db/repos/Local/tools/llvm-libc-probe/.prefix/include/c++/v1/__flat_set/utils.h
-- Installing: /var/db/repos/Local/tools/llvm-libc-probe/.prefix/include/c++/v1/__format/buffer.h
-- Installing: /var/db/repos/Local/tools/llvm-libc-probe/.prefix/include/c++/v1/__format/concepts.h
-- Installing: /var/db/repos/Local/tools/llvm-libc-probe/.prefix/include/c++/v1/__format/container_adaptor.h
-- Installing: /var/db/repos/Local/tools/llvm-libc-probe/.prefix/include/c++/v1/__format/enable_insertable.h
-- Installing: /var/db/repos/Local/tools/llvm-libc-probe/.prefix/include/c++/v1/__format/escaped_output_table.h
-- Installing: /var/db/repos/Local/tools/llvm-libc-probe/.prefix/include/c++/v1/__format/extended_grapheme_cluster_table.h
-- Installing: /var/db/repos/Local/tools/llvm-libc-probe/.prefix/include/c++/v1/__format/fmt_pair_like.h
-- Installing: /var/db/repos/Local/tools/llvm-libc-probe/.prefix/include/c++/v1/__format/format_arg.h
-- Installing: /var/db/repos/Local/tools/llvm-libc-probe/.prefix/include/c++/v1/__format/format_arg_store.h
-- Installing: /var/db/repos/Local/tools/llvm-libc-probe/.prefix/include/c++/v1/__format/format_args.h
-- Installing: /var/db/repos/Local/tools/llvm-libc-probe/.prefix/include/c++/v1/__format/format_context.h
-- Installing: /var/db/repos/Local/tools/llvm-libc-probe/.prefix/include/c++/v1/__format/format_error.h
-- Installing: /var/db/repos/Local/tools/llvm-libc-probe/.prefix/include/c++/v1/__format/format_functions.h
-- Installing: /var/db/repos/Local/tools/llvm-libc-probe/.prefix/include/c++/v1/__format/format_parse_context.h
-- Installing: /var/db/repos/Local/tools/llvm-libc-probe/.prefix/include/c++/v1/__format/format_string.h
-- Installing: /var/db/repos/Local/tools/llvm-libc-probe/.prefix/include/c++/v1/__format/format_to_n_result.h
-- Installing: /var/db/repos/Local/tools/llvm-libc-probe/.prefix/include/c++/v1/__format/formatter.h
-- Installing: /var/db/repos/Local/tools/llvm-libc-probe/.prefix/include/c++/v1/__format/formatter_bool.h
-- Installing: /var/db/repos/Local/tools/llvm-libc-probe/.prefix/include/c++/v1/__format/formatter_char.h
-- Installing: /var/db/repos/Local/tools/llvm-libc-probe/.prefix/include/c++/v1/__format/formatter_floating_point.h
-- Installing: /var/db/repos/Local/tools/llvm-libc-probe/.prefix/include/c++/v1/__format/formatter_integer.h
-- Installing: /var/db/repos/Local/tools/llvm-libc-probe/.prefix/include/c++/v1/__format/formatter_integral.h
-- Installing: /var/db/repos/Local/tools/llvm-libc-probe/.prefix/include/c++/v1/__format/formatter_output.h
-- Installing: /var/db/repos/Local/tools/llvm-libc-probe/.prefix/include/c++/v1/__format/formatter_pointer.h
-- Installing: /var/db/repos/Local/tools/llvm-libc-probe/.prefix/include/c++/v1/__format/formatter_string.h
-- Installing: /var/db/repos/Local/tools/llvm-libc-probe/.prefix/include/c++/v1/__format/formatter_tuple.h
-- Installing: /var/db/repos/Local/tools/llvm-libc-probe/.prefix/include/c++/v1/__format/indic_conjunct_break_table.h
-- Installing: /var/db/repos/Local/tools/llvm-libc-probe/.prefix/include/c++/v1/__format/parser_std_format_spec.h
-- Installing: /var/db/repos/Local/tools/llvm-libc-probe/.prefix/include/c++/v1/__format/range_default_formatter.h
-- Installing: /var/db/repos/Local/tools/llvm-libc-probe/.prefix/include/c++/v1/__format/range_format.h
-- Installing: /var/db/repos/Local/tools/llvm-libc-probe/.prefix/include/c++/v1/__format/range_formatter.h
-- Installing: /var/db/repos/Local/tools/llvm-libc-probe/.prefix/include/c++/v1/__format/unicode.h
-- Installing: /var/db/repos/Local/tools/llvm-libc-probe/.prefix/include/c++/v1/__format/width_estimation_table.h
-- Installing: /var/db/repos/Local/tools/llvm-libc-probe/.prefix/include/c++/v1/__format/write_escaped.h
-- Installing: /var/db/repos/Local/tools/llvm-libc-probe/.prefix/include/c++/v1/__functional/binary_function.h
-- Installing: /var/db/repos/Local/tools/llvm-libc-probe/.prefix/include/c++/v1/__functional/binary_negate.h
-- Installing: /var/db/repos/Local/tools/llvm-libc-probe/.prefix/include/c++/v1/__functional/bind.h
-- Installing: /var/db/repos/Local/tools/llvm-libc-probe/.prefix/include/c++/v1/__functional/bind_back.h
-- Installing: /var/db/repos/Local/tools/llvm-libc-probe/.prefix/include/c++/v1/__functional/bind_front.h
-- Installing: /var/db/repos/Local/tools/llvm-libc-probe/.prefix/include/c++/v1/__functional/binder1st.h
-- Installing: /var/db/repos/Local/tools/llvm-libc-probe/.prefix/include/c++/v1/__functional/binder2nd.h
-- Installing: /var/db/repos/Local/tools/llvm-libc-probe/.prefix/include/c++/v1/__functional/boyer_moore_searcher.h
-- Installing: /var/db/repos/Local/tools/llvm-libc-probe/.prefix/include/c++/v1/__functional/compose.h
-- Installing: /var/db/repos/Local/tools/llvm-libc-probe/.prefix/include/c++/v1/__functional/default_searcher.h
-- Installing: /var/db/repos/Local/tools/llvm-libc-probe/.prefix/include/c++/v1/__functional/function.h
-- Installing: /var/db/repos/Local/tools/llvm-libc-probe/.prefix/include/c++/v1/__functional/hash.h
-- Installing: /var/db/repos/Local/tools/llvm-libc-probe/.prefix/include/c++/v1/__functional/identity.h
-- Installing: /var/db/repos/Local/tools/llvm-libc-probe/.prefix/include/c++/v1/__functional/invoke.h
-- Installing: /var/db/repos/Local/tools/llvm-libc-probe/.prefix/include/c++/v1/__functional/is_transparent.h
-- Installing: /var/db/repos/Local/tools/llvm-libc-probe/.prefix/include/c++/v1/__functional/mem_fn.h
-- Installing: /var/db/repos/Local/tools/llvm-libc-probe/.prefix/include/c++/v1/__functional/mem_fun_ref.h
-- Installing: /var/db/repos/Local/tools/llvm-libc-probe/.prefix/include/c++/v1/__functional/not_fn.h
-- Installing: /var/db/repos/Local/tools/llvm-libc-probe/.prefix/include/c++/v1/__functional/operations.h
-- Installing: /var/db/repos/Local/tools/llvm-libc-probe/.prefix/include/c++/v1/__functional/perfect_forward.h
-- Installing: /var/db/repos/Local/tools/llvm-libc-probe/.prefix/include/c++/v1/__functional/pointer_to_binary_function.h
-- Installing: /var/db/repos/Local/tools/llvm-libc-probe/.prefix/include/c++/v1/__functional/pointer_to_unary_function.h
-- Installing: /var/db/repos/Local/tools/llvm-libc-probe/.prefix/include/c++/v1/__functional/ranges_operations.h
-- Installing: /var/db/repos/Local/tools/llvm-libc-probe/.prefix/include/c++/v1/__functional/reference_wrapper.h
-- Installing: /var/db/repos/Local/tools/llvm-libc-probe/.prefix/include/c++/v1/__functional/unary_function.h
-- Installing: /var/db/repos/Local/tools/llvm-libc-probe/.prefix/include/c++/v1/__functional/unary_negate.h
-- Installing: /var/db/repos/Local/tools/llvm-libc-probe/.prefix/include/c++/v1/__functional/weak_result_type.h
-- Installing: /var/db/repos/Local/tools/llvm-libc-probe/.prefix/include/c++/v1/__fwd/array.h
-- Installing: /var/db/repos/Local/tools/llvm-libc-probe/.prefix/include/c++/v1/__fwd/bit_reference.h
-- Installing: /var/db/repos/Local/tools/llvm-libc-probe/.prefix/include/c++/v1/__fwd/byte.h
-- Installing: /var/db/repos/Local/tools/llvm-libc-probe/.prefix/include/c++/v1/__fwd/complex.h
-- Installing: /var/db/repos/Local/tools/llvm-libc-probe/.prefix/include/c++/v1/__fwd/deque.h
-- Installing: /var/db/repos/Local/tools/llvm-libc-probe/.prefix/include/c++/v1/__fwd/format.h
-- Installing: /var/db/repos/Local/tools/llvm-libc-probe/.prefix/include/c++/v1/__fwd/fstream.h
-- Installing: /var/db/repos/Local/tools/llvm-libc-probe/.prefix/include/c++/v1/__fwd/functional.h
-- Installing: /var/db/repos/Local/tools/llvm-libc-probe/.prefix/include/c++/v1/__fwd/get.h
-- Installing: /var/db/repos/Local/tools/llvm-libc-probe/.prefix/include/c++/v1/__fwd/ios.h
-- Installing: /var/db/repos/Local/tools/llvm-libc-probe/.prefix/include/c++/v1/__fwd/istream.h
-- Installing: /var/db/repos/Local/tools/llvm-libc-probe/.prefix/include/c++/v1/__fwd/mdspan.h
-- Installing: /var/db/repos/Local/tools/llvm-libc-probe/.prefix/include/c++/v1/__fwd/memory.h
-- Installing: /var/db/repos/Local/tools/llvm-libc-probe/.prefix/include/c++/v1/__fwd/memory_resource.h
-- Installing: /var/db/repos/Local/tools/llvm-libc-probe/.prefix/include/c++/v1/__fwd/ostream.h
-- Installing: /var/db/repos/Local/tools/llvm-libc-probe/.prefix/include/c++/v1/__fwd/pair.h
-- Installing: /var/db/repos/Local/tools/llvm-libc-probe/.prefix/include/c++/v1/__fwd/queue.h
-- Installing: /var/db/repos/Local/tools/llvm-libc-probe/.prefix/include/c++/v1/__fwd/span.h
-- Installing: /var/db/repos/Local/tools/llvm-libc-probe/.prefix/include/c++/v1/__fwd/sstream.h
-- Installing: /var/db/repos/Local/tools/llvm-libc-probe/.prefix/include/c++/v1/__fwd/stack.h
-- Installing: /var/db/repos/Local/tools/llvm-libc-probe/.prefix/include/c++/v1/__fwd/streambuf.h
-- Installing: /var/db/repos/Local/tools/llvm-libc-probe/.prefix/include/c++/v1/__fwd/string.h
-- Installing: /var/db/repos/Local/tools/llvm-libc-probe/.prefix/include/c++/v1/__fwd/string_view.h
-- Installing: /var/db/repos/Local/tools/llvm-libc-probe/.prefix/include/c++/v1/__fwd/subrange.h
-- Installing: /var/db/repos/Local/tools/llvm-libc-probe/.prefix/include/c++/v1/__fwd/tuple.h
-- Installing: /var/db/repos/Local/tools/llvm-libc-probe/.prefix/include/c++/v1/__fwd/variant.h
-- Installing: /var/db/repos/Local/tools/llvm-libc-probe/.prefix/include/c++/v1/__fwd/vector.h
-- Installing: /var/db/repos/Local/tools/llvm-libc-probe/.prefix/include/c++/v1/__hash_table
-- Installing: /var/db/repos/Local/tools/llvm-libc-probe/.prefix/include/c++/v1/__ios/fpos.h
-- Installing: /var/db/repos/Local/tools/llvm-libc-probe/.prefix/include/c++/v1/__iterator/access.h
-- Installing: /var/db/repos/Local/tools/llvm-libc-probe/.prefix/include/c++/v1/__iterator/advance.h
-- Installing: /var/db/repos/Local/tools/llvm-libc-probe/.prefix/include/c++/v1/__iterator/aliasing_iterator.h
-- Installing: /var/db/repos/Local/tools/llvm-libc-probe/.prefix/include/c++/v1/__iterator/back_insert_iterator.h
-- Installing: /var/db/repos/Local/tools/llvm-libc-probe/.prefix/include/c++/v1/__iterator/bounded_iter.h
-- Installing: /var/db/repos/Local/tools/llvm-libc-probe/.prefix/include/c++/v1/__iterator/common_iterator.h
-- Installing: /var/db/repos/Local/tools/llvm-libc-probe/.prefix/include/c++/v1/__iterator/concepts.h
-- Installing: /var/db/repos/Local/tools/llvm-libc-probe/.prefix/include/c++/v1/__iterator/counted_iterator.h
-- Installing: /var/db/repos/Local/tools/llvm-libc-probe/.prefix/include/c++/v1/__iterator/cpp17_iterator_concepts.h
-- Installing: /var/db/repos/Local/tools/llvm-libc-probe/.prefix/include/c++/v1/__iterator/data.h
-- Installing: /var/db/repos/Local/tools/llvm-libc-probe/.prefix/include/c++/v1/__iterator/default_sentinel.h
-- Installing: /var/db/repos/Local/tools/llvm-libc-probe/.prefix/include/c++/v1/__iterator/distance.h
-- Installing: /var/db/repos/Local/tools/llvm-libc-probe/.prefix/include/c++/v1/__iterator/empty.h
-- Installing: /var/db/repos/Local/tools/llvm-libc-probe/.prefix/include/c++/v1/__iterator/erase_if_container.h
-- Installing: /var/db/repos/Local/tools/llvm-libc-probe/.prefix/include/c++/v1/__iterator/front_insert_iterator.h
-- Installing: /var/db/repos/Local/tools/llvm-libc-probe/.prefix/include/c++/v1/__iterator/incrementable_traits.h
-- Installing: /var/db/repos/Local/tools/llvm-libc-probe/.prefix/include/c++/v1/__iterator/indirectly_comparable.h
-- Installing: /var/db/repos/Local/tools/llvm-libc-probe/.prefix/include/c++/v1/__iterator/insert_iterator.h
-- Installing: /var/db/repos/Local/tools/llvm-libc-probe/.prefix/include/c++/v1/__iterator/istream_iterator.h
-- Installing: /var/db/repos/Local/tools/llvm-libc-probe/.prefix/include/c++/v1/__iterator/istreambuf_iterator.h
-- Installing: /var/db/repos/Local/tools/llvm-libc-probe/.prefix/include/c++/v1/__iterator/iter_move.h
-- Installing: /var/db/repos/Local/tools/llvm-libc-probe/.prefix/include/c++/v1/__iterator/iter_swap.h
-- Installing: /var/db/repos/Local/tools/llvm-libc-probe/.prefix/include/c++/v1/__iterator/iterator.h
-- Installing: /var/db/repos/Local/tools/llvm-libc-probe/.prefix/include/c++/v1/__iterator/iterator_traits.h
-- Installing: /var/db/repos/Local/tools/llvm-libc-probe/.prefix/include/c++/v1/__iterator/iterator_with_data.h
-- Installing: /var/db/repos/Local/tools/llvm-libc-probe/.prefix/include/c++/v1/__iterator/mergeable.h
-- Installing: /var/db/repos/Local/tools/llvm-libc-probe/.prefix/include/c++/v1/__iterator/move_iterator.h
-- Installing: /var/db/repos/Local/tools/llvm-libc-probe/.prefix/include/c++/v1/__iterator/move_sentinel.h
-- Installing: /var/db/repos/Local/tools/llvm-libc-probe/.prefix/include/c++/v1/__iterator/next.h
-- Installing: /var/db/repos/Local/tools/llvm-libc-probe/.prefix/include/c++/v1/__iterator/ostream_iterator.h
-- Installing: /var/db/repos/Local/tools/llvm-libc-probe/.prefix/include/c++/v1/__iterator/ostreambuf_iterator.h
-- Installing: /var/db/repos/Local/tools/llvm-libc-probe/.prefix/include/c++/v1/__iterator/permutable.h
-- Installing: /var/db/repos/Local/tools/llvm-libc-probe/.prefix/include/c++/v1/__iterator/prev.h
-- Installing: /var/db/repos/Local/tools/llvm-libc-probe/.prefix/include/c++/v1/__iterator/product_iterator.h
-- Installing: /var/db/repos/Local/tools/llvm-libc-probe/.prefix/include/c++/v1/__iterator/projected.h
-- Installing: /var/db/repos/Local/tools/llvm-libc-probe/.prefix/include/c++/v1/__iterator/ranges_iterator_traits.h
-- Installing: /var/db/repos/Local/tools/llvm-libc-probe/.prefix/include/c++/v1/__iterator/readable_traits.h
-- Installing: /var/db/repos/Local/tools/llvm-libc-probe/.prefix/include/c++/v1/__iterator/reverse_access.h
-- Installing: /var/db/repos/Local/tools/llvm-libc-probe/.prefix/include/c++/v1/__iterator/reverse_iterator.h
-- Installing: /var/db/repos/Local/tools/llvm-libc-probe/.prefix/include/c++/v1/__iterator/segmented_iterator.h
-- Installing: /var/db/repos/Local/tools/llvm-libc-probe/.prefix/include/c++/v1/__iterator/size.h
-- Installing: /var/db/repos/Local/tools/llvm-libc-probe/.prefix/include/c++/v1/__iterator/sortable.h
-- Installing: /var/db/repos/Local/tools/llvm-libc-probe/.prefix/include/c++/v1/__iterator/static_bounded_iter.h
-- Installing: /var/db/repos/Local/tools/llvm-libc-probe/.prefix/include/c++/v1/__iterator/unreachable_sentinel.h
-- Installing: /var/db/repos/Local/tools/llvm-libc-probe/.prefix/include/c++/v1/__iterator/wrap_iter.h
-- Installing: /var/db/repos/Local/tools/llvm-libc-probe/.prefix/include/c++/v1/__locale
-- Installing: /var/db/repos/Local/tools/llvm-libc-probe/.prefix/include/c++/v1/__locale_dir/check_grouping.h
-- Installing: /var/db/repos/Local/tools/llvm-libc-probe/.prefix/include/c++/v1/__locale_dir/get_c_locale.h
-- Installing: /var/db/repos/Local/tools/llvm-libc-probe/.prefix/include/c++/v1/__locale_dir/locale_base_api.h
-- Installing: /var/db/repos/Local/tools/llvm-libc-probe/.prefix/include/c++/v1/__locale_dir/locale_base_api/bsd_locale_fallbacks.h
-- Installing: /var/db/repos/Local/tools/llvm-libc-probe/.prefix/include/c++/v1/__locale_dir/locale_base_api/ibm.h
-- Installing: /var/db/repos/Local/tools/llvm-libc-probe/.prefix/include/c++/v1/__locale_dir/locale_base_api/openbsd.h
-- Installing: /var/db/repos/Local/tools/llvm-libc-probe/.prefix/include/c++/v1/__locale_dir/messages.h
-- Installing: /var/db/repos/Local/tools/llvm-libc-probe/.prefix/include/c++/v1/__locale_dir/money.h
-- Installing: /var/db/repos/Local/tools/llvm-libc-probe/.prefix/include/c++/v1/__locale_dir/num.h
-- Installing: /var/db/repos/Local/tools/llvm-libc-probe/.prefix/include/c++/v1/__locale_dir/pad_and_output.h
-- Installing: /var/db/repos/Local/tools/llvm-libc-probe/.prefix/include/c++/v1/__locale_dir/scan_keyword.h
-- Installing: /var/db/repos/Local/tools/llvm-libc-probe/.prefix/include/c++/v1/__locale_dir/support/aix.h
-- Installing: /var/db/repos/Local/tools/llvm-libc-probe/.prefix/include/c++/v1/__locale_dir/support/apple.h
-- Installing: /var/db/repos/Local/tools/llvm-libc-probe/.prefix/include/c++/v1/__locale_dir/support/bsd_like.h
-- Installing: /var/db/repos/Local/tools/llvm-libc-probe/.prefix/include/c++/v1/__locale_dir/support/freebsd.h
-- Installing: /var/db/repos/Local/tools/llvm-libc-probe/.prefix/include/c++/v1/__locale_dir/support/fuchsia.h
-- Installing: /var/db/repos/Local/tools/llvm-libc-probe/.prefix/include/c++/v1/__locale_dir/support/linux.h
-- Installing: /var/db/repos/Local/tools/llvm-libc-probe/.prefix/include/c++/v1/__locale_dir/support/netbsd.h
-- Installing: /var/db/repos/Local/tools/llvm-libc-probe/.prefix/include/c++/v1/__locale_dir/support/newlib.h
-- Installing: /var/db/repos/Local/tools/llvm-libc-probe/.prefix/include/c++/v1/__locale_dir/support/no_locale/characters.h
-- Installing: /var/db/repos/Local/tools/llvm-libc-probe/.prefix/include/c++/v1/__locale_dir/support/no_locale/strtonum.h
-- Installing: /var/db/repos/Local/tools/llvm-libc-probe/.prefix/include/c++/v1/__locale_dir/support/windows.h
-- Installing: /var/db/repos/Local/tools/llvm-libc-probe/.prefix/include/c++/v1/__locale_dir/time.h
-- Installing: /var/db/repos/Local/tools/llvm-libc-probe/.prefix/include/c++/v1/__locale_dir/wbuffer_convert.h
-- Installing: /var/db/repos/Local/tools/llvm-libc-probe/.prefix/include/c++/v1/__locale_dir/wstring_convert.h
-- Installing: /var/db/repos/Local/tools/llvm-libc-probe/.prefix/include/c++/v1/__log_hardening_failure
-- Installing: /var/db/repos/Local/tools/llvm-libc-probe/.prefix/include/c++/v1/__math/abs.h
-- Installing: /var/db/repos/Local/tools/llvm-libc-probe/.prefix/include/c++/v1/__math/copysign.h
-- Installing: /var/db/repos/Local/tools/llvm-libc-probe/.prefix/include/c++/v1/__math/error_functions.h
-- Installing: /var/db/repos/Local/tools/llvm-libc-probe/.prefix/include/c++/v1/__math/exponential_functions.h
-- Installing: /var/db/repos/Local/tools/llvm-libc-probe/.prefix/include/c++/v1/__math/fdim.h
-- Installing: /var/db/repos/Local/tools/llvm-libc-probe/.prefix/include/c++/v1/__math/fma.h
-- Installing: /var/db/repos/Local/tools/llvm-libc-probe/.prefix/include/c++/v1/__math/gamma.h
-- Installing: /var/db/repos/Local/tools/llvm-libc-probe/.prefix/include/c++/v1/__math/hyperbolic_functions.h
-- Installing: /var/db/repos/Local/tools/llvm-libc-probe/.prefix/include/c++/v1/__math/hypot.h
-- Installing: /var/db/repos/Local/tools/llvm-libc-probe/.prefix/include/c++/v1/__math/inverse_hyperbolic_functions.h
-- Installing: /var/db/repos/Local/tools/llvm-libc-probe/.prefix/include/c++/v1/__math/inverse_trigonometric_functions.h
-- Installing: /var/db/repos/Local/tools/llvm-libc-probe/.prefix/include/c++/v1/__math/logarithms.h
-- Installing: /var/db/repos/Local/tools/llvm-libc-probe/.prefix/include/c++/v1/__math/min_max.h
-- Installing: /var/db/repos/Local/tools/llvm-libc-probe/.prefix/include/c++/v1/__math/modulo.h
-- Installing: /var/db/repos/Local/tools/llvm-libc-probe/.prefix/include/c++/v1/__math/remainder.h
-- Installing: /var/db/repos/Local/tools/llvm-libc-probe/.prefix/include/c++/v1/__math/roots.h
-- Installing: /var/db/repos/Local/tools/llvm-libc-probe/.prefix/include/c++/v1/__math/rounding_functions.h
-- Installing: /var/db/repos/Local/tools/llvm-libc-probe/.prefix/include/c++/v1/__math/special_functions.h
-- Installing: /var/db/repos/Local/tools/llvm-libc-probe/.prefix/include/c++/v1/__math/traits.h
-- Installing: /var/db/repos/Local/tools/llvm-libc-probe/.prefix/include/c++/v1/__math/trigonometric_functions.h
-- Installing: /var/db/repos/Local/tools/llvm-libc-probe/.prefix/include/c++/v1/__mbstate_t.h
-- Installing: /var/db/repos/Local/tools/llvm-libc-probe/.prefix/include/c++/v1/__mdspan/aligned_accessor.h
-- Installing: /var/db/repos/Local/tools/llvm-libc-probe/.prefix/include/c++/v1/__mdspan/default_accessor.h
-- Installing: /var/db/repos/Local/tools/llvm-libc-probe/.prefix/include/c++/v1/__mdspan/extents.h
-- Installing: /var/db/repos/Local/tools/llvm-libc-probe/.prefix/include/c++/v1/__mdspan/layout_left.h
-- Installing: /var/db/repos/Local/tools/llvm-libc-probe/.prefix/include/c++/v1/__mdspan/layout_right.h
-- Installing: /var/db/repos/Local/tools/llvm-libc-probe/.prefix/include/c++/v1/__mdspan/layout_stride.h
-- Installing: /var/db/repos/Local/tools/llvm-libc-probe/.prefix/include/c++/v1/__mdspan/mdspan.h
-- Installing: /var/db/repos/Local/tools/llvm-libc-probe/.prefix/include/c++/v1/__memory/addressof.h
-- Installing: /var/db/repos/Local/tools/llvm-libc-probe/.prefix/include/c++/v1/__memory/align.h
-- Installing: /var/db/repos/Local/tools/llvm-libc-probe/.prefix/include/c++/v1/__memory/allocate_at_least.h
-- Installing: /var/db/repos/Local/tools/llvm-libc-probe/.prefix/include/c++/v1/__memory/allocation_guard.h
-- Installing: /var/db/repos/Local/tools/llvm-libc-probe/.prefix/include/c++/v1/__memory/allocator.h
-- Installing: /var/db/repos/Local/tools/llvm-libc-probe/.prefix/include/c++/v1/__memory/allocator_arg_t.h
-- Installing: /var/db/repos/Local/tools/llvm-libc-probe/.prefix/include/c++/v1/__memory/allocator_destructor.h
-- Installing: /var/db/repos/Local/tools/llvm-libc-probe/.prefix/include/c++/v1/__memory/allocator_traits.h
-- Installing: /var/db/repos/Local/tools/llvm-libc-probe/.prefix/include/c++/v1/__memory/array_cookie.h
-- Installing: /var/db/repos/Local/tools/llvm-libc-probe/.prefix/include/c++/v1/__memory/assume_aligned.h
-- Installing: /var/db/repos/Local/tools/llvm-libc-probe/.prefix/include/c++/v1/__memory/auto_ptr.h
-- Installing: /var/db/repos/Local/tools/llvm-libc-probe/.prefix/include/c++/v1/__memory/compressed_pair.h
-- Installing: /var/db/repos/Local/tools/llvm-libc-probe/.prefix/include/c++/v1/__memory/concepts.h
-- Installing: /var/db/repos/Local/tools/llvm-libc-probe/.prefix/include/c++/v1/__memory/construct_at.h
-- Installing: /var/db/repos/Local/tools/llvm-libc-probe/.prefix/include/c++/v1/__memory/destroy.h
-- Installing: /var/db/repos/Local/tools/llvm-libc-probe/.prefix/include/c++/v1/__memory/destruct_n.h
-- Installing: /var/db/repos/Local/tools/llvm-libc-probe/.prefix/include/c++/v1/__memory/inout_ptr.h
-- Installing: /var/db/repos/Local/tools/llvm-libc-probe/.prefix/include/c++/v1/__memory/is_sufficiently_aligned.h
-- Installing: /var/db/repos/Local/tools/llvm-libc-probe/.prefix/include/c++/v1/__memory/noexcept_move_assign_container.h
-- Installing: /var/db/repos/Local/tools/llvm-libc-probe/.prefix/include/c++/v1/__memory/out_ptr.h
-- Installing: /var/db/repos/Local/tools/llvm-libc-probe/.prefix/include/c++/v1/__memory/pointer_traits.h
-- Installing: /var/db/repos/Local/tools/llvm-libc-probe/.prefix/include/c++/v1/__memory/ranges_construct_at.h
-- Installing: /var/db/repos/Local/tools/llvm-libc-probe/.prefix/include/c++/v1/__memory/ranges_destroy.h
-- Installing: /var/db/repos/Local/tools/llvm-libc-probe/.prefix/include/c++/v1/__memory/ranges_uninitialized_algorithms.h
-- Installing: /var/db/repos/Local/tools/llvm-libc-probe/.prefix/include/c++/v1/__memory/raw_storage_iterator.h
-- Installing: /var/db/repos/Local/tools/llvm-libc-probe/.prefix/include/c++/v1/__memory/shared_count.h
-- Installing: /var/db/repos/Local/tools/llvm-libc-probe/.prefix/include/c++/v1/__memory/shared_ptr.h
-- Installing: /var/db/repos/Local/tools/llvm-libc-probe/.prefix/include/c++/v1/__memory/swap_allocator.h
-- Installing: /var/db/repos/Local/tools/llvm-libc-probe/.prefix/include/c++/v1/__memory/temp_value.h
-- Installing: /var/db/repos/Local/tools/llvm-libc-probe/.prefix/include/c++/v1/__memory/temporary_buffer.h
-- Installing: /var/db/repos/Local/tools/llvm-libc-probe/.prefix/include/c++/v1/__memory/uninitialized_algorithms.h
-- Installing: /var/db/repos/Local/tools/llvm-libc-probe/.prefix/include/c++/v1/__memory/unique_ptr.h
-- Installing: /var/db/repos/Local/tools/llvm-libc-probe/.prefix/include/c++/v1/__memory/unique_temporary_buffer.h
-- Installing: /var/db/repos/Local/tools/llvm-libc-probe/.prefix/include/c++/v1/__memory/uses_allocator.h
-- Installing: /var/db/repos/Local/tools/llvm-libc-probe/.prefix/include/c++/v1/__memory/uses_allocator_construction.h
-- Installing: /var/db/repos/Local/tools/llvm-libc-probe/.prefix/include/c++/v1/__memory_resource/memory_resource.h
-- Installing: /var/db/repos/Local/tools/llvm-libc-probe/.prefix/include/c++/v1/__memory_resource/monotonic_buffer_resource.h
-- Installing: /var/db/repos/Local/tools/llvm-libc-probe/.prefix/include/c++/v1/__memory_resource/polymorphic_allocator.h
-- Installing: /var/db/repos/Local/tools/llvm-libc-probe/.prefix/include/c++/v1/__memory_resource/pool_options.h
-- Installing: /var/db/repos/Local/tools/llvm-libc-probe/.prefix/include/c++/v1/__memory_resource/synchronized_pool_resource.h
-- Installing: /var/db/repos/Local/tools/llvm-libc-probe/.prefix/include/c++/v1/__memory_resource/unsynchronized_pool_resource.h
-- Installing: /var/db/repos/Local/tools/llvm-libc-probe/.prefix/include/c++/v1/__mutex/lock_guard.h
-- Installing: /var/db/repos/Local/tools/llvm-libc-probe/.prefix/include/c++/v1/__mutex/mutex.h
-- Installing: /var/db/repos/Local/tools/llvm-libc-probe/.prefix/include/c++/v1/__mutex/once_flag.h
-- Installing: /var/db/repos/Local/tools/llvm-libc-probe/.prefix/include/c++/v1/__mutex/tag_types.h
-- Installing: /var/db/repos/Local/tools/llvm-libc-probe/.prefix/include/c++/v1/__mutex/unique_lock.h
-- Installing: /var/db/repos/Local/tools/llvm-libc-probe/.prefix/include/c++/v1/__new/align_val_t.h
-- Installing: /var/db/repos/Local/tools/llvm-libc-probe/.prefix/include/c++/v1/__new/allocate.h
-- Installing: /var/db/repos/Local/tools/llvm-libc-probe/.prefix/include/c++/v1/__new/destroying_delete_t.h
-- Installing: /var/db/repos/Local/tools/llvm-libc-probe/.prefix/include/c++/v1/__new/exceptions.h
-- Installing: /var/db/repos/Local/tools/llvm-libc-probe/.prefix/include/c++/v1/__new/global_new_delete.h
-- Installing: /var/db/repos/Local/tools/llvm-libc-probe/.prefix/include/c++/v1/__new/interference_size.h
-- Installing: /var/db/repos/Local/tools/llvm-libc-probe/.prefix/include/c++/v1/__new/launder.h
-- Installing: /var/db/repos/Local/tools/llvm-libc-probe/.prefix/include/c++/v1/__new/new_handler.h
-- Installing: /var/db/repos/Local/tools/llvm-libc-probe/.prefix/include/c++/v1/__new/nothrow_t.h
-- Installing: /var/db/repos/Local/tools/llvm-libc-probe/.prefix/include/c++/v1/__new/placement_new_delete.h
-- Installing: /var/db/repos/Local/tools/llvm-libc-probe/.prefix/include/c++/v1/__node_handle
-- Installing: /var/db/repos/Local/tools/llvm-libc-probe/.prefix/include/c++/v1/__numeric/accumulate.h
-- Installing: /var/db/repos/Local/tools/llvm-libc-probe/.prefix/include/c++/v1/__numeric/adjacent_difference.h
-- Installing: /var/db/repos/Local/tools/llvm-libc-probe/.prefix/include/c++/v1/__numeric/exclusive_scan.h
-- Installing: /var/db/repos/Local/tools/llvm-libc-probe/.prefix/include/c++/v1/__numeric/gcd_lcm.h
-- Installing: /var/db/repos/Local/tools/llvm-libc-probe/.prefix/include/c++/v1/__numeric/inclusive_scan.h
-- Installing: /var/db/repos/Local/tools/llvm-libc-probe/.prefix/include/c++/v1/__numeric/inner_product.h
-- Installing: /var/db/repos/Local/tools/llvm-libc-probe/.prefix/include/c++/v1/__numeric/iota.h
-- Installing: /var/db/repos/Local/tools/llvm-libc-probe/.prefix/include/c++/v1/__numeric/midpoint.h
-- Installing: /var/db/repos/Local/tools/llvm-libc-probe/.prefix/include/c++/v1/__numeric/partial_sum.h
-- Installing: /var/db/repos/Local/tools/llvm-libc-probe/.prefix/include/c++/v1/__numeric/pstl.h
-- Installing: /var/db/repos/Local/tools/llvm-libc-probe/.prefix/include/c++/v1/__numeric/ranges_iota.h
-- Installing: /var/db/repos/Local/tools/llvm-libc-probe/.prefix/include/c++/v1/__numeric/reduce.h
-- Installing: /var/db/repos/Local/tools/llvm-libc-probe/.prefix/include/c++/v1/__numeric/saturation_arithmetic.h
-- Installing: /var/db/repos/Local/tools/llvm-libc-probe/.prefix/include/c++/v1/__numeric/transform_exclusive_scan.h
-- Installing: /var/db/repos/Local/tools/llvm-libc-probe/.prefix/include/c++/v1/__numeric/transform_inclusive_scan.h
-- Installing: /var/db/repos/Local/tools/llvm-libc-probe/.prefix/include/c++/v1/__numeric/transform_reduce.h
-- Installing: /var/db/repos/Local/tools/llvm-libc-probe/.prefix/include/c++/v1/__ostream/basic_ostream.h
-- Installing: /var/db/repos/Local/tools/llvm-libc-probe/.prefix/include/c++/v1/__ostream/print.h
-- Installing: /var/db/repos/Local/tools/llvm-libc-probe/.prefix/include/c++/v1/__ostream/put_character_sequence.h
-- Installing: /var/db/repos/Local/tools/llvm-libc-probe/.prefix/include/c++/v1/__pstl/backend.h
-- Installing: /var/db/repos/Local/tools/llvm-libc-probe/.prefix/include/c++/v1/__pstl/backend_fwd.h
-- Installing: /var/db/repos/Local/tools/llvm-libc-probe/.prefix/include/c++/v1/__pstl/backends/default.h
-- Installing: /var/db/repos/Local/tools/llvm-libc-probe/.prefix/include/c++/v1/__pstl/backends/libdispatch.h
-- Installing: /var/db/repos/Local/tools/llvm-libc-probe/.prefix/include/c++/v1/__pstl/backends/serial.h
-- Installing: /var/db/repos/Local/tools/llvm-libc-probe/.prefix/include/c++/v1/__pstl/backends/std_thread.h
-- Installing: /var/db/repos/Local/tools/llvm-libc-probe/.prefix/include/c++/v1/__pstl/cpu_algos/any_of.h
-- Installing: /var/db/repos/Local/tools/llvm-libc-probe/.prefix/include/c++/v1/__pstl/cpu_algos/cpu_traits.h
-- Installing: /var/db/repos/Local/tools/llvm-libc-probe/.prefix/include/c++/v1/__pstl/cpu_algos/fill.h
-- Installing: /var/db/repos/Local/tools/llvm-libc-probe/.prefix/include/c++/v1/__pstl/cpu_algos/find_if.h
-- Installing: /var/db/repos/Local/tools/llvm-libc-probe/.prefix/include/c++/v1/__pstl/cpu_algos/for_each.h
-- Installing: /var/db/repos/Local/tools/llvm-libc-probe/.prefix/include/c++/v1/__pstl/cpu_algos/merge.h
-- Installing: /var/db/repos/Local/tools/llvm-libc-probe/.prefix/include/c++/v1/__pstl/cpu_algos/stable_sort.h
-- Installing: /var/db/repos/Local/tools/llvm-libc-probe/.prefix/include/c++/v1/__pstl/cpu_algos/transform.h
-- Installing: /var/db/repos/Local/tools/llvm-libc-probe/.prefix/include/c++/v1/__pstl/cpu_algos/transform_reduce.h
-- Installing: /var/db/repos/Local/tools/llvm-libc-probe/.prefix/include/c++/v1/__pstl/dispatch.h
-- Installing: /var/db/repos/Local/tools/llvm-libc-probe/.prefix/include/c++/v1/__pstl/handle_exception.h
-- Installing: /var/db/repos/Local/tools/llvm-libc-probe/.prefix/include/c++/v1/__random/bernoulli_distribution.h
-- Installing: /var/db/repos/Local/tools/llvm-libc-probe/.prefix/include/c++/v1/__random/binomial_distribution.h
-- Installing: /var/db/repos/Local/tools/llvm-libc-probe/.prefix/include/c++/v1/__random/cauchy_distribution.h
-- Installing: /var/db/repos/Local/tools/llvm-libc-probe/.prefix/include/c++/v1/__random/chi_squared_distribution.h
-- Installing: /var/db/repos/Local/tools/llvm-libc-probe/.prefix/include/c++/v1/__random/clamp_to_integral.h
-- Installing: /var/db/repos/Local/tools/llvm-libc-probe/.prefix/include/c++/v1/__random/default_random_engine.h
-- Installing: /var/db/repos/Local/tools/llvm-libc-probe/.prefix/include/c++/v1/__random/discard_block_engine.h
-- Installing: /var/db/repos/Local/tools/llvm-libc-probe/.prefix/include/c++/v1/__random/discrete_distribution.h
-- Installing: /var/db/repos/Local/tools/llvm-libc-probe/.prefix/include/c++/v1/__random/exponential_distribution.h
-- Installing: /var/db/repos/Local/tools/llvm-libc-probe/.prefix/include/c++/v1/__random/extreme_value_distribution.h
-- Installing: /var/db/repos/Local/tools/llvm-libc-probe/.prefix/include/c++/v1/__random/fisher_f_distribution.h
-- Installing: /var/db/repos/Local/tools/llvm-libc-probe/.prefix/include/c++/v1/__random/gamma_distribution.h
-- Installing: /var/db/repos/Local/tools/llvm-libc-probe/.prefix/include/c++/v1/__random/generate_canonical.h
-- Installing: /var/db/repos/Local/tools/llvm-libc-probe/.prefix/include/c++/v1/__random/geometric_distribution.h
-- Installing: /var/db/repos/Local/tools/llvm-libc-probe/.prefix/include/c++/v1/__random/independent_bits_engine.h
-- Installing: /var/db/repos/Local/tools/llvm-libc-probe/.prefix/include/c++/v1/__random/is_seed_sequence.h
-- Installing: /var/db/repos/Local/tools/llvm-libc-probe/.prefix/include/c++/v1/__random/is_valid.h
-- Installing: /var/db/repos/Local/tools/llvm-libc-probe/.prefix/include/c++/v1/__random/knuth_b.h
-- Installing: /var/db/repos/Local/tools/llvm-libc-probe/.prefix/include/c++/v1/__random/linear_congruential_engine.h
-- Installing: /var/db/repos/Local/tools/llvm-libc-probe/.prefix/include/c++/v1/__random/log2.h
-- Installing: /var/db/repos/Local/tools/llvm-libc-probe/.prefix/include/c++/v1/__random/lognormal_distribution.h
-- Installing: /var/db/repos/Local/tools/llvm-libc-probe/.prefix/include/c++/v1/__random/mersenne_twister_engine.h
-- Installing: /var/db/repos/Local/tools/llvm-libc-probe/.prefix/include/c++/v1/__random/negative_binomial_distribution.h
-- Installing: /var/db/repos/Local/tools/llvm-libc-probe/.prefix/include/c++/v1/__random/normal_distribution.h
-- Installing: /var/db/repos/Local/tools/llvm-libc-probe/.prefix/include/c++/v1/__random/piecewise_constant_distribution.h
-- Installing: /var/db/repos/Local/tools/llvm-libc-probe/.prefix/include/c++/v1/__random/piecewise_linear_distribution.h
-- Installing: /var/db/repos/Local/tools/llvm-libc-probe/.prefix/include/c++/v1/__random/poisson_distribution.h
-- Installing: /var/db/repos/Local/tools/llvm-libc-probe/.prefix/include/c++/v1/__random/random_device.h
-- Installing: /var/db/repos/Local/tools/llvm-libc-probe/.prefix/include/c++/v1/__random/ranlux.h
-- Installing: /var/db/repos/Local/tools/llvm-libc-probe/.prefix/include/c++/v1/__random/seed_seq.h
-- Installing: /var/db/repos/Local/tools/llvm-libc-probe/.prefix/include/c++/v1/__random/shuffle_order_engine.h
-- Installing: /var/db/repos/Local/tools/llvm-libc-probe/.prefix/include/c++/v1/__random/student_t_distribution.h
-- Installing: /var/db/repos/Local/tools/llvm-libc-probe/.prefix/include/c++/v1/__random/subtract_with_carry_engine.h
-- Installing: /var/db/repos/Local/tools/llvm-libc-probe/.prefix/include/c++/v1/__random/uniform_int_distribution.h
-- Installing: /var/db/repos/Local/tools/llvm-libc-probe/.prefix/include/c++/v1/__random/uniform_random_bit_generator.h
-- Installing: /var/db/repos/Local/tools/llvm-libc-probe/.prefix/include/c++/v1/__random/uniform_real_distribution.h
-- Installing: /var/db/repos/Local/tools/llvm-libc-probe/.prefix/include/c++/v1/__random/weibull_distribution.h
-- Installing: /var/db/repos/Local/tools/llvm-libc-probe/.prefix/include/c++/v1/__ranges/access.h
-- Installing: /var/db/repos/Local/tools/llvm-libc-probe/.prefix/include/c++/v1/__ranges/adjacent_transform_view.h
-- Installing: /var/db/repos/Local/tools/llvm-libc-probe/.prefix/include/c++/v1/__ranges/adjacent_view.h
-- Installing: /var/db/repos/Local/tools/llvm-libc-probe/.prefix/include/c++/v1/__ranges/all.h
-- Installing: /var/db/repos/Local/tools/llvm-libc-probe/.prefix/include/c++/v1/__ranges/as_rvalue_view.h
-- Installing: /var/db/repos/Local/tools/llvm-libc-probe/.prefix/include/c++/v1/__ranges/chunk_by_view.h
-- Installing: /var/db/repos/Local/tools/llvm-libc-probe/.prefix/include/c++/v1/__ranges/common_view.h
-- Installing: /var/db/repos/Local/tools/llvm-libc-probe/.prefix/include/c++/v1/__ranges/concepts.h
-- Installing: /var/db/repos/Local/tools/llvm-libc-probe/.prefix/include/c++/v1/__ranges/container_compatible_range.h
-- Installing: /var/db/repos/Local/tools/llvm-libc-probe/.prefix/include/c++/v1/__ranges/counted.h
-- Installing: /var/db/repos/Local/tools/llvm-libc-probe/.prefix/include/c++/v1/__ranges/dangling.h
-- Installing: /var/db/repos/Local/tools/llvm-libc-probe/.prefix/include/c++/v1/__ranges/data.h
-- Installing: /var/db/repos/Local/tools/llvm-libc-probe/.prefix/include/c++/v1/__ranges/drop_view.h
-- Installing: /var/db/repos/Local/tools/llvm-libc-probe/.prefix/include/c++/v1/__ranges/drop_while_view.h
-- Installing: /var/db/repos/Local/tools/llvm-libc-probe/.prefix/include/c++/v1/__ranges/elements_of.h
-- Installing: /var/db/repos/Local/tools/llvm-libc-probe/.prefix/include/c++/v1/__ranges/elements_view.h
-- Installing: /var/db/repos/Local/tools/llvm-libc-probe/.prefix/include/c++/v1/__ranges/empty.h
-- Installing: /var/db/repos/Local/tools/llvm-libc-probe/.prefix/include/c++/v1/__ranges/empty_view.h
-- Installing: /var/db/repos/Local/tools/llvm-libc-probe/.prefix/include/c++/v1/__ranges/enable_borrowed_range.h
-- Installing: /var/db/repos/Local/tools/llvm-libc-probe/.prefix/include/c++/v1/__ranges/enable_view.h
-- Installing: /var/db/repos/Local/tools/llvm-libc-probe/.prefix/include/c++/v1/__ranges/filter_view.h
-- Installing: /var/db/repos/Local/tools/llvm-libc-probe/.prefix/include/c++/v1/__ranges/from_range.h
-- Installing: /var/db/repos/Local/tools/llvm-libc-probe/.prefix/include/c++/v1/__ranges/iota_view.h
-- Installing: /var/db/repos/Local/tools/llvm-libc-probe/.prefix/include/c++/v1/__ranges/istream_view.h
-- Installing: /var/db/repos/Local/tools/llvm-libc-probe/.prefix/include/c++/v1/__ranges/join_view.h
-- Installing: /var/db/repos/Local/tools/llvm-libc-probe/.prefix/include/c++/v1/__ranges/join_with_view.h
-- Installing: /var/db/repos/Local/tools/llvm-libc-probe/.prefix/include/c++/v1/__ranges/lazy_split_view.h
-- Installing: /var/db/repos/Local/tools/llvm-libc-probe/.prefix/include/c++/v1/__ranges/movable_box.h
-- Installing: /var/db/repos/Local/tools/llvm-libc-probe/.prefix/include/c++/v1/__ranges/non_propagating_cache.h
-- Installing: /var/db/repos/Local/tools/llvm-libc-probe/.prefix/include/c++/v1/__ranges/owning_view.h
-- Installing: /var/db/repos/Local/tools/llvm-libc-probe/.prefix/include/c++/v1/__ranges/range_adaptor.h
-- Installing: /var/db/repos/Local/tools/llvm-libc-probe/.prefix/include/c++/v1/__ranges/rbegin.h
-- Installing: /var/db/repos/Local/tools/llvm-libc-probe/.prefix/include/c++/v1/__ranges/ref_view.h
-- Installing: /var/db/repos/Local/tools/llvm-libc-probe/.prefix/include/c++/v1/__ranges/rend.h
-- Installing: /var/db/repos/Local/tools/llvm-libc-probe/.prefix/include/c++/v1/__ranges/repeat_view.h
-- Installing: /var/db/repos/Local/tools/llvm-libc-probe/.prefix/include/c++/v1/__ranges/reverse_view.h
-- Installing: /var/db/repos/Local/tools/llvm-libc-probe/.prefix/include/c++/v1/__ranges/single_view.h
-- Installing: /var/db/repos/Local/tools/llvm-libc-probe/.prefix/include/c++/v1/__ranges/size.h
-- Installing: /var/db/repos/Local/tools/llvm-libc-probe/.prefix/include/c++/v1/__ranges/split_view.h
-- Installing: /var/db/repos/Local/tools/llvm-libc-probe/.prefix/include/c++/v1/__ranges/subrange.h
-- Installing: /var/db/repos/Local/tools/llvm-libc-probe/.prefix/include/c++/v1/__ranges/take_view.h
-- Installing: /var/db/repos/Local/tools/llvm-libc-probe/.prefix/include/c++/v1/__ranges/take_while_view.h
-- Installing: /var/db/repos/Local/tools/llvm-libc-probe/.prefix/include/c++/v1/__ranges/to.h
-- Installing: /var/db/repos/Local/tools/llvm-libc-probe/.prefix/include/c++/v1/__ranges/transform_view.h
-- Installing: /var/db/repos/Local/tools/llvm-libc-probe/.prefix/include/c++/v1/__ranges/view_interface.h
-- Installing: /var/db/repos/Local/tools/llvm-libc-probe/.prefix/include/c++/v1/__ranges/views.h
-- Installing: /var/db/repos/Local/tools/llvm-libc-probe/.prefix/include/c++/v1/__ranges/zip_transform_view.h
-- Installing: /var/db/repos/Local/tools/llvm-libc-probe/.prefix/include/c++/v1/__ranges/zip_view.h
-- Installing: /var/db/repos/Local/tools/llvm-libc-probe/.prefix/include/c++/v1/__split_buffer
-- Installing: /var/db/repos/Local/tools/llvm-libc-probe/.prefix/include/c++/v1/__std_mbstate_t.h
-- Installing: /var/db/repos/Local/tools/llvm-libc-probe/.prefix/include/c++/v1/__stop_token/atomic_unique_lock.h
-- Installing: /var/db/repos/Local/tools/llvm-libc-probe/.prefix/include/c++/v1/__stop_token/intrusive_list_view.h
-- Installing: /var/db/repos/Local/tools/llvm-libc-probe/.prefix/include/c++/v1/__stop_token/intrusive_shared_ptr.h
-- Installing: /var/db/repos/Local/tools/llvm-libc-probe/.prefix/include/c++/v1/__stop_token/stop_callback.h
-- Installing: /var/db/repos/Local/tools/llvm-libc-probe/.prefix/include/c++/v1/__stop_token/stop_source.h
-- Installing: /var/db/repos/Local/tools/llvm-libc-probe/.prefix/include/c++/v1/__stop_token/stop_state.h
-- Installing: /var/db/repos/Local/tools/llvm-libc-probe/.prefix/include/c++/v1/__stop_token/stop_token.h
-- Installing: /var/db/repos/Local/tools/llvm-libc-probe/.prefix/include/c++/v1/__string/char_traits.h
-- Installing: /var/db/repos/Local/tools/llvm-libc-probe/.prefix/include/c++/v1/__string/constexpr_c_functions.h
-- Installing: /var/db/repos/Local/tools/llvm-libc-probe/.prefix/include/c++/v1/__string/extern_template_lists.h
-- Installing: /var/db/repos/Local/tools/llvm-libc-probe/.prefix/include/c++/v1/__support/ibm/gettod_zos.h
-- Installing: /var/db/repos/Local/tools/llvm-libc-probe/.prefix/include/c++/v1/__support/ibm/locale_mgmt_zos.h
-- Installing: /var/db/repos/Local/tools/llvm-libc-probe/.prefix/include/c++/v1/__support/ibm/nanosleep.h
-- Installing: /var/db/repos/Local/tools/llvm-libc-probe/.prefix/include/c++/v1/__support/xlocale/__nop_locale_mgmt.h
-- Installing: /var/db/repos/Local/tools/llvm-libc-probe/.prefix/include/c++/v1/__support/xlocale/__posix_l_fallback.h
-- Installing: /var/db/repos/Local/tools/llvm-libc-probe/.prefix/include/c++/v1/__support/xlocale/__strtonum_fallback.h
-- Installing: /var/db/repos/Local/tools/llvm-libc-probe/.prefix/include/c++/v1/__system_error/errc.h
-- Installing: /var/db/repos/Local/tools/llvm-libc-probe/.prefix/include/c++/v1/__system_error/error_category.h
-- Installing: /var/db/repos/Local/tools/llvm-libc-probe/.prefix/include/c++/v1/__system_error/error_code.h
-- Installing: /var/db/repos/Local/tools/llvm-libc-probe/.prefix/include/c++/v1/__system_error/error_condition.h
-- Installing: /var/db/repos/Local/tools/llvm-libc-probe/.prefix/include/c++/v1/__system_error/system_error.h
-- Installing: /var/db/repos/Local/tools/llvm-libc-probe/.prefix/include/c++/v1/__system_error/throw_system_error.h
-- Installing: /var/db/repos/Local/tools/llvm-libc-probe/.prefix/include/c++/v1/__thread/formatter.h
-- Installing: /var/db/repos/Local/tools/llvm-libc-probe/.prefix/include/c++/v1/__thread/id.h
-- Installing: /var/db/repos/Local/tools/llvm-libc-probe/.prefix/include/c++/v1/__thread/jthread.h
-- Installing: /var/db/repos/Local/tools/llvm-libc-probe/.prefix/include/c++/v1/__thread/poll_with_backoff.h
-- Installing: /var/db/repos/Local/tools/llvm-libc-probe/.prefix/include/c++/v1/__thread/support.h
-- Installing: /var/db/repos/Local/tools/llvm-libc-probe/.prefix/include/c++/v1/__thread/support/c11.h
-- Installing: /var/db/repos/Local/tools/llvm-libc-probe/.prefix/include/c++/v1/__thread/support/external.h
-- Installing: /var/db/repos/Local/tools/llvm-libc-probe/.prefix/include/c++/v1/__thread/support/pthread.h
-- Installing: /var/db/repos/Local/tools/llvm-libc-probe/.prefix/include/c++/v1/__thread/support/windows.h
-- Installing: /var/db/repos/Local/tools/llvm-libc-probe/.prefix/include/c++/v1/__thread/this_thread.h
-- Installing: /var/db/repos/Local/tools/llvm-libc-probe/.prefix/include/c++/v1/__thread/thread.h
-- Installing: /var/db/repos/Local/tools/llvm-libc-probe/.prefix/include/c++/v1/__thread/timed_backoff_policy.h
-- Installing: /var/db/repos/Local/tools/llvm-libc-probe/.prefix/include/c++/v1/__tree
-- Installing: /var/db/repos/Local/tools/llvm-libc-probe/.prefix/include/c++/v1/__tuple/find_index.h
-- Installing: /var/db/repos/Local/tools/llvm-libc-probe/.prefix/include/c++/v1/__tuple/ignore.h
-- Installing: /var/db/repos/Local/tools/llvm-libc-probe/.prefix/include/c++/v1/__tuple/sfinae_helpers.h
-- Installing: /var/db/repos/Local/tools/llvm-libc-probe/.prefix/include/c++/v1/__tuple/tuple_element.h
-- Installing: /var/db/repos/Local/tools/llvm-libc-probe/.prefix/include/c++/v1/__tuple/tuple_like.h
-- Installing: /var/db/repos/Local/tools/llvm-libc-probe/.prefix/include/c++/v1/__tuple/tuple_like_no_subrange.h
-- Installing: /var/db/repos/Local/tools/llvm-libc-probe/.prefix/include/c++/v1/__tuple/tuple_size.h
-- Installing: /var/db/repos/Local/tools/llvm-libc-probe/.prefix/include/c++/v1/__tuple/tuple_transform.h
-- Installing: /var/db/repos/Local/tools/llvm-libc-probe/.prefix/include/c++/v1/__type_traits/add_cv_quals.h
-- Installing: /var/db/repos/Local/tools/llvm-libc-probe/.prefix/include/c++/v1/__type_traits/add_pointer.h
-- Installing: /var/db/repos/Local/tools/llvm-libc-probe/.prefix/include/c++/v1/__type_traits/add_reference.h
-- Installing: /var/db/repos/Local/tools/llvm-libc-probe/.prefix/include/c++/v1/__type_traits/aligned_storage.h
-- Installing: /var/db/repos/Local/tools/llvm-libc-probe/.prefix/include/c++/v1/__type_traits/aligned_union.h
-- Installing: /var/db/repos/Local/tools/llvm-libc-probe/.prefix/include/c++/v1/__type_traits/alignment_of.h
-- Installing: /var/db/repos/Local/tools/llvm-libc-probe/.prefix/include/c++/v1/__type_traits/common_reference.h
-- Installing: /var/db/repos/Local/tools/llvm-libc-probe/.prefix/include/c++/v1/__type_traits/common_type.h
-- Installing: /var/db/repos/Local/tools/llvm-libc-probe/.prefix/include/c++/v1/__type_traits/conditional.h
-- Installing: /var/db/repos/Local/tools/llvm-libc-probe/.prefix/include/c++/v1/__type_traits/conjunction.h
-- Installing: /var/db/repos/Local/tools/llvm-libc-probe/.prefix/include/c++/v1/__type_traits/container_traits.h
-- Installing: /var/db/repos/Local/tools/llvm-libc-probe/.prefix/include/c++/v1/__type_traits/copy_cv.h
-- Installing: /var/db/repos/Local/tools/llvm-libc-probe/.prefix/include/c++/v1/__type_traits/copy_cvref.h
-- Installing: /var/db/repos/Local/tools/llvm-libc-probe/.prefix/include/c++/v1/__type_traits/datasizeof.h
-- Installing: /var/db/repos/Local/tools/llvm-libc-probe/.prefix/include/c++/v1/__type_traits/decay.h
-- Installing: /var/db/repos/Local/tools/llvm-libc-probe/.prefix/include/c++/v1/__type_traits/dependent_type.h
-- Installing: /var/db/repos/Local/tools/llvm-libc-probe/.prefix/include/c++/v1/__type_traits/desugars_to.h
-- Installing: /var/db/repos/Local/tools/llvm-libc-probe/.prefix/include/c++/v1/__type_traits/detected_or.h
-- Installing: /var/db/repos/Local/tools/llvm-libc-probe/.prefix/include/c++/v1/__type_traits/disjunction.h
-- Installing: /var/db/repos/Local/tools/llvm-libc-probe/.prefix/include/c++/v1/__type_traits/enable_if.h
-- Installing: /var/db/repos/Local/tools/llvm-libc-probe/.prefix/include/c++/v1/__type_traits/extent.h
-- Installing: /var/db/repos/Local/tools/llvm-libc-probe/.prefix/include/c++/v1/__type_traits/has_unique_object_representation.h
-- Installing: /var/db/repos/Local/tools/llvm-libc-probe/.prefix/include/c++/v1/__type_traits/has_virtual_destructor.h
-- Installing: /var/db/repos/Local/tools/llvm-libc-probe/.prefix/include/c++/v1/__type_traits/integer_traits.h
-- Installing: /var/db/repos/Local/tools/llvm-libc-probe/.prefix/include/c++/v1/__type_traits/integral_constant.h
-- Installing: /var/db/repos/Local/tools/llvm-libc-probe/.prefix/include/c++/v1/__type_traits/invoke.h
-- Installing: /var/db/repos/Local/tools/llvm-libc-probe/.prefix/include/c++/v1/__type_traits/is_abstract.h
-- Installing: /var/db/repos/Local/tools/llvm-libc-probe/.prefix/include/c++/v1/__type_traits/is_aggregate.h
-- Installing: /var/db/repos/Local/tools/llvm-libc-probe/.prefix/include/c++/v1/__type_traits/is_allocator.h
-- Installing: /var/db/repos/Local/tools/llvm-libc-probe/.prefix/include/c++/v1/__type_traits/is_always_bitcastable.h
-- Installing: /var/db/repos/Local/tools/llvm-libc-probe/.prefix/include/c++/v1/__type_traits/is_arithmetic.h
-- Installing: /var/db/repos/Local/tools/llvm-libc-probe/.prefix/include/c++/v1/__type_traits/is_array.h
-- Installing: /var/db/repos/Local/tools/llvm-libc-probe/.prefix/include/c++/v1/__type_traits/is_assignable.h
-- Installing: /var/db/repos/Local/tools/llvm-libc-probe/.prefix/include/c++/v1/__type_traits/is_base_of.h
-- Installing: /var/db/repos/Local/tools/llvm-libc-probe/.prefix/include/c++/v1/__type_traits/is_callable.h
-- Installing: /var/db/repos/Local/tools/llvm-libc-probe/.prefix/include/c++/v1/__type_traits/is_char_like_type.h
-- Installing: /var/db/repos/Local/tools/llvm-libc-probe/.prefix/include/c++/v1/__type_traits/is_class.h
-- Installing: /var/db/repos/Local/tools/llvm-libc-probe/.prefix/include/c++/v1/__type_traits/is_compound.h
-- Installing: /var/db/repos/Local/tools/llvm-libc-probe/.prefix/include/c++/v1/__type_traits/is_const.h
-- Installing: /var/db/repos/Local/tools/llvm-libc-probe/.prefix/include/c++/v1/__type_traits/is_constant_evaluated.h
-- Installing: /var/db/repos/Local/tools/llvm-libc-probe/.prefix/include/c++/v1/__type_traits/is_constructible.h
-- Installing: /var/db/repos/Local/tools/llvm-libc-probe/.prefix/include/c++/v1/__type_traits/is_convertible.h
-- Installing: /var/db/repos/Local/tools/llvm-libc-probe/.prefix/include/c++/v1/__type_traits/is_core_convertible.h
-- Installing: /var/db/repos/Local/tools/llvm-libc-probe/.prefix/include/c++/v1/__type_traits/is_destructible.h
-- Installing: /var/db/repos/Local/tools/llvm-libc-probe/.prefix/include/c++/v1/__type_traits/is_empty.h
-- Installing: /var/db/repos/Local/tools/llvm-libc-probe/.prefix/include/c++/v1/__type_traits/is_enum.h
-- Installing: /var/db/repos/Local/tools/llvm-libc-probe/.prefix/include/c++/v1/__type_traits/is_equality_comparable.h
-- Installing: /var/db/repos/Local/tools/llvm-libc-probe/.prefix/include/c++/v1/__type_traits/is_execution_policy.h
-- Installing: /var/db/repos/Local/tools/llvm-libc-probe/.prefix/include/c++/v1/__type_traits/is_final.h
-- Installing: /var/db/repos/Local/tools/llvm-libc-probe/.prefix/include/c++/v1/__type_traits/is_floating_point.h
-- Installing: /var/db/repos/Local/tools/llvm-libc-probe/.prefix/include/c++/v1/__type_traits/is_function.h
-- Installing: /var/db/repos/Local/tools/llvm-libc-probe/.prefix/include/c++/v1/__type_traits/is_fundamental.h
-- Installing: /var/db/repos/Local/tools/llvm-libc-probe/.prefix/include/c++/v1/__type_traits/is_generic_transparent_comparator.h
-- Installing: /var/db/repos/Local/tools/llvm-libc-probe/.prefix/include/c++/v1/__type_traits/is_implicit_lifetime.h
-- Installing: /var/db/repos/Local/tools/llvm-libc-probe/.prefix/include/c++/v1/__type_traits/is_implicitly_default_constructible.h
-- Installing: /var/db/repos/Local/tools/llvm-libc-probe/.prefix/include/c++/v1/__type_traits/is_integral.h
-- Installing: /var/db/repos/Local/tools/llvm-libc-probe/.prefix/include/c++/v1/__type_traits/is_literal_type.h
-- Installing: /var/db/repos/Local/tools/llvm-libc-probe/.prefix/include/c++/v1/__type_traits/is_member_pointer.h
-- Installing: /var/db/repos/Local/tools/llvm-libc-probe/.prefix/include/c++/v1/__type_traits/is_nothrow_assignable.h
-- Installing: /var/db/repos/Local/tools/llvm-libc-probe/.prefix/include/c++/v1/__type_traits/is_nothrow_constructible.h
-- Installing: /var/db/repos/Local/tools/llvm-libc-probe/.prefix/include/c++/v1/__type_traits/is_nothrow_destructible.h
-- Installing: /var/db/repos/Local/tools/llvm-libc-probe/.prefix/include/c++/v1/__type_traits/is_null_pointer.h
-- Installing: /var/db/repos/Local/tools/llvm-libc-probe/.prefix/include/c++/v1/__type_traits/is_object.h
-- Installing: /var/db/repos/Local/tools/llvm-libc-probe/.prefix/include/c++/v1/__type_traits/is_pod.h
-- Installing: /var/db/repos/Local/tools/llvm-libc-probe/.prefix/include/c++/v1/__type_traits/is_pointer.h
-- Installing: /var/db/repos/Local/tools/llvm-libc-probe/.prefix/include/c++/v1/__type_traits/is_polymorphic.h
-- Installing: /var/db/repos/Local/tools/llvm-libc-probe/.prefix/include/c++/v1/__type_traits/is_primary_template.h
-- Installing: /var/db/repos/Local/tools/llvm-libc-probe/.prefix/include/c++/v1/__type_traits/is_reference.h
-- Installing: /var/db/repos/Local/tools/llvm-libc-probe/.prefix/include/c++/v1/__type_traits/is_reference_wrapper.h
-- Installing: /var/db/repos/Local/tools/llvm-libc-probe/.prefix/include/c++/v1/__type_traits/is_referenceable.h
-- Installing: /var/db/repos/Local/tools/llvm-libc-probe/.prefix/include/c++/v1/__type_traits/is_same.h
-- Installing: /var/db/repos/Local/tools/llvm-libc-probe/.prefix/include/c++/v1/__type_traits/is_scalar.h
-- Installing: /var/db/repos/Local/tools/llvm-libc-probe/.prefix/include/c++/v1/__type_traits/is_signed.h
-- Installing: /var/db/repos/Local/tools/llvm-libc-probe/.prefix/include/c++/v1/__type_traits/is_specialization.h
-- Installing: /var/db/repos/Local/tools/llvm-libc-probe/.prefix/include/c++/v1/__type_traits/is_standard_layout.h
-- Installing: /var/db/repos/Local/tools/llvm-libc-probe/.prefix/include/c++/v1/__type_traits/is_swappable.h
-- Installing: /var/db/repos/Local/tools/llvm-libc-probe/.prefix/include/c++/v1/__type_traits/is_trivial.h
-- Installing: /var/db/repos/Local/tools/llvm-libc-probe/.prefix/include/c++/v1/__type_traits/is_trivially_assignable.h
-- Installing: /var/db/repos/Local/tools/llvm-libc-probe/.prefix/include/c++/v1/__type_traits/is_trivially_constructible.h
-- Installing: /var/db/repos/Local/tools/llvm-libc-probe/.prefix/include/c++/v1/__type_traits/is_trivially_copyable.h
-- Installing: /var/db/repos/Local/tools/llvm-libc-probe/.prefix/include/c++/v1/__type_traits/is_trivially_destructible.h
-- Installing: /var/db/repos/Local/tools/llvm-libc-probe/.prefix/include/c++/v1/__type_traits/is_trivially_lexicographically_comparable.h
-- Installing: /var/db/repos/Local/tools/llvm-libc-probe/.prefix/include/c++/v1/__type_traits/is_trivially_relocatable.h
-- Installing: /var/db/repos/Local/tools/llvm-libc-probe/.prefix/include/c++/v1/__type_traits/is_union.h
-- Installing: /var/db/repos/Local/tools/llvm-libc-probe/.prefix/include/c++/v1/__type_traits/is_unqualified.h
-- Installing: /var/db/repos/Local/tools/llvm-libc-probe/.prefix/include/c++/v1/__type_traits/is_unsigned.h
-- Installing: /var/db/repos/Local/tools/llvm-libc-probe/.prefix/include/c++/v1/__type_traits/is_valid_expansion.h
-- Installing: /var/db/repos/Local/tools/llvm-libc-probe/.prefix/include/c++/v1/__type_traits/is_void.h
-- Installing: /var/db/repos/Local/tools/llvm-libc-probe/.prefix/include/c++/v1/__type_traits/is_volatile.h
-- Installing: /var/db/repos/Local/tools/llvm-libc-probe/.prefix/include/c++/v1/__type_traits/is_within_lifetime.h
-- Installing: /var/db/repos/Local/tools/llvm-libc-probe/.prefix/include/c++/v1/__type_traits/lazy.h
-- Installing: /var/db/repos/Local/tools/llvm-libc-probe/.prefix/include/c++/v1/__type_traits/make_32_64_or_128_bit.h
-- Installing: /var/db/repos/Local/tools/llvm-libc-probe/.prefix/include/c++/v1/__type_traits/make_const_lvalue_ref.h
-- Installing: /var/db/repos/Local/tools/llvm-libc-probe/.prefix/include/c++/v1/__type_traits/make_signed.h
-- Installing: /var/db/repos/Local/tools/llvm-libc-probe/.prefix/include/c++/v1/__type_traits/make_transparent.h
-- Installing: /var/db/repos/Local/tools/llvm-libc-probe/.prefix/include/c++/v1/__type_traits/make_unsigned.h
-- Installing: /var/db/repos/Local/tools/llvm-libc-probe/.prefix/include/c++/v1/__type_traits/maybe_const.h
-- Installing: /var/db/repos/Local/tools/llvm-libc-probe/.prefix/include/c++/v1/__type_traits/nat.h
-- Installing: /var/db/repos/Local/tools/llvm-libc-probe/.prefix/include/c++/v1/__type_traits/negation.h
-- Installing: /var/db/repos/Local/tools/llvm-libc-probe/.prefix/include/c++/v1/__type_traits/promote.h
-- Installing: /var/db/repos/Local/tools/llvm-libc-probe/.prefix/include/c++/v1/__type_traits/rank.h
-- Installing: /var/db/repos/Local/tools/llvm-libc-probe/.prefix/include/c++/v1/__type_traits/reference_constructs_from_temporary.h
-- Installing: /var/db/repos/Local/tools/llvm-libc-probe/.prefix/include/c++/v1/__type_traits/reference_converts_from_temporary.h
-- Installing: /var/db/repos/Local/tools/llvm-libc-probe/.prefix/include/c++/v1/__type_traits/remove_all_extents.h
-- Installing: /var/db/repos/Local/tools/llvm-libc-probe/.prefix/include/c++/v1/__type_traits/remove_const.h
-- Installing: /var/db/repos/Local/tools/llvm-libc-probe/.prefix/include/c++/v1/__type_traits/remove_const_ref.h
-- Installing: /var/db/repos/Local/tools/llvm-libc-probe/.prefix/include/c++/v1/__type_traits/remove_cv.h
-- Installing: /var/db/repos/Local/tools/llvm-libc-probe/.prefix/include/c++/v1/__type_traits/remove_cvref.h
-- Installing: /var/db/repos/Local/tools/llvm-libc-probe/.prefix/include/c++/v1/__type_traits/remove_extent.h
-- Installing: /var/db/repos/Local/tools/llvm-libc-probe/.prefix/include/c++/v1/__type_traits/remove_pointer.h
-- Installing: /var/db/repos/Local/tools/llvm-libc-probe/.prefix/include/c++/v1/__type_traits/remove_reference.h
-- Installing: /var/db/repos/Local/tools/llvm-libc-probe/.prefix/include/c++/v1/__type_traits/remove_volatile.h
-- Installing: /var/db/repos/Local/tools/llvm-libc-probe/.prefix/include/c++/v1/__type_traits/result_of.h
-- Installing: /var/db/repos/Local/tools/llvm-libc-probe/.prefix/include/c++/v1/__type_traits/strip_signature.h
-- Installing: /var/db/repos/Local/tools/llvm-libc-probe/.prefix/include/c++/v1/__type_traits/type_identity.h
-- Installing: /var/db/repos/Local/tools/llvm-libc-probe/.prefix/include/c++/v1/__type_traits/type_list.h
-- Installing: /var/db/repos/Local/tools/llvm-libc-probe/.prefix/include/c++/v1/__type_traits/underlying_type.h
-- Installing: /var/db/repos/Local/tools/llvm-libc-probe/.prefix/include/c++/v1/__type_traits/unwrap_ref.h
-- Installing: /var/db/repos/Local/tools/llvm-libc-probe/.prefix/include/c++/v1/__type_traits/void_t.h
-- Installing: /var/db/repos/Local/tools/llvm-libc-probe/.prefix/include/c++/v1/__undef_macros
-- Installing: /var/db/repos/Local/tools/llvm-libc-probe/.prefix/include/c++/v1/__utility/as_const.h
-- Installing: /var/db/repos/Local/tools/llvm-libc-probe/.prefix/include/c++/v1/__utility/as_lvalue.h
-- Installing: /var/db/repos/Local/tools/llvm-libc-probe/.prefix/include/c++/v1/__utility/auto_cast.h
-- Installing: /var/db/repos/Local/tools/llvm-libc-probe/.prefix/include/c++/v1/__utility/cmp.h
-- Installing: /var/db/repos/Local/tools/llvm-libc-probe/.prefix/include/c++/v1/__utility/convert_to_integral.h
-- Installing: /var/db/repos/Local/tools/llvm-libc-probe/.prefix/include/c++/v1/__utility/declval.h
-- Installing: /var/db/repos/Local/tools/llvm-libc-probe/.prefix/include/c++/v1/__utility/default_three_way_comparator.h
-- Installing: /var/db/repos/Local/tools/llvm-libc-probe/.prefix/include/c++/v1/__utility/element_count.h
-- Installing: /var/db/repos/Local/tools/llvm-libc-probe/.prefix/include/c++/v1/__utility/empty.h
-- Installing: /var/db/repos/Local/tools/llvm-libc-probe/.prefix/include/c++/v1/__utility/exception_guard.h
-- Installing: /var/db/repos/Local/tools/llvm-libc-probe/.prefix/include/c++/v1/__utility/exchange.h
-- Installing: /var/db/repos/Local/tools/llvm-libc-probe/.prefix/include/c++/v1/__utility/forward.h
-- Installing: /var/db/repos/Local/tools/llvm-libc-probe/.prefix/include/c++/v1/__utility/forward_like.h
-- Installing: /var/db/repos/Local/tools/llvm-libc-probe/.prefix/include/c++/v1/__utility/in_place.h
-- Installing: /var/db/repos/Local/tools/llvm-libc-probe/.prefix/include/c++/v1/__utility/integer_sequence.h
-- Installing: /var/db/repos/Local/tools/llvm-libc-probe/.prefix/include/c++/v1/__utility/is_pointer_in_range.h
-- Installing: /var/db/repos/Local/tools/llvm-libc-probe/.prefix/include/c++/v1/__utility/is_valid_range.h
-- Installing: /var/db/repos/Local/tools/llvm-libc-probe/.prefix/include/c++/v1/__utility/lazy_synth_three_way_comparator.h
-- Installing: /var/db/repos/Local/tools/llvm-libc-probe/.prefix/include/c++/v1/__utility/move.h
-- Installing: /var/db/repos/Local/tools/llvm-libc-probe/.prefix/include/c++/v1/__utility/no_destroy.h
-- Installing: /var/db/repos/Local/tools/llvm-libc-probe/.prefix/include/c++/v1/__utility/pair.h
-- Installing: /var/db/repos/Local/tools/llvm-libc-probe/.prefix/include/c++/v1/__utility/piecewise_construct.h
-- Installing: /var/db/repos/Local/tools/llvm-libc-probe/.prefix/include/c++/v1/__utility/priority_tag.h
-- Installing: /var/db/repos/Local/tools/llvm-libc-probe/.prefix/include/c++/v1/__utility/private_constructor_tag.h
-- Installing: /var/db/repos/Local/tools/llvm-libc-probe/.prefix/include/c++/v1/__utility/rel_ops.h
-- Installing: /var/db/repos/Local/tools/llvm-libc-probe/.prefix/include/c++/v1/__utility/scope_guard.h
-- Installing: /var/db/repos/Local/tools/llvm-libc-probe/.prefix/include/c++/v1/__utility/small_buffer.h
-- Installing: /var/db/repos/Local/tools/llvm-libc-probe/.prefix/include/c++/v1/__utility/swap.h
-- Installing: /var/db/repos/Local/tools/llvm-libc-probe/.prefix/include/c++/v1/__utility/to_underlying.h
-- Installing: /var/db/repos/Local/tools/llvm-libc-probe/.prefix/include/c++/v1/__utility/try_key_extraction.h
-- Installing: /var/db/repos/Local/tools/llvm-libc-probe/.prefix/include/c++/v1/__utility/unreachable.h
-- Installing: /var/db/repos/Local/tools/llvm-libc-probe/.prefix/include/c++/v1/__variant/monostate.h
-- Installing: /var/db/repos/Local/tools/llvm-libc-probe/.prefix/include/c++/v1/__vector/comparison.h
-- Installing: /var/db/repos/Local/tools/llvm-libc-probe/.prefix/include/c++/v1/__vector/container_traits.h
-- Installing: /var/db/repos/Local/tools/llvm-libc-probe/.prefix/include/c++/v1/__vector/erase.h
-- Installing: /var/db/repos/Local/tools/llvm-libc-probe/.prefix/include/c++/v1/__vector/pmr.h
-- Installing: /var/db/repos/Local/tools/llvm-libc-probe/.prefix/include/c++/v1/__vector/swap.h
-- Installing: /var/db/repos/Local/tools/llvm-libc-probe/.prefix/include/c++/v1/__vector/vector.h
-- Installing: /var/db/repos/Local/tools/llvm-libc-probe/.prefix/include/c++/v1/__vector/vector_bool.h
-- Installing: /var/db/repos/Local/tools/llvm-libc-probe/.prefix/include/c++/v1/__vector/vector_bool_formatter.h
-- Installing: /var/db/repos/Local/tools/llvm-libc-probe/.prefix/include/c++/v1/__verbose_abort
-- Installing: /var/db/repos/Local/tools/llvm-libc-probe/.prefix/include/c++/v1/__verbose_trap
-- Installing: /var/db/repos/Local/tools/llvm-libc-probe/.prefix/include/c++/v1/algorithm
-- Installing: /var/db/repos/Local/tools/llvm-libc-probe/.prefix/include/c++/v1/any
-- Installing: /var/db/repos/Local/tools/llvm-libc-probe/.prefix/include/c++/v1/array
-- Installing: /var/db/repos/Local/tools/llvm-libc-probe/.prefix/include/c++/v1/atomic
-- Installing: /var/db/repos/Local/tools/llvm-libc-probe/.prefix/include/c++/v1/barrier
-- Installing: /var/db/repos/Local/tools/llvm-libc-probe/.prefix/include/c++/v1/bit
-- Installing: /var/db/repos/Local/tools/llvm-libc-probe/.prefix/include/c++/v1/bitset
-- Installing: /var/db/repos/Local/tools/llvm-libc-probe/.prefix/include/c++/v1/cassert
-- Installing: /var/db/repos/Local/tools/llvm-libc-probe/.prefix/include/c++/v1/ccomplex
-- Installing: /var/db/repos/Local/tools/llvm-libc-probe/.prefix/include/c++/v1/cctype
-- Installing: /var/db/repos/Local/tools/llvm-libc-probe/.prefix/include/c++/v1/cerrno
-- Installing: /var/db/repos/Local/tools/llvm-libc-probe/.prefix/include/c++/v1/cfenv
-- Installing: /var/db/repos/Local/tools/llvm-libc-probe/.prefix/include/c++/v1/cfloat
-- Installing: /var/db/repos/Local/tools/llvm-libc-probe/.prefix/include/c++/v1/charconv
-- Installing: /var/db/repos/Local/tools/llvm-libc-probe/.prefix/include/c++/v1/chrono
-- Installing: /var/db/repos/Local/tools/llvm-libc-probe/.prefix/include/c++/v1/cinttypes
-- Installing: /var/db/repos/Local/tools/llvm-libc-probe/.prefix/include/c++/v1/ciso646
-- Installing: /var/db/repos/Local/tools/llvm-libc-probe/.prefix/include/c++/v1/climits
-- Installing: /var/db/repos/Local/tools/llvm-libc-probe/.prefix/include/c++/v1/clocale
-- Installing: /var/db/repos/Local/tools/llvm-libc-probe/.prefix/include/c++/v1/cmath
-- Installing: /var/db/repos/Local/tools/llvm-libc-probe/.prefix/include/c++/v1/codecvt
-- Installing: /var/db/repos/Local/tools/llvm-libc-probe/.prefix/include/c++/v1/compare
-- Installing: /var/db/repos/Local/tools/llvm-libc-probe/.prefix/include/c++/v1/complex
-- Installing: /var/db/repos/Local/tools/llvm-libc-probe/.prefix/include/c++/v1/complex.h
-- Installing: /var/db/repos/Local/tools/llvm-libc-probe/.prefix/include/c++/v1/concepts
-- Installing: /var/db/repos/Local/tools/llvm-libc-probe/.prefix/include/c++/v1/condition_variable
-- Installing: /var/db/repos/Local/tools/llvm-libc-probe/.prefix/include/c++/v1/coroutine
-- Installing: /var/db/repos/Local/tools/llvm-libc-probe/.prefix/include/c++/v1/csetjmp
-- Installing: /var/db/repos/Local/tools/llvm-libc-probe/.prefix/include/c++/v1/csignal
-- Installing: /var/db/repos/Local/tools/llvm-libc-probe/.prefix/include/c++/v1/cstdalign
-- Installing: /var/db/repos/Local/tools/llvm-libc-probe/.prefix/include/c++/v1/cstdarg
-- Installing: /var/db/repos/Local/tools/llvm-libc-probe/.prefix/include/c++/v1/cstdbool
-- Installing: /var/db/repos/Local/tools/llvm-libc-probe/.prefix/include/c++/v1/cstddef
-- Installing: /var/db/repos/Local/tools/llvm-libc-probe/.prefix/include/c++/v1/cstdint
-- Installing: /var/db/repos/Local/tools/llvm-libc-probe/.prefix/include/c++/v1/cstdio
-- Installing: /var/db/repos/Local/tools/llvm-libc-probe/.prefix/include/c++/v1/cstdlib
-- Installing: /var/db/repos/Local/tools/llvm-libc-probe/.prefix/include/c++/v1/cstring
-- Installing: /var/db/repos/Local/tools/llvm-libc-probe/.prefix/include/c++/v1/ctgmath
-- Installing: /var/db/repos/Local/tools/llvm-libc-probe/.prefix/include/c++/v1/ctime
-- Installing: /var/db/repos/Local/tools/llvm-libc-probe/.prefix/include/c++/v1/ctype.h
-- Installing: /var/db/repos/Local/tools/llvm-libc-probe/.prefix/include/c++/v1/cuchar
-- Installing: /var/db/repos/Local/tools/llvm-libc-probe/.prefix/include/c++/v1/cwchar
-- Installing: /var/db/repos/Local/tools/llvm-libc-probe/.prefix/include/c++/v1/cwctype
-- Installing: /var/db/repos/Local/tools/llvm-libc-probe/.prefix/include/c++/v1/deque
-- Installing: /var/db/repos/Local/tools/llvm-libc-probe/.prefix/include/c++/v1/errno.h
-- Installing: /var/db/repos/Local/tools/llvm-libc-probe/.prefix/include/c++/v1/exception
-- Installing: /var/db/repos/Local/tools/llvm-libc-probe/.prefix/include/c++/v1/execution
-- Installing: /var/db/repos/Local/tools/llvm-libc-probe/.prefix/include/c++/v1/expected
-- Installing: /var/db/repos/Local/tools/llvm-libc-probe/.prefix/include/c++/v1/experimental/__simd/aligned_tag.h
-- Installing: /var/db/repos/Local/tools/llvm-libc-probe/.prefix/include/c++/v1/experimental/__simd/declaration.h
-- Installing: /var/db/repos/Local/tools/llvm-libc-probe/.prefix/include/c++/v1/experimental/__simd/reference.h
-- Installing: /var/db/repos/Local/tools/llvm-libc-probe/.prefix/include/c++/v1/experimental/__simd/scalar.h
-- Installing: /var/db/repos/Local/tools/llvm-libc-probe/.prefix/include/c++/v1/experimental/__simd/simd.h
-- Installing: /var/db/repos/Local/tools/llvm-libc-probe/.prefix/include/c++/v1/experimental/__simd/simd_mask.h
-- Installing: /var/db/repos/Local/tools/llvm-libc-probe/.prefix/include/c++/v1/experimental/__simd/traits.h
-- Installing: /var/db/repos/Local/tools/llvm-libc-probe/.prefix/include/c++/v1/experimental/__simd/utility.h
-- Installing: /var/db/repos/Local/tools/llvm-libc-probe/.prefix/include/c++/v1/experimental/__simd/vec_ext.h
-- Installing: /var/db/repos/Local/tools/llvm-libc-probe/.prefix/include/c++/v1/experimental/iterator
-- Installing: /var/db/repos/Local/tools/llvm-libc-probe/.prefix/include/c++/v1/experimental/memory
-- Installing: /var/db/repos/Local/tools/llvm-libc-probe/.prefix/include/c++/v1/experimental/propagate_const
-- Installing: /var/db/repos/Local/tools/llvm-libc-probe/.prefix/include/c++/v1/experimental/simd
-- Installing: /var/db/repos/Local/tools/llvm-libc-probe/.prefix/include/c++/v1/experimental/type_traits
-- Installing: /var/db/repos/Local/tools/llvm-libc-probe/.prefix/include/c++/v1/experimental/utility
-- Installing: /var/db/repos/Local/tools/llvm-libc-probe/.prefix/include/c++/v1/ext/__hash
-- Installing: /var/db/repos/Local/tools/llvm-libc-probe/.prefix/include/c++/v1/ext/hash_map
-- Installing: /var/db/repos/Local/tools/llvm-libc-probe/.prefix/include/c++/v1/ext/hash_set
-- Installing: /var/db/repos/Local/tools/llvm-libc-probe/.prefix/include/c++/v1/fenv.h
-- Installing: /var/db/repos/Local/tools/llvm-libc-probe/.prefix/include/c++/v1/filesystem
-- Installing: /var/db/repos/Local/tools/llvm-libc-probe/.prefix/include/c++/v1/flat_map
-- Installing: /var/db/repos/Local/tools/llvm-libc-probe/.prefix/include/c++/v1/flat_set
-- Installing: /var/db/repos/Local/tools/llvm-libc-probe/.prefix/include/c++/v1/float.h
-- Installing: /var/db/repos/Local/tools/llvm-libc-probe/.prefix/include/c++/v1/format
-- Installing: /var/db/repos/Local/tools/llvm-libc-probe/.prefix/include/c++/v1/forward_list
-- Installing: /var/db/repos/Local/tools/llvm-libc-probe/.prefix/include/c++/v1/fstream
-- Installing: /var/db/repos/Local/tools/llvm-libc-probe/.prefix/include/c++/v1/functional
-- Installing: /var/db/repos/Local/tools/llvm-libc-probe/.prefix/include/c++/v1/future
-- Installing: /var/db/repos/Local/tools/llvm-libc-probe/.prefix/include/c++/v1/initializer_list
-- Installing: /var/db/repos/Local/tools/llvm-libc-probe/.prefix/include/c++/v1/inttypes.h
-- Installing: /var/db/repos/Local/tools/llvm-libc-probe/.prefix/include/c++/v1/iomanip
-- Installing: /var/db/repos/Local/tools/llvm-libc-probe/.prefix/include/c++/v1/ios
-- Installing: /var/db/repos/Local/tools/llvm-libc-probe/.prefix/include/c++/v1/iosfwd
-- Installing: /var/db/repos/Local/tools/llvm-libc-probe/.prefix/include/c++/v1/iostream
-- Installing: /var/db/repos/Local/tools/llvm-libc-probe/.prefix/include/c++/v1/istream
-- Installing: /var/db/repos/Local/tools/llvm-libc-probe/.prefix/include/c++/v1/iterator
-- Installing: /var/db/repos/Local/tools/llvm-libc-probe/.prefix/include/c++/v1/latch
-- Installing: /var/db/repos/Local/tools/llvm-libc-probe/.prefix/include/c++/v1/limits
-- Installing: /var/db/repos/Local/tools/llvm-libc-probe/.prefix/include/c++/v1/list
-- Installing: /var/db/repos/Local/tools/llvm-libc-probe/.prefix/include/c++/v1/locale
-- Installing: /var/db/repos/Local/tools/llvm-libc-probe/.prefix/include/c++/v1/map
-- Installing: /var/db/repos/Local/tools/llvm-libc-probe/.prefix/include/c++/v1/math.h
-- Installing: /var/db/repos/Local/tools/llvm-libc-probe/.prefix/include/c++/v1/mdspan
-- Installing: /var/db/repos/Local/tools/llvm-libc-probe/.prefix/include/c++/v1/memory
-- Installing: /var/db/repos/Local/tools/llvm-libc-probe/.prefix/include/c++/v1/memory_resource
-- Installing: /var/db/repos/Local/tools/llvm-libc-probe/.prefix/include/c++/v1/mutex
-- Installing: /var/db/repos/Local/tools/llvm-libc-probe/.prefix/include/c++/v1/new
-- Installing: /var/db/repos/Local/tools/llvm-libc-probe/.prefix/include/c++/v1/numbers
-- Installing: /var/db/repos/Local/tools/llvm-libc-probe/.prefix/include/c++/v1/numeric
-- Installing: /var/db/repos/Local/tools/llvm-libc-probe/.prefix/include/c++/v1/optional
-- Installing: /var/db/repos/Local/tools/llvm-libc-probe/.prefix/include/c++/v1/ostream
-- Installing: /var/db/repos/Local/tools/llvm-libc-probe/.prefix/include/c++/v1/print
-- Installing: /var/db/repos/Local/tools/llvm-libc-probe/.prefix/include/c++/v1/queue
-- Installing: /var/db/repos/Local/tools/llvm-libc-probe/.prefix/include/c++/v1/random
-- Installing: /var/db/repos/Local/tools/llvm-libc-probe/.prefix/include/c++/v1/ranges
-- Installing: /var/db/repos/Local/tools/llvm-libc-probe/.prefix/include/c++/v1/ratio
-- Installing: /var/db/repos/Local/tools/llvm-libc-probe/.prefix/include/c++/v1/regex
-- Installing: /var/db/repos/Local/tools/llvm-libc-probe/.prefix/include/c++/v1/scoped_allocator
-- Installing: /var/db/repos/Local/tools/llvm-libc-probe/.prefix/include/c++/v1/semaphore
-- Installing: /var/db/repos/Local/tools/llvm-libc-probe/.prefix/include/c++/v1/set
-- Installing: /var/db/repos/Local/tools/llvm-libc-probe/.prefix/include/c++/v1/shared_mutex
-- Installing: /var/db/repos/Local/tools/llvm-libc-probe/.prefix/include/c++/v1/source_location
-- Installing: /var/db/repos/Local/tools/llvm-libc-probe/.prefix/include/c++/v1/span
-- Installing: /var/db/repos/Local/tools/llvm-libc-probe/.prefix/include/c++/v1/sstream
-- Installing: /var/db/repos/Local/tools/llvm-libc-probe/.prefix/include/c++/v1/stack
-- Installing: /var/db/repos/Local/tools/llvm-libc-probe/.prefix/include/c++/v1/stdatomic.h
-- Installing: /var/db/repos/Local/tools/llvm-libc-probe/.prefix/include/c++/v1/stddef.h
-- Installing: /var/db/repos/Local/tools/llvm-libc-probe/.prefix/include/c++/v1/stdexcept
-- Installing: /var/db/repos/Local/tools/llvm-libc-probe/.prefix/include/c++/v1/stdio.h
-- Installing: /var/db/repos/Local/tools/llvm-libc-probe/.prefix/include/c++/v1/stdlib.h
-- Installing: /var/db/repos/Local/tools/llvm-libc-probe/.prefix/include/c++/v1/stop_token
-- Installing: /var/db/repos/Local/tools/llvm-libc-probe/.prefix/include/c++/v1/streambuf
-- Installing: /var/db/repos/Local/tools/llvm-libc-probe/.prefix/include/c++/v1/string
-- Installing: /var/db/repos/Local/tools/llvm-libc-probe/.prefix/include/c++/v1/string.h
-- Installing: /var/db/repos/Local/tools/llvm-libc-probe/.prefix/include/c++/v1/string_view
-- Installing: /var/db/repos/Local/tools/llvm-libc-probe/.prefix/include/c++/v1/strstream
-- Installing: /var/db/repos/Local/tools/llvm-libc-probe/.prefix/include/c++/v1/syncstream
-- Installing: /var/db/repos/Local/tools/llvm-libc-probe/.prefix/include/c++/v1/system_error
-- Installing: /var/db/repos/Local/tools/llvm-libc-probe/.prefix/include/c++/v1/tgmath.h
-- Installing: /var/db/repos/Local/tools/llvm-libc-probe/.prefix/include/c++/v1/thread
-- Installing: /var/db/repos/Local/tools/llvm-libc-probe/.prefix/include/c++/v1/tuple
-- Installing: /var/db/repos/Local/tools/llvm-libc-probe/.prefix/include/c++/v1/type_traits
-- Installing: /var/db/repos/Local/tools/llvm-libc-probe/.prefix/include/c++/v1/typeindex
-- Installing: /var/db/repos/Local/tools/llvm-libc-probe/.prefix/include/c++/v1/typeinfo
-- Installing: /var/db/repos/Local/tools/llvm-libc-probe/.prefix/include/c++/v1/uchar.h
-- Installing: /var/db/repos/Local/tools/llvm-libc-probe/.prefix/include/c++/v1/unordered_map
-- Installing: /var/db/repos/Local/tools/llvm-libc-probe/.prefix/include/c++/v1/unordered_set
-- Installing: /var/db/repos/Local/tools/llvm-libc-probe/.prefix/include/c++/v1/utility
-- Installing: /var/db/repos/Local/tools/llvm-libc-probe/.prefix/include/c++/v1/valarray
-- Installing: /var/db/repos/Local/tools/llvm-libc-probe/.prefix/include/c++/v1/variant
-- Installing: /var/db/repos/Local/tools/llvm-libc-probe/.prefix/include/c++/v1/vector
-- Installing: /var/db/repos/Local/tools/llvm-libc-probe/.prefix/include/c++/v1/version
-- Installing: /var/db/repos/Local/tools/llvm-libc-probe/.prefix/include/c++/v1/wchar.h
-- Installing: /var/db/repos/Local/tools/llvm-libc-probe/.prefix/include/c++/v1/wctype.h
-- Installing: /var/db/repos/Local/tools/llvm-libc-probe/.prefix/include/c++/v1/__cxx03/__algorithm/adjacent_find.h
-- Installing: /var/db/repos/Local/tools/llvm-libc-probe/.prefix/include/c++/v1/__cxx03/__algorithm/all_of.h
-- Installing: /var/db/repos/Local/tools/llvm-libc-probe/.prefix/include/c++/v1/__cxx03/__algorithm/any_of.h
-- Installing: /var/db/repos/Local/tools/llvm-libc-probe/.prefix/include/c++/v1/__cxx03/__algorithm/binary_search.h
-- Installing: /var/db/repos/Local/tools/llvm-libc-probe/.prefix/include/c++/v1/__cxx03/__algorithm/comp.h
-- Installing: /var/db/repos/Local/tools/llvm-libc-probe/.prefix/include/c++/v1/__cxx03/__algorithm/comp_ref_type.h
-- Installing: /var/db/repos/Local/tools/llvm-libc-probe/.prefix/include/c++/v1/__cxx03/__algorithm/copy.h
-- Installing: /var/db/repos/Local/tools/llvm-libc-probe/.prefix/include/c++/v1/__cxx03/__algorithm/copy_backward.h
-- Installing: /var/db/repos/Local/tools/llvm-libc-probe/.prefix/include/c++/v1/__cxx03/__algorithm/copy_if.h
-- Installing: /var/db/repos/Local/tools/llvm-libc-probe/.prefix/include/c++/v1/__cxx03/__algorithm/copy_move_common.h
-- Installing: /var/db/repos/Local/tools/llvm-libc-probe/.prefix/include/c++/v1/__cxx03/__algorithm/copy_n.h
-- Installing: /var/db/repos/Local/tools/llvm-libc-probe/.prefix/include/c++/v1/__cxx03/__algorithm/count.h
-- Installing: /var/db/repos/Local/tools/llvm-libc-probe/.prefix/include/c++/v1/__cxx03/__algorithm/count_if.h
-- Installing: /var/db/repos/Local/tools/llvm-libc-probe/.prefix/include/c++/v1/__cxx03/__algorithm/equal.h
-- Installing: /var/db/repos/Local/tools/llvm-libc-probe/.prefix/include/c++/v1/__cxx03/__algorithm/equal_range.h
-- Installing: /var/db/repos/Local/tools/llvm-libc-probe/.prefix/include/c++/v1/__cxx03/__algorithm/fill.h
-- Installing: /var/db/repos/Local/tools/llvm-libc-probe/.prefix/include/c++/v1/__cxx03/__algorithm/fill_n.h
-- Installing: /var/db/repos/Local/tools/llvm-libc-probe/.prefix/include/c++/v1/__cxx03/__algorithm/find.h
-- Installing: /var/db/repos/Local/tools/llvm-libc-probe/.prefix/include/c++/v1/__cxx03/__algorithm/find_end.h
-- Installing: /var/db/repos/Local/tools/llvm-libc-probe/.prefix/include/c++/v1/__cxx03/__algorithm/find_first_of.h
-- Installing: /var/db/repos/Local/tools/llvm-libc-probe/.prefix/include/c++/v1/__cxx03/__algorithm/find_if.h
-- Installing: /var/db/repos/Local/tools/llvm-libc-probe/.prefix/include/c++/v1/__cxx03/__algorithm/find_if_not.h
-- Installing: /var/db/repos/Local/tools/llvm-libc-probe/.prefix/include/c++/v1/__cxx03/__algorithm/find_segment_if.h
-- Installing: /var/db/repos/Local/tools/llvm-libc-probe/.prefix/include/c++/v1/__cxx03/__algorithm/for_each.h
-- Installing: /var/db/repos/Local/tools/llvm-libc-probe/.prefix/include/c++/v1/__cxx03/__algorithm/for_each_segment.h
-- Installing: /var/db/repos/Local/tools/llvm-libc-probe/.prefix/include/c++/v1/__cxx03/__algorithm/generate.h
-- Installing: /var/db/repos/Local/tools/llvm-libc-probe/.prefix/include/c++/v1/__cxx03/__algorithm/generate_n.h
-- Installing: /var/db/repos/Local/tools/llvm-libc-probe/.prefix/include/c++/v1/__cxx03/__algorithm/half_positive.h
-- Installing: /var/db/repos/Local/tools/llvm-libc-probe/.prefix/include/c++/v1/__cxx03/__algorithm/includes.h
-- Installing: /var/db/repos/Local/tools/llvm-libc-probe/.prefix/include/c++/v1/__cxx03/__algorithm/inplace_merge.h
-- Installing: /var/db/repos/Local/tools/llvm-libc-probe/.prefix/include/c++/v1/__cxx03/__algorithm/is_heap.h
-- Installing: /var/db/repos/Local/tools/llvm-libc-probe/.prefix/include/c++/v1/__cxx03/__algorithm/is_heap_until.h
-- Installing: /var/db/repos/Local/tools/llvm-libc-probe/.prefix/include/c++/v1/__cxx03/__algorithm/is_partitioned.h
-- Installing: /var/db/repos/Local/tools/llvm-libc-probe/.prefix/include/c++/v1/__cxx03/__algorithm/is_permutation.h
-- Installing: /var/db/repos/Local/tools/llvm-libc-probe/.prefix/include/c++/v1/__cxx03/__algorithm/is_sorted.h
-- Installing: /var/db/repos/Local/tools/llvm-libc-probe/.prefix/include/c++/v1/__cxx03/__algorithm/is_sorted_until.h
-- Installing: /var/db/repos/Local/tools/llvm-libc-probe/.prefix/include/c++/v1/__cxx03/__algorithm/iter_swap.h
-- Installing: /var/db/repos/Local/tools/llvm-libc-probe/.prefix/include/c++/v1/__cxx03/__algorithm/iterator_operations.h
-- Installing: /var/db/repos/Local/tools/llvm-libc-probe/.prefix/include/c++/v1/__cxx03/__algorithm/lexicographical_compare.h
-- Installing: /var/db/repos/Local/tools/llvm-libc-probe/.prefix/include/c++/v1/__cxx03/__algorithm/lower_bound.h
-- Installing: /var/db/repos/Local/tools/llvm-libc-probe/.prefix/include/c++/v1/__cxx03/__algorithm/make_heap.h
-- Installing: /var/db/repos/Local/tools/llvm-libc-probe/.prefix/include/c++/v1/__cxx03/__algorithm/make_projected.h
-- Installing: /var/db/repos/Local/tools/llvm-libc-probe/.prefix/include/c++/v1/__cxx03/__algorithm/max.h
-- Installing: /var/db/repos/Local/tools/llvm-libc-probe/.prefix/include/c++/v1/__cxx03/__algorithm/max_element.h
-- Installing: /var/db/repos/Local/tools/llvm-libc-probe/.prefix/include/c++/v1/__cxx03/__algorithm/merge.h
-- Installing: /var/db/repos/Local/tools/llvm-libc-probe/.prefix/include/c++/v1/__cxx03/__algorithm/min.h
-- Installing: /var/db/repos/Local/tools/llvm-libc-probe/.prefix/include/c++/v1/__cxx03/__algorithm/min_element.h
-- Installing: /var/db/repos/Local/tools/llvm-libc-probe/.prefix/include/c++/v1/__cxx03/__algorithm/minmax.h
-- Installing: /var/db/repos/Local/tools/llvm-libc-probe/.prefix/include/c++/v1/__cxx03/__algorithm/minmax_element.h
-- Installing: /var/db/repos/Local/tools/llvm-libc-probe/.prefix/include/c++/v1/__cxx03/__algorithm/mismatch.h
-- Installing: /var/db/repos/Local/tools/llvm-libc-probe/.prefix/include/c++/v1/__cxx03/__algorithm/move.h
-- Installing: /var/db/repos/Local/tools/llvm-libc-probe/.prefix/include/c++/v1/__cxx03/__algorithm/move_backward.h
-- Installing: /var/db/repos/Local/tools/llvm-libc-probe/.prefix/include/c++/v1/__cxx03/__algorithm/next_permutation.h
-- Installing: /var/db/repos/Local/tools/llvm-libc-probe/.prefix/include/c++/v1/__cxx03/__algorithm/none_of.h
-- Installing: /var/db/repos/Local/tools/llvm-libc-probe/.prefix/include/c++/v1/__cxx03/__algorithm/nth_element.h
-- Installing: /var/db/repos/Local/tools/llvm-libc-probe/.prefix/include/c++/v1/__cxx03/__algorithm/partial_sort.h
-- Installing: /var/db/repos/Local/tools/llvm-libc-probe/.prefix/include/c++/v1/__cxx03/__algorithm/partial_sort_copy.h
-- Installing: /var/db/repos/Local/tools/llvm-libc-probe/.prefix/include/c++/v1/__cxx03/__algorithm/partition.h
-- Installing: /var/db/repos/Local/tools/llvm-libc-probe/.prefix/include/c++/v1/__cxx03/__algorithm/partition_copy.h
-- Installing: /var/db/repos/Local/tools/llvm-libc-probe/.prefix/include/c++/v1/__cxx03/__algorithm/partition_point.h
-- Installing: /var/db/repos/Local/tools/llvm-libc-probe/.prefix/include/c++/v1/__cxx03/__algorithm/pop_heap.h
-- Installing: /var/db/repos/Local/tools/llvm-libc-probe/.prefix/include/c++/v1/__cxx03/__algorithm/prev_permutation.h
-- Installing: /var/db/repos/Local/tools/llvm-libc-probe/.prefix/include/c++/v1/__cxx03/__algorithm/push_heap.h
-- Installing: /var/db/repos/Local/tools/llvm-libc-probe/.prefix/include/c++/v1/__cxx03/__algorithm/remove.h
-- Installing: /var/db/repos/Local/tools/llvm-libc-probe/.prefix/include/c++/v1/__cxx03/__algorithm/remove_copy.h
-- Installing: /var/db/repos/Local/tools/llvm-libc-probe/.prefix/include/c++/v1/__cxx03/__algorithm/remove_copy_if.h
-- Installing: /var/db/repos/Local/tools/llvm-libc-probe/.prefix/include/c++/v1/__cxx03/__algorithm/remove_if.h
-- Installing: /var/db/repos/Local/tools/llvm-libc-probe/.prefix/include/c++/v1/__cxx03/__algorithm/replace.h
-- Installing: /var/db/repos/Local/tools/llvm-libc-probe/.prefix/include/c++/v1/__cxx03/__algorithm/replace_copy.h
-- Installing: /var/db/repos/Local/tools/llvm-libc-probe/.prefix/include/c++/v1/__cxx03/__algorithm/replace_copy_if.h
-- Installing: /var/db/repos/Local/tools/llvm-libc-probe/.prefix/include/c++/v1/__cxx03/__algorithm/replace_if.h
-- Installing: /var/db/repos/Local/tools/llvm-libc-probe/.prefix/include/c++/v1/__cxx03/__algorithm/reverse.h
-- Installing: /var/db/repos/Local/tools/llvm-libc-probe/.prefix/include/c++/v1/__cxx03/__algorithm/reverse_copy.h
-- Installing: /var/db/repos/Local/tools/llvm-libc-probe/.prefix/include/c++/v1/__cxx03/__algorithm/rotate.h
-- Installing: /var/db/repos/Local/tools/llvm-libc-probe/.prefix/include/c++/v1/__cxx03/__algorithm/rotate_copy.h
-- Installing: /var/db/repos/Local/tools/llvm-libc-probe/.prefix/include/c++/v1/__cxx03/__algorithm/search.h
-- Installing: /var/db/repos/Local/tools/llvm-libc-probe/.prefix/include/c++/v1/__cxx03/__algorithm/search_n.h
-- Installing: /var/db/repos/Local/tools/llvm-libc-probe/.prefix/include/c++/v1/__cxx03/__algorithm/set_difference.h
-- Installing: /var/db/repos/Local/tools/llvm-libc-probe/.prefix/include/c++/v1/__cxx03/__algorithm/set_intersection.h
-- Installing: /var/db/repos/Local/tools/llvm-libc-probe/.prefix/include/c++/v1/__cxx03/__algorithm/set_symmetric_difference.h
-- Installing: /var/db/repos/Local/tools/llvm-libc-probe/.prefix/include/c++/v1/__cxx03/__algorithm/set_union.h
-- Installing: /var/db/repos/Local/tools/llvm-libc-probe/.prefix/include/c++/v1/__cxx03/__algorithm/shuffle.h
-- Installing: /var/db/repos/Local/tools/llvm-libc-probe/.prefix/include/c++/v1/__cxx03/__algorithm/sift_down.h
-- Installing: /var/db/repos/Local/tools/llvm-libc-probe/.prefix/include/c++/v1/__cxx03/__algorithm/simd_utils.h
-- Installing: /var/db/repos/Local/tools/llvm-libc-probe/.prefix/include/c++/v1/__cxx03/__algorithm/sort.h
-- Installing: /var/db/repos/Local/tools/llvm-libc-probe/.prefix/include/c++/v1/__cxx03/__algorithm/sort_heap.h
-- Installing: /var/db/repos/Local/tools/llvm-libc-probe/.prefix/include/c++/v1/__cxx03/__algorithm/stable_partition.h
-- Installing: /var/db/repos/Local/tools/llvm-libc-probe/.prefix/include/c++/v1/__cxx03/__algorithm/stable_sort.h
-- Installing: /var/db/repos/Local/tools/llvm-libc-probe/.prefix/include/c++/v1/__cxx03/__algorithm/swap_ranges.h
-- Installing: /var/db/repos/Local/tools/llvm-libc-probe/.prefix/include/c++/v1/__cxx03/__algorithm/three_way_comp_ref_type.h
-- Installing: /var/db/repos/Local/tools/llvm-libc-probe/.prefix/include/c++/v1/__cxx03/__algorithm/transform.h
-- Installing: /var/db/repos/Local/tools/llvm-libc-probe/.prefix/include/c++/v1/__cxx03/__algorithm/uniform_random_bit_generator_adaptor.h
-- Installing: /var/db/repos/Local/tools/llvm-libc-probe/.prefix/include/c++/v1/__cxx03/__algorithm/unique.h
-- Installing: /var/db/repos/Local/tools/llvm-libc-probe/.prefix/include/c++/v1/__cxx03/__algorithm/unique_copy.h
-- Installing: /var/db/repos/Local/tools/llvm-libc-probe/.prefix/include/c++/v1/__cxx03/__algorithm/unwrap_iter.h
-- Installing: /var/db/repos/Local/tools/llvm-libc-probe/.prefix/include/c++/v1/__cxx03/__algorithm/unwrap_range.h
-- Installing: /var/db/repos/Local/tools/llvm-libc-probe/.prefix/include/c++/v1/__cxx03/__algorithm/upper_bound.h
-- Installing: /var/db/repos/Local/tools/llvm-libc-probe/.prefix/include/c++/v1/__cxx03/__assert
-- Installing: /var/db/repos/Local/tools/llvm-libc-probe/.prefix/include/c++/v1/__cxx03/__atomic/aliases.h
-- Installing: /var/db/repos/Local/tools/llvm-libc-probe/.prefix/include/c++/v1/__cxx03/__atomic/atomic.h
-- Installing: /var/db/repos/Local/tools/llvm-libc-probe/.prefix/include/c++/v1/__cxx03/__atomic/atomic_base.h
-- Installing: /var/db/repos/Local/tools/llvm-libc-probe/.prefix/include/c++/v1/__cxx03/__atomic/atomic_flag.h
-- Installing: /var/db/repos/Local/tools/llvm-libc-probe/.prefix/include/c++/v1/__cxx03/__atomic/atomic_init.h
-- Installing: /var/db/repos/Local/tools/llvm-libc-probe/.prefix/include/c++/v1/__cxx03/__atomic/atomic_lock_free.h
-- Installing: /var/db/repos/Local/tools/llvm-libc-probe/.prefix/include/c++/v1/__cxx03/__atomic/atomic_sync.h
-- Installing: /var/db/repos/Local/tools/llvm-libc-probe/.prefix/include/c++/v1/__cxx03/__atomic/check_memory_order.h
-- Installing: /var/db/repos/Local/tools/llvm-libc-probe/.prefix/include/c++/v1/__cxx03/__atomic/contention_t.h
-- Installing: /var/db/repos/Local/tools/llvm-libc-probe/.prefix/include/c++/v1/__cxx03/__atomic/cxx_atomic_impl.h
-- Installing: /var/db/repos/Local/tools/llvm-libc-probe/.prefix/include/c++/v1/__cxx03/__atomic/fence.h
-- Installing: /var/db/repos/Local/tools/llvm-libc-probe/.prefix/include/c++/v1/__cxx03/__atomic/is_always_lock_free.h
-- Installing: /var/db/repos/Local/tools/llvm-libc-probe/.prefix/include/c++/v1/__cxx03/__atomic/kill_dependency.h
-- Installing: /var/db/repos/Local/tools/llvm-libc-probe/.prefix/include/c++/v1/__cxx03/__atomic/memory_order.h
-- Installing: /var/db/repos/Local/tools/llvm-libc-probe/.prefix/include/c++/v1/__cxx03/__atomic/to_gcc_order.h
-- Installing: /var/db/repos/Local/tools/llvm-libc-probe/.prefix/include/c++/v1/__cxx03/__bit/blsr.h
-- Installing: /var/db/repos/Local/tools/llvm-libc-probe/.prefix/include/c++/v1/__cxx03/__bit/countl.h
-- Installing: /var/db/repos/Local/tools/llvm-libc-probe/.prefix/include/c++/v1/__cxx03/__bit/countr.h
-- Installing: /var/db/repos/Local/tools/llvm-libc-probe/.prefix/include/c++/v1/__cxx03/__bit/invert_if.h
-- Installing: /var/db/repos/Local/tools/llvm-libc-probe/.prefix/include/c++/v1/__cxx03/__bit/popcount.h
-- Installing: /var/db/repos/Local/tools/llvm-libc-probe/.prefix/include/c++/v1/__cxx03/__bit/rotate.h
-- Installing: /var/db/repos/Local/tools/llvm-libc-probe/.prefix/include/c++/v1/__cxx03/__bit_reference
-- Installing: /var/db/repos/Local/tools/llvm-libc-probe/.prefix/include/c++/v1/__cxx03/__chrono/convert_to_timespec.h
-- Installing: /var/db/repos/Local/tools/llvm-libc-probe/.prefix/include/c++/v1/__cxx03/__chrono/duration.h
-- Installing: /var/db/repos/Local/tools/llvm-libc-probe/.prefix/include/c++/v1/__cxx03/__chrono/high_resolution_clock.h
-- Installing: /var/db/repos/Local/tools/llvm-libc-probe/.prefix/include/c++/v1/__cxx03/__chrono/steady_clock.h
-- Installing: /var/db/repos/Local/tools/llvm-libc-probe/.prefix/include/c++/v1/__cxx03/__chrono/system_clock.h
-- Installing: /var/db/repos/Local/tools/llvm-libc-probe/.prefix/include/c++/v1/__cxx03/__chrono/time_point.h
-- Installing: /var/db/repos/Local/tools/llvm-libc-probe/.prefix/include/c++/v1/__cxx03/__condition_variable/condition_variable.h
-- Installing: /var/db/repos/Local/tools/llvm-libc-probe/.prefix/include/c++/v1/__cxx03/__config
-- Installing: /var/db/repos/Local/tools/llvm-libc-probe/.prefix/include/c++/v1/__cxx03/__configuration/abi.h
-- Installing: /var/db/repos/Local/tools/llvm-libc-probe/.prefix/include/c++/v1/__cxx03/__configuration/availability.h
-- Installing: /var/db/repos/Local/tools/llvm-libc-probe/.prefix/include/c++/v1/__cxx03/__configuration/compiler.h
-- Installing: /var/db/repos/Local/tools/llvm-libc-probe/.prefix/include/c++/v1/__cxx03/__configuration/config_site_shim.h
-- Installing: /var/db/repos/Local/tools/llvm-libc-probe/.prefix/include/c++/v1/__cxx03/__configuration/language.h
-- Installing: /var/db/repos/Local/tools/llvm-libc-probe/.prefix/include/c++/v1/__cxx03/__configuration/platform.h
-- Installing: /var/db/repos/Local/tools/llvm-libc-probe/.prefix/include/c++/v1/__cxx03/__debug_utils/randomize_range.h
-- Installing: /var/db/repos/Local/tools/llvm-libc-probe/.prefix/include/c++/v1/__cxx03/__debug_utils/sanitizers.h
-- Installing: /var/db/repos/Local/tools/llvm-libc-probe/.prefix/include/c++/v1/__cxx03/__debug_utils/strict_weak_ordering_check.h
-- Installing: /var/db/repos/Local/tools/llvm-libc-probe/.prefix/include/c++/v1/__cxx03/__exception/exception.h
-- Installing: /var/db/repos/Local/tools/llvm-libc-probe/.prefix/include/c++/v1/__cxx03/__exception/exception_ptr.h
-- Installing: /var/db/repos/Local/tools/llvm-libc-probe/.prefix/include/c++/v1/__cxx03/__exception/nested_exception.h
-- Installing: /var/db/repos/Local/tools/llvm-libc-probe/.prefix/include/c++/v1/__cxx03/__exception/operations.h
-- Installing: /var/db/repos/Local/tools/llvm-libc-probe/.prefix/include/c++/v1/__cxx03/__exception/terminate.h
-- Installing: /var/db/repos/Local/tools/llvm-libc-probe/.prefix/include/c++/v1/__cxx03/__functional/binary_function.h
-- Installing: /var/db/repos/Local/tools/llvm-libc-probe/.prefix/include/c++/v1/__cxx03/__functional/binary_negate.h
-- Installing: /var/db/repos/Local/tools/llvm-libc-probe/.prefix/include/c++/v1/__cxx03/__functional/bind.h
-- Installing: /var/db/repos/Local/tools/llvm-libc-probe/.prefix/include/c++/v1/__cxx03/__functional/binder1st.h
-- Installing: /var/db/repos/Local/tools/llvm-libc-probe/.prefix/include/c++/v1/__cxx03/__functional/binder2nd.h
-- Installing: /var/db/repos/Local/tools/llvm-libc-probe/.prefix/include/c++/v1/__cxx03/__functional/hash.h
-- Installing: /var/db/repos/Local/tools/llvm-libc-probe/.prefix/include/c++/v1/__cxx03/__functional/identity.h
-- Installing: /var/db/repos/Local/tools/llvm-libc-probe/.prefix/include/c++/v1/__cxx03/__functional/mem_fn.h
-- Installing: /var/db/repos/Local/tools/llvm-libc-probe/.prefix/include/c++/v1/__cxx03/__functional/mem_fun_ref.h
-- Installing: /var/db/repos/Local/tools/llvm-libc-probe/.prefix/include/c++/v1/__cxx03/__functional/operations.h
-- Installing: /var/db/repos/Local/tools/llvm-libc-probe/.prefix/include/c++/v1/__cxx03/__functional/pointer_to_binary_function.h
-- Installing: /var/db/repos/Local/tools/llvm-libc-probe/.prefix/include/c++/v1/__cxx03/__functional/pointer_to_unary_function.h
-- Installing: /var/db/repos/Local/tools/llvm-libc-probe/.prefix/include/c++/v1/__cxx03/__functional/reference_wrapper.h
-- Installing: /var/db/repos/Local/tools/llvm-libc-probe/.prefix/include/c++/v1/__cxx03/__functional/unary_function.h
-- Installing: /var/db/repos/Local/tools/llvm-libc-probe/.prefix/include/c++/v1/__cxx03/__functional/unary_negate.h
-- Installing: /var/db/repos/Local/tools/llvm-libc-probe/.prefix/include/c++/v1/__cxx03/__functional/weak_result_type.h
-- Installing: /var/db/repos/Local/tools/llvm-libc-probe/.prefix/include/c++/v1/__cxx03/__fwd/array.h
-- Installing: /var/db/repos/Local/tools/llvm-libc-probe/.prefix/include/c++/v1/__cxx03/__fwd/bit_reference.h
-- Installing: /var/db/repos/Local/tools/llvm-libc-probe/.prefix/include/c++/v1/__cxx03/__fwd/complex.h
-- Installing: /var/db/repos/Local/tools/llvm-libc-probe/.prefix/include/c++/v1/__cxx03/__fwd/deque.h
-- Installing: /var/db/repos/Local/tools/llvm-libc-probe/.prefix/include/c++/v1/__cxx03/__fwd/fstream.h
-- Installing: /var/db/repos/Local/tools/llvm-libc-probe/.prefix/include/c++/v1/__cxx03/__fwd/functional.h
-- Installing: /var/db/repos/Local/tools/llvm-libc-probe/.prefix/include/c++/v1/__cxx03/__fwd/ios.h
-- Installing: /var/db/repos/Local/tools/llvm-libc-probe/.prefix/include/c++/v1/__cxx03/__fwd/istream.h
-- Installing: /var/db/repos/Local/tools/llvm-libc-probe/.prefix/include/c++/v1/__cxx03/__fwd/memory.h
-- Installing: /var/db/repos/Local/tools/llvm-libc-probe/.prefix/include/c++/v1/__cxx03/__fwd/ostream.h
-- Installing: /var/db/repos/Local/tools/llvm-libc-probe/.prefix/include/c++/v1/__cxx03/__fwd/pair.h
-- Installing: /var/db/repos/Local/tools/llvm-libc-probe/.prefix/include/c++/v1/__cxx03/__fwd/queue.h
-- Installing: /var/db/repos/Local/tools/llvm-libc-probe/.prefix/include/c++/v1/__cxx03/__fwd/sstream.h
-- Installing: /var/db/repos/Local/tools/llvm-libc-probe/.prefix/include/c++/v1/__cxx03/__fwd/stack.h
-- Installing: /var/db/repos/Local/tools/llvm-libc-probe/.prefix/include/c++/v1/__cxx03/__fwd/streambuf.h
-- Installing: /var/db/repos/Local/tools/llvm-libc-probe/.prefix/include/c++/v1/__cxx03/__fwd/string.h
-- Installing: /var/db/repos/Local/tools/llvm-libc-probe/.prefix/include/c++/v1/__cxx03/__fwd/string_view.h
-- Installing: /var/db/repos/Local/tools/llvm-libc-probe/.prefix/include/c++/v1/__cxx03/__fwd/tuple.h
-- Installing: /var/db/repos/Local/tools/llvm-libc-probe/.prefix/include/c++/v1/__cxx03/__fwd/vector.h
-- Installing: /var/db/repos/Local/tools/llvm-libc-probe/.prefix/include/c++/v1/__cxx03/__hash_table
-- Installing: /var/db/repos/Local/tools/llvm-libc-probe/.prefix/include/c++/v1/__cxx03/__ios/fpos.h
-- Installing: /var/db/repos/Local/tools/llvm-libc-probe/.prefix/include/c++/v1/__cxx03/__iterator/access.h
-- Installing: /var/db/repos/Local/tools/llvm-libc-probe/.prefix/include/c++/v1/__cxx03/__iterator/advance.h
-- Installing: /var/db/repos/Local/tools/llvm-libc-probe/.prefix/include/c++/v1/__cxx03/__iterator/aliasing_iterator.h
-- Installing: /var/db/repos/Local/tools/llvm-libc-probe/.prefix/include/c++/v1/__cxx03/__iterator/back_insert_iterator.h
-- Installing: /var/db/repos/Local/tools/llvm-libc-probe/.prefix/include/c++/v1/__cxx03/__iterator/bounded_iter.h
-- Installing: /var/db/repos/Local/tools/llvm-libc-probe/.prefix/include/c++/v1/__cxx03/__iterator/distance.h
-- Installing: /var/db/repos/Local/tools/llvm-libc-probe/.prefix/include/c++/v1/__cxx03/__iterator/erase_if_container.h
-- Installing: /var/db/repos/Local/tools/llvm-libc-probe/.prefix/include/c++/v1/__cxx03/__iterator/front_insert_iterator.h
-- Installing: /var/db/repos/Local/tools/llvm-libc-probe/.prefix/include/c++/v1/__cxx03/__iterator/insert_iterator.h
-- Installing: /var/db/repos/Local/tools/llvm-libc-probe/.prefix/include/c++/v1/__cxx03/__iterator/istream_iterator.h
-- Installing: /var/db/repos/Local/tools/llvm-libc-probe/.prefix/include/c++/v1/__cxx03/__iterator/istreambuf_iterator.h
-- Installing: /var/db/repos/Local/tools/llvm-libc-probe/.prefix/include/c++/v1/__cxx03/__iterator/iterator.h
-- Installing: /var/db/repos/Local/tools/llvm-libc-probe/.prefix/include/c++/v1/__cxx03/__iterator/iterator_traits.h
-- Installing: /var/db/repos/Local/tools/llvm-libc-probe/.prefix/include/c++/v1/__cxx03/__iterator/move_iterator.h
-- Installing: /var/db/repos/Local/tools/llvm-libc-probe/.prefix/include/c++/v1/__cxx03/__iterator/next.h
-- Installing: /var/db/repos/Local/tools/llvm-libc-probe/.prefix/include/c++/v1/__cxx03/__iterator/ostream_iterator.h
-- Installing: /var/db/repos/Local/tools/llvm-libc-probe/.prefix/include/c++/v1/__cxx03/__iterator/ostreambuf_iterator.h
-- Installing: /var/db/repos/Local/tools/llvm-libc-probe/.prefix/include/c++/v1/__cxx03/__iterator/prev.h
-- Installing: /var/db/repos/Local/tools/llvm-libc-probe/.prefix/include/c++/v1/__cxx03/__iterator/reverse_iterator.h
-- Installing: /var/db/repos/Local/tools/llvm-libc-probe/.prefix/include/c++/v1/__cxx03/__iterator/segmented_iterator.h
-- Installing: /var/db/repos/Local/tools/llvm-libc-probe/.prefix/include/c++/v1/__cxx03/__iterator/wrap_iter.h
-- Installing: /var/db/repos/Local/tools/llvm-libc-probe/.prefix/include/c++/v1/__cxx03/__locale
-- Installing: /var/db/repos/Local/tools/llvm-libc-probe/.prefix/include/c++/v1/__cxx03/__locale_dir/locale_base_api.h
-- Installing: /var/db/repos/Local/tools/llvm-libc-probe/.prefix/include/c++/v1/__cxx03/__locale_dir/locale_base_api/android.h
-- Installing: /var/db/repos/Local/tools/llvm-libc-probe/.prefix/include/c++/v1/__cxx03/__locale_dir/locale_base_api/bsd_locale_defaults.h
-- Installing: /var/db/repos/Local/tools/llvm-libc-probe/.prefix/include/c++/v1/__cxx03/__locale_dir/locale_base_api/bsd_locale_fallbacks.h
-- Installing: /var/db/repos/Local/tools/llvm-libc-probe/.prefix/include/c++/v1/__cxx03/__locale_dir/locale_base_api/fuchsia.h
-- Installing: /var/db/repos/Local/tools/llvm-libc-probe/.prefix/include/c++/v1/__cxx03/__locale_dir/locale_base_api/ibm.h
-- Installing: /var/db/repos/Local/tools/llvm-libc-probe/.prefix/include/c++/v1/__cxx03/__locale_dir/locale_base_api/locale_guard.h
-- Installing: /var/db/repos/Local/tools/llvm-libc-probe/.prefix/include/c++/v1/__cxx03/__locale_dir/locale_base_api/musl.h
-- Installing: /var/db/repos/Local/tools/llvm-libc-probe/.prefix/include/c++/v1/__cxx03/__locale_dir/locale_base_api/newlib.h
-- Installing: /var/db/repos/Local/tools/llvm-libc-probe/.prefix/include/c++/v1/__cxx03/__locale_dir/locale_base_api/openbsd.h
-- Installing: /var/db/repos/Local/tools/llvm-libc-probe/.prefix/include/c++/v1/__cxx03/__locale_dir/locale_base_api/win32.h
-- Installing: /var/db/repos/Local/tools/llvm-libc-probe/.prefix/include/c++/v1/__cxx03/__math/abs.h
-- Installing: /var/db/repos/Local/tools/llvm-libc-probe/.prefix/include/c++/v1/__cxx03/__math/copysign.h
-- Installing: /var/db/repos/Local/tools/llvm-libc-probe/.prefix/include/c++/v1/__cxx03/__math/error_functions.h
-- Installing: /var/db/repos/Local/tools/llvm-libc-probe/.prefix/include/c++/v1/__cxx03/__math/exponential_functions.h
-- Installing: /var/db/repos/Local/tools/llvm-libc-probe/.prefix/include/c++/v1/__cxx03/__math/fdim.h
-- Installing: /var/db/repos/Local/tools/llvm-libc-probe/.prefix/include/c++/v1/__cxx03/__math/fma.h
-- Installing: /var/db/repos/Local/tools/llvm-libc-probe/.prefix/include/c++/v1/__cxx03/__math/gamma.h
-- Installing: /var/db/repos/Local/tools/llvm-libc-probe/.prefix/include/c++/v1/__cxx03/__math/hyperbolic_functions.h
-- Installing: /var/db/repos/Local/tools/llvm-libc-probe/.prefix/include/c++/v1/__cxx03/__math/hypot.h
-- Installing: /var/db/repos/Local/tools/llvm-libc-probe/.prefix/include/c++/v1/__cxx03/__math/inverse_hyperbolic_functions.h
-- Installing: /var/db/repos/Local/tools/llvm-libc-probe/.prefix/include/c++/v1/__cxx03/__math/inverse_trigonometric_functions.h
-- Installing: /var/db/repos/Local/tools/llvm-libc-probe/.prefix/include/c++/v1/__cxx03/__math/logarithms.h
-- Installing: /var/db/repos/Local/tools/llvm-libc-probe/.prefix/include/c++/v1/__cxx03/__math/min_max.h
-- Installing: /var/db/repos/Local/tools/llvm-libc-probe/.prefix/include/c++/v1/__cxx03/__math/modulo.h
-- Installing: /var/db/repos/Local/tools/llvm-libc-probe/.prefix/include/c++/v1/__cxx03/__math/remainder.h
-- Installing: /var/db/repos/Local/tools/llvm-libc-probe/.prefix/include/c++/v1/__cxx03/__math/roots.h
-- Installing: /var/db/repos/Local/tools/llvm-libc-probe/.prefix/include/c++/v1/__cxx03/__math/rounding_functions.h
-- Installing: /var/db/repos/Local/tools/llvm-libc-probe/.prefix/include/c++/v1/__cxx03/__math/traits.h
-- Installing: /var/db/repos/Local/tools/llvm-libc-probe/.prefix/include/c++/v1/__cxx03/__math/trigonometric_functions.h
-- Installing: /var/db/repos/Local/tools/llvm-libc-probe/.prefix/include/c++/v1/__cxx03/__mbstate_t.h
-- Installing: /var/db/repos/Local/tools/llvm-libc-probe/.prefix/include/c++/v1/__cxx03/__memory/addressof.h
-- Installing: /var/db/repos/Local/tools/llvm-libc-probe/.prefix/include/c++/v1/__cxx03/__memory/align.h
-- Installing: /var/db/repos/Local/tools/llvm-libc-probe/.prefix/include/c++/v1/__cxx03/__memory/aligned_alloc.h
-- Installing: /var/db/repos/Local/tools/llvm-libc-probe/.prefix/include/c++/v1/__cxx03/__memory/allocate_at_least.h
-- Installing: /var/db/repos/Local/tools/llvm-libc-probe/.prefix/include/c++/v1/__cxx03/__memory/allocation_guard.h
-- Installing: /var/db/repos/Local/tools/llvm-libc-probe/.prefix/include/c++/v1/__cxx03/__memory/allocator.h
-- Installing: /var/db/repos/Local/tools/llvm-libc-probe/.prefix/include/c++/v1/__cxx03/__memory/allocator_arg_t.h
-- Installing: /var/db/repos/Local/tools/llvm-libc-probe/.prefix/include/c++/v1/__cxx03/__memory/allocator_destructor.h
-- Installing: /var/db/repos/Local/tools/llvm-libc-probe/.prefix/include/c++/v1/__cxx03/__memory/allocator_traits.h
-- Installing: /var/db/repos/Local/tools/llvm-libc-probe/.prefix/include/c++/v1/__cxx03/__memory/assume_aligned.h
-- Installing: /var/db/repos/Local/tools/llvm-libc-probe/.prefix/include/c++/v1/__cxx03/__memory/auto_ptr.h
-- Installing: /var/db/repos/Local/tools/llvm-libc-probe/.prefix/include/c++/v1/__cxx03/__memory/builtin_new_allocator.h
-- Installing: /var/db/repos/Local/tools/llvm-libc-probe/.prefix/include/c++/v1/__cxx03/__memory/compressed_pair.h
-- Installing: /var/db/repos/Local/tools/llvm-libc-probe/.prefix/include/c++/v1/__cxx03/__memory/construct_at.h
-- Installing: /var/db/repos/Local/tools/llvm-libc-probe/.prefix/include/c++/v1/__cxx03/__memory/destruct_n.h
-- Installing: /var/db/repos/Local/tools/llvm-libc-probe/.prefix/include/c++/v1/__cxx03/__memory/pointer_traits.h
-- Installing: /var/db/repos/Local/tools/llvm-libc-probe/.prefix/include/c++/v1/__cxx03/__memory/raw_storage_iterator.h
-- Installing: /var/db/repos/Local/tools/llvm-libc-probe/.prefix/include/c++/v1/__cxx03/__memory/shared_ptr.h
-- Installing: /var/db/repos/Local/tools/llvm-libc-probe/.prefix/include/c++/v1/__cxx03/__memory/swap_allocator.h
-- Installing: /var/db/repos/Local/tools/llvm-libc-probe/.prefix/include/c++/v1/__cxx03/__memory/temp_value.h
-- Installing: /var/db/repos/Local/tools/llvm-libc-probe/.prefix/include/c++/v1/__cxx03/__memory/temporary_buffer.h
-- Installing: /var/db/repos/Local/tools/llvm-libc-probe/.prefix/include/c++/v1/__cxx03/__memory/uninitialized_algorithms.h
-- Installing: /var/db/repos/Local/tools/llvm-libc-probe/.prefix/include/c++/v1/__cxx03/__memory/unique_ptr.h
-- Installing: /var/db/repos/Local/tools/llvm-libc-probe/.prefix/include/c++/v1/__cxx03/__memory/uses_allocator.h
-- Installing: /var/db/repos/Local/tools/llvm-libc-probe/.prefix/include/c++/v1/__cxx03/__memory/voidify.h
-- Installing: /var/db/repos/Local/tools/llvm-libc-probe/.prefix/include/c++/v1/__cxx03/__mutex/lock_guard.h
-- Installing: /var/db/repos/Local/tools/llvm-libc-probe/.prefix/include/c++/v1/__cxx03/__mutex/mutex.h
-- Installing: /var/db/repos/Local/tools/llvm-libc-probe/.prefix/include/c++/v1/__cxx03/__mutex/once_flag.h
-- Installing: /var/db/repos/Local/tools/llvm-libc-probe/.prefix/include/c++/v1/__cxx03/__mutex/tag_types.h
-- Installing: /var/db/repos/Local/tools/llvm-libc-probe/.prefix/include/c++/v1/__cxx03/__mutex/unique_lock.h
-- Installing: /var/db/repos/Local/tools/llvm-libc-probe/.prefix/include/c++/v1/__cxx03/__numeric/accumulate.h
-- Installing: /var/db/repos/Local/tools/llvm-libc-probe/.prefix/include/c++/v1/__cxx03/__numeric/adjacent_difference.h
-- Installing: /var/db/repos/Local/tools/llvm-libc-probe/.prefix/include/c++/v1/__cxx03/__numeric/inner_product.h
-- Installing: /var/db/repos/Local/tools/llvm-libc-probe/.prefix/include/c++/v1/__cxx03/__numeric/iota.h
-- Installing: /var/db/repos/Local/tools/llvm-libc-probe/.prefix/include/c++/v1/__cxx03/__numeric/partial_sum.h
-- Installing: /var/db/repos/Local/tools/llvm-libc-probe/.prefix/include/c++/v1/__cxx03/__ostream/basic_ostream.h
-- Installing: /var/db/repos/Local/tools/llvm-libc-probe/.prefix/include/c++/v1/__cxx03/__random/bernoulli_distribution.h
-- Installing: /var/db/repos/Local/tools/llvm-libc-probe/.prefix/include/c++/v1/__cxx03/__random/binomial_distribution.h
-- Installing: /var/db/repos/Local/tools/llvm-libc-probe/.prefix/include/c++/v1/__cxx03/__random/cauchy_distribution.h
-- Installing: /var/db/repos/Local/tools/llvm-libc-probe/.prefix/include/c++/v1/__cxx03/__random/chi_squared_distribution.h
-- Installing: /var/db/repos/Local/tools/llvm-libc-probe/.prefix/include/c++/v1/__cxx03/__random/clamp_to_integral.h
-- Installing: /var/db/repos/Local/tools/llvm-libc-probe/.prefix/include/c++/v1/__cxx03/__random/default_random_engine.h
-- Installing: /var/db/repos/Local/tools/llvm-libc-probe/.prefix/include/c++/v1/__cxx03/__random/discard_block_engine.h
-- Installing: /var/db/repos/Local/tools/llvm-libc-probe/.prefix/include/c++/v1/__cxx03/__random/discrete_distribution.h
-- Installing: /var/db/repos/Local/tools/llvm-libc-probe/.prefix/include/c++/v1/__cxx03/__random/exponential_distribution.h
-- Installing: /var/db/repos/Local/tools/llvm-libc-probe/.prefix/include/c++/v1/__cxx03/__random/extreme_value_distribution.h
-- Installing: /var/db/repos/Local/tools/llvm-libc-probe/.prefix/include/c++/v1/__cxx03/__random/fisher_f_distribution.h
-- Installing: /var/db/repos/Local/tools/llvm-libc-probe/.prefix/include/c++/v1/__cxx03/__random/gamma_distribution.h
-- Installing: /var/db/repos/Local/tools/llvm-libc-probe/.prefix/include/c++/v1/__cxx03/__random/generate_canonical.h
-- Installing: /var/db/repos/Local/tools/llvm-libc-probe/.prefix/include/c++/v1/__cxx03/__random/geometric_distribution.h
-- Installing: /var/db/repos/Local/tools/llvm-libc-probe/.prefix/include/c++/v1/__cxx03/__random/independent_bits_engine.h
-- Installing: /var/db/repos/Local/tools/llvm-libc-probe/.prefix/include/c++/v1/__cxx03/__random/is_seed_sequence.h
-- Installing: /var/db/repos/Local/tools/llvm-libc-probe/.prefix/include/c++/v1/__cxx03/__random/is_valid.h
-- Installing: /var/db/repos/Local/tools/llvm-libc-probe/.prefix/include/c++/v1/__cxx03/__random/knuth_b.h
-- Installing: /var/db/repos/Local/tools/llvm-libc-probe/.prefix/include/c++/v1/__cxx03/__random/linear_congruential_engine.h
-- Installing: /var/db/repos/Local/tools/llvm-libc-probe/.prefix/include/c++/v1/__cxx03/__random/log2.h
-- Installing: /var/db/repos/Local/tools/llvm-libc-probe/.prefix/include/c++/v1/__cxx03/__random/lognormal_distribution.h
-- Installing: /var/db/repos/Local/tools/llvm-libc-probe/.prefix/include/c++/v1/__cxx03/__random/mersenne_twister_engine.h
-- Installing: /var/db/repos/Local/tools/llvm-libc-probe/.prefix/include/c++/v1/__cxx03/__random/negative_binomial_distribution.h
-- Installing: /var/db/repos/Local/tools/llvm-libc-probe/.prefix/include/c++/v1/__cxx03/__random/normal_distribution.h
-- Installing: /var/db/repos/Local/tools/llvm-libc-probe/.prefix/include/c++/v1/__cxx03/__random/piecewise_constant_distribution.h
-- Installing: /var/db/repos/Local/tools/llvm-libc-probe/.prefix/include/c++/v1/__cxx03/__random/piecewise_linear_distribution.h
-- Installing: /var/db/repos/Local/tools/llvm-libc-probe/.prefix/include/c++/v1/__cxx03/__random/poisson_distribution.h
-- Installing: /var/db/repos/Local/tools/llvm-libc-probe/.prefix/include/c++/v1/__cxx03/__random/random_device.h
-- Installing: /var/db/repos/Local/tools/llvm-libc-probe/.prefix/include/c++/v1/__cxx03/__random/ranlux.h
-- Installing: /var/db/repos/Local/tools/llvm-libc-probe/.prefix/include/c++/v1/__cxx03/__random/seed_seq.h
-- Installing: /var/db/repos/Local/tools/llvm-libc-probe/.prefix/include/c++/v1/__cxx03/__random/shuffle_order_engine.h
-- Installing: /var/db/repos/Local/tools/llvm-libc-probe/.prefix/include/c++/v1/__cxx03/__random/student_t_distribution.h
-- Installing: /var/db/repos/Local/tools/llvm-libc-probe/.prefix/include/c++/v1/__cxx03/__random/subtract_with_carry_engine.h
-- Installing: /var/db/repos/Local/tools/llvm-libc-probe/.prefix/include/c++/v1/__cxx03/__random/uniform_int_distribution.h
-- Installing: /var/db/repos/Local/tools/llvm-libc-probe/.prefix/include/c++/v1/__cxx03/__random/uniform_real_distribution.h
-- Installing: /var/db/repos/Local/tools/llvm-libc-probe/.prefix/include/c++/v1/__cxx03/__random/weibull_distribution.h
-- Installing: /var/db/repos/Local/tools/llvm-libc-probe/.prefix/include/c++/v1/__cxx03/__split_buffer
-- Installing: /var/db/repos/Local/tools/llvm-libc-probe/.prefix/include/c++/v1/__cxx03/__std_clang_module
-- Installing: /var/db/repos/Local/tools/llvm-libc-probe/.prefix/include/c++/v1/__cxx03/__std_mbstate_t.h
-- Installing: /var/db/repos/Local/tools/llvm-libc-probe/.prefix/include/c++/v1/__cxx03/__string/char_traits.h
-- Installing: /var/db/repos/Local/tools/llvm-libc-probe/.prefix/include/c++/v1/__cxx03/__string/constexpr_c_functions.h
-- Installing: /var/db/repos/Local/tools/llvm-libc-probe/.prefix/include/c++/v1/__cxx03/__string/extern_template_lists.h
-- Installing: /var/db/repos/Local/tools/llvm-libc-probe/.prefix/include/c++/v1/__cxx03/__support/ibm/gettod_zos.h
-- Installing: /var/db/repos/Local/tools/llvm-libc-probe/.prefix/include/c++/v1/__cxx03/__support/ibm/locale_mgmt_zos.h
-- Installing: /var/db/repos/Local/tools/llvm-libc-probe/.prefix/include/c++/v1/__cxx03/__support/ibm/nanosleep.h
-- Installing: /var/db/repos/Local/tools/llvm-libc-probe/.prefix/include/c++/v1/__cxx03/__support/xlocale/__nop_locale_mgmt.h
-- Installing: /var/db/repos/Local/tools/llvm-libc-probe/.prefix/include/c++/v1/__cxx03/__support/xlocale/__posix_l_fallback.h
-- Installing: /var/db/repos/Local/tools/llvm-libc-probe/.prefix/include/c++/v1/__cxx03/__support/xlocale/__strtonum_fallback.h
-- Installing: /var/db/repos/Local/tools/llvm-libc-probe/.prefix/include/c++/v1/__cxx03/__system_error/errc.h
-- Installing: /var/db/repos/Local/tools/llvm-libc-probe/.prefix/include/c++/v1/__cxx03/__system_error/error_category.h
-- Installing: /var/db/repos/Local/tools/llvm-libc-probe/.prefix/include/c++/v1/__cxx03/__system_error/error_code.h
-- Installing: /var/db/repos/Local/tools/llvm-libc-probe/.prefix/include/c++/v1/__cxx03/__system_error/error_condition.h
-- Installing: /var/db/repos/Local/tools/llvm-libc-probe/.prefix/include/c++/v1/__cxx03/__system_error/system_error.h
-- Installing: /var/db/repos/Local/tools/llvm-libc-probe/.prefix/include/c++/v1/__cxx03/__thread/id.h
-- Installing: /var/db/repos/Local/tools/llvm-libc-probe/.prefix/include/c++/v1/__cxx03/__thread/poll_with_backoff.h
-- Installing: /var/db/repos/Local/tools/llvm-libc-probe/.prefix/include/c++/v1/__cxx03/__thread/support.h
-- Installing: /var/db/repos/Local/tools/llvm-libc-probe/.prefix/include/c++/v1/__cxx03/__thread/support/c11.h
-- Installing: /var/db/repos/Local/tools/llvm-libc-probe/.prefix/include/c++/v1/__cxx03/__thread/support/external.h
-- Installing: /var/db/repos/Local/tools/llvm-libc-probe/.prefix/include/c++/v1/__cxx03/__thread/support/pthread.h
-- Installing: /var/db/repos/Local/tools/llvm-libc-probe/.prefix/include/c++/v1/__cxx03/__thread/support/windows.h
-- Installing: /var/db/repos/Local/tools/llvm-libc-probe/.prefix/include/c++/v1/__cxx03/__thread/this_thread.h
-- Installing: /var/db/repos/Local/tools/llvm-libc-probe/.prefix/include/c++/v1/__cxx03/__thread/thread.h
-- Installing: /var/db/repos/Local/tools/llvm-libc-probe/.prefix/include/c++/v1/__cxx03/__thread/timed_backoff_policy.h
-- Installing: /var/db/repos/Local/tools/llvm-libc-probe/.prefix/include/c++/v1/__cxx03/__tree
-- Installing: /var/db/repos/Local/tools/llvm-libc-probe/.prefix/include/c++/v1/__cxx03/__tuple/find_index.h
-- Installing: /var/db/repos/Local/tools/llvm-libc-probe/.prefix/include/c++/v1/__cxx03/__tuple/make_tuple_types.h
-- Installing: /var/db/repos/Local/tools/llvm-libc-probe/.prefix/include/c++/v1/__cxx03/__tuple/sfinae_helpers.h
-- Installing: /var/db/repos/Local/tools/llvm-libc-probe/.prefix/include/c++/v1/__cxx03/__tuple/tuple_element.h
-- Installing: /var/db/repos/Local/tools/llvm-libc-probe/.prefix/include/c++/v1/__cxx03/__tuple/tuple_indices.h
-- Installing: /var/db/repos/Local/tools/llvm-libc-probe/.prefix/include/c++/v1/__cxx03/__tuple/tuple_like.h
-- Installing: /var/db/repos/Local/tools/llvm-libc-probe/.prefix/include/c++/v1/__cxx03/__tuple/tuple_like_ext.h
-- Installing: /var/db/repos/Local/tools/llvm-libc-probe/.prefix/include/c++/v1/__cxx03/__tuple/tuple_like_no_subrange.h
-- Installing: /var/db/repos/Local/tools/llvm-libc-probe/.prefix/include/c++/v1/__cxx03/__tuple/tuple_size.h
-- Installing: /var/db/repos/Local/tools/llvm-libc-probe/.prefix/include/c++/v1/__cxx03/__tuple/tuple_types.h
-- Installing: /var/db/repos/Local/tools/llvm-libc-probe/.prefix/include/c++/v1/__cxx03/__type_traits/add_const.h
-- Installing: /var/db/repos/Local/tools/llvm-libc-probe/.prefix/include/c++/v1/__cxx03/__type_traits/add_cv.h
-- Installing: /var/db/repos/Local/tools/llvm-libc-probe/.prefix/include/c++/v1/__cxx03/__type_traits/add_lvalue_reference.h
-- Installing: /var/db/repos/Local/tools/llvm-libc-probe/.prefix/include/c++/v1/__cxx03/__type_traits/add_pointer.h
-- Installing: /var/db/repos/Local/tools/llvm-libc-probe/.prefix/include/c++/v1/__cxx03/__type_traits/add_rvalue_reference.h
-- Installing: /var/db/repos/Local/tools/llvm-libc-probe/.prefix/include/c++/v1/__cxx03/__type_traits/add_volatile.h
-- Installing: /var/db/repos/Local/tools/llvm-libc-probe/.prefix/include/c++/v1/__cxx03/__type_traits/aligned_storage.h
-- Installing: /var/db/repos/Local/tools/llvm-libc-probe/.prefix/include/c++/v1/__cxx03/__type_traits/aligned_union.h
-- Installing: /var/db/repos/Local/tools/llvm-libc-probe/.prefix/include/c++/v1/__cxx03/__type_traits/alignment_of.h
-- Installing: /var/db/repos/Local/tools/llvm-libc-probe/.prefix/include/c++/v1/__cxx03/__type_traits/can_extract_key.h
-- Installing: /var/db/repos/Local/tools/llvm-libc-probe/.prefix/include/c++/v1/__cxx03/__type_traits/common_type.h
-- Installing: /var/db/repos/Local/tools/llvm-libc-probe/.prefix/include/c++/v1/__cxx03/__type_traits/conditional.h
-- Installing: /var/db/repos/Local/tools/llvm-libc-probe/.prefix/include/c++/v1/__cxx03/__type_traits/conjunction.h
-- Installing: /var/db/repos/Local/tools/llvm-libc-probe/.prefix/include/c++/v1/__cxx03/__type_traits/copy_cv.h
-- Installing: /var/db/repos/Local/tools/llvm-libc-probe/.prefix/include/c++/v1/__cxx03/__type_traits/copy_cvref.h
-- Installing: /var/db/repos/Local/tools/llvm-libc-probe/.prefix/include/c++/v1/__cxx03/__type_traits/datasizeof.h
-- Installing: /var/db/repos/Local/tools/llvm-libc-probe/.prefix/include/c++/v1/__cxx03/__type_traits/decay.h
-- Installing: /var/db/repos/Local/tools/llvm-libc-probe/.prefix/include/c++/v1/__cxx03/__type_traits/dependent_type.h
-- Installing: /var/db/repos/Local/tools/llvm-libc-probe/.prefix/include/c++/v1/__cxx03/__type_traits/desugars_to.h
-- Installing: /var/db/repos/Local/tools/llvm-libc-probe/.prefix/include/c++/v1/__cxx03/__type_traits/disjunction.h
-- Installing: /var/db/repos/Local/tools/llvm-libc-probe/.prefix/include/c++/v1/__cxx03/__type_traits/enable_if.h
-- Installing: /var/db/repos/Local/tools/llvm-libc-probe/.prefix/include/c++/v1/__cxx03/__type_traits/extent.h
-- Installing: /var/db/repos/Local/tools/llvm-libc-probe/.prefix/include/c++/v1/__cxx03/__type_traits/has_virtual_destructor.h
-- Installing: /var/db/repos/Local/tools/llvm-libc-probe/.prefix/include/c++/v1/__cxx03/__type_traits/integral_constant.h
-- Installing: /var/db/repos/Local/tools/llvm-libc-probe/.prefix/include/c++/v1/__cxx03/__type_traits/invoke.h
-- Installing: /var/db/repos/Local/tools/llvm-libc-probe/.prefix/include/c++/v1/__cxx03/__type_traits/is_abstract.h
-- Installing: /var/db/repos/Local/tools/llvm-libc-probe/.prefix/include/c++/v1/__cxx03/__type_traits/is_allocator.h
-- Installing: /var/db/repos/Local/tools/llvm-libc-probe/.prefix/include/c++/v1/__cxx03/__type_traits/is_always_bitcastable.h
-- Installing: /var/db/repos/Local/tools/llvm-libc-probe/.prefix/include/c++/v1/__cxx03/__type_traits/is_arithmetic.h
-- Installing: /var/db/repos/Local/tools/llvm-libc-probe/.prefix/include/c++/v1/__cxx03/__type_traits/is_array.h
-- Installing: /var/db/repos/Local/tools/llvm-libc-probe/.prefix/include/c++/v1/__cxx03/__type_traits/is_assignable.h
-- Installing: /var/db/repos/Local/tools/llvm-libc-probe/.prefix/include/c++/v1/__cxx03/__type_traits/is_base_of.h
-- Installing: /var/db/repos/Local/tools/llvm-libc-probe/.prefix/include/c++/v1/__cxx03/__type_traits/is_bounded_array.h
-- Installing: /var/db/repos/Local/tools/llvm-libc-probe/.prefix/include/c++/v1/__cxx03/__type_traits/is_callable.h
-- Installing: /var/db/repos/Local/tools/llvm-libc-probe/.prefix/include/c++/v1/__cxx03/__type_traits/is_char_like_type.h
-- Installing: /var/db/repos/Local/tools/llvm-libc-probe/.prefix/include/c++/v1/__cxx03/__type_traits/is_class.h
-- Installing: /var/db/repos/Local/tools/llvm-libc-probe/.prefix/include/c++/v1/__cxx03/__type_traits/is_compound.h
-- Installing: /var/db/repos/Local/tools/llvm-libc-probe/.prefix/include/c++/v1/__cxx03/__type_traits/is_const.h
-- Installing: /var/db/repos/Local/tools/llvm-libc-probe/.prefix/include/c++/v1/__cxx03/__type_traits/is_constant_evaluated.h
-- Installing: /var/db/repos/Local/tools/llvm-libc-probe/.prefix/include/c++/v1/__cxx03/__type_traits/is_constructible.h
-- Installing: /var/db/repos/Local/tools/llvm-libc-probe/.prefix/include/c++/v1/__cxx03/__type_traits/is_convertible.h
-- Installing: /var/db/repos/Local/tools/llvm-libc-probe/.prefix/include/c++/v1/__cxx03/__type_traits/is_core_convertible.h
-- Installing: /var/db/repos/Local/tools/llvm-libc-probe/.prefix/include/c++/v1/__cxx03/__type_traits/is_destructible.h
-- Installing: /var/db/repos/Local/tools/llvm-libc-probe/.prefix/include/c++/v1/__cxx03/__type_traits/is_empty.h
-- Installing: /var/db/repos/Local/tools/llvm-libc-probe/.prefix/include/c++/v1/__cxx03/__type_traits/is_enum.h
-- Installing: /var/db/repos/Local/tools/llvm-libc-probe/.prefix/include/c++/v1/__cxx03/__type_traits/is_equality_comparable.h
-- Installing: /var/db/repos/Local/tools/llvm-libc-probe/.prefix/include/c++/v1/__cxx03/__type_traits/is_execution_policy.h
-- Installing: /var/db/repos/Local/tools/llvm-libc-probe/.prefix/include/c++/v1/__cxx03/__type_traits/is_final.h
-- Installing: /var/db/repos/Local/tools/llvm-libc-probe/.prefix/include/c++/v1/__cxx03/__type_traits/is_floating_point.h
-- Installing: /var/db/repos/Local/tools/llvm-libc-probe/.prefix/include/c++/v1/__cxx03/__type_traits/is_function.h
-- Installing: /var/db/repos/Local/tools/llvm-libc-probe/.prefix/include/c++/v1/__cxx03/__type_traits/is_fundamental.h
-- Installing: /var/db/repos/Local/tools/llvm-libc-probe/.prefix/include/c++/v1/__cxx03/__type_traits/is_implicitly_default_constructible.h
-- Installing: /var/db/repos/Local/tools/llvm-libc-probe/.prefix/include/c++/v1/__cxx03/__type_traits/is_integral.h
-- Installing: /var/db/repos/Local/tools/llvm-libc-probe/.prefix/include/c++/v1/__cxx03/__type_traits/is_literal_type.h
-- Installing: /var/db/repos/Local/tools/llvm-libc-probe/.prefix/include/c++/v1/__cxx03/__type_traits/is_member_pointer.h
-- Installing: /var/db/repos/Local/tools/llvm-libc-probe/.prefix/include/c++/v1/__cxx03/__type_traits/is_nothrow_assignable.h
-- Installing: /var/db/repos/Local/tools/llvm-libc-probe/.prefix/include/c++/v1/__cxx03/__type_traits/is_nothrow_constructible.h
-- Installing: /var/db/repos/Local/tools/llvm-libc-probe/.prefix/include/c++/v1/__cxx03/__type_traits/is_nothrow_destructible.h
-- Installing: /var/db/repos/Local/tools/llvm-libc-probe/.prefix/include/c++/v1/__cxx03/__type_traits/is_null_pointer.h
-- Installing: /var/db/repos/Local/tools/llvm-libc-probe/.prefix/include/c++/v1/__cxx03/__type_traits/is_object.h
-- Installing: /var/db/repos/Local/tools/llvm-libc-probe/.prefix/include/c++/v1/__cxx03/__type_traits/is_pod.h
-- Installing: /var/db/repos/Local/tools/llvm-libc-probe/.prefix/include/c++/v1/__cxx03/__type_traits/is_pointer.h
-- Installing: /var/db/repos/Local/tools/llvm-libc-probe/.prefix/include/c++/v1/__cxx03/__type_traits/is_polymorphic.h
-- Installing: /var/db/repos/Local/tools/llvm-libc-probe/.prefix/include/c++/v1/__cxx03/__type_traits/is_primary_template.h
-- Installing: /var/db/repos/Local/tools/llvm-libc-probe/.prefix/include/c++/v1/__cxx03/__type_traits/is_reference.h
-- Installing: /var/db/repos/Local/tools/llvm-libc-probe/.prefix/include/c++/v1/__cxx03/__type_traits/is_reference_wrapper.h
-- Installing: /var/db/repos/Local/tools/llvm-libc-probe/.prefix/include/c++/v1/__cxx03/__type_traits/is_referenceable.h
-- Installing: /var/db/repos/Local/tools/llvm-libc-probe/.prefix/include/c++/v1/__cxx03/__type_traits/is_same.h
-- Installing: /var/db/repos/Local/tools/llvm-libc-probe/.prefix/include/c++/v1/__cxx03/__type_traits/is_scalar.h
-- Installing: /var/db/repos/Local/tools/llvm-libc-probe/.prefix/include/c++/v1/__cxx03/__type_traits/is_signed.h
-- Installing: /var/db/repos/Local/tools/llvm-libc-probe/.prefix/include/c++/v1/__cxx03/__type_traits/is_signed_integer.h
-- Installing: /var/db/repos/Local/tools/llvm-libc-probe/.prefix/include/c++/v1/__cxx03/__type_traits/is_specialization.h
-- Installing: /var/db/repos/Local/tools/llvm-libc-probe/.prefix/include/c++/v1/__cxx03/__type_traits/is_standard_layout.h
-- Installing: /var/db/repos/Local/tools/llvm-libc-probe/.prefix/include/c++/v1/__cxx03/__type_traits/is_swappable.h
-- Installing: /var/db/repos/Local/tools/llvm-libc-probe/.prefix/include/c++/v1/__cxx03/__type_traits/is_trivial.h
-- Installing: /var/db/repos/Local/tools/llvm-libc-probe/.prefix/include/c++/v1/__cxx03/__type_traits/is_trivially_assignable.h
-- Installing: /var/db/repos/Local/tools/llvm-libc-probe/.prefix/include/c++/v1/__cxx03/__type_traits/is_trivially_constructible.h
-- Installing: /var/db/repos/Local/tools/llvm-libc-probe/.prefix/include/c++/v1/__cxx03/__type_traits/is_trivially_copyable.h
-- Installing: /var/db/repos/Local/tools/llvm-libc-probe/.prefix/include/c++/v1/__cxx03/__type_traits/is_trivially_destructible.h
-- Installing: /var/db/repos/Local/tools/llvm-libc-probe/.prefix/include/c++/v1/__cxx03/__type_traits/is_trivially_lexicographically_comparable.h
-- Installing: /var/db/repos/Local/tools/llvm-libc-probe/.prefix/include/c++/v1/__cxx03/__type_traits/is_trivially_relocatable.h
-- Installing: /var/db/repos/Local/tools/llvm-libc-probe/.prefix/include/c++/v1/__cxx03/__type_traits/is_unbounded_array.h
-- Installing: /var/db/repos/Local/tools/llvm-libc-probe/.prefix/include/c++/v1/__cxx03/__type_traits/is_union.h
-- Installing: /var/db/repos/Local/tools/llvm-libc-probe/.prefix/include/c++/v1/__cxx03/__type_traits/is_unsigned.h
-- Installing: /var/db/repos/Local/tools/llvm-libc-probe/.prefix/include/c++/v1/__cxx03/__type_traits/is_unsigned_integer.h
-- Installing: /var/db/repos/Local/tools/llvm-libc-probe/.prefix/include/c++/v1/__cxx03/__type_traits/is_valid_expansion.h
-- Installing: /var/db/repos/Local/tools/llvm-libc-probe/.prefix/include/c++/v1/__cxx03/__type_traits/is_void.h
-- Installing: /var/db/repos/Local/tools/llvm-libc-probe/.prefix/include/c++/v1/__cxx03/__type_traits/is_volatile.h
-- Installing: /var/db/repos/Local/tools/llvm-libc-probe/.prefix/include/c++/v1/__cxx03/__type_traits/lazy.h
-- Installing: /var/db/repos/Local/tools/llvm-libc-probe/.prefix/include/c++/v1/__cxx03/__type_traits/make_32_64_or_128_bit.h
-- Installing: /var/db/repos/Local/tools/llvm-libc-probe/.prefix/include/c++/v1/__cxx03/__type_traits/make_const_lvalue_ref.h
-- Installing: /var/db/repos/Local/tools/llvm-libc-probe/.prefix/include/c++/v1/__cxx03/__type_traits/make_signed.h
-- Installing: /var/db/repos/Local/tools/llvm-libc-probe/.prefix/include/c++/v1/__cxx03/__type_traits/make_unsigned.h
-- Installing: /var/db/repos/Local/tools/llvm-libc-probe/.prefix/include/c++/v1/__cxx03/__type_traits/maybe_const.h
-- Installing: /var/db/repos/Local/tools/llvm-libc-probe/.prefix/include/c++/v1/__cxx03/__type_traits/nat.h
-- Installing: /var/db/repos/Local/tools/llvm-libc-probe/.prefix/include/c++/v1/__cxx03/__type_traits/negation.h
-- Installing: /var/db/repos/Local/tools/llvm-libc-probe/.prefix/include/c++/v1/__cxx03/__type_traits/noexcept_move_assign_container.h
-- Installing: /var/db/repos/Local/tools/llvm-libc-probe/.prefix/include/c++/v1/__cxx03/__type_traits/promote.h
-- Installing: /var/db/repos/Local/tools/llvm-libc-probe/.prefix/include/c++/v1/__cxx03/__type_traits/rank.h
-- Installing: /var/db/repos/Local/tools/llvm-libc-probe/.prefix/include/c++/v1/__cxx03/__type_traits/remove_all_extents.h
-- Installing: /var/db/repos/Local/tools/llvm-libc-probe/.prefix/include/c++/v1/__cxx03/__type_traits/remove_const.h
-- Installing: /var/db/repos/Local/tools/llvm-libc-probe/.prefix/include/c++/v1/__cxx03/__type_traits/remove_const_ref.h
-- Installing: /var/db/repos/Local/tools/llvm-libc-probe/.prefix/include/c++/v1/__cxx03/__type_traits/remove_cv.h
-- Installing: /var/db/repos/Local/tools/llvm-libc-probe/.prefix/include/c++/v1/__cxx03/__type_traits/remove_cvref.h
-- Installing: /var/db/repos/Local/tools/llvm-libc-probe/.prefix/include/c++/v1/__cxx03/__type_traits/remove_extent.h
-- Installing: /var/db/repos/Local/tools/llvm-libc-probe/.prefix/include/c++/v1/__cxx03/__type_traits/remove_pointer.h
-- Installing: /var/db/repos/Local/tools/llvm-libc-probe/.prefix/include/c++/v1/__cxx03/__type_traits/remove_reference.h
-- Installing: /var/db/repos/Local/tools/llvm-libc-probe/.prefix/include/c++/v1/__cxx03/__type_traits/remove_volatile.h
-- Installing: /var/db/repos/Local/tools/llvm-libc-probe/.prefix/include/c++/v1/__cxx03/__type_traits/result_of.h
-- Installing: /var/db/repos/Local/tools/llvm-libc-probe/.prefix/include/c++/v1/__cxx03/__type_traits/strip_signature.h
-- Installing: /var/db/repos/Local/tools/llvm-libc-probe/.prefix/include/c++/v1/__cxx03/__type_traits/type_identity.h
-- Installing: /var/db/repos/Local/tools/llvm-libc-probe/.prefix/include/c++/v1/__cxx03/__type_traits/type_list.h
-- Installing: /var/db/repos/Local/tools/llvm-libc-probe/.prefix/include/c++/v1/__cxx03/__type_traits/underlying_type.h
-- Installing: /var/db/repos/Local/tools/llvm-libc-probe/.prefix/include/c++/v1/__cxx03/__type_traits/unwrap_ref.h
-- Installing: /var/db/repos/Local/tools/llvm-libc-probe/.prefix/include/c++/v1/__cxx03/__type_traits/void_t.h
-- Installing: /var/db/repos/Local/tools/llvm-libc-probe/.prefix/include/c++/v1/__cxx03/__undef_macros
-- Installing: /var/db/repos/Local/tools/llvm-libc-probe/.prefix/include/c++/v1/__cxx03/__utility/as_lvalue.h
-- Installing: /var/db/repos/Local/tools/llvm-libc-probe/.prefix/include/c++/v1/__cxx03/__utility/auto_cast.h
-- Installing: /var/db/repos/Local/tools/llvm-libc-probe/.prefix/include/c++/v1/__cxx03/__utility/convert_to_integral.h
-- Installing: /var/db/repos/Local/tools/llvm-libc-probe/.prefix/include/c++/v1/__cxx03/__utility/declval.h
-- Installing: /var/db/repos/Local/tools/llvm-libc-probe/.prefix/include/c++/v1/__cxx03/__utility/empty.h
-- Installing: /var/db/repos/Local/tools/llvm-libc-probe/.prefix/include/c++/v1/__cxx03/__utility/exception_guard.h
-- Installing: /var/db/repos/Local/tools/llvm-libc-probe/.prefix/include/c++/v1/__cxx03/__utility/forward.h
-- Installing: /var/db/repos/Local/tools/llvm-libc-probe/.prefix/include/c++/v1/__cxx03/__utility/integer_sequence.h
-- Installing: /var/db/repos/Local/tools/llvm-libc-probe/.prefix/include/c++/v1/__cxx03/__utility/is_pointer_in_range.h
-- Installing: /var/db/repos/Local/tools/llvm-libc-probe/.prefix/include/c++/v1/__cxx03/__utility/is_valid_range.h
-- Installing: /var/db/repos/Local/tools/llvm-libc-probe/.prefix/include/c++/v1/__cxx03/__utility/move.h
-- Installing: /var/db/repos/Local/tools/llvm-libc-probe/.prefix/include/c++/v1/__cxx03/__utility/no_destroy.h
-- Installing: /var/db/repos/Local/tools/llvm-libc-probe/.prefix/include/c++/v1/__cxx03/__utility/pair.h
-- Installing: /var/db/repos/Local/tools/llvm-libc-probe/.prefix/include/c++/v1/__cxx03/__utility/piecewise_construct.h
-- Installing: /var/db/repos/Local/tools/llvm-libc-probe/.prefix/include/c++/v1/__cxx03/__utility/priority_tag.h
-- Installing: /var/db/repos/Local/tools/llvm-libc-probe/.prefix/include/c++/v1/__cxx03/__utility/private_constructor_tag.h
-- Installing: /var/db/repos/Local/tools/llvm-libc-probe/.prefix/include/c++/v1/__cxx03/__utility/rel_ops.h
-- Installing: /var/db/repos/Local/tools/llvm-libc-probe/.prefix/include/c++/v1/__cxx03/__utility/small_buffer.h
-- Installing: /var/db/repos/Local/tools/llvm-libc-probe/.prefix/include/c++/v1/__cxx03/__utility/swap.h
-- Installing: /var/db/repos/Local/tools/llvm-libc-probe/.prefix/include/c++/v1/__cxx03/__utility/unreachable.h
-- Installing: /var/db/repos/Local/tools/llvm-libc-probe/.prefix/include/c++/v1/__cxx03/__variant/monostate.h
-- Installing: /var/db/repos/Local/tools/llvm-libc-probe/.prefix/include/c++/v1/__cxx03/__verbose_abort
-- Installing: /var/db/repos/Local/tools/llvm-libc-probe/.prefix/include/c++/v1/__cxx03/__verbose_trap
-- Installing: /var/db/repos/Local/tools/llvm-libc-probe/.prefix/include/c++/v1/__cxx03/algorithm
-- Installing: /var/db/repos/Local/tools/llvm-libc-probe/.prefix/include/c++/v1/__cxx03/array
-- Installing: /var/db/repos/Local/tools/llvm-libc-probe/.prefix/include/c++/v1/__cxx03/atomic
-- Installing: /var/db/repos/Local/tools/llvm-libc-probe/.prefix/include/c++/v1/__cxx03/bitset
-- Installing: /var/db/repos/Local/tools/llvm-libc-probe/.prefix/include/c++/v1/__cxx03/cassert
-- Installing: /var/db/repos/Local/tools/llvm-libc-probe/.prefix/include/c++/v1/__cxx03/ccomplex
-- Installing: /var/db/repos/Local/tools/llvm-libc-probe/.prefix/include/c++/v1/__cxx03/cctype
-- Installing: /var/db/repos/Local/tools/llvm-libc-probe/.prefix/include/c++/v1/__cxx03/cerrno
-- Installing: /var/db/repos/Local/tools/llvm-libc-probe/.prefix/include/c++/v1/__cxx03/cfenv
-- Installing: /var/db/repos/Local/tools/llvm-libc-probe/.prefix/include/c++/v1/__cxx03/cfloat
-- Installing: /var/db/repos/Local/tools/llvm-libc-probe/.prefix/include/c++/v1/__cxx03/chrono
-- Installing: /var/db/repos/Local/tools/llvm-libc-probe/.prefix/include/c++/v1/__cxx03/cinttypes
-- Installing: /var/db/repos/Local/tools/llvm-libc-probe/.prefix/include/c++/v1/__cxx03/ciso646
-- Installing: /var/db/repos/Local/tools/llvm-libc-probe/.prefix/include/c++/v1/__cxx03/climits
-- Installing: /var/db/repos/Local/tools/llvm-libc-probe/.prefix/include/c++/v1/__cxx03/clocale
-- Installing: /var/db/repos/Local/tools/llvm-libc-probe/.prefix/include/c++/v1/__cxx03/cmath
-- Installing: /var/db/repos/Local/tools/llvm-libc-probe/.prefix/include/c++/v1/__cxx03/codecvt
-- Installing: /var/db/repos/Local/tools/llvm-libc-probe/.prefix/include/c++/v1/__cxx03/complex
-- Installing: /var/db/repos/Local/tools/llvm-libc-probe/.prefix/include/c++/v1/__cxx03/condition_variable
-- Installing: /var/db/repos/Local/tools/llvm-libc-probe/.prefix/include/c++/v1/__cxx03/csetjmp
-- Installing: /var/db/repos/Local/tools/llvm-libc-probe/.prefix/include/c++/v1/__cxx03/csignal
-- Installing: /var/db/repos/Local/tools/llvm-libc-probe/.prefix/include/c++/v1/__cxx03/cstdarg
-- Installing: /var/db/repos/Local/tools/llvm-libc-probe/.prefix/include/c++/v1/__cxx03/cstdbool
-- Installing: /var/db/repos/Local/tools/llvm-libc-probe/.prefix/include/c++/v1/__cxx03/cstddef
-- Installing: /var/db/repos/Local/tools/llvm-libc-probe/.prefix/include/c++/v1/__cxx03/cstdint
-- Installing: /var/db/repos/Local/tools/llvm-libc-probe/.prefix/include/c++/v1/__cxx03/cstdio
-- Installing: /var/db/repos/Local/tools/llvm-libc-probe/.prefix/include/c++/v1/__cxx03/cstdlib
-- Installing: /var/db/repos/Local/tools/llvm-libc-probe/.prefix/include/c++/v1/__cxx03/cstring
-- Installing: /var/db/repos/Local/tools/llvm-libc-probe/.prefix/include/c++/v1/__cxx03/ctgmath
-- Installing: /var/db/repos/Local/tools/llvm-libc-probe/.prefix/include/c++/v1/__cxx03/ctime
-- Installing: /var/db/repos/Local/tools/llvm-libc-probe/.prefix/include/c++/v1/__cxx03/cuchar
-- Installing: /var/db/repos/Local/tools/llvm-libc-probe/.prefix/include/c++/v1/__cxx03/cwchar
-- Installing: /var/db/repos/Local/tools/llvm-libc-probe/.prefix/include/c++/v1/__cxx03/cwctype
-- Installing: /var/db/repos/Local/tools/llvm-libc-probe/.prefix/include/c++/v1/__cxx03/deque
-- Installing: /var/db/repos/Local/tools/llvm-libc-probe/.prefix/include/c++/v1/__cxx03/exception
-- Installing: /var/db/repos/Local/tools/llvm-libc-probe/.prefix/include/c++/v1/__cxx03/experimental/__config
-- Installing: /var/db/repos/Local/tools/llvm-libc-probe/.prefix/include/c++/v1/__cxx03/experimental/utility
-- Installing: /var/db/repos/Local/tools/llvm-libc-probe/.prefix/include/c++/v1/__cxx03/ext/__hash
-- Installing: /var/db/repos/Local/tools/llvm-libc-probe/.prefix/include/c++/v1/__cxx03/ext/hash_map
-- Installing: /var/db/repos/Local/tools/llvm-libc-probe/.prefix/include/c++/v1/__cxx03/ext/hash_set
-- Installing: /var/db/repos/Local/tools/llvm-libc-probe/.prefix/include/c++/v1/__cxx03/forward_list
-- Installing: /var/db/repos/Local/tools/llvm-libc-probe/.prefix/include/c++/v1/__cxx03/fstream
-- Installing: /var/db/repos/Local/tools/llvm-libc-probe/.prefix/include/c++/v1/__cxx03/functional
-- Installing: /var/db/repos/Local/tools/llvm-libc-probe/.prefix/include/c++/v1/__cxx03/future
-- Installing: /var/db/repos/Local/tools/llvm-libc-probe/.prefix/include/c++/v1/__cxx03/iomanip
-- Installing: /var/db/repos/Local/tools/llvm-libc-probe/.prefix/include/c++/v1/__cxx03/ios
-- Installing: /var/db/repos/Local/tools/llvm-libc-probe/.prefix/include/c++/v1/__cxx03/iosfwd
-- Installing: /var/db/repos/Local/tools/llvm-libc-probe/.prefix/include/c++/v1/__cxx03/iostream
-- Installing: /var/db/repos/Local/tools/llvm-libc-probe/.prefix/include/c++/v1/__cxx03/istream
-- Installing: /var/db/repos/Local/tools/llvm-libc-probe/.prefix/include/c++/v1/__cxx03/iterator
-- Installing: /var/db/repos/Local/tools/llvm-libc-probe/.prefix/include/c++/v1/__cxx03/limits
-- Installing: /var/db/repos/Local/tools/llvm-libc-probe/.prefix/include/c++/v1/__cxx03/list
-- Installing: /var/db/repos/Local/tools/llvm-libc-probe/.prefix/include/c++/v1/__cxx03/locale
-- Installing: /var/db/repos/Local/tools/llvm-libc-probe/.prefix/include/c++/v1/__cxx03/locale.h
-- Installing: /var/db/repos/Local/tools/llvm-libc-probe/.prefix/include/c++/v1/__cxx03/map
-- Installing: /var/db/repos/Local/tools/llvm-libc-probe/.prefix/include/c++/v1/__cxx03/math.h
-- Installing: /var/db/repos/Local/tools/llvm-libc-probe/.prefix/include/c++/v1/__cxx03/memory
-- Installing: /var/db/repos/Local/tools/llvm-libc-probe/.prefix/include/c++/v1/__cxx03/module.modulemap
-- Installing: /var/db/repos/Local/tools/llvm-libc-probe/.prefix/include/c++/v1/__cxx03/mutex
-- Installing: /var/db/repos/Local/tools/llvm-libc-probe/.prefix/include/c++/v1/__cxx03/new
-- Installing: /var/db/repos/Local/tools/llvm-libc-probe/.prefix/include/c++/v1/__cxx03/numeric
-- Installing: /var/db/repos/Local/tools/llvm-libc-probe/.prefix/include/c++/v1/__cxx03/ostream
-- Installing: /var/db/repos/Local/tools/llvm-libc-probe/.prefix/include/c++/v1/__cxx03/queue
-- Installing: /var/db/repos/Local/tools/llvm-libc-probe/.prefix/include/c++/v1/__cxx03/random
-- Installing: /var/db/repos/Local/tools/llvm-libc-probe/.prefix/include/c++/v1/__cxx03/ratio
-- Installing: /var/db/repos/Local/tools/llvm-libc-probe/.prefix/include/c++/v1/__cxx03/regex
-- Installing: /var/db/repos/Local/tools/llvm-libc-probe/.prefix/include/c++/v1/__cxx03/set
-- Installing: /var/db/repos/Local/tools/llvm-libc-probe/.prefix/include/c++/v1/__cxx03/sstream
-- Installing: /var/db/repos/Local/tools/llvm-libc-probe/.prefix/include/c++/v1/__cxx03/stack
-- Installing: /var/db/repos/Local/tools/llvm-libc-probe/.prefix/include/c++/v1/__cxx03/stdatomic.h
-- Installing: /var/db/repos/Local/tools/llvm-libc-probe/.prefix/include/c++/v1/__cxx03/stdexcept
-- Installing: /var/db/repos/Local/tools/llvm-libc-probe/.prefix/include/c++/v1/__cxx03/stdint.h
-- Installing: /var/db/repos/Local/tools/llvm-libc-probe/.prefix/include/c++/v1/__cxx03/stdlib.h
-- Installing: /var/db/repos/Local/tools/llvm-libc-probe/.prefix/include/c++/v1/__cxx03/streambuf
-- Installing: /var/db/repos/Local/tools/llvm-libc-probe/.prefix/include/c++/v1/__cxx03/string
-- Installing: /var/db/repos/Local/tools/llvm-libc-probe/.prefix/include/c++/v1/__cxx03/string.h
-- Installing: /var/db/repos/Local/tools/llvm-libc-probe/.prefix/include/c++/v1/__cxx03/string_view
-- Installing: /var/db/repos/Local/tools/llvm-libc-probe/.prefix/include/c++/v1/__cxx03/strstream
-- Installing: /var/db/repos/Local/tools/llvm-libc-probe/.prefix/include/c++/v1/__cxx03/system_error
-- Installing: /var/db/repos/Local/tools/llvm-libc-probe/.prefix/include/c++/v1/__cxx03/thread
-- Installing: /var/db/repos/Local/tools/llvm-libc-probe/.prefix/include/c++/v1/__cxx03/type_traits
-- Installing: /var/db/repos/Local/tools/llvm-libc-probe/.prefix/include/c++/v1/__cxx03/typeindex
-- Installing: /var/db/repos/Local/tools/llvm-libc-probe/.prefix/include/c++/v1/__cxx03/typeinfo
-- Installing: /var/db/repos/Local/tools/llvm-libc-probe/.prefix/include/c++/v1/__cxx03/uchar.h
-- Installing: /var/db/repos/Local/tools/llvm-libc-probe/.prefix/include/c++/v1/__cxx03/unordered_map
-- Installing: /var/db/repos/Local/tools/llvm-libc-probe/.prefix/include/c++/v1/__cxx03/unordered_set
-- Installing: /var/db/repos/Local/tools/llvm-libc-probe/.prefix/include/c++/v1/__cxx03/utility
-- Installing: /var/db/repos/Local/tools/llvm-libc-probe/.prefix/include/c++/v1/__cxx03/valarray
-- Installing: /var/db/repos/Local/tools/llvm-libc-probe/.prefix/include/c++/v1/__cxx03/vector
-- Installing: /var/db/repos/Local/tools/llvm-libc-probe/.prefix/include/c++/v1/__cxx03/version
-- Installing: /var/db/repos/Local/tools/llvm-libc-probe/.prefix/include/c++/v1/__cxx03/wchar.h
-- Installing: /var/db/repos/Local/tools/llvm-libc-probe/.prefix/include/c++/v1/__config_site
-- Installing: /var/db/repos/Local/tools/llvm-libc-probe/.prefix/include/c++/v1/__assertion_handler
-- Installing: /var/db/repos/Local/tools/llvm-libc-probe/.prefix/include/c++/v1/libcxx.imp
-- Installing: /var/db/repos/Local/tools/llvm-libc-probe/.prefix/include/c++/v1/module.modulemap
-- Installing: /var/db/repos/Local/tools/llvm-libc-probe/.prefix/lib/libc++.a
-- Installing: /var/db/repos/Local/tools/llvm-libc-probe/.prefix/lib/libc++experimental.a
-- Installing: /var/db/repos/Local/tools/llvm-libc-probe/.prefix/share/libc++/v1/std/algorithm.inc
-- Installing: /var/db/repos/Local/tools/llvm-libc-probe/.prefix/share/libc++/v1/std/any.inc
-- Installing: /var/db/repos/Local/tools/llvm-libc-probe/.prefix/share/libc++/v1/std/array.inc
-- Installing: /var/db/repos/Local/tools/llvm-libc-probe/.prefix/share/libc++/v1/std/atomic.inc
-- Installing: /var/db/repos/Local/tools/llvm-libc-probe/.prefix/share/libc++/v1/std/barrier.inc
-- Installing: /var/db/repos/Local/tools/llvm-libc-probe/.prefix/share/libc++/v1/std/bit.inc
-- Installing: /var/db/repos/Local/tools/llvm-libc-probe/.prefix/share/libc++/v1/std/bitset.inc
-- Installing: /var/db/repos/Local/tools/llvm-libc-probe/.prefix/share/libc++/v1/std/cassert.inc
-- Installing: /var/db/repos/Local/tools/llvm-libc-probe/.prefix/share/libc++/v1/std/cctype.inc
-- Installing: /var/db/repos/Local/tools/llvm-libc-probe/.prefix/share/libc++/v1/std/cerrno.inc
-- Installing: /var/db/repos/Local/tools/llvm-libc-probe/.prefix/share/libc++/v1/std/cfenv.inc
-- Installing: /var/db/repos/Local/tools/llvm-libc-probe/.prefix/share/libc++/v1/std/cfloat.inc
-- Installing: /var/db/repos/Local/tools/llvm-libc-probe/.prefix/share/libc++/v1/std/charconv.inc
-- Installing: /var/db/repos/Local/tools/llvm-libc-probe/.prefix/share/libc++/v1/std/chrono.inc
-- Installing: /var/db/repos/Local/tools/llvm-libc-probe/.prefix/share/libc++/v1/std/cinttypes.inc
-- Installing: /var/db/repos/Local/tools/llvm-libc-probe/.prefix/share/libc++/v1/std/climits.inc
-- Installing: /var/db/repos/Local/tools/llvm-libc-probe/.prefix/share/libc++/v1/std/clocale.inc
-- Installing: /var/db/repos/Local/tools/llvm-libc-probe/.prefix/share/libc++/v1/std/cmath.inc
-- Installing: /var/db/repos/Local/tools/llvm-libc-probe/.prefix/share/libc++/v1/std/codecvt.inc
-- Installing: /var/db/repos/Local/tools/llvm-libc-probe/.prefix/share/libc++/v1/std/compare.inc
-- Installing: /var/db/repos/Local/tools/llvm-libc-probe/.prefix/share/libc++/v1/std/complex.inc
-- Installing: /var/db/repos/Local/tools/llvm-libc-probe/.prefix/share/libc++/v1/std/concepts.inc
-- Installing: /var/db/repos/Local/tools/llvm-libc-probe/.prefix/share/libc++/v1/std/condition_variable.inc
-- Installing: /var/db/repos/Local/tools/llvm-libc-probe/.prefix/share/libc++/v1/std/coroutine.inc
-- Installing: /var/db/repos/Local/tools/llvm-libc-probe/.prefix/share/libc++/v1/std/csetjmp.inc
-- Installing: /var/db/repos/Local/tools/llvm-libc-probe/.prefix/share/libc++/v1/std/csignal.inc
-- Installing: /var/db/repos/Local/tools/llvm-libc-probe/.prefix/share/libc++/v1/std/cstdarg.inc
-- Installing: /var/db/repos/Local/tools/llvm-libc-probe/.prefix/share/libc++/v1/std/cstddef.inc
-- Installing: /var/db/repos/Local/tools/llvm-libc-probe/.prefix/share/libc++/v1/std/cstdint.inc
-- Installing: /var/db/repos/Local/tools/llvm-libc-probe/.prefix/share/libc++/v1/std/cstdio.inc
-- Installing: /var/db/repos/Local/tools/llvm-libc-probe/.prefix/share/libc++/v1/std/cstdlib.inc
-- Installing: /var/db/repos/Local/tools/llvm-libc-probe/.prefix/share/libc++/v1/std/cstring.inc
-- Installing: /var/db/repos/Local/tools/llvm-libc-probe/.prefix/share/libc++/v1/std/ctime.inc
-- Installing: /var/db/repos/Local/tools/llvm-libc-probe/.prefix/share/libc++/v1/std/cuchar.inc
-- Installing: /var/db/repos/Local/tools/llvm-libc-probe/.prefix/share/libc++/v1/std/cwchar.inc
-- Installing: /var/db/repos/Local/tools/llvm-libc-probe/.prefix/share/libc++/v1/std/cwctype.inc
-- Installing: /var/db/repos/Local/tools/llvm-libc-probe/.prefix/share/libc++/v1/std/deque.inc
-- Installing: /var/db/repos/Local/tools/llvm-libc-probe/.prefix/share/libc++/v1/std/exception.inc
-- Installing: /var/db/repos/Local/tools/llvm-libc-probe/.prefix/share/libc++/v1/std/execution.inc
-- Installing: /var/db/repos/Local/tools/llvm-libc-probe/.prefix/share/libc++/v1/std/expected.inc
-- Installing: /var/db/repos/Local/tools/llvm-libc-probe/.prefix/share/libc++/v1/std/filesystem.inc
-- Installing: /var/db/repos/Local/tools/llvm-libc-probe/.prefix/share/libc++/v1/std/flat_map.inc
-- Installing: /var/db/repos/Local/tools/llvm-libc-probe/.prefix/share/libc++/v1/std/flat_set.inc
-- Installing: /var/db/repos/Local/tools/llvm-libc-probe/.prefix/share/libc++/v1/std/format.inc
-- Installing: /var/db/repos/Local/tools/llvm-libc-probe/.prefix/share/libc++/v1/std/forward_list.inc
-- Installing: /var/db/repos/Local/tools/llvm-libc-probe/.prefix/share/libc++/v1/std/fstream.inc
-- Installing: /var/db/repos/Local/tools/llvm-libc-probe/.prefix/share/libc++/v1/std/functional.inc
-- Installing: /var/db/repos/Local/tools/llvm-libc-probe/.prefix/share/libc++/v1/std/future.inc
-- Installing: /var/db/repos/Local/tools/llvm-libc-probe/.prefix/share/libc++/v1/std/generator.inc
-- Installing: /var/db/repos/Local/tools/llvm-libc-probe/.prefix/share/libc++/v1/std/hazard_pointer.inc
-- Installing: /var/db/repos/Local/tools/llvm-libc-probe/.prefix/share/libc++/v1/std/initializer_list.inc
-- Installing: /var/db/repos/Local/tools/llvm-libc-probe/.prefix/share/libc++/v1/std/iomanip.inc
-- Installing: /var/db/repos/Local/tools/llvm-libc-probe/.prefix/share/libc++/v1/std/ios.inc
-- Installing: /var/db/repos/Local/tools/llvm-libc-probe/.prefix/share/libc++/v1/std/iosfwd.inc
-- Installing: /var/db/repos/Local/tools/llvm-libc-probe/.prefix/share/libc++/v1/std/iostream.inc
-- Installing: /var/db/repos/Local/tools/llvm-libc-probe/.prefix/share/libc++/v1/std/istream.inc
-- Installing: /var/db/repos/Local/tools/llvm-libc-probe/.prefix/share/libc++/v1/std/iterator.inc
-- Installing: /var/db/repos/Local/tools/llvm-libc-probe/.prefix/share/libc++/v1/std/latch.inc
-- Installing: /var/db/repos/Local/tools/llvm-libc-probe/.prefix/share/libc++/v1/std/limits.inc
-- Installing: /var/db/repos/Local/tools/llvm-libc-probe/.prefix/share/libc++/v1/std/list.inc
-- Installing: /var/db/repos/Local/tools/llvm-libc-probe/.prefix/share/libc++/v1/std/locale.inc
-- Installing: /var/db/repos/Local/tools/llvm-libc-probe/.prefix/share/libc++/v1/std/map.inc
-- Installing: /var/db/repos/Local/tools/llvm-libc-probe/.prefix/share/libc++/v1/std/mdspan.inc
-- Installing: /var/db/repos/Local/tools/llvm-libc-probe/.prefix/share/libc++/v1/std/memory.inc
-- Installing: /var/db/repos/Local/tools/llvm-libc-probe/.prefix/share/libc++/v1/std/memory_resource.inc
-- Installing: /var/db/repos/Local/tools/llvm-libc-probe/.prefix/share/libc++/v1/std/mutex.inc
-- Installing: /var/db/repos/Local/tools/llvm-libc-probe/.prefix/share/libc++/v1/std/new.inc
-- Installing: /var/db/repos/Local/tools/llvm-libc-probe/.prefix/share/libc++/v1/std/numbers.inc
-- Installing: /var/db/repos/Local/tools/llvm-libc-probe/.prefix/share/libc++/v1/std/numeric.inc
-- Installing: /var/db/repos/Local/tools/llvm-libc-probe/.prefix/share/libc++/v1/std/optional.inc
-- Installing: /var/db/repos/Local/tools/llvm-libc-probe/.prefix/share/libc++/v1/std/ostream.inc
-- Installing: /var/db/repos/Local/tools/llvm-libc-probe/.prefix/share/libc++/v1/std/print.inc
-- Installing: /var/db/repos/Local/tools/llvm-libc-probe/.prefix/share/libc++/v1/std/queue.inc
-- Installing: /var/db/repos/Local/tools/llvm-libc-probe/.prefix/share/libc++/v1/std/random.inc
-- Installing: /var/db/repos/Local/tools/llvm-libc-probe/.prefix/share/libc++/v1/std/ranges.inc
-- Installing: /var/db/repos/Local/tools/llvm-libc-probe/.prefix/share/libc++/v1/std/ratio.inc
-- Installing: /var/db/repos/Local/tools/llvm-libc-probe/.prefix/share/libc++/v1/std/rcu.inc
-- Installing: /var/db/repos/Local/tools/llvm-libc-probe/.prefix/share/libc++/v1/std/regex.inc
-- Installing: /var/db/repos/Local/tools/llvm-libc-probe/.prefix/share/libc++/v1/std/scoped_allocator.inc
-- Installing: /var/db/repos/Local/tools/llvm-libc-probe/.prefix/share/libc++/v1/std/semaphore.inc
-- Installing: /var/db/repos/Local/tools/llvm-libc-probe/.prefix/share/libc++/v1/std/set.inc
-- Installing: /var/db/repos/Local/tools/llvm-libc-probe/.prefix/share/libc++/v1/std/shared_mutex.inc
-- Installing: /var/db/repos/Local/tools/llvm-libc-probe/.prefix/share/libc++/v1/std/source_location.inc
-- Installing: /var/db/repos/Local/tools/llvm-libc-probe/.prefix/share/libc++/v1/std/span.inc
-- Installing: /var/db/repos/Local/tools/llvm-libc-probe/.prefix/share/libc++/v1/std/spanstream.inc
-- Installing: /var/db/repos/Local/tools/llvm-libc-probe/.prefix/share/libc++/v1/std/sstream.inc
-- Installing: /var/db/repos/Local/tools/llvm-libc-probe/.prefix/share/libc++/v1/std/stack.inc
-- Installing: /var/db/repos/Local/tools/llvm-libc-probe/.prefix/share/libc++/v1/std/stacktrace.inc
-- Installing: /var/db/repos/Local/tools/llvm-libc-probe/.prefix/share/libc++/v1/std/stdexcept.inc
-- Installing: /var/db/repos/Local/tools/llvm-libc-probe/.prefix/share/libc++/v1/std/stdfloat.inc
-- Installing: /var/db/repos/Local/tools/llvm-libc-probe/.prefix/share/libc++/v1/std/stop_token.inc
-- Installing: /var/db/repos/Local/tools/llvm-libc-probe/.prefix/share/libc++/v1/std/streambuf.inc
-- Installing: /var/db/repos/Local/tools/llvm-libc-probe/.prefix/share/libc++/v1/std/string.inc
-- Installing: /var/db/repos/Local/tools/llvm-libc-probe/.prefix/share/libc++/v1/std/string_view.inc
-- Installing: /var/db/repos/Local/tools/llvm-libc-probe/.prefix/share/libc++/v1/std/strstream.inc
-- Installing: /var/db/repos/Local/tools/llvm-libc-probe/.prefix/share/libc++/v1/std/syncstream.inc
-- Installing: /var/db/repos/Local/tools/llvm-libc-probe/.prefix/share/libc++/v1/std/system_error.inc
-- Installing: /var/db/repos/Local/tools/llvm-libc-probe/.prefix/share/libc++/v1/std/text_encoding.inc
-- Installing: /var/db/repos/Local/tools/llvm-libc-probe/.prefix/share/libc++/v1/std/thread.inc
-- Installing: /var/db/repos/Local/tools/llvm-libc-probe/.prefix/share/libc++/v1/std/tuple.inc
-- Installing: /var/db/repos/Local/tools/llvm-libc-probe/.prefix/share/libc++/v1/std/type_traits.inc
-- Installing: /var/db/repos/Local/tools/llvm-libc-probe/.prefix/share/libc++/v1/std/typeindex.inc
-- Installing: /var/db/repos/Local/tools/llvm-libc-probe/.prefix/share/libc++/v1/std/typeinfo.inc
-- Installing: /var/db/repos/Local/tools/llvm-libc-probe/.prefix/share/libc++/v1/std/unordered_map.inc
-- Installing: /var/db/repos/Local/tools/llvm-libc-probe/.prefix/share/libc++/v1/std/unordered_set.inc
-- Installing: /var/db/repos/Local/tools/llvm-libc-probe/.prefix/share/libc++/v1/std/utility.inc
-- Installing: /var/db/repos/Local/tools/llvm-libc-probe/.prefix/share/libc++/v1/std/valarray.inc
-- Installing: /var/db/repos/Local/tools/llvm-libc-probe/.prefix/share/libc++/v1/std/variant.inc
-- Installing: /var/db/repos/Local/tools/llvm-libc-probe/.prefix/share/libc++/v1/std/vector.inc
-- Installing: /var/db/repos/Local/tools/llvm-libc-probe/.prefix/share/libc++/v1/std/version.inc
-- Installing: /var/db/repos/Local/tools/llvm-libc-probe/.prefix/share/libc++/v1/std.compat/cassert.inc
-- Installing: /var/db/repos/Local/tools/llvm-libc-probe/.prefix/share/libc++/v1/std.compat/cctype.inc
-- Installing: /var/db/repos/Local/tools/llvm-libc-probe/.prefix/share/libc++/v1/std.compat/cerrno.inc
-- Installing: /var/db/repos/Local/tools/llvm-libc-probe/.prefix/share/libc++/v1/std.compat/cfenv.inc
-- Installing: /var/db/repos/Local/tools/llvm-libc-probe/.prefix/share/libc++/v1/std.compat/cfloat.inc
-- Installing: /var/db/repos/Local/tools/llvm-libc-probe/.prefix/share/libc++/v1/std.compat/cinttypes.inc
-- Installing: /var/db/repos/Local/tools/llvm-libc-probe/.prefix/share/libc++/v1/std.compat/climits.inc
-- Installing: /var/db/repos/Local/tools/llvm-libc-probe/.prefix/share/libc++/v1/std.compat/clocale.inc
-- Installing: /var/db/repos/Local/tools/llvm-libc-probe/.prefix/share/libc++/v1/std.compat/cmath.inc
-- Installing: /var/db/repos/Local/tools/llvm-libc-probe/.prefix/share/libc++/v1/std.compat/csetjmp.inc
-- Installing: /var/db/repos/Local/tools/llvm-libc-probe/.prefix/share/libc++/v1/std.compat/csignal.inc
-- Installing: /var/db/repos/Local/tools/llvm-libc-probe/.prefix/share/libc++/v1/std.compat/cstdarg.inc
-- Installing: /var/db/repos/Local/tools/llvm-libc-probe/.prefix/share/libc++/v1/std.compat/cstddef.inc
-- Installing: /var/db/repos/Local/tools/llvm-libc-probe/.prefix/share/libc++/v1/std.compat/cstdint.inc
-- Installing: /var/db/repos/Local/tools/llvm-libc-probe/.prefix/share/libc++/v1/std.compat/cstdio.inc
-- Installing: /var/db/repos/Local/tools/llvm-libc-probe/.prefix/share/libc++/v1/std.compat/cstdlib.inc
-- Installing: /var/db/repos/Local/tools/llvm-libc-probe/.prefix/share/libc++/v1/std.compat/cstring.inc
-- Installing: /var/db/repos/Local/tools/llvm-libc-probe/.prefix/share/libc++/v1/std.compat/ctime.inc
-- Installing: /var/db/repos/Local/tools/llvm-libc-probe/.prefix/share/libc++/v1/std.compat/cuchar.inc
-- Installing: /var/db/repos/Local/tools/llvm-libc-probe/.prefix/share/libc++/v1/std.compat/cwchar.inc
-- Installing: /var/db/repos/Local/tools/llvm-libc-probe/.prefix/share/libc++/v1/std.compat/cwctype.inc
-- Installing: /var/db/repos/Local/tools/llvm-libc-probe/.prefix/share/libc++/v1/std.cppm
-- Installing: /var/db/repos/Local/tools/llvm-libc-probe/.prefix/share/libc++/v1/std.compat.cppm
-- Installing: /var/db/repos/Local/tools/llvm-libc-probe/.prefix/lib/libc++.modules.json
[1;34m==>[0m artifacts:
    /var/db/repos/Local/tools/llvm-libc-probe/.prefix/lib/libunwind.a
    /var/db/repos/Local/tools/llvm-libc-probe/.prefix/lib/libc++abi.a
    /var/db/repos/Local/tools/llvm-libc-probe/.prefix/lib/libc++.a
    /var/db/repos/Local/tools/llvm-libc-probe/.prefix/lib/libc++experimental.a
CXX_BUILD_EXIT=0
