[1;34m==>[0m building the llvm-libc compatibility shim
    /var/db/repos/Local/tools/llvm-libc-probe/.prefix/lib/libllvmlibccompat.a
[1;34m==>[0m configuring libunwind + libcxxabi + libcxx against llvm-libc
[1;34m==>[0m   threads=external locale=ON wide=ON fs=OFF
-- Performing standalone runtimes build.
-- The C compiler identification is Clang 22.1.8
-- The CXX compiler identification is Clang 22.1.8
-- The ASM compiler identification is Clang with GNU-like command-line
-- Found assembler: /usr/lib/llvm/22/bin/clang
-- Detecting C compiler ABI info
-- Detecting C compiler ABI info - done
-- Check for working C compiler: /usr/lib/llvm/22/bin/clang - skipped
-- Detecting C compile features
-- Detecting C compile features - done
-- Detecting CXX compiler ABI info
-- Detecting CXX compiler ABI info - done
-- Check for working CXX compiler: /usr/lib/llvm/22/bin/clang++ - skipped
-- Detecting CXX compile features
-- Detecting CXX compile features - done
-- Could NOT find LLVM (missing: LLVM_DIR)
-- Could NOT find Clang (missing: Clang_DIR)
-- Performing Test CXX_SUPPORTS_UNWINDLIB_EQ_NONE_FLAG
-- Performing Test CXX_SUPPORTS_UNWINDLIB_EQ_NONE_FLAG - Success
-- Performing Test C_SUPPORTS_START_NO_UNUSED_ARGUMENTS
-- Performing Test C_SUPPORTS_START_NO_UNUSED_ARGUMENTS - Success
-- Performing Test CXX_SUPPORTS_NOSTDLIBXX_FLAG
-- Performing Test CXX_SUPPORTS_NOSTDLIBXX_FLAG - Success
-- Performing Test CXX_SUPPORTS_NOSTDINCXX_FLAG
-- Performing Test CXX_SUPPORTS_NOSTDINCXX_FLAG - Success
-- Linker detection: GNU ld
-- Performing Test LLVM_USES_LIBSTDCXX
-- Performing Test LLVM_USES_LIBSTDCXX - Failed
-- Performing Test LLVM_DEFAULT_TO_GLIBCXX_USE_CXX11_ABI
-- Performing Test LLVM_DEFAULT_TO_GLIBCXX_USE_CXX11_ABI - Failed
-- Performing Test SUPPORTS_FVISIBILITY_INLINES_HIDDEN_FLAG
-- Performing Test SUPPORTS_FVISIBILITY_INLINES_HIDDEN_FLAG - Success
-- Performing Test CXX_SUPPORTS_SUGGEST_OVERRIDE_FLAG
-- Performing Test CXX_SUPPORTS_SUGGEST_OVERRIDE_FLAG - Success
-- Performing Test CXX_WSUGGEST_OVERRIDE_ALLOWS_ONLY_FINAL
-- Performing Test CXX_WSUGGEST_OVERRIDE_ALLOWS_ONLY_FINAL - Success
-- Performing Test C_WCOMMENT_ALLOWS_LINE_WRAP
-- Performing Test C_WCOMMENT_ALLOWS_LINE_WRAP - Success
-- Performing Test C_SUPPORTS_MISLEADING_INDENTATION_FLAG
-- Performing Test C_SUPPORTS_MISLEADING_INDENTATION_FLAG - Success
-- Performing Test CXX_SUPPORTS_MISLEADING_INDENTATION_FLAG
-- Performing Test CXX_SUPPORTS_MISLEADING_INDENTATION_FLAG - Success
-- Performing Test C_SUPPORTS_CTAD_MAYBE_UNSPPORTED_FLAG
-- Performing Test C_SUPPORTS_CTAD_MAYBE_UNSPPORTED_FLAG - Success
-- Performing Test CXX_SUPPORTS_CTAD_MAYBE_UNSPPORTED_FLAG
-- Performing Test CXX_SUPPORTS_CTAD_MAYBE_UNSPPORTED_FLAG - Success
-- Performing Test LINKER_SUPPORTS_COLOR_DIAGNOSTICS
-- Performing Test LINKER_SUPPORTS_COLOR_DIAGNOSTICS - Failed
-- Looking for os_signpost_interval_begin
-- Looking for os_signpost_interval_begin - not found
-- Looking for flock
-- Looking for flock - not found
-- Found Python3: /usr/sbin/python3.14 (found version "3.14.7") found components: Interpreter
-- LLVM host triple: x86_64-unknown-linux-gnu
-- LLVM default target triple: x86_64-unknown-linux-gnu
-- Using libunwind testing configuration: /var/db/repos/Local/tools/llvm-libc-probe/.src/llvm-project/libunwind/test/configs/llvm-libunwind-static.cfg.in
-- Looking for __mips_hard_float
-- Looking for __mips_hard_float - not found
-- Looking for _ABIO32
-- Looking for _ABIO32 - not found
-- Looking for fopen in c
-- Looking for fopen in c - not found
-- Performing Test C_SUPPORTS_COMMENT_LIB_PRAGMA
-- Performing Test C_SUPPORTS_COMMENT_LIB_PRAGMA - Success
-- Looking for __arm__
-- Looking for __arm__ - not found
-- Looking for __USING_SJLJ_EXCEPTIONS__
-- Looking for __USING_SJLJ_EXCEPTIONS__ - not found
-- Looking for __ARM_DWARF_EH__
-- Looking for __ARM_DWARF_EH__ - not found
-- Looking for dladdr in dl
-- Looking for dladdr in dl - found
-- Looking for pthread_once in pthread
-- Looking for pthread_once in pthread - found
-- Performing Test CXX_SUPPORTS_WERROR_EQ_RETURN_TYPE_FLAG
-- Performing Test CXX_SUPPORTS_WERROR_EQ_RETURN_TYPE_FLAG - Success
-- Performing Test CXX_SUPPORTS_FSTRICT_ALIASING_FLAG
-- Performing Test CXX_SUPPORTS_FSTRICT_ALIASING_FLAG - Success
-- Performing Test CXX_SUPPORTS_EHSC_FLAG
-- Performing Test CXX_SUPPORTS_EHSC_FLAG - Failed
-- Performing Test CXX_SUPPORTS_FUNWIND_TABLES_FLAG
-- Performing Test CXX_SUPPORTS_FUNWIND_TABLES_FLAG - Success
-- Performing Test CXX_SUPPORTS_FNO_EXCEPTIONS_FLAG
-- Performing Test CXX_SUPPORTS_FNO_EXCEPTIONS_FLAG - Success
-- Performing Test CXX_SUPPORTS_FNO_RTTI_FLAG
-- Performing Test CXX_SUPPORTS_FNO_RTTI_FLAG - Success
-- Looking for getauxval
-- Looking for getauxval - found
-- Looking for elf_aux_info
-- Looking for elf_aux_info - not found
-- Performing Test CXX_SUPPORTS_WALL_FLAG
-- Performing Test CXX_SUPPORTS_WALL_FLAG - Success
-- Performing Test CXX_SUPPORTS_WEXTRA_FLAG
-- Performing Test CXX_SUPPORTS_WEXTRA_FLAG - Success
-- Performing Test CXX_SUPPORTS_WNEWLINE_EOF_FLAG
-- Performing Test CXX_SUPPORTS_WNEWLINE_EOF_FLAG - Success
-- Performing Test CXX_SUPPORTS_WSHADOW_FLAG
-- Performing Test CXX_SUPPORTS_WSHADOW_FLAG - Success
-- Performing Test CXX_SUPPORTS_WWRITE_STRINGS_FLAG
-- Performing Test CXX_SUPPORTS_WWRITE_STRINGS_FLAG - Success
-- Performing Test CXX_SUPPORTS_WNO_UNUSED_PARAMETER_FLAG
-- Performing Test CXX_SUPPORTS_WNO_UNUSED_PARAMETER_FLAG - Success
-- Performing Test CXX_SUPPORTS_WNO_LONG_LONG_FLAG
-- Performing Test CXX_SUPPORTS_WNO_LONG_LONG_FLAG - Success
-- Performing Test CXX_SUPPORTS_WEXTRA_SEMI_FLAG
-- Performing Test CXX_SUPPORTS_WEXTRA_SEMI_FLAG - Success
-- Performing Test CXX_SUPPORTS_WUNDEF_FLAG
-- Performing Test CXX_SUPPORTS_WUNDEF_FLAG - Success
-- Performing Test CXX_SUPPORTS_WUNUSED_TEMPLATE_FLAG
-- Performing Test CXX_SUPPORTS_WUNUSED_TEMPLATE_FLAG - Success
-- Performing Test CXX_SUPPORTS_WFORMAT_NONLITERAL_FLAG
-- Performing Test CXX_SUPPORTS_WFORMAT_NONLITERAL_FLAG - Success
-- Performing Test CXX_SUPPORTS_WZERO_LENGTH_ARRAY_FLAG
-- Performing Test CXX_SUPPORTS_WZERO_LENGTH_ARRAY_FLAG - Success
-- Performing Test CXX_SUPPORTS_WDEPRECATED_REDUNDANT_CONSTEXPR_STATIC_DEF_FLAG
-- Performing Test CXX_SUPPORTS_WDEPRECATED_REDUNDANT_CONSTEXPR_STATIC_DEF_FLAG - Success
-- Performing Test CXX_SUPPORTS_WNO_NULLABILITY_COMPLETENESS_FLAG
-- Performing Test CXX_SUPPORTS_WNO_NULLABILITY_COMPLETENESS_FLAG - Success
-- Performing Test CXX_SUPPORTS_WMISSING_PROTOTYPES_FLAG
-- Performing Test CXX_SUPPORTS_WMISSING_PROTOTYPES_FLAG - Success
-- Performing Test CXX_SUPPORTS_WNO_USER_DEFINED_LITERALS_FLAG
-- Performing Test CXX_SUPPORTS_WNO_USER_DEFINED_LITERALS_FLAG - Success
-- Performing Test CXX_SUPPORTS_WNO_COVERED_SWITCH_DEFAULT_FLAG
-- Performing Test CXX_SUPPORTS_WNO_COVERED_SWITCH_DEFAULT_FLAG - Success
-- Performing Test CXX_SUPPORTS_WNO_SUGGEST_OVERRIDE_FLAG
-- Performing Test CXX_SUPPORTS_WNO_SUGGEST_OVERRIDE_FLAG - Success
-- Performing Test CXX_SUPPORTS_WNO_ERROR_FLAG
-- Performing Test CXX_SUPPORTS_WNO_ERROR_FLAG - Success
-- Performing Test CXX_SUPPORTS_PEDANTIC_FLAG
-- Performing Test CXX_SUPPORTS_PEDANTIC_FLAG - Success
-- Found Sphinx: /usr/sbin/sphinx-build
-- Using libc++abi testing configuration: /var/db/repos/Local/tools/llvm-libc-probe/.src/llvm-project/libcxxabi/test/configs/llvm-libc++abi-static.cfg.in
-- Looking for fopen in c
-- Looking for fopen in c - not found
-- Looking for dladdr in dl
-- Looking for dladdr in dl - found
-- Looking for pthread_once in pthread
-- Looking for pthread_once in pthread - found
-- Looking for __cxa_thread_atexit_impl in c
-- Looking for __cxa_thread_atexit_impl in c - found
-- Performing Test C_SUPPORTS_FUNWIND_TABLES_FLAG
-- Performing Test C_SUPPORTS_FUNWIND_TABLES_FLAG - Success
-- Performing Test CXX_SUPPORTS_FSIZED_DEALLOCATION_FLAG
-- Performing Test CXX_SUPPORTS_FSIZED_DEALLOCATION_FLAG - Success
-- Using libc++ testing configuration: /var/db/repos/Local/tools/llvm-libc-probe/.src/llvm-project/libcxx/test/configs/llvm-libc++-static.cfg.in
-- Performing Test CXX_SUPPORTS_NOSTDLIBINC_FLAG
-- Performing Test CXX_SUPPORTS_NOSTDLIBINC_FLAG - Success
-- Performing Test CXX_SUPPORTS_NOLIBC_FLAG
-- Performing Test CXX_SUPPORTS_NOLIBC_FLAG - Success
-- Looking for __PICOLIBC__
-- Looking for __PICOLIBC__ - not found
-- Looking for pthread_create in pthread
-- Looking for pthread_create in pthread - found
-- Looking for clock_gettime in rt
-- Looking for clock_gettime in rt - found
-- Looking for __atomic_fetch_add_8 in atomic
-- Looking for __atomic_fetch_add_8 in atomic - found
-- Performing Test CXX_SUPPORTS_FDEBUG_PREFIX_MAP_EQ_/VAR/DB/REPOS/LOCAL/TOOLS/LLVM_LIBC_PROBE/.BUILD_CXX_FULL/INCLUDE/CXX/V1_EQ_/VAR/DB/REPOS/LOCAL/TOOLS/LLVM_LIBC_PROBE/.SRC/LLVM_PROJECT/LIBCXX/INCLUDE_FLAG
-- Performing Test CXX_SUPPORTS_FDEBUG_PREFIX_MAP_EQ_/VAR/DB/REPOS/LOCAL/TOOLS/LLVM_LIBC_PROBE/.BUILD_CXX_FULL/INCLUDE/CXX/V1_EQ_/VAR/DB/REPOS/LOCAL/TOOLS/LLVM_LIBC_PROBE/.SRC/LLVM_PROJECT/LIBCXX/INCLUDE_FLAG - Success
-- Performing Test CXX_SUPPORTS_FALIGNED_ALLOCATION_FLAG
-- Performing Test CXX_SUPPORTS_FALIGNED_ALLOCATION_FLAG - Success
-- Performing Test CXX_SUPPORTS_FVISIBILITY_INLINES_HIDDEN_FLAG
-- Performing Test CXX_SUPPORTS_FVISIBILITY_INLINES_HIDDEN_FLAG - Success
-- Performing Test CXX_SUPPORTS_FVISIBILITY_EQ_HIDDEN_FLAG
-- Performing Test CXX_SUPPORTS_FVISIBILITY_EQ_HIDDEN_FLAG - Success
-- Configuring done (5.7s)
-- Generating done (0.1s)
-- Build files have been written to: /var/db/repos/Local/tools/llvm-libc-probe/.build-cxx-full
[1;34m==>[0m building
ninja: Entering directory `/var/db/repos/Local/tools/llvm-libc-probe/.build-cxx-full'
[1/1889] Copying CXXABI header __cxxabi_config.h
[2/1889] Copying CXX header __algorithm/binary_search.h
[3/1889] Copying CXXABI header cxxabi.h
[4/1889] Copying CXX header __algorithm/all_of.h
[5/1889] Copying CXX header __algorithm/copy.h
[6/1889] Copying CXX header __algorithm/copy_backward.h
[7/1889] Copying CXX header __algorithm/copy_move_common.h
[8/1889] Copying CXX header __algorithm/adjacent_find.h
[9/1889] Copying CXX header __algorithm/any_of.h
[10/1889] Copying CXX header __algorithm/clamp.h
[11/1889] Copying CXX header __algorithm/comp_ref_type.h
[12/1889] Copying CXX header __algorithm/copy_if.h
[13/1889] Copying CXX header __algorithm/count.h
[14/1889] Copying CXX header __algorithm/comp.h
[15/1889] Copying CXX header __algorithm/copy_n.h
[16/1889] Copying CXX header __algorithm/count_if.h
[17/1889] Copying CXX header __algorithm/equal_range.h
[18/1889] Copying CXX header __algorithm/fill.h
[19/1889] Copying CXX header __algorithm/find.h
[20/1889] Copying CXX header __algorithm/find_end.h
[21/1889] Copying CXX header __algorithm/equal.h
[22/1889] Copying CXX header __algorithm/fill_n.h
[23/1889] Copying CXX header __algorithm/find_if.h
[24/1889] Copying CXX header __algorithm/find_if_not.h
[25/1889] Copying CXX header __algorithm/for_each_n.h
[26/1889] Copying CXX header __algorithm/find_first_of.h
[27/1889] Copying CXX header __algorithm/find_segment_if.h
[28/1889] Copying CXX header __algorithm/for_each.h
[29/1889] Copying CXX header __algorithm/for_each_n_segment.h
[30/1889] Copying CXX header __algorithm/generate.h
[31/1889] Copying CXX header __algorithm/half_positive.h
[32/1889] Copying CXX header __algorithm/for_each_segment.h
[33/1889] Copying CXX header __algorithm/in_found_result.h
[34/1889] Copying CXX header __algorithm/in_fun_result.h
[35/1889] Copying CXX header __algorithm/in_in_out_result.h
[36/1889] Copying CXX header __algorithm/generate_n.h
[37/1889] Copying CXX header __algorithm/in_out_out_result.h
[38/1889] Copying CXX header __algorithm/in_out_result.h
[39/1889] Copying CXX header __algorithm/inplace_merge.h
[40/1889] Copying CXX header __algorithm/in_in_result.h
[41/1889] Copying CXX header __algorithm/includes.h
[42/1889] Copying CXX header __algorithm/is_heap.h
[43/1889] Copying CXX header __algorithm/is_partitioned.h
[44/1889] Copying CXX header __algorithm/is_permutation.h
[45/1889] Copying CXX header __algorithm/is_sorted_until.h
[46/1889] Copying CXX header __algorithm/is_heap_until.h
[47/1889] Copying CXX header __algorithm/is_sorted.h
[48/1889] Copying CXX header __algorithm/iter_swap.h
[49/1889] Copying CXX header __algorithm/iterator_operations.h
[50/1889] Copying CXX header __algorithm/lexicographical_compare_three_way.h
[51/1889] Copying CXX header __algorithm/lower_bound.h
[52/1889] Copying CXX header __algorithm/make_heap.h
[53/1889] Copying CXX header __algorithm/make_projected.h
[54/1889] Copying CXX header __algorithm/max.h
[55/1889] Copying CXX header __algorithm/max_element.h
[56/1889] Copying CXX header __algorithm/lexicographical_compare.h
[57/1889] Copying CXX header __algorithm/min_element.h
[58/1889] Copying CXX header __algorithm/minmax.h
[59/1889] Copying CXX header __algorithm/merge.h
[60/1889] Copying CXX header __algorithm/min_max_result.h
[61/1889] Copying CXX header __algorithm/min.h
[62/1889] Copying CXX header __algorithm/minmax_element.h
[63/1889] Copying CXX header __algorithm/mismatch.h
[64/1889] Copying CXX header __algorithm/move_backward.h
[65/1889] Copying CXX header __algorithm/none_of.h
[66/1889] Copying CXX header __algorithm/out_value_result.h
[67/1889] Copying CXX header __algorithm/partial_sort_copy.h
[68/1889] Copying CXX header __algorithm/partition_point.h
[69/1889] Copying CXX header __algorithm/move.h
[70/1889] Copying CXX header __algorithm/next_permutation.h
[71/1889] Copying CXX header __algorithm/nth_element.h
[72/1889] Copying CXX header __algorithm/partition_copy.h
[73/1889] Copying CXX header __algorithm/pop_heap.h
[74/1889] Copying CXX header __algorithm/partial_sort.h
[75/1889] Copying CXX header __algorithm/partition.h
[76/1889] Copying CXX header __algorithm/prev_permutation.h
[77/1889] Copying CXX header __algorithm/pstl.h
[78/1889] Copying CXX header __algorithm/push_heap.h
[79/1889] Copying CXX header __algorithm/radix_sort.h
[80/1889] Copying CXX header __algorithm/ranges_adjacent_find.h
[81/1889] Copying CXX header __algorithm/ranges_all_of.h
[82/1889] Copying CXX header __algorithm/ranges_any_of.h
[83/1889] Copying CXX header __algorithm/ranges_clamp.h
[84/1889] Copying CXX header __algorithm/ranges_contains.h
[85/1889] Copying CXX header __algorithm/ranges_binary_search.h
[86/1889] Copying CXX header __algorithm/ranges_contains_subrange.h
[87/1889] Copying CXX header __algorithm/ranges_copy.h
[88/1889] Copying CXX header __algorithm/ranges_copy_backward.h
[89/1889] Copying CXX header __algorithm/ranges_copy_if.h
[90/1889] Copying CXX header __algorithm/ranges_copy_n.h
[91/1889] Copying CXX header __algorithm/ranges_count.h
[92/1889] Copying CXX header __algorithm/ranges_count_if.h
[93/1889] Copying CXX header __algorithm/ranges_ends_with.h
[94/1889] Copying CXX header __algorithm/ranges_equal.h
[95/1889] Copying CXX header __algorithm/ranges_fill.h
[96/1889] Copying CXX header __algorithm/ranges_fill_n.h
[97/1889] Copying CXX header __algorithm/ranges_equal_range.h
[98/1889] Copying CXX header __algorithm/ranges_find.h
[99/1889] Copying CXX header __algorithm/ranges_find_end.h
[100/1889] Copying CXX header __algorithm/ranges_find_first_of.h
[101/1889] Copying CXX header __algorithm/ranges_find_if.h
[102/1889] Copying CXX header __algorithm/ranges_find_last.h
[103/1889] Copying CXX header __algorithm/ranges_find_if_not.h
[104/1889] Copying CXX header __algorithm/ranges_fold.h
[105/1889] Copying CXX header __algorithm/ranges_for_each.h
[106/1889] Copying CXX header __algorithm/ranges_for_each_n.h
[107/1889] Copying CXX header __algorithm/ranges_generate_n.h
[108/1889] Copying CXX header __algorithm/ranges_includes.h
[109/1889] Copying CXX header __algorithm/ranges_inplace_merge.h
[110/1889] Copying CXX header __algorithm/ranges_is_heap_until.h
[111/1889] Copying CXX header __algorithm/ranges_is_partitioned.h
[112/1889] Copying CXX header __algorithm/ranges_generate.h
[113/1889] Copying CXX header __algorithm/ranges_is_heap.h
[114/1889] Copying CXX header __algorithm/ranges_is_permutation.h
[115/1889] Copying CXX header __algorithm/ranges_is_sorted.h
[116/1889] Copying CXX header __algorithm/ranges_is_sorted_until.h
[117/1889] Copying CXX header __algorithm/ranges_iterator_concept.h
[118/1889] Copying CXX header __algorithm/ranges_lexicographical_compare.h
[119/1889] Copying CXX header __algorithm/ranges_lower_bound.h
[120/1889] Copying CXX header __algorithm/ranges_max.h
[121/1889] Copying CXX header __algorithm/ranges_make_heap.h
[122/1889] Copying CXX header __algorithm/ranges_max_element.h
[123/1889] Copying CXX header __algorithm/ranges_merge.h
[124/1889] Copying CXX header __algorithm/ranges_min.h
[125/1889] Copying CXX header __algorithm/ranges_min_element.h
[126/1889] Copying CXX header __algorithm/ranges_minmax.h
[127/1889] Copying CXX header __algorithm/ranges_mismatch.h
[128/1889] Copying CXX header __algorithm/ranges_minmax_element.h
[129/1889] Copying CXX header __algorithm/ranges_next_permutation.h
[130/1889] Copying CXX header __algorithm/ranges_partial_sort_copy.h
[131/1889] Copying CXX header __algorithm/ranges_move.h
[132/1889] Copying CXX header __algorithm/ranges_none_of.h
[133/1889] Copying CXX header __algorithm/ranges_nth_element.h
[134/1889] Copying CXX header __algorithm/ranges_partition.h
[135/1889] Copying CXX header __algorithm/ranges_partition_copy.h
[136/1889] Copying CXX header __algorithm/ranges_partial_sort.h
[137/1889] Copying CXX header __algorithm/ranges_partition_point.h
[138/1889] Copying CXX header __algorithm/ranges_pop_heap.h
[139/1889] Copying CXX header __algorithm/ranges_prev_permutation.h
[140/1889] Copying CXX header __algorithm/ranges_move_backward.h
[141/1889] Copying CXX header __algorithm/ranges_remove.h
[142/1889] Copying CXX header __algorithm/ranges_remove_copy.h
[143/1889] Copying CXX header __algorithm/ranges_remove_copy_if.h
[144/1889] Copying CXX header __algorithm/ranges_push_heap.h
[145/1889] Copying CXX header __algorithm/ranges_remove_if.h
[146/1889] Copying CXX header __algorithm/ranges_replace.h
[147/1889] Copying CXX header __algorithm/ranges_replace_copy_if.h
[148/1889] Copying CXX header __algorithm/ranges_replace_copy.h
[149/1889] Copying CXX header __algorithm/ranges_replace_if.h
[150/1889] Copying CXX header __algorithm/ranges_rotate.h
[151/1889] Copying CXX header __algorithm/ranges_reverse.h
[152/1889] Copying CXX header __algorithm/ranges_reverse_copy.h
[153/1889] Copying CXX header __algorithm/ranges_rotate_copy.h
[154/1889] Copying CXX header __algorithm/ranges_sample.h
[155/1889] Copying CXX header __algorithm/ranges_search_n.h
[156/1889] Copying CXX header __algorithm/ranges_set_intersection.h
[157/1889] Copying CXX header __algorithm/ranges_search.h
[158/1889] Copying CXX header __algorithm/ranges_set_difference.h
[159/1889] Copying CXX header __algorithm/ranges_set_symmetric_difference.h
[160/1889] Copying CXX header __algorithm/ranges_set_union.h
[161/1889] Copying CXX header __algorithm/ranges_shuffle.h
[162/1889] Copying CXX header __algorithm/ranges_sort.h
[163/1889] Copying CXX header __algorithm/ranges_sort_heap.h
[164/1889] Copying CXX header __algorithm/ranges_stable_partition.h
[165/1889] Copying CXX header __algorithm/ranges_stable_sort.h
[166/1889] Copying CXX header __algorithm/ranges_swap_ranges.h
[167/1889] Copying CXX header __algorithm/ranges_transform.h
[168/1889] Copying CXX header __algorithm/ranges_unique_copy.h
[169/1889] Copying CXX header __algorithm/remove_copy.h
[170/1889] Copying CXX header __algorithm/ranges_starts_with.h
[171/1889] Copying CXX header __algorithm/ranges_unique.h
[172/1889] Copying CXX header __algorithm/ranges_upper_bound.h
[173/1889] Copying CXX header __algorithm/remove.h
[174/1889] Copying CXX header __algorithm/remove_copy_if.h
[175/1889] Copying CXX header __algorithm/replace.h
[176/1889] Copying CXX header __algorithm/replace_copy.h
[177/1889] Copying CXX header __algorithm/remove_if.h
[178/1889] Copying CXX header __algorithm/replace_copy_if.h
[179/1889] Copying CXX header __algorithm/replace_if.h
[180/1889] Copying CXX header __algorithm/reverse.h
[181/1889] Copying CXX header __algorithm/reverse_copy.h
[182/1889] Copying CXX header __algorithm/rotate_copy.h
[183/1889] Copying CXX header __algorithm/sample.h
[184/1889] Copying CXX header __algorithm/rotate.h
[185/1889] Copying CXX header __algorithm/search.h
[186/1889] Copying CXX header __algorithm/search_n.h
[187/1889] Copying CXX header __algorithm/set_difference.h
[188/1889] Copying CXX header __algorithm/set_intersection.h
[189/1889] Copying CXX header __algorithm/set_symmetric_difference.h
[190/1889] Copying CXX header __algorithm/set_union.h
[191/1889] Copying CXX header __algorithm/shift_left.h
[192/1889] Copying CXX header __algorithm/shift_right.h
[193/1889] Copying CXX header __algorithm/shuffle.h
[194/1889] Copying CXX header __algorithm/sift_down.h
[195/1889] Copying CXX header __algorithm/sort_heap.h
[196/1889] Copying CXX header __algorithm/simd_utils.h
[197/1889] Copying CXX header __algorithm/sort.h
[198/1889] Copying CXX header __algorithm/specialized_algorithms.h
[199/1889] Copying CXX header __algorithm/stable_partition.h
[200/1889] Copying CXX header __algorithm/transform.h
[201/1889] Copying CXX header __algorithm/uniform_random_bit_generator_adaptor.h
[202/1889] Copying CXX header __algorithm/stable_sort.h
[203/1889] Copying CXX header __algorithm/swap_ranges.h
[204/1889] Copying CXX header __algorithm/three_way_comp_ref_type.h
[205/1889] Copying CXX header __algorithm/unique.h
[206/1889] Copying CXX header __algorithm/unique_copy.h
[207/1889] Copying CXX header __algorithm/unwrap_iter.h
[208/1889] Copying CXX header __algorithm/unwrap_range.h
[209/1889] Copying CXX header __algorithm/upper_bound.h
[210/1889] Copying CXX header __assert
[211/1889] Copying CXX header __atomic/aliases.h
[212/1889] Copying CXX header __atomic/atomic.h
[213/1889] Copying CXX header __atomic/atomic_flag.h
[214/1889] Copying CXX header __atomic/atomic_init.h
[215/1889] Copying CXX header __atomic/atomic_lock_free.h
[216/1889] Copying CXX header __atomic/atomic_ref.h
[217/1889] Copying CXX header __atomic/atomic_sync.h
[218/1889] Copying CXX header __atomic/atomic_sync_timed.h
[219/1889] Copying CXX header __atomic/atomic_waitable_traits.h
[220/1889] Copying CXX header __atomic/check_memory_order.h
[221/1889] Copying CXX header __atomic/contention_t.h
[222/1889] Copying CXX header __atomic/fence.h
[223/1889] Copying CXX header __atomic/floating_point_helper.h
[224/1889] Copying CXX header __atomic/is_always_lock_free.h
[225/1889] Copying CXX header __atomic/memory_order.h
[226/1889] Copying CXX header __atomic/kill_dependency.h
[227/1889] Copying CXX header __atomic/support.h
[228/1889] Copying CXX header __atomic/support/c11.h
[229/1889] Copying CXX header __atomic/support/gcc.h
[230/1889] Copying CXX header __bit/bit_floor.h
[231/1889] Copying CXX header __bit/bit_log2.h
[232/1889] Copying CXX header __atomic/to_gcc_order.h
[233/1889] Copying CXX header __bit/bit_cast.h
[234/1889] Copying CXX header __bit/bit_ceil.h
[235/1889] Copying CXX header __bit/bit_width.h
[236/1889] Copying CXX header __bit/byteswap.h
[237/1889] Copying CXX header __bit/blsr.h
[238/1889] Copying CXX header __bit/countl.h
[239/1889] Copying CXX header __bit/countr.h
[240/1889] Copying CXX header __bit/has_single_bit.h
[241/1889] Copying CXX header __bit/endian.h
[242/1889] Copying CXX header __bit/invert_if.h
[243/1889] Copying CXX header __bit/popcount.h
[244/1889] Copying CXX header __bit/rotate.h
[245/1889] Copying CXX header __charconv/from_chars_integral.h
[246/1889] Copying CXX header __bit_reference
[247/1889] Copying CXX header __charconv/from_chars_floating_point.h
[248/1889] Copying CXX header __charconv/from_chars_result.h
[249/1889] Copying CXX header __charconv/tables.h
[250/1889] Copying CXX header __charconv/chars_format.h
[251/1889] Copying CXX header __charconv/to_chars.h
[252/1889] Copying CXX header __charconv/to_chars_floating_point.h
[253/1889] Copying CXX header __charconv/to_chars_base_10.h
[254/1889] Copying CXX header __charconv/to_chars_result.h
[255/1889] Copying CXX header __chrono/concepts.h
[256/1889] Copying CXX header __chrono/convert_to_timespec.h
[257/1889] Copying CXX header __chrono/convert_to_tm.h
[258/1889] Copying CXX header __chrono/duration.h
[259/1889] Copying CXX header __charconv/to_chars_integral.h
[260/1889] Copying CXX header __charconv/traits.h
[261/1889] Copying CXX header __chrono/calendar.h
[262/1889] Copying CXX header __chrono/file_clock.h
[263/1889] Copying CXX header __chrono/day.h
[264/1889] Copying CXX header __chrono/exception.h
[265/1889] Copying CXX header __chrono/formatter.h
[266/1889] Copying CXX header __chrono/gps_clock.h
[267/1889] Copying CXX header __chrono/hh_mm_ss.h
[268/1889] Copying CXX header __chrono/high_resolution_clock.h
[269/1889] Copying CXX header __chrono/is_clock.h
[270/1889] Copying CXX header __chrono/monthday.h
[271/1889] Copying CXX header __chrono/leap_second.h
[272/1889] Copying CXX header __chrono/literals.h
[273/1889] Copying CXX header __chrono/local_info.h
[274/1889] Copying CXX header __chrono/month.h
[275/1889] Copying CXX header __chrono/ostream.h
[276/1889] Copying CXX header __chrono/month_weekday.h
[277/1889] Copying CXX header __chrono/parser_std_format_spec.h
[278/1889] Copying CXX header __chrono/statically_widen.h
[279/1889] Copying CXX header __chrono/steady_clock.h
[280/1889] Copying CXX header __chrono/sys_info.h
[281/1889] Copying CXX header __chrono/tai_clock.h
[282/1889] Copying CXX header __chrono/system_clock.h
[283/1889] Copying CXX header __chrono/time_zone_link.h
[284/1889] Copying CXX header __chrono/tzdb.h
[285/1889] Copying CXX header __chrono/tzdb_list.h
[286/1889] Copying CXX header __chrono/time_point.h
[287/1889] Copying CXX header __chrono/time_zone.h
[288/1889] Copying CXX header __chrono/utc_clock.h
[289/1889] Copying CXX header __chrono/weekday.h
[290/1889] Copying CXX header __chrono/year.h
[291/1889] Copying CXX header __chrono/year_month_day.h
[292/1889] Copying CXX header __chrono/year_month_weekday.h
[293/1889] Copying CXX header __chrono/zoned_time.h
[294/1889] Copying CXX header __compare/compare_partial_order_fallback.h
[295/1889] Copying CXX header __chrono/year_month.h
[296/1889] Copying CXX header __compare/common_comparison_category.h
[297/1889] Copying CXX header __compare/compare_strong_order_fallback.h
[298/1889] Copying CXX header __compare/compare_three_way.h
[299/1889] Copying CXX header __compare/compare_three_way_result.h
[300/1889] Copying CXX header __compare/is_eq.h
[301/1889] Copying CXX header __compare/compare_weak_order_fallback.h
[302/1889] Copying CXX header __compare/partial_order.h
[303/1889] Copying CXX header __compare/ordering.h
[304/1889] Copying CXX header __compare/strong_order.h
[305/1889] Copying CXX header __compare/synth_three_way.h
[306/1889] Copying CXX header __compare/three_way_comparable.h
[307/1889] Copying CXX header __compare/weak_order.h
[308/1889] Copying CXX header __concepts/arithmetic.h
[309/1889] Copying CXX header __concepts/assignable.h
[310/1889] Copying CXX header __concepts/boolean_testable.h
[311/1889] Copying CXX header __concepts/class_or_enum.h
[312/1889] Copying CXX header __concepts/common_reference_with.h
[313/1889] Copying CXX header __concepts/convertible_to.h
[314/1889] Copying CXX header __concepts/common_with.h
[315/1889] Copying CXX header __concepts/comparison_common_type.h
[316/1889] Copying CXX header __concepts/constructible.h
[317/1889] Copying CXX header __concepts/copyable.h
[318/1889] Copying CXX header __concepts/derived_from.h
[319/1889] Copying CXX header __concepts/destructible.h
[320/1889] Copying CXX header __concepts/different_from.h
[321/1889] Copying CXX header __concepts/invocable.h
[322/1889] Copying CXX header __concepts/predicate.h
[323/1889] Copying CXX header __concepts/regular.h
[324/1889] Copying CXX header __concepts/same_as.h
[325/1889] Copying CXX header __concepts/equality_comparable.h
[326/1889] Copying CXX header __concepts/movable.h
[327/1889] Copying CXX header __concepts/relation.h
[328/1889] Copying CXX header __concepts/semiregular.h
[329/1889] Copying CXX header __concepts/swappable.h
[330/1889] Copying CXX header __concepts/totally_ordered.h
[331/1889] Copying CXX header __condition_variable/condition_variable.h
[332/1889] Copying CXX header __config
[333/1889] Copying CXX header __configuration/abi.h
[334/1889] Copying CXX header __configuration/compiler.h
[335/1889] Copying CXX header __configuration/experimental.h
[336/1889] Copying CXX header __configuration/hardening.h
[337/1889] Copying CXX header __configuration/availability.h
[338/1889] Copying CXX header __configuration/language.h
[339/1889] Copying CXX header __configuration/platform.h
[340/1889] Copying CXX header __coroutine/coroutine_handle.h
[341/1889] Copying CXX header __coroutine/coroutine_traits.h
[342/1889] Copying CXX header __coroutine/noop_coroutine_handle.h
[343/1889] Copying CXX header __coroutine/trivial_awaitables.h
[344/1889] Copying CXX header __cstddef/max_align_t.h
[345/1889] Copying CXX header __cstddef/ptrdiff_t.h
[346/1889] Copying CXX header __cstddef/byte.h
[347/1889] Copying CXX header __cstddef/nullptr_t.h
[348/1889] Copying CXX header __cstddef/size_t.h
[349/1889] Copying CXX header __cxx03/__algorithm/adjacent_find.h
[350/1889] Copying CXX header __cxx03/__algorithm/all_of.h
[351/1889] Copying CXX header __cxx03/__algorithm/any_of.h
[352/1889] Copying CXX header __cxx03/__algorithm/binary_search.h
[353/1889] Copying CXX header __cxx03/__algorithm/comp.h
[354/1889] Copying CXX header __cxx03/__algorithm/comp_ref_type.h
[355/1889] Copying CXX header __cxx03/__algorithm/copy.h
[356/1889] Copying CXX header __cxx03/__algorithm/copy_backward.h
[357/1889] Copying CXX header __cxx03/__algorithm/copy_if.h
[358/1889] Copying CXX header __cxx03/__algorithm/copy_move_common.h
[359/1889] Copying CXX header __cxx03/__algorithm/copy_n.h
[360/1889] Copying CXX header __cxx03/__algorithm/count.h
[361/1889] Copying CXX header __cxx03/__algorithm/equal.h
[362/1889] Copying CXX header __cxx03/__algorithm/fill.h
[363/1889] Copying CXX header __cxx03/__algorithm/fill_n.h
[364/1889] Copying CXX header __cxx03/__algorithm/find.h
[365/1889] Copying CXX header __cxx03/__algorithm/count_if.h
[366/1889] Copying CXX header __cxx03/__algorithm/equal_range.h
[367/1889] Copying CXX header __cxx03/__algorithm/find_first_of.h
[368/1889] Copying CXX header __cxx03/__algorithm/find_end.h
[369/1889] Copying CXX header __cxx03/__algorithm/find_if.h
[370/1889] Copying CXX header __cxx03/__algorithm/find_if_not.h
[371/1889] Copying CXX header __cxx03/__algorithm/find_segment_if.h
[372/1889] Copying CXX header __cxx03/__algorithm/for_each.h
[373/1889] Copying CXX header __cxx03/__algorithm/generate.h
[374/1889] Copying CXX header __cxx03/__algorithm/includes.h
[375/1889] Copying CXX header __cxx03/__algorithm/is_heap_until.h
[376/1889] Copying CXX header __cxx03/__algorithm/for_each_segment.h
[377/1889] Copying CXX header __cxx03/__algorithm/generate_n.h
[378/1889] Copying CXX header __cxx03/__algorithm/is_heap.h
[379/1889] Copying CXX header __cxx03/__algorithm/is_partitioned.h
[380/1889] Copying CXX header __cxx03/__algorithm/half_positive.h
[381/1889] Copying CXX header __cxx03/__algorithm/inplace_merge.h
[382/1889] Copying CXX header __cxx03/__algorithm/is_permutation.h
[383/1889] Copying CXX header __cxx03/__algorithm/is_sorted.h
[384/1889] Copying CXX header __cxx03/__algorithm/iter_swap.h
[385/1889] Copying CXX header __cxx03/__algorithm/lexicographical_compare.h
[386/1889] Copying CXX header __cxx03/__algorithm/is_sorted_until.h
[387/1889] Copying CXX header __cxx03/__algorithm/lower_bound.h
[388/1889] Copying CXX header __cxx03/__algorithm/iterator_operations.h
[389/1889] Copying CXX header __cxx03/__algorithm/make_heap.h
[390/1889] Copying CXX header __cxx03/__algorithm/max.h
[391/1889] Copying CXX header __cxx03/__algorithm/merge.h
[392/1889] Copying CXX header __cxx03/__algorithm/minmax.h
[393/1889] Copying CXX header __cxx03/__algorithm/max_element.h
[394/1889] Copying CXX header __cxx03/__algorithm/make_projected.h
[395/1889] Copying CXX header __cxx03/__algorithm/min.h
[396/1889] Copying CXX header __cxx03/__algorithm/move.h
[397/1889] Copying CXX header __cxx03/__algorithm/none_of.h
[398/1889] Copying CXX header __cxx03/__algorithm/min_element.h
[399/1889] Copying CXX header __cxx03/__algorithm/minmax_element.h
[400/1889] Copying CXX header __cxx03/__algorithm/move_backward.h
[401/1889] Copying CXX header __cxx03/__algorithm/next_permutation.h
[402/1889] Copying CXX header __cxx03/__algorithm/partial_sort.h
[403/1889] Copying CXX header __cxx03/__algorithm/partial_sort_copy.h
[404/1889] Copying CXX header __cxx03/__algorithm/mismatch.h
[405/1889] Copying CXX header __cxx03/__algorithm/nth_element.h
[406/1889] Copying CXX header __cxx03/__algorithm/partition.h
[407/1889] Copying CXX header __cxx03/__algorithm/partition_copy.h
[408/1889] Copying CXX header __cxx03/__algorithm/partition_point.h
[409/1889] Copying CXX header __cxx03/__algorithm/pop_heap.h
[410/1889] Copying CXX header __cxx03/__algorithm/prev_permutation.h
[411/1889] Copying CXX header __cxx03/__algorithm/push_heap.h
[412/1889] Copying CXX header __cxx03/__algorithm/remove.h
[413/1889] Copying CXX header __cxx03/__algorithm/remove_copy.h
[414/1889] Copying CXX header __cxx03/__algorithm/remove_if.h
[415/1889] Copying CXX header __cxx03/__algorithm/remove_copy_if.h
[416/1889] Copying CXX header __cxx03/__algorithm/replace.h
[417/1889] Copying CXX header __cxx03/__algorithm/replace_copy.h
[418/1889] Copying CXX header __cxx03/__algorithm/replace_copy_if.h
[419/1889] Copying CXX header __cxx03/__algorithm/replace_if.h
[420/1889] Copying CXX header __cxx03/__algorithm/reverse.h
[421/1889] Copying CXX header __cxx03/__algorithm/reverse_copy.h
[422/1889] Copying CXX header __cxx03/__algorithm/rotate.h
[423/1889] Copying CXX header __cxx03/__algorithm/rotate_copy.h
[424/1889] Copying CXX header __cxx03/__algorithm/search.h
[425/1889] Copying CXX header __cxx03/__algorithm/search_n.h
[426/1889] Copying CXX header __cxx03/__algorithm/set_difference.h
[427/1889] Copying CXX header __cxx03/__algorithm/set_intersection.h
[428/1889] Copying CXX header __cxx03/__algorithm/set_symmetric_difference.h
[429/1889] Copying CXX header __cxx03/__algorithm/set_union.h
[430/1889] Copying CXX header __cxx03/__algorithm/shuffle.h
[431/1889] Copying CXX header __cxx03/__algorithm/sift_down.h
[432/1889] Copying CXX header __cxx03/__algorithm/simd_utils.h
[433/1889] Copying CXX header __cxx03/__algorithm/sort.h
[434/1889] Copying CXX header __cxx03/__algorithm/sort_heap.h
[435/1889] Copying CXX header __cxx03/__algorithm/stable_partition.h
[436/1889] Copying CXX header __cxx03/__algorithm/stable_sort.h
[437/1889] Copying CXX header __cxx03/__algorithm/swap_ranges.h
[438/1889] Copying CXX header __cxx03/__algorithm/three_way_comp_ref_type.h
[439/1889] Copying CXX header __cxx03/__algorithm/transform.h
[440/1889] Copying CXX header __cxx03/__algorithm/unique_copy.h
[441/1889] Copying CXX header __cxx03/__algorithm/uniform_random_bit_generator_adaptor.h
[442/1889] Copying CXX header __cxx03/__algorithm/unique.h
[443/1889] Copying CXX header __cxx03/__algorithm/unwrap_iter.h
[444/1889] Copying CXX header __cxx03/__algorithm/unwrap_range.h
[445/1889] Copying CXX header __cxx03/__assert
[446/1889] Copying CXX header __cxx03/__atomic/aliases.h
[447/1889] Copying CXX header __cxx03/__algorithm/upper_bound.h
[448/1889] Copying CXX header __cxx03/__atomic/atomic.h
[449/1889] Copying CXX header __cxx03/__atomic/atomic_base.h
[450/1889] Copying CXX header __cxx03/__atomic/atomic_flag.h
[451/1889] Copying CXX header __cxx03/__atomic/atomic_init.h
[452/1889] Copying CXX header __cxx03/__atomic/atomic_lock_free.h
[453/1889] Copying CXX header __cxx03/__atomic/check_memory_order.h
[454/1889] Copying CXX header __cxx03/__atomic/atomic_sync.h
[455/1889] Copying CXX header __cxx03/__atomic/contention_t.h
[456/1889] Copying CXX header __cxx03/__atomic/cxx_atomic_impl.h
[457/1889] Copying CXX header __cxx03/__atomic/fence.h
[458/1889] Copying CXX header __cxx03/__atomic/is_always_lock_free.h
[459/1889] Copying CXX header __cxx03/__atomic/kill_dependency.h
[460/1889] Copying CXX header __cxx03/__atomic/memory_order.h
[461/1889] Copying CXX header __cxx03/__atomic/to_gcc_order.h
[462/1889] Copying CXX header __cxx03/__bit/blsr.h
[463/1889] Copying CXX header __cxx03/__bit/countr.h
[464/1889] Copying CXX header __cxx03/__bit/countl.h
[465/1889] Copying CXX header __cxx03/__bit/invert_if.h
[466/1889] Copying CXX header __cxx03/__bit/popcount.h
[467/1889] Copying CXX header __cxx03/__bit/rotate.h
[468/1889] Copying CXX header __cxx03/__bit_reference
[469/1889] Copying CXX header __cxx03/__chrono/convert_to_timespec.h
[470/1889] Copying CXX header __cxx03/__chrono/duration.h
[471/1889] Copying CXX header __cxx03/__chrono/high_resolution_clock.h
[472/1889] Copying CXX header __cxx03/__chrono/steady_clock.h
[473/1889] Copying CXX header __cxx03/__chrono/system_clock.h
[474/1889] Copying CXX header __cxx03/__chrono/time_point.h
[475/1889] Copying CXX header __cxx03/__condition_variable/condition_variable.h
[476/1889] Copying CXX header __cxx03/__configuration/availability.h
[477/1889] Copying CXX header __cxx03/__configuration/compiler.h
[478/1889] Copying CXX header __cxx03/__config
[479/1889] Copying CXX header __cxx03/__configuration/abi.h
[480/1889] Copying CXX header __cxx03/__configuration/config_site_shim.h
[481/1889] Copying CXX header __cxx03/__configuration/language.h
[482/1889] Copying CXX header __cxx03/__configuration/platform.h
[483/1889] Copying CXX header __cxx03/__debug_utils/randomize_range.h
[484/1889] Copying CXX header __cxx03/__debug_utils/sanitizers.h
[485/1889] Copying CXX header __cxx03/__debug_utils/strict_weak_ordering_check.h
[486/1889] Copying CXX header __cxx03/__exception/exception_ptr.h
[487/1889] Copying CXX header __cxx03/__exception/nested_exception.h
[488/1889] Copying CXX header __cxx03/__functional/binary_function.h
[489/1889] Copying CXX header __cxx03/__exception/exception.h
[490/1889] Copying CXX header __cxx03/__exception/operations.h
[491/1889] Copying CXX header __cxx03/__exception/terminate.h
[492/1889] Copying CXX header __cxx03/__functional/bind.h
[493/1889] Copying CXX header __cxx03/__functional/binary_negate.h
[494/1889] Copying CXX header __cxx03/__functional/binder1st.h
[495/1889] Copying CXX header __cxx03/__functional/binder2nd.h
[496/1889] Copying CXX header __cxx03/__functional/hash.h
[497/1889] Copying CXX header __cxx03/__functional/identity.h
[498/1889] Copying CXX header __cxx03/__functional/mem_fn.h
[499/1889] Copying CXX header __cxx03/__functional/pointer_to_unary_function.h
[500/1889] Copying CXX header __cxx03/__functional/mem_fun_ref.h
[501/1889] Copying CXX header __cxx03/__functional/unary_negate.h
[502/1889] Copying CXX header __cxx03/__functional/pointer_to_binary_function.h
[503/1889] Copying CXX header __cxx03/__functional/reference_wrapper.h
[504/1889] Copying CXX header __cxx03/__functional/unary_function.h
[505/1889] Copying CXX header __cxx03/__functional/weak_result_type.h
[506/1889] Copying CXX header __cxx03/__fwd/array.h
[507/1889] Copying CXX header __cxx03/__functional/operations.h
[508/1889] Copying CXX header __cxx03/__fwd/bit_reference.h
[509/1889] Copying CXX header __cxx03/__fwd/complex.h
[510/1889] Copying CXX header __cxx03/__fwd/deque.h
[511/1889] Copying CXX header __cxx03/__fwd/fstream.h
[512/1889] Copying CXX header __cxx03/__fwd/memory.h
[513/1889] Copying CXX header __cxx03/__fwd/ios.h
[514/1889] Copying CXX header __cxx03/__fwd/istream.h
[515/1889] Copying CXX header __cxx03/__fwd/ostream.h
[516/1889] Copying CXX header __cxx03/__fwd/queue.h
[517/1889] Copying CXX header __cxx03/__fwd/sstream.h
[518/1889] Copying CXX header __cxx03/__fwd/functional.h
[519/1889] Copying CXX header __cxx03/__fwd/pair.h
[520/1889] Copying CXX header __cxx03/__fwd/string_view.h
[521/1889] Copying CXX header __cxx03/__fwd/stack.h
[522/1889] Copying CXX header __cxx03/__fwd/streambuf.h
[523/1889] Copying CXX header __cxx03/__iterator/access.h
[524/1889] Copying CXX header __cxx03/__fwd/tuple.h
[525/1889] Copying CXX header __cxx03/__ios/fpos.h
[526/1889] Copying CXX header __cxx03/__fwd/string.h
[527/1889] Copying CXX header __cxx03/__fwd/vector.h
[528/1889] Copying CXX header __cxx03/__hash_table
[529/1889] Copying CXX header __cxx03/__iterator/advance.h
[530/1889] Copying CXX header __cxx03/__iterator/aliasing_iterator.h
[531/1889] Copying CXX header __cxx03/__iterator/back_insert_iterator.h
[532/1889] Copying CXX header __cxx03/__iterator/bounded_iter.h
[533/1889] Copying CXX header __cxx03/__iterator/distance.h
[534/1889] Copying CXX header __cxx03/__iterator/erase_if_container.h
[535/1889] Copying CXX header __cxx03/__iterator/front_insert_iterator.h
[536/1889] Copying CXX header __cxx03/__iterator/insert_iterator.h
[537/1889] Copying CXX header __cxx03/__iterator/istream_iterator.h
[538/1889] Copying CXX header __cxx03/__iterator/istreambuf_iterator.h
[539/1889] Copying CXX header __cxx03/__iterator/iterator.h
[540/1889] Copying CXX header __cxx03/__iterator/iterator_traits.h
[541/1889] Copying CXX header __cxx03/__iterator/move_iterator.h
[542/1889] Copying CXX header __cxx03/__iterator/next.h
[543/1889] Copying CXX header __cxx03/__iterator/ostreambuf_iterator.h
[544/1889] Copying CXX header __cxx03/__iterator/prev.h
[545/1889] Copying CXX header __cxx03/__iterator/ostream_iterator.h
[546/1889] Copying CXX header __cxx03/__iterator/reverse_iterator.h
[547/1889] Copying CXX header __cxx03/__iterator/segmented_iterator.h
[548/1889] Copying CXX header __cxx03/__iterator/wrap_iter.h
[549/1889] Copying CXX header __cxx03/__locale
[550/1889] Copying CXX header __cxx03/__locale_dir/locale_base_api.h
[551/1889] Copying CXX header __cxx03/__locale_dir/locale_base_api/bsd_locale_defaults.h
[552/1889] Copying CXX header __cxx03/__locale_dir/locale_base_api/android.h
[553/1889] Copying CXX header __cxx03/__locale_dir/locale_base_api/bsd_locale_fallbacks.h
[554/1889] Copying CXX header __cxx03/__locale_dir/locale_base_api/fuchsia.h
[555/1889] Copying CXX header __cxx03/__locale_dir/locale_base_api/ibm.h
[556/1889] Copying CXX header __cxx03/__locale_dir/locale_base_api/musl.h
[557/1889] Copying CXX header __cxx03/__locale_dir/locale_base_api/newlib.h
[558/1889] Copying CXX header __cxx03/__locale_dir/locale_base_api/locale_guard.h
[559/1889] Copying CXX header __cxx03/__locale_dir/locale_base_api/openbsd.h
[560/1889] Copying CXX header __cxx03/__locale_dir/locale_base_api/win32.h
[561/1889] Copying CXX header __cxx03/__math/abs.h
[562/1889] Copying CXX header __cxx03/__math/copysign.h
[563/1889] Copying CXX header __cxx03/__math/exponential_functions.h
[564/1889] Copying CXX header __cxx03/__math/fdim.h
[565/1889] Copying CXX header __cxx03/__math/error_functions.h
[566/1889] Copying CXX header __cxx03/__math/fma.h
[567/1889] Copying CXX header __cxx03/__math/gamma.h
[568/1889] Copying CXX header __cxx03/__math/hyperbolic_functions.h
[569/1889] Copying CXX header __cxx03/__math/logarithms.h
[570/1889] Copying CXX header __cxx03/__math/hypot.h
[571/1889] Copying CXX header __cxx03/__math/inverse_hyperbolic_functions.h
[572/1889] Copying CXX header __cxx03/__math/inverse_trigonometric_functions.h
[573/1889] Copying CXX header __cxx03/__math/min_max.h
[574/1889] Copying CXX header __cxx03/__math/modulo.h
[575/1889] Copying CXX header __cxx03/__math/remainder.h
[576/1889] Copying CXX header __cxx03/__math/roots.h
[577/1889] Copying CXX header __cxx03/__math/rounding_functions.h
[578/1889] Copying CXX header __cxx03/__math/traits.h
[579/1889] Copying CXX header __cxx03/__memory/allocate_at_least.h
[580/1889] Copying CXX header __cxx03/__memory/allocation_guard.h
[581/1889] Copying CXX header __cxx03/__memory/allocator.h
[582/1889] Copying CXX header __cxx03/__mbstate_t.h
[583/1889] Copying CXX header __cxx03/__memory/align.h
[584/1889] Copying CXX header __cxx03/__memory/allocator_arg_t.h
[585/1889] Copying CXX header __cxx03/__math/trigonometric_functions.h
[586/1889] Copying CXX header __cxx03/__memory/addressof.h
[587/1889] Copying CXX header __cxx03/__memory/aligned_alloc.h
[588/1889] Copying CXX header __cxx03/__memory/allocator_destructor.h
[589/1889] Copying CXX header __cxx03/__memory/allocator_traits.h
[590/1889] Copying CXX header __cxx03/__memory/assume_aligned.h
[591/1889] Copying CXX header __cxx03/__memory/auto_ptr.h
[592/1889] Copying CXX header __cxx03/__memory/builtin_new_allocator.h
[593/1889] Copying CXX header __cxx03/__memory/compressed_pair.h
[594/1889] Copying CXX header __cxx03/__memory/construct_at.h
[595/1889] Copying CXX header __cxx03/__memory/raw_storage_iterator.h
[596/1889] Copying CXX header __cxx03/__memory/destruct_n.h
[597/1889] Copying CXX header __cxx03/__memory/pointer_traits.h
[598/1889] Copying CXX header __cxx03/__memory/shared_ptr.h
[599/1889] Copying CXX header __cxx03/__memory/swap_allocator.h
[600/1889] Copying CXX header __cxx03/__memory/temp_value.h
[601/1889] Copying CXX header __cxx03/__memory/temporary_buffer.h
[602/1889] Copying CXX header __cxx03/__memory/uninitialized_algorithms.h
[603/1889] Copying CXX header __cxx03/__memory/unique_ptr.h
[604/1889] Copying CXX header __cxx03/__memory/uses_allocator.h
[605/1889] Copying CXX header __cxx03/__memory/voidify.h
[606/1889] Copying CXX header __cxx03/__mutex/mutex.h
[607/1889] Copying CXX header __cxx03/__mutex/lock_guard.h
[608/1889] Copying CXX header __cxx03/__mutex/once_flag.h
[609/1889] Copying CXX header __cxx03/__mutex/tag_types.h
[610/1889] Copying CXX header __cxx03/__mutex/unique_lock.h
[611/1889] Copying CXX header __cxx03/__numeric/accumulate.h
[612/1889] Copying CXX header __cxx03/__numeric/inner_product.h
[613/1889] Copying CXX header __cxx03/__ostream/basic_ostream.h
[614/1889] Copying CXX header __cxx03/__random/cauchy_distribution.h
[615/1889] Copying CXX header __cxx03/__numeric/partial_sum.h
[616/1889] Copying CXX header __cxx03/__random/bernoulli_distribution.h
[617/1889] Copying CXX header __cxx03/__random/binomial_distribution.h
[618/1889] Copying CXX header __cxx03/__random/chi_squared_distribution.h
[619/1889] Copying CXX header __cxx03/__random/default_random_engine.h
[620/1889] Copying CXX header __cxx03/__random/discrete_distribution.h
[621/1889] Copying CXX header __cxx03/__numeric/adjacent_difference.h
[622/1889] Copying CXX header __cxx03/__numeric/iota.h
[623/1889] Copying CXX header __cxx03/__random/clamp_to_integral.h
[624/1889] Copying CXX header __cxx03/__random/discard_block_engine.h
[625/1889] Copying CXX header __cxx03/__random/exponential_distribution.h
[626/1889] Copying CXX header __cxx03/__random/extreme_value_distribution.h
[627/1889] Copying CXX header __cxx03/__random/fisher_f_distribution.h
[628/1889] Copying CXX header __cxx03/__random/geometric_distribution.h
[629/1889] Copying CXX header __cxx03/__random/independent_bits_engine.h
[630/1889] Copying CXX header __cxx03/__random/is_seed_sequence.h
[631/1889] Copying CXX header __cxx03/__random/is_valid.h
[632/1889] Copying CXX header __cxx03/__random/linear_congruential_engine.h
[633/1889] Copying CXX header __cxx03/__random/log2.h
[634/1889] Copying CXX header __cxx03/__random/gamma_distribution.h
[635/1889] Copying CXX header __cxx03/__random/generate_canonical.h
[636/1889] Copying CXX header __cxx03/__random/knuth_b.h
[637/1889] Copying CXX header __cxx03/__random/lognormal_distribution.h
[638/1889] Copying CXX header __cxx03/__random/mersenne_twister_engine.h
[639/1889] Copying CXX header __cxx03/__random/negative_binomial_distribution.h
[640/1889] Copying CXX header __cxx03/__random/normal_distribution.h
[641/1889] Copying CXX header __cxx03/__random/piecewise_constant_distribution.h
[642/1889] Copying CXX header __cxx03/__random/piecewise_linear_distribution.h
[643/1889] Copying CXX header __cxx03/__random/poisson_distribution.h
[644/1889] Copying CXX header __cxx03/__random/random_device.h
[645/1889] Copying CXX header __cxx03/__random/seed_seq.h
[646/1889] Copying CXX header __cxx03/__random/shuffle_order_engine.h
[647/1889] Copying CXX header __cxx03/__random/student_t_distribution.h
[648/1889] Copying CXX header __cxx03/__random/subtract_with_carry_engine.h
[649/1889] Copying CXX header __cxx03/__random/ranlux.h
[650/1889] Copying CXX header __cxx03/__random/uniform_int_distribution.h
[651/1889] Copying CXX header __cxx03/__random/uniform_real_distribution.h
[652/1889] Copying CXX header __cxx03/__random/weibull_distribution.h
[653/1889] Copying CXX header __cxx03/__split_buffer
[654/1889] Copying CXX header __cxx03/__std_clang_module
[655/1889] Copying CXX header __cxx03/__std_mbstate_t.h
[656/1889] Copying CXX header __cxx03/__string/char_traits.h
[657/1889] Copying CXX header __cxx03/__string/constexpr_c_functions.h
[658/1889] Copying CXX header __cxx03/__string/extern_template_lists.h
[659/1889] Copying CXX header __cxx03/__support/ibm/gettod_zos.h
[660/1889] Copying CXX header __cxx03/__support/ibm/locale_mgmt_zos.h
[661/1889] Copying CXX header __cxx03/__support/ibm/nanosleep.h
[662/1889] Copying CXX header __cxx03/__support/xlocale/__nop_locale_mgmt.h
[663/1889] Copying CXX header __cxx03/__support/xlocale/__posix_l_fallback.h
[664/1889] Copying CXX header __cxx03/__support/xlocale/__strtonum_fallback.h
[665/1889] Copying CXX header __cxx03/__system_error/errc.h
[666/1889] Copying CXX header __cxx03/__system_error/error_category.h
[667/1889] Copying CXX header __cxx03/__system_error/error_code.h
[668/1889] Copying CXX header __cxx03/__system_error/error_condition.h
[669/1889] Copying CXX header __cxx03/__system_error/system_error.h
[670/1889] Copying CXX header __cxx03/__thread/id.h
[671/1889] Copying CXX header __cxx03/__thread/poll_with_backoff.h
[672/1889] Copying CXX header __cxx03/__thread/support.h
[673/1889] Copying CXX header __cxx03/__thread/support/c11.h
[674/1889] Copying CXX header __cxx03/__thread/this_thread.h
[675/1889] Copying CXX header __cxx03/__thread/thread.h
[676/1889] Copying CXX header __cxx03/__thread/support/external.h
[677/1889] Copying CXX header __cxx03/__thread/support/pthread.h
[678/1889] Copying CXX header __cxx03/__thread/support/windows.h
[679/1889] Copying CXX header __cxx03/__thread/timed_backoff_policy.h
[680/1889] Copying CXX header __cxx03/__tree
[681/1889] Copying CXX header __cxx03/__tuple/find_index.h
[682/1889] Copying CXX header __cxx03/__tuple/sfinae_helpers.h
[683/1889] Copying CXX header __cxx03/__tuple/tuple_element.h
[684/1889] Copying CXX header __cxx03/__tuple/tuple_indices.h
[685/1889] Copying CXX header __cxx03/__tuple/tuple_like.h
[686/1889] Copying CXX header __cxx03/__tuple/make_tuple_types.h
[687/1889] Copying CXX header __cxx03/__tuple/tuple_like_ext.h
[688/1889] Copying CXX header __cxx03/__tuple/tuple_like_no_subrange.h
[689/1889] Copying CXX header __cxx03/__tuple/tuple_size.h
[690/1889] Copying CXX header __cxx03/__tuple/tuple_types.h
[691/1889] Copying CXX header __cxx03/__type_traits/add_const.h
[692/1889] Copying CXX header __cxx03/__type_traits/add_lvalue_reference.h
[693/1889] Copying CXX header __cxx03/__type_traits/add_pointer.h
[694/1889] Copying CXX header __cxx03/__type_traits/add_rvalue_reference.h
[695/1889] Copying CXX header __cxx03/__type_traits/add_cv.h
[696/1889] Copying CXX header __cxx03/__type_traits/add_volatile.h
[697/1889] Copying CXX header __cxx03/__type_traits/aligned_storage.h
[698/1889] Copying CXX header __cxx03/__type_traits/aligned_union.h
[699/1889] Copying CXX header __cxx03/__type_traits/alignment_of.h
[700/1889] Copying CXX header __cxx03/__type_traits/datasizeof.h
[701/1889] Copying CXX header __cxx03/__type_traits/copy_cv.h
[702/1889] Copying CXX header __cxx03/__type_traits/copy_cvref.h
[703/1889] Copying CXX header __cxx03/__type_traits/decay.h
[704/1889] Copying CXX header __cxx03/__type_traits/can_extract_key.h
[705/1889] Copying CXX header __cxx03/__type_traits/common_type.h
[706/1889] Copying CXX header __cxx03/__type_traits/conditional.h
[707/1889] Copying CXX header __cxx03/__type_traits/dependent_type.h
[708/1889] Copying CXX header __cxx03/__type_traits/disjunction.h
[709/1889] Copying CXX header __cxx03/__type_traits/conjunction.h
[710/1889] Copying CXX header __cxx03/__type_traits/desugars_to.h
[711/1889] Copying CXX header __cxx03/__type_traits/enable_if.h
[712/1889] Copying CXX header __cxx03/__type_traits/extent.h
[713/1889] Copying CXX header __cxx03/__type_traits/invoke.h
[714/1889] Copying CXX header __cxx03/__type_traits/integral_constant.h
[715/1889] Copying CXX header __cxx03/__type_traits/has_virtual_destructor.h
[716/1889] Copying CXX header __cxx03/__type_traits/is_abstract.h
[717/1889] Copying CXX header __cxx03/__type_traits/is_allocator.h
[718/1889] Copying CXX header __cxx03/__type_traits/is_always_bitcastable.h
[719/1889] Copying CXX header __cxx03/__type_traits/is_array.h
[720/1889] Copying CXX header __cxx03/__type_traits/is_assignable.h
[721/1889] Copying CXX header __cxx03/__type_traits/is_arithmetic.h
[722/1889] Copying CXX header __cxx03/__type_traits/is_base_of.h
[723/1889] Copying CXX header __cxx03/__type_traits/is_bounded_array.h
[724/1889] Copying CXX header __cxx03/__type_traits/is_char_like_type.h
[725/1889] Copying CXX header __cxx03/__type_traits/is_class.h
[726/1889] Copying CXX header __cxx03/__type_traits/is_const.h
[727/1889] Copying CXX header __cxx03/__type_traits/is_callable.h
[728/1889] Copying CXX header __cxx03/__type_traits/is_compound.h
[729/1889] Copying CXX header __cxx03/__type_traits/is_constructible.h
[730/1889] Copying CXX header __cxx03/__type_traits/is_destructible.h
[731/1889] Copying CXX header __cxx03/__type_traits/is_constant_evaluated.h
[732/1889] Copying CXX header __cxx03/__type_traits/is_convertible.h
[733/1889] Copying CXX header __cxx03/__type_traits/is_empty.h
[734/1889] Copying CXX header __cxx03/__type_traits/is_enum.h
[735/1889] Copying CXX header __cxx03/__type_traits/is_core_convertible.h
[736/1889] Copying CXX header __cxx03/__type_traits/is_equality_comparable.h
[737/1889] Copying CXX header __cxx03/__type_traits/is_final.h
[738/1889] Copying CXX header __cxx03/__type_traits/is_execution_policy.h
[739/1889] Copying CXX header __cxx03/__type_traits/is_floating_point.h
[740/1889] Copying CXX header __cxx03/__type_traits/is_function.h
[741/1889] Copying CXX header __cxx03/__type_traits/is_fundamental.h
[742/1889] Copying CXX header __cxx03/__type_traits/is_implicitly_default_constructible.h
[743/1889] Copying CXX header __cxx03/__type_traits/is_integral.h
[744/1889] Copying CXX header __cxx03/__type_traits/is_literal_type.h
[745/1889] Copying CXX header __cxx03/__type_traits/is_member_pointer.h
[746/1889] Copying CXX header __cxx03/__type_traits/is_nothrow_assignable.h
[747/1889] Copying CXX header __cxx03/__type_traits/is_nothrow_destructible.h
[748/1889] Copying CXX header __cxx03/__type_traits/is_nothrow_constructible.h
[749/1889] Copying CXX header __cxx03/__type_traits/is_null_pointer.h
[750/1889] Copying CXX header __cxx03/__type_traits/is_object.h
[751/1889] Copying CXX header __cxx03/__type_traits/is_pointer.h
[752/1889] Copying CXX header __cxx03/__type_traits/is_polymorphic.h
[753/1889] Copying CXX header __cxx03/__type_traits/is_reference.h
[754/1889] Copying CXX header __cxx03/__type_traits/is_reference_wrapper.h
[755/1889] Copying CXX header __cxx03/__type_traits/is_pod.h
[756/1889] Copying CXX header __cxx03/__type_traits/is_primary_template.h
[757/1889] Copying CXX header __cxx03/__type_traits/is_referenceable.h
[758/1889] Copying CXX header __cxx03/__type_traits/is_same.h
[759/1889] Copying CXX header __cxx03/__type_traits/is_scalar.h
[760/1889] Copying CXX header __cxx03/__type_traits/is_signed.h
[761/1889] Copying CXX header __cxx03/__type_traits/is_signed_integer.h
[762/1889] Copying CXX header __cxx03/__type_traits/is_swappable.h
[763/1889] Copying CXX header __cxx03/__type_traits/is_trivial.h
[764/1889] Copying CXX header __cxx03/__type_traits/is_trivially_assignable.h
[765/1889] Copying CXX header __cxx03/__type_traits/is_trivially_constructible.h
[766/1889] Copying CXX header __cxx03/__type_traits/is_trivially_copyable.h
[767/1889] Copying CXX header __cxx03/__type_traits/is_trivially_destructible.h
[768/1889] Copying CXX header __cxx03/__type_traits/is_specialization.h
[769/1889] Copying CXX header __cxx03/__type_traits/is_standard_layout.h
[770/1889] Copying CXX header __cxx03/__type_traits/is_trivially_lexicographically_comparable.h
[771/1889] Copying CXX header __cxx03/__type_traits/is_trivially_relocatable.h
[772/1889] Copying CXX header __cxx03/__type_traits/is_unbounded_array.h
[773/1889] Copying CXX header __cxx03/__type_traits/is_union.h
[774/1889] Copying CXX header __cxx03/__type_traits/is_unsigned.h
[775/1889] Copying CXX header __cxx03/__type_traits/is_unsigned_integer.h
[776/1889] Copying CXX header __cxx03/__type_traits/is_valid_expansion.h
[777/1889] Copying CXX header __cxx03/__type_traits/is_void.h
[778/1889] Copying CXX header __cxx03/__type_traits/is_volatile.h
[779/1889] Copying CXX header __cxx03/__type_traits/lazy.h
[780/1889] Copying CXX header __cxx03/__type_traits/make_32_64_or_128_bit.h
[781/1889] Copying CXX header __cxx03/__type_traits/make_const_lvalue_ref.h
[782/1889] Copying CXX header __cxx03/__type_traits/make_signed.h
[783/1889] Copying CXX header __cxx03/__type_traits/make_unsigned.h
[784/1889] Copying CXX header __cxx03/__type_traits/maybe_const.h
[785/1889] Copying CXX header __cxx03/__type_traits/nat.h
[786/1889] Copying CXX header __cxx03/__type_traits/negation.h
[787/1889] Copying CXX header __cxx03/__type_traits/noexcept_move_assign_container.h
[788/1889] Copying CXX header __cxx03/__type_traits/promote.h
[789/1889] Copying CXX header __cxx03/__type_traits/rank.h
[790/1889] Copying CXX header __cxx03/__type_traits/remove_all_extents.h
[791/1889] Copying CXX header __cxx03/__type_traits/remove_const.h
[792/1889] Copying CXX header __cxx03/__type_traits/remove_cvref.h
[793/1889] Copying CXX header __cxx03/__type_traits/remove_const_ref.h
[794/1889] Copying CXX header __cxx03/__type_traits/remove_cv.h
[795/1889] Copying CXX header __cxx03/__type_traits/remove_extent.h
[796/1889] Copying CXX header __cxx03/__type_traits/remove_pointer.h
[797/1889] Copying CXX header __cxx03/__type_traits/remove_reference.h
[798/1889] Copying CXX header __cxx03/__type_traits/remove_volatile.h
[799/1889] Copying CXX header __cxx03/__type_traits/result_of.h
[800/1889] Copying CXX header __cxx03/__type_traits/strip_signature.h
[801/1889] Copying CXX header __cxx03/__type_traits/type_list.h
[802/1889] Copying CXX header __cxx03/__type_traits/unwrap_ref.h
[803/1889] Copying CXX header __cxx03/__type_traits/void_t.h
[804/1889] Copying CXX header __cxx03/__undef_macros
[805/1889] Copying CXX header __cxx03/__type_traits/type_identity.h
[806/1889] Copying CXX header __cxx03/__type_traits/underlying_type.h
[807/1889] Copying CXX header __cxx03/__utility/as_lvalue.h
[808/1889] Copying CXX header __cxx03/__utility/convert_to_integral.h
[809/1889] Copying CXX header __cxx03/__utility/empty.h
[810/1889] Copying CXX header __cxx03/__utility/auto_cast.h
[811/1889] Copying CXX header __cxx03/__utility/declval.h
[812/1889] Copying CXX header __cxx03/__utility/exception_guard.h
[813/1889] Copying CXX header __cxx03/__utility/forward.h
[814/1889] Copying CXX header __cxx03/__utility/integer_sequence.h
[815/1889] Copying CXX header __cxx03/__utility/is_pointer_in_range.h
[816/1889] Copying CXX header __cxx03/__utility/is_valid_range.h
[817/1889] Copying CXX header __cxx03/__utility/move.h
[818/1889] Copying CXX header __cxx03/__utility/no_destroy.h
[819/1889] Copying CXX header __cxx03/__utility/pair.h
[820/1889] Copying CXX header __cxx03/__utility/piecewise_construct.h
[821/1889] Copying CXX header __cxx03/__utility/priority_tag.h
[822/1889] Copying CXX header __cxx03/__utility/rel_ops.h
[823/1889] Copying CXX header __cxx03/__utility/swap.h
[824/1889] Copying CXX header __cxx03/__utility/unreachable.h
[825/1889] Copying CXX header __cxx03/__utility/private_constructor_tag.h
[826/1889] Copying CXX header __cxx03/__utility/small_buffer.h
[827/1889] Copying CXX header __cxx03/__variant/monostate.h
[828/1889] Copying CXX header __cxx03/__verbose_trap
[829/1889] Copying CXX header __cxx03/algorithm
[830/1889] Copying CXX header __cxx03/__verbose_abort
[831/1889] Copying CXX header __cxx03/array
[832/1889] Copying CXX header __cxx03/atomic
[833/1889] Copying CXX header __cxx03/bitset
[834/1889] Copying CXX header __cxx03/cassert
[835/1889] Copying CXX header __cxx03/ccomplex
[836/1889] Copying CXX header __cxx03/cctype
[837/1889] Copying CXX header __cxx03/cfloat
[838/1889] Copying CXX header __cxx03/chrono
[839/1889] Copying CXX header __cxx03/cerrno
[840/1889] Copying CXX header __cxx03/ciso646
[841/1889] Copying CXX header __cxx03/climits
[842/1889] Copying CXX header __cxx03/cfenv
[843/1889] Copying CXX header __cxx03/cinttypes
[844/1889] Copying CXX header __cxx03/clocale
[845/1889] Copying CXX header __cxx03/cmath
[846/1889] Copying CXX header __cxx03/codecvt
[847/1889] Copying CXX header __cxx03/condition_variable
[848/1889] Copying CXX header __cxx03/complex
[849/1889] Copying CXX header __cxx03/csignal
[850/1889] Copying CXX header __cxx03/cstdarg
[851/1889] Copying CXX header __cxx03/cstdbool
[852/1889] Copying CXX header __cxx03/cstdint
[853/1889] Copying CXX header __cxx03/csetjmp
[854/1889] Copying CXX header __cxx03/cstddef
[855/1889] Copying CXX header __cxx03/ctime
[856/1889] Copying CXX header __cxx03/cstdio
[857/1889] Copying CXX header __cxx03/cstdlib
[858/1889] Copying CXX header __cxx03/cstring
[859/1889] Copying CXX header __cxx03/ctgmath
[860/1889] Copying CXX header __cxx03/cuchar
[861/1889] Copying CXX header __cxx03/cwchar
[862/1889] Copying CXX header __cxx03/cwctype
[863/1889] Copying CXX header __cxx03/deque
[864/1889] Copying CXX header __cxx03/exception
[865/1889] Copying CXX header __cxx03/experimental/__config
[866/1889] Copying CXX header __cxx03/experimental/utility
[867/1889] Copying CXX header __cxx03/ext/__hash
[868/1889] Copying CXX header __cxx03/ext/hash_map
[869/1889] Copying CXX header __cxx03/ext/hash_set
[870/1889] Copying CXX header __cxx03/forward_list
[871/1889] Copying CXX header __cxx03/functional
[872/1889] Copying CXX header __cxx03/iomanip
[873/1889] Copying CXX header __cxx03/fstream
[874/1889] Copying CXX header __cxx03/future
[875/1889] Copying CXX header __cxx03/ios
[876/1889] Copying CXX header __cxx03/iosfwd
[877/1889] Copying CXX header __cxx03/iostream
[878/1889] Copying CXX header __cxx03/istream
[879/1889] Copying CXX header __cxx03/iterator
[880/1889] Copying CXX header __cxx03/limits
[881/1889] Copying CXX header __cxx03/list
[882/1889] Copying CXX header __cxx03/locale
[883/1889] Copying CXX header __cxx03/map
[884/1889] Copying CXX header __cxx03/locale.h
[885/1889] Copying CXX header __cxx03/math.h
[886/1889] Copying CXX header __cxx03/memory
[887/1889] Copying CXX header __cxx03/module.modulemap
[888/1889] Copying CXX header __cxx03/mutex
[889/1889] Copying CXX header __cxx03/new
[890/1889] Copying CXX header __cxx03/queue
[891/1889] Copying CXX header __cxx03/numeric
[892/1889] Copying CXX header __cxx03/ostream
[893/1889] Copying CXX header __cxx03/random
[894/1889] Copying CXX header __cxx03/ratio
[895/1889] Copying CXX header __cxx03/regex
[896/1889] Copying CXX header __cxx03/set
[897/1889] Copying CXX header __cxx03/sstream
[898/1889] Copying CXX header __cxx03/stack
[899/1889] Copying CXX header __cxx03/stdint.h
[900/1889] Copying CXX header __cxx03/stdatomic.h
[901/1889] Copying CXX header __cxx03/stdexcept
[902/1889] Copying CXX header __cxx03/stdlib.h
[903/1889] Copying CXX header __cxx03/streambuf
[904/1889] Copying CXX header __cxx03/string
[905/1889] Copying CXX header __cxx03/type_traits
[906/1889] Copying CXX header __cxx03/string.h
[907/1889] Copying CXX header __cxx03/string_view
[908/1889] Copying CXX header __cxx03/strstream
[909/1889] Copying CXX header __cxx03/system_error
[910/1889] Copying CXX header __cxx03/thread
[911/1889] Copying CXX header __cxx03/typeindex
[912/1889] Copying CXX header __cxx03/uchar.h
[913/1889] Copying CXX header __cxx03/typeinfo
[914/1889] Copying CXX header __cxx03/unordered_map
[915/1889] Copying CXX header __cxx03/unordered_set
[916/1889] Copying CXX header __cxx03/utility
[917/1889] Copying CXX header __cxx03/valarray
[918/1889] Copying CXX header __cxx03/vector
[919/1889] Copying CXX header __cxx03/version
[920/1889] Copying CXX header __cxx03/wchar.h
[921/1889] Copying CXX header __debug_utils/randomize_range.h
[922/1889] Copying CXX header __debug_utils/sanitizers.h
[923/1889] Copying CXX header __exception/exception.h
[924/1889] Copying CXX header __debug_utils/strict_weak_ordering_check.h
[925/1889] Copying CXX header __exception/exception_ptr.h
[926/1889] Copying CXX header __exception/nested_exception.h
[927/1889] Copying CXX header __exception/operations.h
[928/1889] Copying CXX header __expected/bad_expected_access.h
[929/1889] Copying CXX header __expected/unexpect.h
[930/1889] Copying CXX header __expected/unexpected.h
[931/1889] Copying CXX header __filesystem/copy_options.h
[932/1889] Copying CXX header __filesystem/directory_iterator.h
[933/1889] Copying CXX header __filesystem/directory_options.h
[934/1889] Copying CXX header __filesystem/file_status.h
[935/1889] Copying CXX header __filesystem/file_time_type.h
[936/1889] Copying CXX header __filesystem/file_type.h
[937/1889] Copying CXX header __filesystem/filesystem_error.h
[938/1889] Copying CXX header __exception/terminate.h
[939/1889] Copying CXX header __expected/expected.h
[940/1889] Copying CXX header __filesystem/directory_entry.h
[941/1889] Copying CXX header __filesystem/path.h
[942/1889] Copying CXX header __filesystem/perm_options.h
[943/1889] Copying CXX header __filesystem/space_info.h
[944/1889] Copying CXX header __filesystem/u8path.h
[945/1889] Copying CXX header __filesystem/operations.h
[946/1889] Copying CXX header __filesystem/path_iterator.h
[947/1889] Copying CXX header __filesystem/perms.h
[948/1889] Copying CXX header __filesystem/recursive_directory_iterator.h
[949/1889] Copying CXX header __flat_map/flat_map.h
[950/1889] Copying CXX header __flat_map/flat_multimap.h
[951/1889] Copying CXX header __flat_map/key_value_iterator.h
[952/1889] Copying CXX header __flat_map/sorted_equivalent.h
[953/1889] Copying CXX header __flat_map/sorted_unique.h
[954/1889] Copying CXX header __flat_set/flat_multiset.h
[955/1889] Copying CXX header __flat_map/utils.h
[956/1889] Copying CXX header __flat_set/flat_set.h
[957/1889] Copying CXX header __flat_set/utils.h
[958/1889] Copying CXX header __flat_set/ra_iterator.h
[959/1889] Copying CXX header __format/buffer.h
[960/1889] Copying CXX header __format/container_adaptor.h
[961/1889] Copying CXX header __format/concepts.h
[962/1889] Copying CXX header __format/escaped_output_table.h
[963/1889] Copying CXX header __format/extended_grapheme_cluster_table.h
[964/1889] Copying CXX header __format/fmt_pair_like.h
[965/1889] Copying CXX header __format/enable_insertable.h
[966/1889] Copying CXX header __format/format_arg_store.h
[967/1889] Copying CXX header __format/format_args.h
[968/1889] Copying CXX header __format/format_context.h
[969/1889] Copying CXX header __format/format_arg.h
[970/1889] Copying CXX header __format/format_error.h
[971/1889] Copying CXX header __format/format_functions.h
[972/1889] Copying CXX header __format/format_parse_context.h
[973/1889] Copying CXX header __format/format_string.h
[974/1889] Copying CXX header __format/formatter.h
[975/1889] Copying CXX header __format/formatter_bool.h
[976/1889] Copying CXX header __format/formatter_char.h
[977/1889] Copying CXX header __format/formatter_integer.h
[978/1889] Copying CXX header __format/formatter_integral.h
[979/1889] Copying CXX header __format/format_to_n_result.h
[980/1889] Copying CXX header __format/formatter_floating_point.h
[981/1889] Copying CXX header __format/formatter_output.h
[982/1889] Copying CXX header __format/formatter_pointer.h
[983/1889] Copying CXX header __format/formatter_string.h
[984/1889] Copying CXX header __format/formatter_tuple.h
[985/1889] Copying CXX header __format/indic_conjunct_break_table.h
[986/1889] Copying CXX header __format/parser_std_format_spec.h
[987/1889] Copying CXX header __format/range_format.h
[988/1889] Copying CXX header __format/range_formatter.h
[989/1889] Copying CXX header __format/unicode.h
[990/1889] Copying CXX header __format/write_escaped.h
[991/1889] Copying CXX header __format/range_default_formatter.h
[992/1889] Copying CXX header __format/width_estimation_table.h
[993/1889] Copying CXX header __functional/binary_function.h
[994/1889] Copying CXX header __functional/binary_negate.h
[995/1889] Copying CXX header __functional/bind_back.h
[996/1889] Copying CXX header __functional/binder2nd.h
[997/1889] Copying CXX header __functional/bind.h
[998/1889] Copying CXX header __functional/bind_front.h
[999/1889] Copying CXX header __functional/binder1st.h
[1000/1889] Copying CXX header __functional/boyer_moore_searcher.h
[1001/1889] Copying CXX header __functional/compose.h
[1002/1889] Copying CXX header __functional/function.h
[1003/1889] Copying CXX header __functional/hash.h
[1004/1889] Copying CXX header __functional/default_searcher.h
[1005/1889] Copying CXX header __functional/identity.h
[1006/1889] Copying CXX header __functional/invoke.h
[1007/1889] Copying CXX header __functional/is_transparent.h
[1008/1889] Copying CXX header __functional/mem_fn.h
[1009/1889] Copying CXX header __functional/mem_fun_ref.h
[1010/1889] Copying CXX header __functional/not_fn.h
[1011/1889] Copying CXX header __functional/perfect_forward.h
[1012/1889] Copying CXX header __functional/operations.h
[1013/1889] Copying CXX header __functional/pointer_to_binary_function.h
[1014/1889] Copying CXX header __functional/pointer_to_unary_function.h
[1015/1889] Copying CXX header __functional/ranges_operations.h
[1016/1889] Copying CXX header __functional/reference_wrapper.h
[1017/1889] Copying CXX header __functional/unary_negate.h
[1018/1889] Copying CXX header __functional/unary_function.h
[1019/1889] Copying CXX header __functional/weak_result_type.h
[1020/1889] Copying CXX header __fwd/array.h
[1021/1889] Copying CXX header __fwd/bit_reference.h
[1022/1889] Copying CXX header __fwd/byte.h
[1023/1889] Copying CXX header __fwd/complex.h
[1024/1889] Copying CXX header __fwd/format.h
[1025/1889] Copying CXX header __fwd/deque.h
[1026/1889] Copying CXX header __fwd/fstream.h
[1027/1889] Copying CXX header __fwd/functional.h
[1028/1889] Copying CXX header __fwd/ios.h
[1029/1889] Copying CXX header __fwd/istream.h
[1030/1889] Copying CXX header __fwd/mdspan.h
[1031/1889] Copying CXX header __fwd/get.h
[1032/1889] Copying CXX header __fwd/memory.h
[1033/1889] Copying CXX header __fwd/memory_resource.h
[1034/1889] Copying CXX header __fwd/ostream.h
[1035/1889] Copying CXX header __fwd/pair.h
[1036/1889] Copying CXX header __fwd/queue.h
[1037/1889] Copying CXX header __fwd/span.h
[1038/1889] Copying CXX header __fwd/sstream.h
[1039/1889] Copying CXX header __fwd/streambuf.h
[1040/1889] Copying CXX header __fwd/stack.h
[1041/1889] Copying CXX header __fwd/string.h
[1042/1889] Copying CXX header __fwd/string_view.h
[1043/1889] Copying CXX header __fwd/tuple.h
[1044/1889] Copying CXX header __fwd/vector.h
[1045/1889] Copying CXX header __fwd/subrange.h
[1046/1889] Copying CXX header __fwd/variant.h
[1047/1889] Copying CXX header __hash_table
[1048/1889] Copying CXX header __ios/fpos.h
[1049/1889] Copying CXX header __iterator/access.h
[1050/1889] Copying CXX header __iterator/advance.h
[1051/1889] Copying CXX header __iterator/aliasing_iterator.h
[1052/1889] Copying CXX header __iterator/back_insert_iterator.h
[1053/1889] Copying CXX header __iterator/bounded_iter.h
[1054/1889] Copying CXX header __iterator/common_iterator.h
[1055/1889] Copying CXX header __iterator/concepts.h
[1056/1889] Copying CXX header __iterator/default_sentinel.h
[1057/1889] Copying CXX header __iterator/counted_iterator.h
[1058/1889] Copying CXX header __iterator/cpp17_iterator_concepts.h
[1059/1889] Copying CXX header __iterator/data.h
[1060/1889] Copying CXX header __iterator/erase_if_container.h
[1061/1889] Copying CXX header __iterator/indirectly_comparable.h
[1062/1889] Copying CXX header __iterator/distance.h
[1063/1889] Copying CXX header __iterator/empty.h
[1064/1889] Copying CXX header __iterator/front_insert_iterator.h
[1065/1889] Copying CXX header __iterator/istreambuf_iterator.h
[1066/1889] Copying CXX header __iterator/incrementable_traits.h
[1067/1889] Copying CXX header __iterator/insert_iterator.h
[1068/1889] Copying CXX header __iterator/istream_iterator.h
[1069/1889] Copying CXX header __iterator/iter_swap.h
[1070/1889] Copying CXX header __iterator/iterator_traits.h
[1071/1889] Copying CXX header __iterator/iter_move.h
[1072/1889] Copying CXX header __iterator/iterator.h
[1073/1889] Copying CXX header __iterator/iterator_with_data.h
[1074/1889] Copying CXX header __iterator/move_iterator.h
[1075/1889] Copying CXX header __iterator/mergeable.h
[1076/1889] Copying CXX header __iterator/next.h
[1077/1889] Copying CXX header __iterator/ostreambuf_iterator.h
[1078/1889] Copying CXX header __iterator/move_sentinel.h
[1079/1889] Copying CXX header __iterator/ostream_iterator.h
[1080/1889] Copying CXX header __iterator/prev.h
[1081/1889] Copying CXX header __iterator/product_iterator.h
[1082/1889] Copying CXX header __iterator/projected.h
[1083/1889] Copying CXX header __iterator/ranges_iterator_traits.h
[1084/1889] Copying CXX header __iterator/permutable.h
[1085/1889] Copying CXX header __iterator/readable_traits.h
[1086/1889] Copying CXX header __iterator/reverse_access.h
[1087/1889] Copying CXX header __iterator/reverse_iterator.h
[1088/1889] Copying CXX header __iterator/segmented_iterator.h
[1089/1889] Copying CXX header __iterator/size.h
[1090/1889] Copying CXX header __iterator/sortable.h
[1091/1889] Copying CXX header __iterator/static_bounded_iter.h
[1092/1889] Copying CXX header __iterator/unreachable_sentinel.h
[1093/1889] Copying CXX header __iterator/wrap_iter.h
[1094/1889] Copying CXX header __locale
[1095/1889] Copying CXX header __locale_dir/get_c_locale.h
[1096/1889] Copying CXX header __locale_dir/locale_base_api.h
[1097/1889] Copying CXX header __locale_dir/locale_base_api/ibm.h
[1098/1889] Copying CXX header __locale_dir/messages.h
[1099/1889] Copying CXX header __locale_dir/money.h
[1100/1889] Copying CXX header __locale_dir/check_grouping.h
[1101/1889] Copying CXX header __locale_dir/locale_base_api/openbsd.h
[1102/1889] Copying CXX header __locale_dir/num.h
[1103/1889] Copying CXX header __locale_dir/pad_and_output.h
[1104/1889] Copying CXX header __locale_dir/scan_keyword.h
[1105/1889] Copying CXX header __locale_dir/support/aix.h
[1106/1889] Copying CXX header __locale_dir/support/apple.h
[1107/1889] Copying CXX header __locale_dir/locale_base_api/bsd_locale_fallbacks.h
[1108/1889] Copying CXX header __locale_dir/support/bsd_like.h
[1109/1889] Copying CXX header __locale_dir/support/freebsd.h
[1110/1889] Copying CXX header __locale_dir/support/linux.h
[1111/1889] Copying CXX header __locale_dir/support/netbsd.h
[1112/1889] Copying CXX header __locale_dir/support/fuchsia.h
[1113/1889] Copying CXX header __locale_dir/support/newlib.h
[1114/1889] Copying CXX header __locale_dir/support/no_locale/characters.h
[1115/1889] Copying CXX header __locale_dir/support/no_locale/strtonum.h
[1116/1889] Copying CXX header __locale_dir/support/windows.h
[1117/1889] Copying CXX header __locale_dir/time.h
[1118/1889] Copying CXX header __locale_dir/wbuffer_convert.h
[1119/1889] Copying CXX header __locale_dir/wstring_convert.h
[1120/1889] Copying CXX header __log_hardening_failure
[1121/1889] Copying CXX header __math/abs.h
[1122/1889] Copying CXX header __math/copysign.h
[1123/1889] Copying CXX header __math/error_functions.h
[1124/1889] Copying CXX header __math/exponential_functions.h
[1125/1889] Copying CXX header __math/fdim.h
[1126/1889] Copying CXX header __math/fma.h
[1127/1889] Copying CXX header __math/gamma.h
[1128/1889] Copying CXX header __math/hyperbolic_functions.h
[1129/1889] Copying CXX header __math/hypot.h
[1130/1889] Copying CXX header __math/inverse_hyperbolic_functions.h
[1131/1889] Copying CXX header __math/inverse_trigonometric_functions.h
[1132/1889] Copying CXX header __math/logarithms.h
[1133/1889] Copying CXX header __math/modulo.h
[1134/1889] Copying CXX header __math/roots.h
[1135/1889] Copying CXX header __math/min_max.h
[1136/1889] Copying CXX header __math/remainder.h
[1137/1889] Copying CXX header __math/rounding_functions.h
[1138/1889] Copying CXX header __math/special_functions.h
[1139/1889] Copying CXX header __math/traits.h
[1140/1889] Copying CXX header __math/trigonometric_functions.h
[1141/1889] Copying CXX header __mbstate_t.h
[1142/1889] Copying CXX header __mdspan/aligned_accessor.h
[1143/1889] Copying CXX header __mdspan/default_accessor.h
[1144/1889] Copying CXX header __mdspan/extents.h
[1145/1889] Copying CXX header __mdspan/layout_left.h
[1146/1889] Copying CXX header __mdspan/layout_right.h
[1147/1889] Copying CXX header __mdspan/layout_stride.h
[1148/1889] Copying CXX header __mdspan/mdspan.h
[1149/1889] Copying CXX header __memory/addressof.h
[1150/1889] Copying CXX header __memory/align.h
[1151/1889] Copying CXX header __memory/allocate_at_least.h
[1152/1889] Copying CXX header __memory/allocation_guard.h
[1153/1889] Copying CXX header __memory/allocator.h
[1154/1889] Copying CXX header __memory/allocator_arg_t.h
[1155/1889] Copying CXX header __memory/allocator_destructor.h
[1156/1889] Copying CXX header __memory/allocator_traits.h
[1157/1889] Copying CXX header __memory/compressed_pair.h
[1158/1889] Copying CXX header __memory/concepts.h
[1159/1889] Copying CXX header __memory/destroy.h
[1160/1889] Copying CXX header __memory/array_cookie.h
[1161/1889] Copying CXX header __memory/assume_aligned.h
[1162/1889] Copying CXX header __memory/auto_ptr.h
[1163/1889] Copying CXX header __memory/construct_at.h
[1164/1889] Copying CXX header __memory/inout_ptr.h
[1165/1889] Copying CXX header __memory/is_sufficiently_aligned.h
[1166/1889] Copying CXX header __memory/noexcept_move_assign_container.h
[1167/1889] Copying CXX header __memory/out_ptr.h
[1168/1889] Copying CXX header __memory/destruct_n.h
[1169/1889] Copying CXX header __memory/pointer_traits.h
[1170/1889] Copying CXX header __memory/ranges_destroy.h
[1171/1889] Copying CXX header __memory/ranges_construct_at.h
[1172/1889] Copying CXX header __memory/raw_storage_iterator.h
[1173/1889] Copying CXX header __memory/shared_count.h
[1174/1889] Copying CXX header __memory/swap_allocator.h
[1175/1889] Copying CXX header __memory/temp_value.h
[1176/1889] Copying CXX header __memory/temporary_buffer.h
[1177/1889] Copying CXX header __memory/ranges_uninitialized_algorithms.h
[1178/1889] Copying CXX header __memory/shared_ptr.h
[1179/1889] Copying CXX header __memory/unique_ptr.h
[1180/1889] Copying CXX header __memory/uninitialized_algorithms.h
[1181/1889] Copying CXX header __memory/unique_temporary_buffer.h
[1182/1889] Copying CXX header __memory/uses_allocator.h
[1183/1889] Copying CXX header __memory/uses_allocator_construction.h
[1184/1889] Copying CXX header __memory_resource/memory_resource.h
[1185/1889] Copying CXX header __memory_resource/polymorphic_allocator.h
[1186/1889] Copying CXX header __memory_resource/pool_options.h
[1187/1889] Copying CXX header __memory_resource/synchronized_pool_resource.h
[1188/1889] Copying CXX header __memory_resource/unsynchronized_pool_resource.h
[1189/1889] Copying CXX header __mutex/once_flag.h
[1190/1889] Copying CXX header __memory_resource/monotonic_buffer_resource.h
[1191/1889] Copying CXX header __mutex/lock_guard.h
[1192/1889] Copying CXX header __mutex/mutex.h
[1193/1889] Copying CXX header __mutex/tag_types.h
[1194/1889] Copying CXX header __mutex/unique_lock.h
[1195/1889] Copying CXX header __new/align_val_t.h
[1196/1889] Copying CXX header __new/allocate.h
[1197/1889] Copying CXX header __new/destroying_delete_t.h
[1198/1889] Copying CXX header __new/exceptions.h
[1199/1889] Copying CXX header __new/global_new_delete.h
[1200/1889] Copying CXX header __new/interference_size.h
[1201/1889] Copying CXX header __new/launder.h
[1202/1889] Copying CXX header __new/nothrow_t.h
[1203/1889] Copying CXX header __new/new_handler.h
[1204/1889] Copying CXX header __new/placement_new_delete.h
[1205/1889] Copying CXX header __node_handle
[1206/1889] Copying CXX header __numeric/accumulate.h
[1207/1889] Copying CXX header __numeric/adjacent_difference.h
[1208/1889] Copying CXX header __numeric/exclusive_scan.h
[1209/1889] Copying CXX header __numeric/gcd_lcm.h
[1210/1889] Copying CXX header __numeric/inclusive_scan.h
[1211/1889] Copying CXX header __numeric/inner_product.h
[1212/1889] Copying CXX header __numeric/iota.h
[1213/1889] Copying CXX header __numeric/midpoint.h
[1214/1889] Copying CXX header __numeric/partial_sum.h
[1215/1889] Copying CXX header __numeric/ranges_iota.h
[1216/1889] Copying CXX header __numeric/pstl.h
[1217/1889] Copying CXX header __numeric/saturation_arithmetic.h
[1218/1889] Copying CXX header __numeric/transform_exclusive_scan.h
[1219/1889] Copying CXX header __numeric/transform_inclusive_scan.h
[1220/1889] Copying CXX header __ostream/basic_ostream.h
[1221/1889] Copying CXX header __numeric/reduce.h
[1222/1889] Copying CXX header __numeric/transform_reduce.h
[1223/1889] Copying CXX header __ostream/print.h
[1224/1889] Copying CXX header __ostream/put_character_sequence.h
[1225/1889] Copying CXX header __pstl/backend_fwd.h
[1226/1889] Copying CXX header __pstl/backends/default.h
[1227/1889] Copying CXX header __pstl/backends/libdispatch.h
[1228/1889] Copying CXX header __pstl/backend.h
[1229/1889] Copying CXX header __pstl/backends/serial.h
[1230/1889] Copying CXX header __pstl/backends/std_thread.h
[1231/1889] Copying CXX header __pstl/cpu_algos/any_of.h
[1232/1889] Copying CXX header __pstl/cpu_algos/cpu_traits.h
[1233/1889] Copying CXX header __pstl/cpu_algos/fill.h
[1234/1889] Copying CXX header __pstl/cpu_algos/find_if.h
[1235/1889] Copying CXX header __pstl/cpu_algos/for_each.h
[1236/1889] Copying CXX header __pstl/cpu_algos/merge.h
[1237/1889] Copying CXX header __pstl/cpu_algos/stable_sort.h
[1238/1889] Copying CXX header __pstl/cpu_algos/transform.h
[1239/1889] Copying CXX header __pstl/cpu_algos/transform_reduce.h
[1240/1889] Copying CXX header __pstl/dispatch.h
[1241/1889] Copying CXX header __random/bernoulli_distribution.h
[1242/1889] Copying CXX header __pstl/handle_exception.h
[1243/1889] Copying CXX header __random/binomial_distribution.h
[1244/1889] Copying CXX header __random/cauchy_distribution.h
[1245/1889] Copying CXX header __random/chi_squared_distribution.h
[1246/1889] Copying CXX header __random/default_random_engine.h
[1247/1889] Copying CXX header __random/exponential_distribution.h
[1248/1889] Copying CXX header __random/clamp_to_integral.h
[1249/1889] Copying CXX header __random/discard_block_engine.h
[1250/1889] Copying CXX header __random/discrete_distribution.h
[1251/1889] Copying CXX header __random/extreme_value_distribution.h
[1252/1889] Copying CXX header __random/fisher_f_distribution.h
[1253/1889] Copying CXX header __random/gamma_distribution.h
[1254/1889] Copying CXX header __random/generate_canonical.h
[1255/1889] Copying CXX header __random/geometric_distribution.h
[1256/1889] Copying CXX header __random/independent_bits_engine.h
[1257/1889] Copying CXX header __random/is_seed_sequence.h
[1258/1889] Copying CXX header __random/is_valid.h
[1259/1889] Copying CXX header __random/knuth_b.h
[1260/1889] Copying CXX header __random/linear_congruential_engine.h
[1261/1889] Copying CXX header __random/log2.h
[1262/1889] Copying CXX header __random/lognormal_distribution.h
[1263/1889] Copying CXX header __random/mersenne_twister_engine.h
[1264/1889] Copying CXX header __random/negative_binomial_distribution.h
[1265/1889] Copying CXX header __random/normal_distribution.h
[1266/1889] Copying CXX header __random/piecewise_linear_distribution.h
[1267/1889] Copying CXX header __random/random_device.h
[1268/1889] Copying CXX header __random/piecewise_constant_distribution.h
[1269/1889] Copying CXX header __random/poisson_distribution.h
[1270/1889] Copying CXX header __random/ranlux.h
[1271/1889] Copying CXX header __random/seed_seq.h
[1272/1889] Copying CXX header __random/shuffle_order_engine.h
[1273/1889] Copying CXX header __random/student_t_distribution.h
[1274/1889] Copying CXX header __random/subtract_with_carry_engine.h
[1275/1889] Copying CXX header __random/weibull_distribution.h
[1276/1889] Copying CXX header __ranges/access.h
[1277/1889] Copying CXX header __random/uniform_int_distribution.h
[1278/1889] Copying CXX header __random/uniform_random_bit_generator.h
[1279/1889] Copying CXX header __random/uniform_real_distribution.h
[1280/1889] Copying CXX header __ranges/adjacent_transform_view.h
[1281/1889] Copying CXX header __ranges/adjacent_view.h
[1282/1889] Copying CXX header __ranges/as_rvalue_view.h
[1283/1889] Copying CXX header __ranges/all.h
[1284/1889] Copying CXX header __ranges/common_view.h
[1285/1889] Copying CXX header __ranges/container_compatible_range.h
[1286/1889] Copying CXX header __ranges/chunk_by_view.h
[1287/1889] Copying CXX header __ranges/counted.h
[1288/1889] Copying CXX header __ranges/data.h
[1289/1889] Copying CXX header __ranges/concepts.h
[1290/1889] Copying CXX header __ranges/elements_of.h
[1291/1889] Copying CXX header __ranges/dangling.h
[1292/1889] Copying CXX header __ranges/drop_view.h
[1293/1889] Copying CXX header __ranges/drop_while_view.h
[1294/1889] Copying CXX header __ranges/elements_view.h
[1295/1889] Copying CXX header __ranges/empty.h
[1296/1889] Copying CXX header __ranges/empty_view.h
[1297/1889] Copying CXX header __ranges/enable_borrowed_range.h
[1298/1889] Copying CXX header __ranges/enable_view.h
[1299/1889] Copying CXX header __ranges/filter_view.h
[1300/1889] Copying CXX header __ranges/from_range.h
[1301/1889] Copying CXX header __ranges/iota_view.h
[1302/1889] Copying CXX header __ranges/join_view.h
[1303/1889] Copying CXX header __ranges/join_with_view.h
[1304/1889] Copying CXX header __ranges/lazy_split_view.h
[1305/1889] Copying CXX header __ranges/movable_box.h
[1306/1889] Copying CXX header __ranges/istream_view.h
[1307/1889] Copying CXX header __ranges/owning_view.h
[1308/1889] Copying CXX header __ranges/range_adaptor.h
[1309/1889] Copying CXX header __ranges/non_propagating_cache.h
[1310/1889] Copying CXX header __ranges/rbegin.h
[1311/1889] Copying CXX header __ranges/ref_view.h
[1312/1889] Copying CXX header __ranges/rend.h
[1313/1889] Copying CXX header __ranges/repeat_view.h
[1314/1889] Copying CXX header __ranges/size.h
[1315/1889] Copying CXX header __ranges/split_view.h
[1316/1889] Copying CXX header __ranges/reverse_view.h
[1317/1889] Copying CXX header __ranges/take_view.h
[1318/1889] Copying CXX header __ranges/single_view.h
[1319/1889] Copying CXX header __ranges/subrange.h
[1320/1889] Copying CXX header __ranges/take_while_view.h
[1321/1889] Copying CXX header __ranges/view_interface.h
[1322/1889] Copying CXX header __ranges/transform_view.h
[1323/1889] Copying CXX header __ranges/zip_transform_view.h
[1324/1889] Copying CXX header __ranges/views.h
[1325/1889] Copying CXX header __ranges/zip_view.h
[1326/1889] Copying CXX header __std_mbstate_t.h
[1327/1889] Copying CXX header __stop_token/atomic_unique_lock.h
[1328/1889] Copying CXX header __ranges/to.h
[1329/1889] Copying CXX header __split_buffer
[1330/1889] Copying CXX header __stop_token/intrusive_list_view.h
[1331/1889] Copying CXX header __stop_token/intrusive_shared_ptr.h
[1332/1889] Copying CXX header __stop_token/stop_callback.h
[1333/1889] Copying CXX header __stop_token/stop_state.h
[1334/1889] Copying CXX header __stop_token/stop_source.h
[1335/1889] Copying CXX header __stop_token/stop_token.h
[1336/1889] Copying CXX header __string/char_traits.h
[1337/1889] Copying CXX header __string/constexpr_c_functions.h
[1338/1889] Copying CXX header __string/extern_template_lists.h
[1339/1889] Copying CXX header __support/ibm/locale_mgmt_zos.h
[1340/1889] Copying CXX header __support/ibm/nanosleep.h
[1341/1889] Copying CXX header __support/xlocale/__nop_locale_mgmt.h
[1342/1889] Copying CXX header __support/ibm/gettod_zos.h
[1343/1889] Copying CXX header __support/xlocale/__posix_l_fallback.h
[1344/1889] Copying CXX header __support/xlocale/__strtonum_fallback.h
[1345/1889] Copying CXX header __system_error/error_category.h
[1346/1889] Copying CXX header __system_error/error_code.h
[1347/1889] Copying CXX header __system_error/error_condition.h
[1348/1889] Copying CXX header __system_error/system_error.h
[1349/1889] Copying CXX header __system_error/throw_system_error.h
[1350/1889] Copying CXX header __system_error/errc.h
[1351/1889] Copying CXX header __thread/formatter.h
[1352/1889] Copying CXX header __thread/poll_with_backoff.h
[1353/1889] Copying CXX header __thread/support.h
[1354/1889] Copying CXX header __thread/support/c11.h
[1355/1889] Copying CXX header __thread/id.h
[1356/1889] Copying CXX header __thread/jthread.h
[1357/1889] Copying CXX header __thread/support/external.h
[1358/1889] Copying CXX header __thread/support/windows.h
[1359/1889] Copying CXX header __thread/thread.h
[1360/1889] Copying CXX header __thread/support/pthread.h
[1361/1889] Copying CXX header __thread/this_thread.h
[1362/1889] Copying CXX header __thread/timed_backoff_policy.h
[1363/1889] Copying CXX header __tree
[1364/1889] Copying CXX header __tuple/find_index.h
[1365/1889] Copying CXX header __tuple/ignore.h
[1366/1889] Copying CXX header __tuple/tuple_element.h
[1367/1889] Copying CXX header __tuple/sfinae_helpers.h
[1368/1889] Copying CXX header __tuple/tuple_like.h
[1369/1889] Copying CXX header __tuple/tuple_like_no_subrange.h
[1370/1889] Copying CXX header __tuple/tuple_size.h
[1371/1889] Copying CXX header __tuple/tuple_transform.h
[1372/1889] Copying CXX header __type_traits/add_pointer.h
[1373/1889] Copying CXX header __type_traits/add_cv_quals.h
[1374/1889] Copying CXX header __type_traits/add_reference.h
[1375/1889] Copying CXX header __type_traits/aligned_storage.h
[1376/1889] Copying CXX header __type_traits/alignment_of.h
[1377/1889] Copying CXX header __type_traits/common_reference.h
[1378/1889] Copying CXX header __type_traits/aligned_union.h
[1379/1889] Copying CXX header __type_traits/common_type.h
[1380/1889] Copying CXX header __type_traits/conditional.h
[1381/1889] Copying CXX header __type_traits/datasizeof.h
[1382/1889] Copying CXX header __type_traits/container_traits.h
[1383/1889] Copying CXX header __type_traits/conjunction.h
[1384/1889] Copying CXX header __type_traits/enable_if.h
[1385/1889] Copying CXX header __type_traits/copy_cv.h
[1386/1889] Copying CXX header __type_traits/copy_cvref.h
[1387/1889] Copying CXX header __type_traits/dependent_type.h
[1388/1889] Copying CXX header __type_traits/detected_or.h
[1389/1889] Copying CXX header __type_traits/decay.h
[1390/1889] Copying CXX header __type_traits/desugars_to.h
[1391/1889] Copying CXX header __type_traits/disjunction.h
[1392/1889] Copying CXX header __type_traits/extent.h
[1393/1889] Copying CXX header __type_traits/has_unique_object_representation.h
[1394/1889] Copying CXX header __type_traits/has_virtual_destructor.h
[1395/1889] Copying CXX header __type_traits/integral_constant.h
[1396/1889] Copying CXX header __type_traits/is_abstract.h
[1397/1889] Copying CXX header __type_traits/integer_traits.h
[1398/1889] Copying CXX header __type_traits/invoke.h
[1399/1889] Copying CXX header __type_traits/is_aggregate.h
[1400/1889] Copying CXX header __type_traits/is_always_bitcastable.h
[1401/1889] Copying CXX header __type_traits/is_arithmetic.h
[1402/1889] Copying CXX header __type_traits/is_array.h
[1403/1889] Copying CXX header __type_traits/is_allocator.h
[1404/1889] Copying CXX header __type_traits/is_assignable.h
[1405/1889] Copying CXX header __type_traits/is_base_of.h
[1406/1889] Copying CXX header __type_traits/is_callable.h
[1407/1889] Copying CXX header __type_traits/is_char_like_type.h
[1408/1889] Copying CXX header __type_traits/is_class.h
[1409/1889] Copying CXX header __type_traits/is_compound.h
[1410/1889] Copying CXX header __type_traits/is_const.h
[1411/1889] Copying CXX header __type_traits/is_constant_evaluated.h
[1412/1889] Copying CXX header __type_traits/is_constructible.h
[1413/1889] Copying CXX header __type_traits/is_convertible.h
[1414/1889] Copying CXX header __type_traits/is_core_convertible.h
[1415/1889] Copying CXX header __type_traits/is_destructible.h
[1416/1889] Copying CXX header __type_traits/is_empty.h
[1417/1889] Copying CXX header __type_traits/is_enum.h
[1418/1889] Copying CXX header __type_traits/is_equality_comparable.h
[1419/1889] Copying CXX header __type_traits/is_floating_point.h
[1420/1889] Copying CXX header __type_traits/is_execution_policy.h
[1421/1889] Copying CXX header __type_traits/is_final.h
[1422/1889] Copying CXX header __type_traits/is_function.h
[1423/1889] Copying CXX header __type_traits/is_fundamental.h
[1424/1889] Copying CXX header __type_traits/is_generic_transparent_comparator.h
[1425/1889] Copying CXX header __type_traits/is_implicit_lifetime.h
[1426/1889] Copying CXX header __type_traits/is_implicitly_default_constructible.h
[1427/1889] Copying CXX header __type_traits/is_integral.h
[1428/1889] Copying CXX header __type_traits/is_nothrow_assignable.h
[1429/1889] Copying CXX header __type_traits/is_literal_type.h
[1430/1889] Copying CXX header __type_traits/is_member_pointer.h
[1431/1889] Copying CXX header __type_traits/is_nothrow_constructible.h
[1432/1889] Copying CXX header __type_traits/is_nothrow_destructible.h
[1433/1889] Copying CXX header __type_traits/is_null_pointer.h
[1434/1889] Copying CXX header __type_traits/is_object.h
[1435/1889] Copying CXX header __type_traits/is_pod.h
[1436/1889] Copying CXX header __type_traits/is_pointer.h
[1437/1889] Copying CXX header __type_traits/is_polymorphic.h
[1438/1889] Copying CXX header __type_traits/is_primary_template.h
[1439/1889] Copying CXX header __type_traits/is_reference.h
[1440/1889] Copying CXX header __type_traits/is_reference_wrapper.h
[1441/1889] Copying CXX header __type_traits/is_same.h
[1442/1889] Copying CXX header __type_traits/is_referenceable.h
[1443/1889] Copying CXX header __type_traits/is_scalar.h
[1444/1889] Copying CXX header __type_traits/is_signed.h
[1445/1889] Copying CXX header __type_traits/is_standard_layout.h
[1446/1889] Copying CXX header __type_traits/is_swappable.h
[1447/1889] Copying CXX header __type_traits/is_trivial.h
[1448/1889] Copying CXX header __type_traits/is_specialization.h
[1449/1889] Copying CXX header __type_traits/is_trivially_assignable.h
[1450/1889] Copying CXX header __type_traits/is_trivially_constructible.h
[1451/1889] Copying CXX header __type_traits/is_trivially_copyable.h
[1452/1889] Copying CXX header __type_traits/is_trivially_lexicographically_comparable.h
[1453/1889] Copying CXX header __type_traits/is_trivially_relocatable.h
[1454/1889] Copying CXX header __type_traits/is_trivially_destructible.h
[1455/1889] Copying CXX header __type_traits/is_union.h
[1456/1889] Copying CXX header __type_traits/is_unqualified.h
[1457/1889] Copying CXX header __type_traits/is_unsigned.h
[1458/1889] Copying CXX header __type_traits/is_void.h
[1459/1889] Copying CXX header __type_traits/is_valid_expansion.h
[1460/1889] Copying CXX header __type_traits/is_volatile.h
[1461/1889] Copying CXX header __type_traits/is_within_lifetime.h
[1462/1889] Copying CXX header __type_traits/lazy.h
[1463/1889] Copying CXX header __type_traits/make_32_64_or_128_bit.h
[1464/1889] Copying CXX header __type_traits/make_signed.h
[1465/1889] Copying CXX header __type_traits/make_transparent.h
[1466/1889] Copying CXX header __type_traits/make_const_lvalue_ref.h
[1467/1889] Copying CXX header __type_traits/make_unsigned.h
[1468/1889] Copying CXX header __type_traits/negation.h
[1469/1889] Copying CXX header __type_traits/maybe_const.h
[1470/1889] Copying CXX header __type_traits/nat.h
[1471/1889] Copying CXX header __type_traits/promote.h
[1472/1889] Copying CXX header __type_traits/reference_constructs_from_temporary.h
[1473/1889] Copying CXX header __type_traits/rank.h
[1474/1889] Copying CXX header __type_traits/remove_all_extents.h
[1475/1889] Copying CXX header __type_traits/remove_const.h
[1476/1889] Copying CXX header __type_traits/reference_converts_from_temporary.h
[1477/1889] Copying CXX header __type_traits/remove_cvref.h
[1478/1889] Copying CXX header __type_traits/remove_const_ref.h
[1479/1889] Copying CXX header __type_traits/remove_pointer.h
[1480/1889] Copying CXX header __type_traits/remove_reference.h
[1481/1889] Copying CXX header __type_traits/remove_cv.h
[1482/1889] Copying CXX header __type_traits/remove_extent.h
[1483/1889] Copying CXX header __type_traits/remove_volatile.h
[1484/1889] Copying CXX header __type_traits/strip_signature.h
[1485/1889] Copying CXX header __type_traits/type_identity.h
[1486/1889] Copying CXX header __type_traits/underlying_type.h
[1487/1889] Copying CXX header __type_traits/result_of.h
[1488/1889] Copying CXX header __type_traits/type_list.h
[1489/1889] Copying CXX header __type_traits/unwrap_ref.h
[1490/1889] Copying CXX header __type_traits/void_t.h
[1491/1889] Copying CXX header __undef_macros
[1492/1889] Copying CXX header __utility/as_const.h
[1493/1889] Copying CXX header __utility/as_lvalue.h
[1494/1889] Copying CXX header __utility/auto_cast.h
[1495/1889] Copying CXX header __utility/cmp.h
[1496/1889] Copying CXX header __utility/declval.h
[1497/1889] Copying CXX header __utility/default_three_way_comparator.h
[1498/1889] Copying CXX header __utility/convert_to_integral.h
[1499/1889] Copying CXX header __utility/element_count.h
[1500/1889] Copying CXX header __utility/empty.h
[1501/1889] Copying CXX header __utility/exception_guard.h
[1502/1889] Copying CXX header __utility/exchange.h
[1503/1889] Copying CXX header __utility/forward_like.h
[1504/1889] Copying CXX header __utility/lazy_synth_three_way_comparator.h
[1505/1889] Copying CXX header __utility/forward.h
[1506/1889] Copying CXX header __utility/in_place.h
[1507/1889] Copying CXX header __utility/integer_sequence.h
[1508/1889] Copying CXX header __utility/is_valid_range.h
[1509/1889] Copying CXX header __utility/move.h
[1510/1889] Copying CXX header __utility/no_destroy.h
[1511/1889] Copying CXX header __utility/private_constructor_tag.h
[1512/1889] Copying CXX header __utility/is_pointer_in_range.h
[1513/1889] Copying CXX header __utility/pair.h
[1514/1889] Copying CXX header __utility/piecewise_construct.h
[1515/1889] Copying CXX header __utility/priority_tag.h
[1516/1889] Copying CXX header __utility/rel_ops.h
[1517/1889] Copying CXX header __utility/scope_guard.h
[1518/1889] Copying CXX header __utility/small_buffer.h
[1519/1889] Copying CXX header __utility/swap.h
[1520/1889] Copying CXX header __utility/to_underlying.h
[1521/1889] Copying CXX header __utility/try_key_extraction.h
[1522/1889] Copying CXX header __utility/unreachable.h
[1523/1889] Copying CXX header __variant/monostate.h
[1524/1889] Copying CXX header __vector/comparison.h
[1525/1889] Copying CXX header __vector/container_traits.h
[1526/1889] Copying CXX header __vector/erase.h
[1527/1889] Copying CXX header __vector/pmr.h
[1528/1889] Copying CXX header __vector/swap.h
[1529/1889] Copying CXX header __vector/vector_bool.h
[1530/1889] Copying CXX header __vector/vector.h
[1531/1889] Copying CXX header __vector/vector_bool_formatter.h
[1532/1889] Copying CXX header __verbose_abort
[1533/1889] Copying CXX header __verbose_trap
[1534/1889] Copying CXX header algorithm
[1535/1889] Copying CXX header any
[1536/1889] Copying CXX header array
[1537/1889] Copying CXX header atomic
[1538/1889] Copying CXX header barrier
[1539/1889] Copying CXX header bit
[1540/1889] Copying CXX header bitset
[1541/1889] Copying CXX header cassert
[1542/1889] Copying CXX header ccomplex
[1543/1889] Copying CXX header cctype
[1544/1889] Copying CXX header cerrno
[1545/1889] Copying CXX header cfenv
[1546/1889] Copying CXX header cfloat
[1547/1889] Copying CXX header charconv
[1548/1889] Copying CXX header chrono
[1549/1889] Copying CXX header ciso646
[1550/1889] Copying CXX header cinttypes
[1551/1889] Copying CXX header climits
[1552/1889] Copying CXX header clocale
[1553/1889] Copying CXX header cmath
[1554/1889] Copying CXX header compare
[1555/1889] Copying CXX header codecvt
[1556/1889] Copying CXX header complex
[1557/1889] Copying CXX header complex.h
[1558/1889] Copying CXX header concepts
[1559/1889] Copying CXX header condition_variable
[1560/1889] Copying CXX header csignal
[1561/1889] Copying CXX header coroutine
[1562/1889] Copying CXX header csetjmp
[1563/1889] Copying CXX header cstdalign
[1564/1889] Copying CXX header cstdarg
[1565/1889] Copying CXX header cstdbool
[1566/1889] Copying CXX header cstddef
[1567/1889] Copying CXX header cstdint
[1568/1889] Copying CXX header cstdio
[1569/1889] Copying CXX header cstdlib
[1570/1889] Copying CXX header ctype.h
[1571/1889] Copying CXX header cuchar
[1572/1889] Copying CXX header cstring
[1573/1889] Copying CXX header ctgmath
[1574/1889] Copying CXX header ctime
[1575/1889] Copying CXX header errno.h
[1576/1889] Copying CXX header exception
[1577/1889] Copying CXX header cwchar
[1578/1889] Copying CXX header cwctype
[1579/1889] Copying CXX header execution
[1580/1889] Copying CXX header deque
[1581/1889] Copying CXX header expected
[1582/1889] Copying CXX header experimental/__simd/declaration.h
[1583/1889] Copying CXX header experimental/__simd/reference.h
[1584/1889] Copying CXX header experimental/__simd/scalar.h
[1585/1889] Copying CXX header experimental/__simd/aligned_tag.h
[1586/1889] Copying CXX header experimental/__simd/utility.h
[1587/1889] Copying CXX header experimental/__simd/traits.h
[1588/1889] Copying CXX header experimental/__simd/vec_ext.h
[1589/1889] Copying CXX header experimental/__simd/simd.h
[1590/1889] Copying CXX header experimental/__simd/simd_mask.h
[1591/1889] Copying CXX header experimental/memory
[1592/1889] Copying CXX header experimental/simd
[1593/1889] Copying CXX header experimental/iterator
[1594/1889] Copying CXX header experimental/propagate_const
[1595/1889] Copying CXX header experimental/type_traits
[1596/1889] Copying CXX header fenv.h
[1597/1889] Copying CXX header ext/hash_map
[1598/1889] Copying CXX header experimental/utility
[1599/1889] Copying CXX header ext/__hash
[1600/1889] Copying CXX header ext/hash_set
[1601/1889] Copying CXX header filesystem
[1602/1889] Copying CXX header flat_map
[1603/1889] Copying CXX header float.h
[1604/1889] Copying CXX header fstream
[1605/1889] Copying CXX header flat_set
[1606/1889] Copying CXX header format
[1607/1889] Copying CXX header forward_list
[1608/1889] Copying CXX header functional
[1609/1889] Copying CXX header future
[1610/1889] Copying CXX header initializer_list
[1611/1889] Copying CXX header inttypes.h
[1612/1889] Copying CXX header iomanip
[1613/1889] Copying CXX header ios
[1614/1889] Copying CXX header istream
[1615/1889] Copying CXX header iterator
[1616/1889] Copying CXX header latch
[1617/1889] Copying CXX header iosfwd
[1618/1889] Copying CXX header iostream
[1619/1889] Copying CXX header limits
[1620/1889] Copying CXX header locale
[1621/1889] Copying CXX header list
[1622/1889] Copying CXX header map
[1623/1889] Copying CXX header math.h
[1624/1889] Copying CXX header mdspan
[1625/1889] Copying CXX header memory_resource
[1626/1889] Copying CXX header memory
[1627/1889] Copying CXX header mutex
[1628/1889] Copying CXX header new
[1629/1889] Copying CXX header numbers
[1630/1889] Copying CXX header optional
[1631/1889] Copying CXX header numeric
[1632/1889] Copying CXX header ostream
[1633/1889] Copying CXX header print
[1634/1889] Copying CXX header queue
[1635/1889] Copying CXX header random
[1636/1889] Copying CXX header ranges
[1637/1889] Copying CXX header ratio
[1638/1889] Copying CXX header regex
[1639/1889] Copying CXX header scoped_allocator
[1640/1889] Copying CXX header semaphore
[1641/1889] Copying CXX header set
[1642/1889] Copying CXX header shared_mutex
[1643/1889] Copying CXX header source_location
[1644/1889] Copying CXX header stack
[1645/1889] Copying CXX header stdatomic.h
[1646/1889] Copying CXX header span
[1647/1889] Copying CXX header sstream
[1648/1889] Copying CXX header stddef.h
[1649/1889] Copying CXX header stdexcept
[1650/1889] Copying CXX header stdio.h
[1651/1889] Copying CXX header stdlib.h
[1652/1889] Copying CXX header stop_token
[1653/1889] Copying CXX header streambuf
[1654/1889] Copying CXX header string
[1655/1889] Copying CXX header string.h
[1656/1889] Copying CXX header string_view
[1657/1889] Copying CXX header syncstream
[1658/1889] Copying CXX header thread
[1659/1889] Copying CXX header strstream
[1660/1889] Copying CXX header system_error
[1661/1889] Copying CXX header tgmath.h
[1662/1889] Copying CXX header tuple
[1663/1889] Copying CXX header type_traits
[1664/1889] Copying CXX header typeindex
[1665/1889] Copying CXX header typeinfo
[1666/1889] Copying CXX header uchar.h
[1667/1889] Copying CXX header unordered_map
[1668/1889] Copying CXX header unordered_set
[1669/1889] Copying CXX header valarray
[1670/1889] Copying CXX header variant
[1671/1889] Copying CXX header vector
[1672/1889] Copying CXX header version
[1673/1889] Copying CXX header utility
[1674/1889] Copying CXX header wchar.h
[1675/1889] Copying CXX header wctype.h
[1676/1889] Copying CXX module std.compat/cassert.inc
[1677/1889] Copying CXX module std.compat/cctype.inc
[1678/1889] Copying CXX module std.compat/cerrno.inc
[1679/1889] Copying CXX module std.compat/cfloat.inc
[1680/1889] Copying CXX module std.compat/cfenv.inc
[1681/1889] Copying CXX module std.compat/cinttypes.inc
[1682/1889] Copying CXX module std.compat/clocale.inc
[1683/1889] Copying CXX module std.compat/cmath.inc
[1684/1889] Building CXX object libunwind/src/CMakeFiles/unwind_static_objects.dir/Unwind-EHABI.cpp.o
[1685/1889] Copying CXX module std.compat/climits.inc
[1686/1889] Building C object libunwind/src/CMakeFiles/unwind_static_objects.dir/Unwind-wasm.c.o
[1687/1889] Copying CXX module std.compat/cstdarg.inc
[1688/1889] Copying CXX module std.compat/cstddef.inc
[1689/1889] Copying CXX module std.compat/csetjmp.inc
[1690/1889] Copying CXX module std.compat/csignal.inc
[1691/1889] Copying CXX module std.compat/cstdint.inc
[1692/1889] Building C object libunwind/src/CMakeFiles/unwind_static_objects.dir/Unwind-sjlj.c.o
[1693/1889] Building CXX object libunwind/src/CMakeFiles/unwind_static_objects.dir/Unwind-seh.cpp.o
[1694/1889] Copying CXX module std.compat/cstdlib.inc
[1695/1889] Copying CXX module std.compat/cstdio.inc
[1696/1889] Copying CXX module std.compat/ctime.inc
[1697/1889] Copying CXX module std.compat/cuchar.inc
[1698/1889] Copying CXX module std/algorithm.inc
[1699/1889] Copying CXX module std/any.inc
[1700/1889] Copying CXX module std.compat/cstring.inc
[1701/1889] Copying CXX module std.compat/cwchar.inc
[1702/1889] Copying CXX module std.compat/cwctype.inc
[1703/1889] Copying CXX module std/array.inc
[1704/1889] Copying CXX module std/atomic.inc
[1705/1889] Copying CXX module std/barrier.inc
[1706/1889] Copying CXX module std/cassert.inc
[1707/1889] Copying CXX module std/cfloat.inc
[1708/1889] Copying CXX module std/cfenv.inc
[1709/1889] Copying CXX module std/cctype.inc
[1710/1889] Copying CXX module std/cerrno.inc
[1711/1889] Copying CXX module std/bit.inc
[1712/1889] Copying CXX module std/bitset.inc
[1713/1889] Copying CXX module std/charconv.inc
[1714/1889] Copying CXX module std/cinttypes.inc
[1715/1889] Copying CXX module std/climits.inc
[1716/1889] Building ASM object libunwind/src/CMakeFiles/unwind_static_objects.dir/UnwindRegistersSave.S.o
[1717/1889] Building C object libunwind/src/CMakeFiles/unwind_static_objects.dir/UnwindLevel1-gcc-ext.c.o
[1718/1889] Copying CXX module std/chrono.inc
[1719/1889] Copying CXX module std/clocale.inc
[1720/1889] Copying CXX module std/coroutine.inc
[1721/1889] Copying CXX module std/cstdarg.inc
[1722/1889] Copying CXX module std/concepts.inc
[1723/1889] Copying CXX module std/csignal.inc
[1724/1889] Copying CXX module std/cstdint.inc
[1725/1889] Building ASM object libunwind/src/CMakeFiles/unwind_static_objects.dir/UnwindRegistersRestore.S.o
[1726/1889] Copying CXX module std/codecvt.inc
[1727/1889] Copying CXX module std/cmath.inc
[1728/1889] Copying CXX module std/cstdlib.inc
[1729/1889] Copying CXX module std/complex.inc
[1730/1889] Copying CXX module std/cstdio.inc
[1731/1889] Copying CXX module std/cstring.inc
[1732/1889] Copying CXX module std/compare.inc
[1733/1889] Copying CXX module std/condition_variable.inc
[1734/1889] Copying CXX module std/cstddef.inc
[1735/1889] Copying CXX module std/csetjmp.inc
[1736/1889] Copying CXX module std/ctime.inc
[1737/1889] Copying CXX module std/cuchar.inc
[1738/1889] Copying CXX module std/cwchar.inc
[1739/1889] Copying CXX module std/cwctype.inc
[1740/1889] Copying CXX module std/execution.inc
[1741/1889] Copying CXX module std/expected.inc
[1742/1889] Copying CXX module std/flat_set.inc
[1743/1889] Copying CXX module std/format.inc
[1744/1889] Copying CXX module std/deque.inc
[1745/1889] Copying CXX module std/exception.inc
[1746/1889] Copying CXX module std/filesystem.inc
[1747/1889] Copying CXX module std/flat_map.inc
[1748/1889] Copying CXX module std/forward_list.inc
[1749/1889] Copying CXX module std/functional.inc
[1750/1889] Copying CXX module std/generator.inc
[1751/1889] Copying CXX module std/initializer_list.inc
[1752/1889] Copying CXX module std/fstream.inc
[1753/1889] Copying CXX module std/future.inc
[1754/1889] Copying CXX module std/hazard_pointer.inc
[1755/1889] Copying CXX module std/iomanip.inc
[1756/1889] Copying CXX module std/ios.inc
[1757/1889] Copying CXX module std/iosfwd.inc
[1758/1889] Copying CXX module std/limits.inc
[1759/1889] Copying CXX module std/list.inc
[1760/1889] Copying CXX module std/locale.inc
[1761/1889] Generate the mapping file for include-what-you-use
[1762/1889] Building C object libunwind/src/CMakeFiles/unwind_static_objects.dir/UnwindLevel1.c.o
[1763/1889] Copying CXX module std/iostream.inc
[1764/1889] Copying CXX module std/istream.inc
[1765/1889] Copying CXX module std/iterator.inc
[1766/1889] Copying CXX module std/memory.inc
[1767/1889] Copying CXX module std/memory_resource.inc
[1768/1889] Copying CXX module std/mutex.inc
[1769/1889] Copying CXX module std/new.inc
[1770/1889] Copying CXX module std/latch.inc
[1771/1889] Copying CXX module std/map.inc
[1772/1889] Copying CXX module std/mdspan.inc
[1773/1889] Copying CXX module std/numbers.inc
[1774/1889] Copying CXX module std/numeric.inc
[1775/1889] Copying CXX module std/optional.inc
[1776/1889] Building CXX object libcxxabi/src/CMakeFiles/cxxabi_static_objects.dir/cxa_virtual.cpp.o
In file included from <built-in>:3:
In file included from /var/db/repos/Local/tools/llvm-libc-probe/compat/llvm-libc-compat.h:45:
/var/db/repos/Local/tools/llvm-libc-probe/.build-cxx-full/include/c++/v1/wchar.h:142:20: warning: cast from 'const wchar_t *' to 'wchar_t *' drops const qualifier [-Wcast-qual]
  142 |   return (wchar_t*)wcschr(__s, __c);
      |                    ^
/var/db/repos/Local/tools/llvm-libc-probe/.build-cxx-full/include/c++/v1/wchar.h:152:20: warning: cast from 'const wchar_t *' to 'wchar_t *' drops const qualifier [-Wcast-qual]
  152 |   return (wchar_t*)wcspbrk(__s1, __s2);
      |                    ^
/var/db/repos/Local/tools/llvm-libc-probe/.build-cxx-full/include/c++/v1/wchar.h:163:20: warning: cast from 'const wchar_t *' to 'wchar_t *' drops const qualifier [-Wcast-qual]
  163 |   return (wchar_t*)wcsrchr(__s, __c);
      |                    ^
/var/db/repos/Local/tools/llvm-libc-probe/.build-cxx-full/include/c++/v1/wchar.h:173:20: warning: cast from 'const wchar_t *' to 'wchar_t *' drops const qualifier [-Wcast-qual]
  173 |   return (wchar_t*)wcsstr(__s1, __s2);
      |                    ^
/var/db/repos/Local/tools/llvm-libc-probe/.build-cxx-full/include/c++/v1/wchar.h:184:20: warning: cast from 'const wchar_t *' to 'wchar_t *' drops const qualifier [-Wcast-qual]
  184 |   return (wchar_t*)wmemchr(__s, __c, __n);
      |                    ^
5 warnings generated.
[1777/1889] Building CXX object libcxxabi/src/CMakeFiles/cxxabi_static_objects.dir/stdlib_typeinfo.cpp.o
In file included from <built-in>:3:
In file included from /var/db/repos/Local/tools/llvm-libc-probe/compat/llvm-libc-compat.h:45:
/var/db/repos/Local/tools/llvm-libc-probe/.build-cxx-full/include/c++/v1/wchar.h:142:20: warning: cast from 'const wchar_t *' to 'wchar_t *' drops const qualifier [-Wcast-qual]
  142 |   return (wchar_t*)wcschr(__s, __c);
      |                    ^
/var/db/repos/Local/tools/llvm-libc-probe/.build-cxx-full/include/c++/v1/wchar.h:152:20: warning: cast from 'const wchar_t *' to 'wchar_t *' drops const qualifier [-Wcast-qual]
  152 |   return (wchar_t*)wcspbrk(__s1, __s2);
      |                    ^
/var/db/repos/Local/tools/llvm-libc-probe/.build-cxx-full/include/c++/v1/wchar.h:163:20: warning: cast from 'const wchar_t *' to 'wchar_t *' drops const qualifier [-Wcast-qual]
  163 |   return (wchar_t*)wcsrchr(__s, __c);
      |                    ^
/var/db/repos/Local/tools/llvm-libc-probe/.build-cxx-full/include/c++/v1/wchar.h:173:20: warning: cast from 'const wchar_t *' to 'wchar_t *' drops const qualifier [-Wcast-qual]
  173 |   return (wchar_t*)wcsstr(__s1, __s2);
      |                    ^
/var/db/repos/Local/tools/llvm-libc-probe/.build-cxx-full/include/c++/v1/wchar.h:184:20: warning: cast from 'const wchar_t *' to 'wchar_t *' drops const qualifier [-Wcast-qual]
  184 |   return (wchar_t*)wmemchr(__s, __c, __n);
      |                    ^
5 warnings generated.
[1778/1889] Building CXX object libcxxabi/src/CMakeFiles/cxxabi_static_objects.dir/cxa_aux_runtime.cpp.o
In file included from <built-in>:3:
In file included from /var/db/repos/Local/tools/llvm-libc-probe/compat/llvm-libc-compat.h:45:
/var/db/repos/Local/tools/llvm-libc-probe/.build-cxx-full/include/c++/v1/wchar.h:142:20: warning: cast from 'const wchar_t *' to 'wchar_t *' drops const qualifier [-Wcast-qual]
  142 |   return (wchar_t*)wcschr(__s, __c);
      |                    ^
/var/db/repos/Local/tools/llvm-libc-probe/.build-cxx-full/include/c++/v1/wchar.h:152:20: warning: cast from 'const wchar_t *' to 'wchar_t *' drops const qualifier [-Wcast-qual]
  152 |   return (wchar_t*)wcspbrk(__s1, __s2);
      |                    ^
/var/db/repos/Local/tools/llvm-libc-probe/.build-cxx-full/include/c++/v1/wchar.h:163:20: warning: cast from 'const wchar_t *' to 'wchar_t *' drops const qualifier [-Wcast-qual]
  163 |   return (wchar_t*)wcsrchr(__s, __c);
      |                    ^
/var/db/repos/Local/tools/llvm-libc-probe/.build-cxx-full/include/c++/v1/wchar.h:173:20: warning: cast from 'const wchar_t *' to 'wchar_t *' drops const qualifier [-Wcast-qual]
  173 |   return (wchar_t*)wcsstr(__s1, __s2);
      |                    ^
/var/db/repos/Local/tools/llvm-libc-probe/.build-cxx-full/include/c++/v1/wchar.h:184:20: warning: cast from 'const wchar_t *' to 'wchar_t *' drops const qualifier [-Wcast-qual]
  184 |   return (wchar_t*)wmemchr(__s, __c, __n);
      |                    ^
5 warnings generated.
[1779/1889] Building CXX object libcxxabi/src/CMakeFiles/cxxabi_static_objects.dir/abort_message.cpp.o
In file included from <built-in>:3:
In file included from /var/db/repos/Local/tools/llvm-libc-probe/compat/llvm-libc-compat.h:45:
/var/db/repos/Local/tools/llvm-libc-probe/.build-cxx-full/include/c++/v1/wchar.h:142:20: warning: cast from 'const wchar_t *' to 'wchar_t *' drops const qualifier [-Wcast-qual]
  142 |   return (wchar_t*)wcschr(__s, __c);
      |                    ^
/var/db/repos/Local/tools/llvm-libc-probe/.build-cxx-full/include/c++/v1/wchar.h:152:20: warning: cast from 'const wchar_t *' to 'wchar_t *' drops const qualifier [-Wcast-qual]
  152 |   return (wchar_t*)wcspbrk(__s1, __s2);
      |                    ^
/var/db/repos/Local/tools/llvm-libc-probe/.build-cxx-full/include/c++/v1/wchar.h:163:20: warning: cast from 'const wchar_t *' to 'wchar_t *' drops const qualifier [-Wcast-qual]
  163 |   return (wchar_t*)wcsrchr(__s, __c);
      |                    ^
/var/db/repos/Local/tools/llvm-libc-probe/.build-cxx-full/include/c++/v1/wchar.h:173:20: warning: cast from 'const wchar_t *' to 'wchar_t *' drops const qualifier [-Wcast-qual]
  173 |   return (wchar_t*)wcsstr(__s1, __s2);
      |                    ^
/var/db/repos/Local/tools/llvm-libc-probe/.build-cxx-full/include/c++/v1/wchar.h:184:20: warning: cast from 'const wchar_t *' to 'wchar_t *' drops const qualifier [-Wcast-qual]
  184 |   return (wchar_t*)wmemchr(__s, __c, __n);
      |                    ^
5 warnings generated.
[1780/1889] Building CXX object libcxxabi/src/CMakeFiles/cxxabi_static_objects.dir/stdlib_exception.cpp.o
In file included from <built-in>:3:
In file included from /var/db/repos/Local/tools/llvm-libc-probe/compat/llvm-libc-compat.h:45:
/var/db/repos/Local/tools/llvm-libc-probe/.build-cxx-full/include/c++/v1/wchar.h:142:20: warning: cast from 'const wchar_t *' to 'wchar_t *' drops const qualifier [-Wcast-qual]
  142 |   return (wchar_t*)wcschr(__s, __c);
      |                    ^
/var/db/repos/Local/tools/llvm-libc-probe/.build-cxx-full/include/c++/v1/wchar.h:152:20: warning: cast from 'const wchar_t *' to 'wchar_t *' drops const qualifier [-Wcast-qual]
  152 |   return (wchar_t*)wcspbrk(__s1, __s2);
      |                    ^
/var/db/repos/Local/tools/llvm-libc-probe/.build-cxx-full/include/c++/v1/wchar.h:163:20: warning: cast from 'const wchar_t *' to 'wchar_t *' drops const qualifier [-Wcast-qual]
  163 |   return (wchar_t*)wcsrchr(__s, __c);
      |                    ^
/var/db/repos/Local/tools/llvm-libc-probe/.build-cxx-full/include/c++/v1/wchar.h:173:20: warning: cast from 'const wchar_t *' to 'wchar_t *' drops const qualifier [-Wcast-qual]
  173 |   return (wchar_t*)wcsstr(__s1, __s2);
      |                    ^
/var/db/repos/Local/tools/llvm-libc-probe/.build-cxx-full/include/c++/v1/wchar.h:184:20: warning: cast from 'const wchar_t *' to 'wchar_t *' drops const qualifier [-Wcast-qual]
  184 |   return (wchar_t*)wmemchr(__s, __c, __n);
      |                    ^
5 warnings generated.
[1781/1889] Building CXX object libcxxabi/src/CMakeFiles/cxxabi_static_objects.dir/stdlib_new_delete.cpp.o
In file included from <built-in>:3:
In file included from /var/db/repos/Local/tools/llvm-libc-probe/compat/llvm-libc-compat.h:45:
/var/db/repos/Local/tools/llvm-libc-probe/.build-cxx-full/include/c++/v1/wchar.h:142:20: warning: cast from 'const wchar_t *' to 'wchar_t *' drops const qualifier [-Wcast-qual]
  142 |   return (wchar_t*)wcschr(__s, __c);
      |                    ^
/var/db/repos/Local/tools/llvm-libc-probe/.build-cxx-full/include/c++/v1/wchar.h:152:20: warning: cast from 'const wchar_t *' to 'wchar_t *' drops const qualifier [-Wcast-qual]
  152 |   return (wchar_t*)wcspbrk(__s1, __s2);
      |                    ^
/var/db/repos/Local/tools/llvm-libc-probe/.build-cxx-full/include/c++/v1/wchar.h:163:20: warning: cast from 'const wchar_t *' to 'wchar_t *' drops const qualifier [-Wcast-qual]
  163 |   return (wchar_t*)wcsrchr(__s, __c);
      |                    ^
/var/db/repos/Local/tools/llvm-libc-probe/.build-cxx-full/include/c++/v1/wchar.h:173:20: warning: cast from 'const wchar_t *' to 'wchar_t *' drops const qualifier [-Wcast-qual]
  173 |   return (wchar_t*)wcsstr(__s1, __s2);
      |                    ^
/var/db/repos/Local/tools/llvm-libc-probe/.build-cxx-full/include/c++/v1/wchar.h:184:20: warning: cast from 'const wchar_t *' to 'wchar_t *' drops const qualifier [-Wcast-qual]
  184 |   return (wchar_t*)wmemchr(__s, __c, __n);
      |                    ^
5 warnings generated.
[1782/1889] Building CXX object libcxxabi/src/CMakeFiles/cxxabi_static_objects.dir/cxa_exception_storage.cpp.o
In file included from <built-in>:3:
In file included from /var/db/repos/Local/tools/llvm-libc-probe/compat/llvm-libc-compat.h:45:
/var/db/repos/Local/tools/llvm-libc-probe/.build-cxx-full/include/c++/v1/wchar.h:142:20: warning: cast from 'const wchar_t *' to 'wchar_t *' drops const qualifier [-Wcast-qual]
  142 |   return (wchar_t*)wcschr(__s, __c);
      |                    ^
/var/db/repos/Local/tools/llvm-libc-probe/.build-cxx-full/include/c++/v1/wchar.h:152:20: warning: cast from 'const wchar_t *' to 'wchar_t *' drops const qualifier [-Wcast-qual]
  152 |   return (wchar_t*)wcspbrk(__s1, __s2);
      |                    ^
/var/db/repos/Local/tools/llvm-libc-probe/.build-cxx-full/include/c++/v1/wchar.h:163:20: warning: cast from 'const wchar_t *' to 'wchar_t *' drops const qualifier [-Wcast-qual]
  163 |   return (wchar_t*)wcsrchr(__s, __c);
      |                    ^
/var/db/repos/Local/tools/llvm-libc-probe/.build-cxx-full/include/c++/v1/wchar.h:173:20: warning: cast from 'const wchar_t *' to 'wchar_t *' drops const qualifier [-Wcast-qual]
  173 |   return (wchar_t*)wcsstr(__s1, __s2);
      |                    ^
/var/db/repos/Local/tools/llvm-libc-probe/.build-cxx-full/include/c++/v1/wchar.h:184:20: warning: cast from 'const wchar_t *' to 'wchar_t *' drops const qualifier [-Wcast-qual]
  184 |   return (wchar_t*)wmemchr(__s, __c, __n);
      |                    ^
In file included from /var/db/repos/Local/tools/llvm-libc-probe/.src/llvm-project/libcxxabi/src/cxa_exception_storage.cpp:15:
In file included from /var/db/repos/Local/tools/llvm-libc-probe/.build-cxx-full/include/c++/v1/__thread/support.h:110:
In file included from /var/db/repos/Local/tools/llvm-libc-probe/.build-cxx-full/include/c++/v1/__thread/support/external.h:19:
/var/db/repos/Local/tools/llvm-libc-probe/compat/__external_threading:177:31: warning: cast from 'void *(*)(void *)' to 'thrd_start_t' (aka 'int (*)(void *)') converts to incompatible function type [-Wcast-function-type-mismatch]
  177 |   int __ec = thrd_create(__t, reinterpret_cast<thrd_start_t>(__func), __arg);
      |                               ^~~~~~~~~~~~~~~~~~~~~~~~~~~~~~~~~~~~~~
6 warnings generated.
[1783/1889] Building CXX object libcxxabi/src/CMakeFiles/cxxabi_static_objects.dir/cxa_vector.cpp.o
In file included from <built-in>:3:
In file included from /var/db/repos/Local/tools/llvm-libc-probe/compat/llvm-libc-compat.h:45:
/var/db/repos/Local/tools/llvm-libc-probe/.build-cxx-full/include/c++/v1/wchar.h:142:20: warning: cast from 'const wchar_t *' to 'wchar_t *' drops const qualifier [-Wcast-qual]
  142 |   return (wchar_t*)wcschr(__s, __c);
      |                    ^
/var/db/repos/Local/tools/llvm-libc-probe/.build-cxx-full/include/c++/v1/wchar.h:152:20: warning: cast from 'const wchar_t *' to 'wchar_t *' drops const qualifier [-Wcast-qual]
  152 |   return (wchar_t*)wcspbrk(__s1, __s2);
      |                    ^
/var/db/repos/Local/tools/llvm-libc-probe/.build-cxx-full/include/c++/v1/wchar.h:163:20: warning: cast from 'const wchar_t *' to 'wchar_t *' drops const qualifier [-Wcast-qual]
  163 |   return (wchar_t*)wcsrchr(__s, __c);
      |                    ^
/var/db/repos/Local/tools/llvm-libc-probe/.build-cxx-full/include/c++/v1/wchar.h:173:20: warning: cast from 'const wchar_t *' to 'wchar_t *' drops const qualifier [-Wcast-qual]
  173 |   return (wchar_t*)wcsstr(__s1, __s2);
      |                    ^
/var/db/repos/Local/tools/llvm-libc-probe/.build-cxx-full/include/c++/v1/wchar.h:184:20: warning: cast from 'const wchar_t *' to 'wchar_t *' drops const qualifier [-Wcast-qual]
  184 |   return (wchar_t*)wmemchr(__s, __c, __n);
      |                    ^
5 warnings generated.
[1784/1889] Building CXX object libcxxabi/src/CMakeFiles/cxxabi_static_objects.dir/fallback_malloc.cpp.o
In file included from <built-in>:3:
In file included from /var/db/repos/Local/tools/llvm-libc-probe/compat/llvm-libc-compat.h:45:
/var/db/repos/Local/tools/llvm-libc-probe/.build-cxx-full/include/c++/v1/wchar.h:142:20: warning: cast from 'const wchar_t *' to 'wchar_t *' drops const qualifier [-Wcast-qual]
  142 |   return (wchar_t*)wcschr(__s, __c);
      |                    ^
/var/db/repos/Local/tools/llvm-libc-probe/.build-cxx-full/include/c++/v1/wchar.h:152:20: warning: cast from 'const wchar_t *' to 'wchar_t *' drops const qualifier [-Wcast-qual]
  152 |   return (wchar_t*)wcspbrk(__s1, __s2);
      |                    ^
/var/db/repos/Local/tools/llvm-libc-probe/.build-cxx-full/include/c++/v1/wchar.h:163:20: warning: cast from 'const wchar_t *' to 'wchar_t *' drops const qualifier [-Wcast-qual]
  163 |   return (wchar_t*)wcsrchr(__s, __c);
      |                    ^
/var/db/repos/Local/tools/llvm-libc-probe/.build-cxx-full/include/c++/v1/wchar.h:173:20: warning: cast from 'const wchar_t *' to 'wchar_t *' drops const qualifier [-Wcast-qual]
  173 |   return (wchar_t*)wcsstr(__s1, __s2);
      |                    ^
/var/db/repos/Local/tools/llvm-libc-probe/.build-cxx-full/include/c++/v1/wchar.h:184:20: warning: cast from 'const wchar_t *' to 'wchar_t *' drops const qualifier [-Wcast-qual]
  184 |   return (wchar_t*)wmemchr(__s, __c, __n);
      |                    ^
In file included from /var/db/repos/Local/tools/llvm-libc-probe/.src/llvm-project/libcxxabi/src/fallback_malloc.cpp:12:
In file included from /var/db/repos/Local/tools/llvm-libc-probe/.build-cxx-full/include/c++/v1/__thread/support.h:110:
In file included from /var/db/repos/Local/tools/llvm-libc-probe/.build-cxx-full/include/c++/v1/__thread/support/external.h:19:
/var/db/repos/Local/tools/llvm-libc-probe/compat/__external_threading:177:31: warning: cast from 'void *(*)(void *)' to 'thrd_start_t' (aka 'int (*)(void *)') converts to incompatible function type [-Wcast-function-type-mismatch]
  177 |   int __ec = thrd_create(__t, reinterpret_cast<thrd_start_t>(__func), __arg);
      |                               ^~~~~~~~~~~~~~~~~~~~~~~~~~~~~~~~~~~~~~
6 warnings generated.
[1785/1889] Building CXX object libcxxabi/src/CMakeFiles/cxxabi_static_objects.dir/cxa_thread_atexit.cpp.o
In file included from <built-in>:3:
In file included from /var/db/repos/Local/tools/llvm-libc-probe/compat/llvm-libc-compat.h:45:
/var/db/repos/Local/tools/llvm-libc-probe/.build-cxx-full/include/c++/v1/wchar.h:142:20: warning: cast from 'const wchar_t *' to 'wchar_t *' drops const qualifier [-Wcast-qual]
  142 |   return (wchar_t*)wcschr(__s, __c);
      |                    ^
/var/db/repos/Local/tools/llvm-libc-probe/.build-cxx-full/include/c++/v1/wchar.h:152:20: warning: cast from 'const wchar_t *' to 'wchar_t *' drops const qualifier [-Wcast-qual]
  152 |   return (wchar_t*)wcspbrk(__s1, __s2);
      |                    ^
/var/db/repos/Local/tools/llvm-libc-probe/.build-cxx-full/include/c++/v1/wchar.h:163:20: warning: cast from 'const wchar_t *' to 'wchar_t *' drops const qualifier [-Wcast-qual]
  163 |   return (wchar_t*)wcsrchr(__s, __c);
      |                    ^
/var/db/repos/Local/tools/llvm-libc-probe/.build-cxx-full/include/c++/v1/wchar.h:173:20: warning: cast from 'const wchar_t *' to 'wchar_t *' drops const qualifier [-Wcast-qual]
  173 |   return (wchar_t*)wcsstr(__s1, __s2);
      |                    ^
/var/db/repos/Local/tools/llvm-libc-probe/.build-cxx-full/include/c++/v1/wchar.h:184:20: warning: cast from 'const wchar_t *' to 'wchar_t *' drops const qualifier [-Wcast-qual]
  184 |   return (wchar_t*)wmemchr(__s, __c, __n);
      |                    ^
In file included from /var/db/repos/Local/tools/llvm-libc-probe/.src/llvm-project/libcxxabi/src/cxa_thread_atexit.cpp:11:
In file included from /var/db/repos/Local/tools/llvm-libc-probe/.build-cxx-full/include/c++/v1/__thread/support.h:110:
In file included from /var/db/repos/Local/tools/llvm-libc-probe/.build-cxx-full/include/c++/v1/__thread/support/external.h:19:
/var/db/repos/Local/tools/llvm-libc-probe/compat/__external_threading:177:31: warning: cast from 'void *(*)(void *)' to 'thrd_start_t' (aka 'int (*)(void *)') converts to incompatible function type [-Wcast-function-type-mismatch]
  177 |   int __ec = thrd_create(__t, reinterpret_cast<thrd_start_t>(__func), __arg);
      |                               ^~~~~~~~~~~~~~~~~~~~~~~~~~~~~~~~~~~~~~
6 warnings generated.
[1786/1889] Building CXX object libcxxabi/src/CMakeFiles/cxxabi_static_objects.dir/cxa_personality.cpp.o
In file included from <built-in>:3:
In file included from /var/db/repos/Local/tools/llvm-libc-probe/compat/llvm-libc-compat.h:45:
/var/db/repos/Local/tools/llvm-libc-probe/.build-cxx-full/include/c++/v1/wchar.h:142:20: warning: cast from 'const wchar_t *' to 'wchar_t *' drops const qualifier [-Wcast-qual]
  142 |   return (wchar_t*)wcschr(__s, __c);
      |                    ^
/var/db/repos/Local/tools/llvm-libc-probe/.build-cxx-full/include/c++/v1/wchar.h:152:20: warning: cast from 'const wchar_t *' to 'wchar_t *' drops const qualifier [-Wcast-qual]
  152 |   return (wchar_t*)wcspbrk(__s1, __s2);
      |                    ^
/var/db/repos/Local/tools/llvm-libc-probe/.build-cxx-full/include/c++/v1/wchar.h:163:20: warning: cast from 'const wchar_t *' to 'wchar_t *' drops const qualifier [-Wcast-qual]
  163 |   return (wchar_t*)wcsrchr(__s, __c);
      |                    ^
/var/db/repos/Local/tools/llvm-libc-probe/.build-cxx-full/include/c++/v1/wchar.h:173:20: warning: cast from 'const wchar_t *' to 'wchar_t *' drops const qualifier [-Wcast-qual]
  173 |   return (wchar_t*)wcsstr(__s1, __s2);
      |                    ^
/var/db/repos/Local/tools/llvm-libc-probe/.build-cxx-full/include/c++/v1/wchar.h:184:20: warning: cast from 'const wchar_t *' to 'wchar_t *' drops const qualifier [-Wcast-qual]
  184 |   return (wchar_t*)wmemchr(__s, __c, __n);
      |                    ^
5 warnings generated.
[1787/1889] Building CXX object libcxxabi/src/CMakeFiles/cxxabi_static_objects.dir/private_typeinfo.cpp.o
In file included from <built-in>:3:
In file included from /var/db/repos/Local/tools/llvm-libc-probe/compat/llvm-libc-compat.h:45:
/var/db/repos/Local/tools/llvm-libc-probe/.build-cxx-full/include/c++/v1/wchar.h:142:20: warning: cast from 'const wchar_t *' to 'wchar_t *' drops const qualifier [-Wcast-qual]
  142 |   return (wchar_t*)wcschr(__s, __c);
      |                    ^
/var/db/repos/Local/tools/llvm-libc-probe/.build-cxx-full/include/c++/v1/wchar.h:152:20: warning: cast from 'const wchar_t *' to 'wchar_t *' drops const qualifier [-Wcast-qual]
  152 |   return (wchar_t*)wcspbrk(__s1, __s2);
      |                    ^
/var/db/repos/Local/tools/llvm-libc-probe/.build-cxx-full/include/c++/v1/wchar.h:163:20: warning: cast from 'const wchar_t *' to 'wchar_t *' drops const qualifier [-Wcast-qual]
  163 |   return (wchar_t*)wcsrchr(__s, __c);
      |                    ^
/var/db/repos/Local/tools/llvm-libc-probe/.build-cxx-full/include/c++/v1/wchar.h:173:20: warning: cast from 'const wchar_t *' to 'wchar_t *' drops const qualifier [-Wcast-qual]
  173 |   return (wchar_t*)wcsstr(__s1, __s2);
      |                    ^
/var/db/repos/Local/tools/llvm-libc-probe/.build-cxx-full/include/c++/v1/wchar.h:184:20: warning: cast from 'const wchar_t *' to 'wchar_t *' drops const qualifier [-Wcast-qual]
  184 |   return (wchar_t*)wmemchr(__s, __c, __n);
      |                    ^
5 warnings generated.
[1788/1889] Building CXX object libcxx/src/CMakeFiles/cxx_static.dir/any.cpp.o
In file included from <built-in>:3:
In file included from /var/db/repos/Local/tools/llvm-libc-probe/compat/llvm-libc-compat.h:45:
/var/db/repos/Local/tools/llvm-libc-probe/.build-cxx-full/include/c++/v1/wchar.h:142:20: warning: cast from 'const wchar_t *' to 'wchar_t *' drops const qualifier [-Wcast-qual]
  142 |   return (wchar_t*)wcschr(__s, __c);
      |                    ^
/var/db/repos/Local/tools/llvm-libc-probe/.build-cxx-full/include/c++/v1/wchar.h:152:20: warning: cast from 'const wchar_t *' to 'wchar_t *' drops const qualifier [-Wcast-qual]
  152 |   return (wchar_t*)wcspbrk(__s1, __s2);
      |                    ^
/var/db/repos/Local/tools/llvm-libc-probe/.build-cxx-full/include/c++/v1/wchar.h:163:20: warning: cast from 'const wchar_t *' to 'wchar_t *' drops const qualifier [-Wcast-qual]
  163 |   return (wchar_t*)wcsrchr(__s, __c);
      |                    ^
/var/db/repos/Local/tools/llvm-libc-probe/.build-cxx-full/include/c++/v1/wchar.h:173:20: warning: cast from 'const wchar_t *' to 'wchar_t *' drops const qualifier [-Wcast-qual]
  173 |   return (wchar_t*)wcsstr(__s1, __s2);
      |                    ^
/var/db/repos/Local/tools/llvm-libc-probe/.build-cxx-full/include/c++/v1/wchar.h:184:20: warning: cast from 'const wchar_t *' to 'wchar_t *' drops const qualifier [-Wcast-qual]
  184 |   return (wchar_t*)wmemchr(__s, __c, __n);
      |                    ^
5 warnings generated.
[1789/1889] Building CXX object libcxx/src/CMakeFiles/cxx_static.dir/exception.cpp.o
In file included from <built-in>:3:
In file included from /var/db/repos/Local/tools/llvm-libc-probe/compat/llvm-libc-compat.h:45:
/var/db/repos/Local/tools/llvm-libc-probe/.build-cxx-full/include/c++/v1/wchar.h:142:20: warning: cast from 'const wchar_t *' to 'wchar_t *' drops const qualifier [-Wcast-qual]
  142 |   return (wchar_t*)wcschr(__s, __c);
      |                    ^
/var/db/repos/Local/tools/llvm-libc-probe/.build-cxx-full/include/c++/v1/wchar.h:152:20: warning: cast from 'const wchar_t *' to 'wchar_t *' drops const qualifier [-Wcast-qual]
  152 |   return (wchar_t*)wcspbrk(__s1, __s2);
      |                    ^
/var/db/repos/Local/tools/llvm-libc-probe/.build-cxx-full/include/c++/v1/wchar.h:163:20: warning: cast from 'const wchar_t *' to 'wchar_t *' drops const qualifier [-Wcast-qual]
  163 |   return (wchar_t*)wcsrchr(__s, __c);
      |                    ^
/var/db/repos/Local/tools/llvm-libc-probe/.build-cxx-full/include/c++/v1/wchar.h:173:20: warning: cast from 'const wchar_t *' to 'wchar_t *' drops const qualifier [-Wcast-qual]
  173 |   return (wchar_t*)wcsstr(__s1, __s2);
      |                    ^
/var/db/repos/Local/tools/llvm-libc-probe/.build-cxx-full/include/c++/v1/wchar.h:184:20: warning: cast from 'const wchar_t *' to 'wchar_t *' drops const qualifier [-Wcast-qual]
  184 |   return (wchar_t*)wmemchr(__s, __c, __n);
      |                    ^
5 warnings generated.
[1790/1889] Building CXX object libunwind/src/CMakeFiles/unwind_static_objects.dir/libunwind.cpp.o
[1791/1889] Building CXX object libcxx/src/CMakeFiles/cxx_static.dir/expected.cpp.o
In file included from <built-in>:3:
In file included from /var/db/repos/Local/tools/llvm-libc-probe/compat/llvm-libc-compat.h:45:
/var/db/repos/Local/tools/llvm-libc-probe/.build-cxx-full/include/c++/v1/wchar.h:142:20: warning: cast from 'const wchar_t *' to 'wchar_t *' drops const qualifier [-Wcast-qual]
  142 |   return (wchar_t*)wcschr(__s, __c);
      |                    ^
/var/db/repos/Local/tools/llvm-libc-probe/.build-cxx-full/include/c++/v1/wchar.h:152:20: warning: cast from 'const wchar_t *' to 'wchar_t *' drops const qualifier [-Wcast-qual]
  152 |   return (wchar_t*)wcspbrk(__s1, __s2);
      |                    ^
/var/db/repos/Local/tools/llvm-libc-probe/.build-cxx-full/include/c++/v1/wchar.h:163:20: warning: cast from 'const wchar_t *' to 'wchar_t *' drops const qualifier [-Wcast-qual]
  163 |   return (wchar_t*)wcsrchr(__s, __c);
      |                    ^
/var/db/repos/Local/tools/llvm-libc-probe/.build-cxx-full/include/c++/v1/wchar.h:173:20: warning: cast from 'const wchar_t *' to 'wchar_t *' drops const qualifier [-Wcast-qual]
  173 |   return (wchar_t*)wcsstr(__s1, __s2);
      |                    ^
/var/db/repos/Local/tools/llvm-libc-probe/.build-cxx-full/include/c++/v1/wchar.h:184:20: warning: cast from 'const wchar_t *' to 'wchar_t *' drops const qualifier [-Wcast-qual]
  184 |   return (wchar_t*)wmemchr(__s, __c, __n);
      |                    ^
5 warnings generated.
[1792/1889] Building CXX object libcxxabi/src/CMakeFiles/cxxabi_static_objects.dir/cxa_default_handlers.cpp.o
In file included from <built-in>:3:
In file included from /var/db/repos/Local/tools/llvm-libc-probe/compat/llvm-libc-compat.h:45:
/var/db/repos/Local/tools/llvm-libc-probe/.build-cxx-full/include/c++/v1/wchar.h:142:20: warning: cast from 'const wchar_t *' to 'wchar_t *' drops const qualifier [-Wcast-qual]
  142 |   return (wchar_t*)wcschr(__s, __c);
      |                    ^
/var/db/repos/Local/tools/llvm-libc-probe/.build-cxx-full/include/c++/v1/wchar.h:152:20: warning: cast from 'const wchar_t *' to 'wchar_t *' drops const qualifier [-Wcast-qual]
  152 |   return (wchar_t*)wcspbrk(__s1, __s2);
      |                    ^
/var/db/repos/Local/tools/llvm-libc-probe/.build-cxx-full/include/c++/v1/wchar.h:163:20: warning: cast from 'const wchar_t *' to 'wchar_t *' drops const qualifier [-Wcast-qual]
  163 |   return (wchar_t*)wcsrchr(__s, __c);
      |                    ^
/var/db/repos/Local/tools/llvm-libc-probe/.build-cxx-full/include/c++/v1/wchar.h:173:20: warning: cast from 'const wchar_t *' to 'wchar_t *' drops const qualifier [-Wcast-qual]
  173 |   return (wchar_t*)wcsstr(__s1, __s2);
      |                    ^
/var/db/repos/Local/tools/llvm-libc-probe/.build-cxx-full/include/c++/v1/wchar.h:184:20: warning: cast from 'const wchar_t *' to 'wchar_t *' drops const qualifier [-Wcast-qual]
  184 |   return (wchar_t*)wmemchr(__s, __c, __n);
      |                    ^
5 warnings generated.
[1793/1889] Building CXX object libcxxabi/src/CMakeFiles/cxxabi_static_objects.dir/cxa_handlers.cpp.o
In file included from <built-in>:3:
In file included from /var/db/repos/Local/tools/llvm-libc-probe/compat/llvm-libc-compat.h:45:
/var/db/repos/Local/tools/llvm-libc-probe/.build-cxx-full/include/c++/v1/wchar.h:142:20: warning: cast from 'const wchar_t *' to 'wchar_t *' drops const qualifier [-Wcast-qual]
  142 |   return (wchar_t*)wcschr(__s, __c);
      |                    ^
/var/db/repos/Local/tools/llvm-libc-probe/.build-cxx-full/include/c++/v1/wchar.h:152:20: warning: cast from 'const wchar_t *' to 'wchar_t *' drops const qualifier [-Wcast-qual]
  152 |   return (wchar_t*)wcspbrk(__s1, __s2);
      |                    ^
/var/db/repos/Local/tools/llvm-libc-probe/.build-cxx-full/include/c++/v1/wchar.h:163:20: warning: cast from 'const wchar_t *' to 'wchar_t *' drops const qualifier [-Wcast-qual]
  163 |   return (wchar_t*)wcsrchr(__s, __c);
      |                    ^
/var/db/repos/Local/tools/llvm-libc-probe/.build-cxx-full/include/c++/v1/wchar.h:173:20: warning: cast from 'const wchar_t *' to 'wchar_t *' drops const qualifier [-Wcast-qual]
  173 |   return (wchar_t*)wcsstr(__s1, __s2);
      |                    ^
/var/db/repos/Local/tools/llvm-libc-probe/.build-cxx-full/include/c++/v1/wchar.h:184:20: warning: cast from 'const wchar_t *' to 'wchar_t *' drops const qualifier [-Wcast-qual]
  184 |   return (wchar_t*)wmemchr(__s, __c, __n);
      |                    ^
5 warnings generated.
[1794/1889] Building CXX object libcxxabi/src/CMakeFiles/cxxabi_static_objects.dir/cxa_exception.cpp.o
In file included from <built-in>:3:
In file included from /var/db/repos/Local/tools/llvm-libc-probe/compat/llvm-libc-compat.h:45:
/var/db/repos/Local/tools/llvm-libc-probe/.build-cxx-full/include/c++/v1/wchar.h:142:20: warning: cast from 'const wchar_t *' to 'wchar_t *' drops const qualifier [-Wcast-qual]
  142 |   return (wchar_t*)wcschr(__s, __c);
      |                    ^
/var/db/repos/Local/tools/llvm-libc-probe/.build-cxx-full/include/c++/v1/wchar.h:152:20: warning: cast from 'const wchar_t *' to 'wchar_t *' drops const qualifier [-Wcast-qual]
  152 |   return (wchar_t*)wcspbrk(__s1, __s2);
      |                    ^
/var/db/repos/Local/tools/llvm-libc-probe/.build-cxx-full/include/c++/v1/wchar.h:163:20: warning: cast from 'const wchar_t *' to 'wchar_t *' drops const qualifier [-Wcast-qual]
  163 |   return (wchar_t*)wcsrchr(__s, __c);
      |                    ^
/var/db/repos/Local/tools/llvm-libc-probe/.build-cxx-full/include/c++/v1/wchar.h:173:20: warning: cast from 'const wchar_t *' to 'wchar_t *' drops const qualifier [-Wcast-qual]
  173 |   return (wchar_t*)wcsstr(__s1, __s2);
      |                    ^
/var/db/repos/Local/tools/llvm-libc-probe/.build-cxx-full/include/c++/v1/wchar.h:184:20: warning: cast from 'const wchar_t *' to 'wchar_t *' drops const qualifier [-Wcast-qual]
  184 |   return (wchar_t*)wmemchr(__s, __c, __n);
      |                    ^
5 warnings generated.
[1795/1889] Building CXX object libcxx/src/CMakeFiles/cxx_static.dir/call_once.cpp.o
In file included from <built-in>:3:
In file included from /var/db/repos/Local/tools/llvm-libc-probe/compat/llvm-libc-compat.h:45:
/var/db/repos/Local/tools/llvm-libc-probe/.build-cxx-full/include/c++/v1/wchar.h:142:20: warning: cast from 'const wchar_t *' to 'wchar_t *' drops const qualifier [-Wcast-qual]
  142 |   return (wchar_t*)wcschr(__s, __c);
      |                    ^
/var/db/repos/Local/tools/llvm-libc-probe/.build-cxx-full/include/c++/v1/wchar.h:152:20: warning: cast from 'const wchar_t *' to 'wchar_t *' drops const qualifier [-Wcast-qual]
  152 |   return (wchar_t*)wcspbrk(__s1, __s2);
      |                    ^
/var/db/repos/Local/tools/llvm-libc-probe/.build-cxx-full/include/c++/v1/wchar.h:163:20: warning: cast from 'const wchar_t *' to 'wchar_t *' drops const qualifier [-Wcast-qual]
  163 |   return (wchar_t*)wcsrchr(__s, __c);
      |                    ^
/var/db/repos/Local/tools/llvm-libc-probe/.build-cxx-full/include/c++/v1/wchar.h:173:20: warning: cast from 'const wchar_t *' to 'wchar_t *' drops const qualifier [-Wcast-qual]
  173 |   return (wchar_t*)wcsstr(__s1, __s2);
      |                    ^
/var/db/repos/Local/tools/llvm-libc-probe/.build-cxx-full/include/c++/v1/wchar.h:184:20: warning: cast from 'const wchar_t *' to 'wchar_t *' drops const qualifier [-Wcast-qual]
  184 |   return (wchar_t*)wmemchr(__s, __c, __n);
      |                    ^
In file included from /var/db/repos/Local/tools/llvm-libc-probe/.src/llvm-project/libcxx/src/call_once.cpp:14:
In file included from /var/db/repos/Local/tools/llvm-libc-probe/.build-cxx-full/include/c++/v1/__thread/support.h:110:
In file included from /var/db/repos/Local/tools/llvm-libc-probe/.build-cxx-full/include/c++/v1/__thread/support/external.h:19:
/var/db/repos/Local/tools/llvm-libc-probe/compat/__external_threading:177:31: warning: cast from 'void *(*)(void *)' to 'thrd_start_t' (aka 'int (*)(void *)') converts to incompatible function type [-Wcast-function-type-mismatch]
  177 |   int __ec = thrd_create(__t, reinterpret_cast<thrd_start_t>(__func), __arg);
      |                               ^~~~~~~~~~~~~~~~~~~~~~~~~~~~~~~~~~~~~~
6 warnings generated.
[1796/1889] Building CXX object libcxxabi/src/CMakeFiles/cxxabi_static_objects.dir/stdlib_stdexcept.cpp.o
In file included from <built-in>:3:
In file included from /var/db/repos/Local/tools/llvm-libc-probe/compat/llvm-libc-compat.h:45:
/var/db/repos/Local/tools/llvm-libc-probe/.build-cxx-full/include/c++/v1/wchar.h:142:20: warning: cast from 'const wchar_t *' to 'wchar_t *' drops const qualifier [-Wcast-qual]
  142 |   return (wchar_t*)wcschr(__s, __c);
      |                    ^
/var/db/repos/Local/tools/llvm-libc-probe/.build-cxx-full/include/c++/v1/wchar.h:152:20: warning: cast from 'const wchar_t *' to 'wchar_t *' drops const qualifier [-Wcast-qual]
  152 |   return (wchar_t*)wcspbrk(__s1, __s2);
      |                    ^
/var/db/repos/Local/tools/llvm-libc-probe/.build-cxx-full/include/c++/v1/wchar.h:163:20: warning: cast from 'const wchar_t *' to 'wchar_t *' drops const qualifier [-Wcast-qual]
  163 |   return (wchar_t*)wcsrchr(__s, __c);
      |                    ^
/var/db/repos/Local/tools/llvm-libc-probe/.build-cxx-full/include/c++/v1/wchar.h:173:20: warning: cast from 'const wchar_t *' to 'wchar_t *' drops const qualifier [-Wcast-qual]
  173 |   return (wchar_t*)wcsstr(__s1, __s2);
      |                    ^
/var/db/repos/Local/tools/llvm-libc-probe/.build-cxx-full/include/c++/v1/wchar.h:184:20: warning: cast from 'const wchar_t *' to 'wchar_t *' drops const qualifier [-Wcast-qual]
  184 |   return (wchar_t*)wmemchr(__s, __c, __n);
      |                    ^
5 warnings generated.
[1797/1889] Building CXX object libcxxabi/src/CMakeFiles/cxxabi_static_objects.dir/cxa_guard.cpp.o
In file included from <built-in>:3:
In file included from /var/db/repos/Local/tools/llvm-libc-probe/compat/llvm-libc-compat.h:45:
/var/db/repos/Local/tools/llvm-libc-probe/.build-cxx-full/include/c++/v1/wchar.h:142:20: warning: cast from 'const wchar_t *' to 'wchar_t *' drops const qualifier [-Wcast-qual]
  142 |   return (wchar_t*)wcschr(__s, __c);
      |                    ^
/var/db/repos/Local/tools/llvm-libc-probe/.build-cxx-full/include/c++/v1/wchar.h:152:20: warning: cast from 'const wchar_t *' to 'wchar_t *' drops const qualifier [-Wcast-qual]
  152 |   return (wchar_t*)wcspbrk(__s1, __s2);
      |                    ^
/var/db/repos/Local/tools/llvm-libc-probe/.build-cxx-full/include/c++/v1/wchar.h:163:20: warning: cast from 'const wchar_t *' to 'wchar_t *' drops const qualifier [-Wcast-qual]
  163 |   return (wchar_t*)wcsrchr(__s, __c);
      |                    ^
/var/db/repos/Local/tools/llvm-libc-probe/.build-cxx-full/include/c++/v1/wchar.h:173:20: warning: cast from 'const wchar_t *' to 'wchar_t *' drops const qualifier [-Wcast-qual]
  173 |   return (wchar_t*)wcsstr(__s1, __s2);
      |                    ^
/var/db/repos/Local/tools/llvm-libc-probe/.build-cxx-full/include/c++/v1/wchar.h:184:20: warning: cast from 'const wchar_t *' to 'wchar_t *' drops const qualifier [-Wcast-qual]
  184 |   return (wchar_t*)wmemchr(__s, __c, __n);
      |                    ^
In file included from /var/db/repos/Local/tools/llvm-libc-probe/.src/llvm-project/libcxxabi/src/cxa_guard.cpp:15:
In file included from /var/db/repos/Local/tools/llvm-libc-probe/.src/llvm-project/libcxxabi/src/cxa_guard_impl.h:61:
In file included from /var/db/repos/Local/tools/llvm-libc-probe/.build-cxx-full/include/c++/v1/__thread/support.h:110:
In file included from /var/db/repos/Local/tools/llvm-libc-probe/.build-cxx-full/include/c++/v1/__thread/support/external.h:19:
/var/db/repos/Local/tools/llvm-libc-probe/compat/__external_threading:177:31: warning: cast from 'void *(*)(void *)' to 'thrd_start_t' (aka 'int (*)(void *)') converts to incompatible function type [-Wcast-function-type-mismatch]
  177 |   int __ec = thrd_create(__t, reinterpret_cast<thrd_start_t>(__func), __arg);
      |                               ^~~~~~~~~~~~~~~~~~~~~~~~~~~~~~~~~~~~~~
6 warnings generated.
[1798/1889] Building CXX object libcxx/src/CMakeFiles/cxx_static.dir/bind.cpp.o
In file included from <built-in>:3:
In file included from /var/db/repos/Local/tools/llvm-libc-probe/compat/llvm-libc-compat.h:45:
/var/db/repos/Local/tools/llvm-libc-probe/.build-cxx-full/include/c++/v1/wchar.h:142:20: warning: cast from 'const wchar_t *' to 'wchar_t *' drops const qualifier [-Wcast-qual]
  142 |   return (wchar_t*)wcschr(__s, __c);
      |                    ^
/var/db/repos/Local/tools/llvm-libc-probe/.build-cxx-full/include/c++/v1/wchar.h:152:20: warning: cast from 'const wchar_t *' to 'wchar_t *' drops const qualifier [-Wcast-qual]
  152 |   return (wchar_t*)wcspbrk(__s1, __s2);
      |                    ^
/var/db/repos/Local/tools/llvm-libc-probe/.build-cxx-full/include/c++/v1/wchar.h:163:20: warning: cast from 'const wchar_t *' to 'wchar_t *' drops const qualifier [-Wcast-qual]
  163 |   return (wchar_t*)wcsrchr(__s, __c);
      |                    ^
/var/db/repos/Local/tools/llvm-libc-probe/.build-cxx-full/include/c++/v1/wchar.h:173:20: warning: cast from 'const wchar_t *' to 'wchar_t *' drops const qualifier [-Wcast-qual]
  173 |   return (wchar_t*)wcsstr(__s1, __s2);
      |                    ^
/var/db/repos/Local/tools/llvm-libc-probe/.build-cxx-full/include/c++/v1/wchar.h:184:20: warning: cast from 'const wchar_t *' to 'wchar_t *' drops const qualifier [-Wcast-qual]
  184 |   return (wchar_t*)wmemchr(__s, __c, __n);
      |                    ^
5 warnings generated.
[1799/1889] Building CXX object libcxx/src/CMakeFiles/cxx_static.dir/new_helpers.cpp.o
In file included from <built-in>:3:
In file included from /var/db/repos/Local/tools/llvm-libc-probe/compat/llvm-libc-compat.h:45:
/var/db/repos/Local/tools/llvm-libc-probe/.build-cxx-full/include/c++/v1/wchar.h:142:20: warning: cast from 'const wchar_t *' to 'wchar_t *' drops const qualifier [-Wcast-qual]
  142 |   return (wchar_t*)wcschr(__s, __c);
      |                    ^
/var/db/repos/Local/tools/llvm-libc-probe/.build-cxx-full/include/c++/v1/wchar.h:152:20: warning: cast from 'const wchar_t *' to 'wchar_t *' drops const qualifier [-Wcast-qual]
  152 |   return (wchar_t*)wcspbrk(__s1, __s2);
      |                    ^
/var/db/repos/Local/tools/llvm-libc-probe/.build-cxx-full/include/c++/v1/wchar.h:163:20: warning: cast from 'const wchar_t *' to 'wchar_t *' drops const qualifier [-Wcast-qual]
  163 |   return (wchar_t*)wcsrchr(__s, __c);
      |                    ^
/var/db/repos/Local/tools/llvm-libc-probe/.build-cxx-full/include/c++/v1/wchar.h:173:20: warning: cast from 'const wchar_t *' to 'wchar_t *' drops const qualifier [-Wcast-qual]
  173 |   return (wchar_t*)wcsstr(__s1, __s2);
      |                    ^
/var/db/repos/Local/tools/llvm-libc-probe/.build-cxx-full/include/c++/v1/wchar.h:184:20: warning: cast from 'const wchar_t *' to 'wchar_t *' drops const qualifier [-Wcast-qual]
  184 |   return (wchar_t*)wmemchr(__s, __c, __n);
      |                    ^
5 warnings generated.
[1800/1889] Building CXX object libcxx/src/CMakeFiles/cxx_static.dir/error_category.cpp.o
In file included from <built-in>:3:
In file included from /var/db/repos/Local/tools/llvm-libc-probe/compat/llvm-libc-compat.h:45:
/var/db/repos/Local/tools/llvm-libc-probe/.build-cxx-full/include/c++/v1/wchar.h:142:20: warning: cast from 'const wchar_t *' to 'wchar_t *' drops const qualifier [-Wcast-qual]
  142 |   return (wchar_t*)wcschr(__s, __c);
      |                    ^
/var/db/repos/Local/tools/llvm-libc-probe/.build-cxx-full/include/c++/v1/wchar.h:152:20: warning: cast from 'const wchar_t *' to 'wchar_t *' drops const qualifier [-Wcast-qual]
  152 |   return (wchar_t*)wcspbrk(__s1, __s2);
      |                    ^
/var/db/repos/Local/tools/llvm-libc-probe/.build-cxx-full/include/c++/v1/wchar.h:163:20: warning: cast from 'const wchar_t *' to 'wchar_t *' drops const qualifier [-Wcast-qual]
  163 |   return (wchar_t*)wcsrchr(__s, __c);
      |                    ^
/var/db/repos/Local/tools/llvm-libc-probe/.build-cxx-full/include/c++/v1/wchar.h:173:20: warning: cast from 'const wchar_t *' to 'wchar_t *' drops const qualifier [-Wcast-qual]
  173 |   return (wchar_t*)wcsstr(__s1, __s2);
      |                    ^
/var/db/repos/Local/tools/llvm-libc-probe/.build-cxx-full/include/c++/v1/wchar.h:184:20: warning: cast from 'const wchar_t *' to 'wchar_t *' drops const qualifier [-Wcast-qual]
  184 |   return (wchar_t*)wmemchr(__s, __c, __n);
      |                    ^
5 warnings generated.
[1801/1889] Building CXX object libcxx/src/CMakeFiles/cxx_static.dir/new_handler.cpp.o
In file included from <built-in>:3:
In file included from /var/db/repos/Local/tools/llvm-libc-probe/compat/llvm-libc-compat.h:45:
/var/db/repos/Local/tools/llvm-libc-probe/.build-cxx-full/include/c++/v1/wchar.h:142:20: warning: cast from 'const wchar_t *' to 'wchar_t *' drops const qualifier [-Wcast-qual]
  142 |   return (wchar_t*)wcschr(__s, __c);
      |                    ^
/var/db/repos/Local/tools/llvm-libc-probe/.build-cxx-full/include/c++/v1/wchar.h:152:20: warning: cast from 'const wchar_t *' to 'wchar_t *' drops const qualifier [-Wcast-qual]
  152 |   return (wchar_t*)wcspbrk(__s1, __s2);
      |                    ^
/var/db/repos/Local/tools/llvm-libc-probe/.build-cxx-full/include/c++/v1/wchar.h:163:20: warning: cast from 'const wchar_t *' to 'wchar_t *' drops const qualifier [-Wcast-qual]
  163 |   return (wchar_t*)wcsrchr(__s, __c);
      |                    ^
/var/db/repos/Local/tools/llvm-libc-probe/.build-cxx-full/include/c++/v1/wchar.h:173:20: warning: cast from 'const wchar_t *' to 'wchar_t *' drops const qualifier [-Wcast-qual]
  173 |   return (wchar_t*)wcsstr(__s1, __s2);
      |                    ^
/var/db/repos/Local/tools/llvm-libc-probe/.build-cxx-full/include/c++/v1/wchar.h:184:20: warning: cast from 'const wchar_t *' to 'wchar_t *' drops const qualifier [-Wcast-qual]
  184 |   return (wchar_t*)wmemchr(__s, __c, __n);
      |                    ^
5 warnings generated.
[1802/1889] Building CXX object libcxx/src/CMakeFiles/cxx_static.dir/optional.cpp.o
In file included from <built-in>:3:
In file included from /var/db/repos/Local/tools/llvm-libc-probe/compat/llvm-libc-compat.h:45:
/var/db/repos/Local/tools/llvm-libc-probe/.build-cxx-full/include/c++/v1/wchar.h:142:20: warning: cast from 'const wchar_t *' to 'wchar_t *' drops const qualifier [-Wcast-qual]
  142 |   return (wchar_t*)wcschr(__s, __c);
      |                    ^
/var/db/repos/Local/tools/llvm-libc-probe/.build-cxx-full/include/c++/v1/wchar.h:152:20: warning: cast from 'const wchar_t *' to 'wchar_t *' drops const qualifier [-Wcast-qual]
  152 |   return (wchar_t*)wcspbrk(__s1, __s2);
      |                    ^
/var/db/repos/Local/tools/llvm-libc-probe/.build-cxx-full/include/c++/v1/wchar.h:163:20: warning: cast from 'const wchar_t *' to 'wchar_t *' drops const qualifier [-Wcast-qual]
  163 |   return (wchar_t*)wcsrchr(__s, __c);
      |                    ^
/var/db/repos/Local/tools/llvm-libc-probe/.build-cxx-full/include/c++/v1/wchar.h:173:20: warning: cast from 'const wchar_t *' to 'wchar_t *' drops const qualifier [-Wcast-qual]
  173 |   return (wchar_t*)wcsstr(__s1, __s2);
      |                    ^
/var/db/repos/Local/tools/llvm-libc-probe/.build-cxx-full/include/c++/v1/wchar.h:184:20: warning: cast from 'const wchar_t *' to 'wchar_t *' drops const qualifier [-Wcast-qual]
  184 |   return (wchar_t*)wmemchr(__s, __c, __n);
      |                    ^
5 warnings generated.
[1803/1889] Building CXX object libcxx/src/CMakeFiles/cxx_static.dir/functional.cpp.o
In file included from <built-in>:3:
In file included from /var/db/repos/Local/tools/llvm-libc-probe/compat/llvm-libc-compat.h:45:
/var/db/repos/Local/tools/llvm-libc-probe/.build-cxx-full/include/c++/v1/wchar.h:142:20: warning: cast from 'const wchar_t *' to 'wchar_t *' drops const qualifier [-Wcast-qual]
  142 |   return (wchar_t*)wcschr(__s, __c);
      |                    ^
/var/db/repos/Local/tools/llvm-libc-probe/.build-cxx-full/include/c++/v1/wchar.h:152:20: warning: cast from 'const wchar_t *' to 'wchar_t *' drops const qualifier [-Wcast-qual]
  152 |   return (wchar_t*)wcspbrk(__s1, __s2);
      |                    ^
/var/db/repos/Local/tools/llvm-libc-probe/.build-cxx-full/include/c++/v1/wchar.h:163:20: warning: cast from 'const wchar_t *' to 'wchar_t *' drops const qualifier [-Wcast-qual]
  163 |   return (wchar_t*)wcsrchr(__s, __c);
      |                    ^
/var/db/repos/Local/tools/llvm-libc-probe/.build-cxx-full/include/c++/v1/wchar.h:173:20: warning: cast from 'const wchar_t *' to 'wchar_t *' drops const qualifier [-Wcast-qual]
  173 |   return (wchar_t*)wcsstr(__s1, __s2);
      |                    ^
/var/db/repos/Local/tools/llvm-libc-probe/.build-cxx-full/include/c++/v1/wchar.h:184:20: warning: cast from 'const wchar_t *' to 'wchar_t *' drops const qualifier [-Wcast-qual]
  184 |   return (wchar_t*)wmemchr(__s, __c, __n);
      |                    ^
5 warnings generated.
[1804/1889] Building CXX object libcxx/src/CMakeFiles/cxx_static.dir/ryu/d2fixed.cpp.o
In file included from <built-in>:3:
In file included from /var/db/repos/Local/tools/llvm-libc-probe/compat/llvm-libc-compat.h:45:
/var/db/repos/Local/tools/llvm-libc-probe/.build-cxx-full/include/c++/v1/wchar.h:142:20: warning: cast from 'const wchar_t *' to 'wchar_t *' drops const qualifier [-Wcast-qual]
  142 |   return (wchar_t*)wcschr(__s, __c);
      |                    ^
/var/db/repos/Local/tools/llvm-libc-probe/.build-cxx-full/include/c++/v1/wchar.h:152:20: warning: cast from 'const wchar_t *' to 'wchar_t *' drops const qualifier [-Wcast-qual]
  152 |   return (wchar_t*)wcspbrk(__s1, __s2);
      |                    ^
/var/db/repos/Local/tools/llvm-libc-probe/.build-cxx-full/include/c++/v1/wchar.h:163:20: warning: cast from 'const wchar_t *' to 'wchar_t *' drops const qualifier [-Wcast-qual]
  163 |   return (wchar_t*)wcsrchr(__s, __c);
      |                    ^
/var/db/repos/Local/tools/llvm-libc-probe/.build-cxx-full/include/c++/v1/wchar.h:173:20: warning: cast from 'const wchar_t *' to 'wchar_t *' drops const qualifier [-Wcast-qual]
  173 |   return (wchar_t*)wcsstr(__s1, __s2);
      |                    ^
/var/db/repos/Local/tools/llvm-libc-probe/.build-cxx-full/include/c++/v1/wchar.h:184:20: warning: cast from 'const wchar_t *' to 'wchar_t *' drops const qualifier [-Wcast-qual]
  184 |   return (wchar_t*)wmemchr(__s, __c, __n);
      |                    ^
5 warnings generated.
[1805/1889] Building CXX object libcxx/src/CMakeFiles/cxx_static.dir/ryu/d2s.cpp.o
In file included from <built-in>:3:
In file included from /var/db/repos/Local/tools/llvm-libc-probe/compat/llvm-libc-compat.h:45:
/var/db/repos/Local/tools/llvm-libc-probe/.build-cxx-full/include/c++/v1/wchar.h:142:20: warning: cast from 'const wchar_t *' to 'wchar_t *' drops const qualifier [-Wcast-qual]
  142 |   return (wchar_t*)wcschr(__s, __c);
      |                    ^
/var/db/repos/Local/tools/llvm-libc-probe/.build-cxx-full/include/c++/v1/wchar.h:152:20: warning: cast from 'const wchar_t *' to 'wchar_t *' drops const qualifier [-Wcast-qual]
  152 |   return (wchar_t*)wcspbrk(__s1, __s2);
      |                    ^
/var/db/repos/Local/tools/llvm-libc-probe/.build-cxx-full/include/c++/v1/wchar.h:163:20: warning: cast from 'const wchar_t *' to 'wchar_t *' drops const qualifier [-Wcast-qual]
  163 |   return (wchar_t*)wcsrchr(__s, __c);
      |                    ^
/var/db/repos/Local/tools/llvm-libc-probe/.build-cxx-full/include/c++/v1/wchar.h:173:20: warning: cast from 'const wchar_t *' to 'wchar_t *' drops const qualifier [-Wcast-qual]
  173 |   return (wchar_t*)wcsstr(__s1, __s2);
      |                    ^
/var/db/repos/Local/tools/llvm-libc-probe/.build-cxx-full/include/c++/v1/wchar.h:184:20: warning: cast from 'const wchar_t *' to 'wchar_t *' drops const qualifier [-Wcast-qual]
  184 |   return (wchar_t*)wmemchr(__s, __c, __n);
      |                    ^
5 warnings generated.
[1806/1889] Building CXX object libcxx/src/CMakeFiles/cxx_static.dir/ryu/f2s.cpp.o
In file included from <built-in>:3:
In file included from /var/db/repos/Local/tools/llvm-libc-probe/compat/llvm-libc-compat.h:45:
/var/db/repos/Local/tools/llvm-libc-probe/.build-cxx-full/include/c++/v1/wchar.h:142:20: warning: cast from 'const wchar_t *' to 'wchar_t *' drops const qualifier [-Wcast-qual]
  142 |   return (wchar_t*)wcschr(__s, __c);
      |                    ^
/var/db/repos/Local/tools/llvm-libc-probe/.build-cxx-full/include/c++/v1/wchar.h:152:20: warning: cast from 'const wchar_t *' to 'wchar_t *' drops const qualifier [-Wcast-qual]
  152 |   return (wchar_t*)wcspbrk(__s1, __s2);
      |                    ^
/var/db/repos/Local/tools/llvm-libc-probe/.build-cxx-full/include/c++/v1/wchar.h:163:20: warning: cast from 'const wchar_t *' to 'wchar_t *' drops const qualifier [-Wcast-qual]
  163 |   return (wchar_t*)wcsrchr(__s, __c);
      |                    ^
/var/db/repos/Local/tools/llvm-libc-probe/.build-cxx-full/include/c++/v1/wchar.h:173:20: warning: cast from 'const wchar_t *' to 'wchar_t *' drops const qualifier [-Wcast-qual]
  173 |   return (wchar_t*)wcsstr(__s1, __s2);
      |                    ^
/var/db/repos/Local/tools/llvm-libc-probe/.build-cxx-full/include/c++/v1/wchar.h:184:20: warning: cast from 'const wchar_t *' to 'wchar_t *' drops const qualifier [-Wcast-qual]
  184 |   return (wchar_t*)wmemchr(__s, __c, __n);
      |                    ^
5 warnings generated.
[1807/1889] Building CXX object libcxx/src/CMakeFiles/cxx_static.dir/hash.cpp.o
In file included from <built-in>:3:
In file included from /var/db/repos/Local/tools/llvm-libc-probe/compat/llvm-libc-compat.h:45:
/var/db/repos/Local/tools/llvm-libc-probe/.build-cxx-full/include/c++/v1/wchar.h:142:20: warning: cast from 'const wchar_t *' to 'wchar_t *' drops const qualifier [-Wcast-qual]
  142 |   return (wchar_t*)wcschr(__s, __c);
      |                    ^
/var/db/repos/Local/tools/llvm-libc-probe/.build-cxx-full/include/c++/v1/wchar.h:152:20: warning: cast from 'const wchar_t *' to 'wchar_t *' drops const qualifier [-Wcast-qual]
  152 |   return (wchar_t*)wcspbrk(__s1, __s2);
      |                    ^
/var/db/repos/Local/tools/llvm-libc-probe/.build-cxx-full/include/c++/v1/wchar.h:163:20: warning: cast from 'const wchar_t *' to 'wchar_t *' drops const qualifier [-Wcast-qual]
  163 |   return (wchar_t*)wcsrchr(__s, __c);
      |                    ^
/var/db/repos/Local/tools/llvm-libc-probe/.build-cxx-full/include/c++/v1/wchar.h:173:20: warning: cast from 'const wchar_t *' to 'wchar_t *' drops const qualifier [-Wcast-qual]
  173 |   return (wchar_t*)wcsstr(__s1, __s2);
      |                    ^
/var/db/repos/Local/tools/llvm-libc-probe/.build-cxx-full/include/c++/v1/wchar.h:184:20: warning: cast from 'const wchar_t *' to 'wchar_t *' drops const qualifier [-Wcast-qual]
  184 |   return (wchar_t*)wmemchr(__s, __c, __n);
      |                    ^
5 warnings generated.
[1808/1889] Building CXX object libcxx/src/CMakeFiles/cxx_static.dir/typeinfo.cpp.o
In file included from <built-in>:3:
In file included from /var/db/repos/Local/tools/llvm-libc-probe/compat/llvm-libc-compat.h:45:
/var/db/repos/Local/tools/llvm-libc-probe/.build-cxx-full/include/c++/v1/wchar.h:142:20: warning: cast from 'const wchar_t *' to 'wchar_t *' drops const qualifier [-Wcast-qual]
  142 |   return (wchar_t*)wcschr(__s, __c);
      |                    ^
/var/db/repos/Local/tools/llvm-libc-probe/.build-cxx-full/include/c++/v1/wchar.h:152:20: warning: cast from 'const wchar_t *' to 'wchar_t *' drops const qualifier [-Wcast-qual]
  152 |   return (wchar_t*)wcspbrk(__s1, __s2);
      |                    ^
/var/db/repos/Local/tools/llvm-libc-probe/.build-cxx-full/include/c++/v1/wchar.h:163:20: warning: cast from 'const wchar_t *' to 'wchar_t *' drops const qualifier [-Wcast-qual]
  163 |   return (wchar_t*)wcsrchr(__s, __c);
      |                    ^
/var/db/repos/Local/tools/llvm-libc-probe/.build-cxx-full/include/c++/v1/wchar.h:173:20: warning: cast from 'const wchar_t *' to 'wchar_t *' drops const qualifier [-Wcast-qual]
  173 |   return (wchar_t*)wcsstr(__s1, __s2);
      |                    ^
/var/db/repos/Local/tools/llvm-libc-probe/.build-cxx-full/include/c++/v1/wchar.h:184:20: warning: cast from 'const wchar_t *' to 'wchar_t *' drops const qualifier [-Wcast-qual]
  184 |   return (wchar_t*)wmemchr(__s, __c, __n);
      |                    ^
5 warnings generated.
[1809/1889] Building CXX object libcxx/src/CMakeFiles/cxx_static.dir/charconv.cpp.o
In file included from <built-in>:3:
In file included from /var/db/repos/Local/tools/llvm-libc-probe/compat/llvm-libc-compat.h:45:
/var/db/repos/Local/tools/llvm-libc-probe/.build-cxx-full/include/c++/v1/wchar.h:142:20: warning: cast from 'const wchar_t *' to 'wchar_t *' drops const qualifier [-Wcast-qual]
  142 |   return (wchar_t*)wcschr(__s, __c);
      |                    ^
/var/db/repos/Local/tools/llvm-libc-probe/.build-cxx-full/include/c++/v1/wchar.h:152:20: warning: cast from 'const wchar_t *' to 'wchar_t *' drops const qualifier [-Wcast-qual]
  152 |   return (wchar_t*)wcspbrk(__s1, __s2);
      |                    ^
/var/db/repos/Local/tools/llvm-libc-probe/.build-cxx-full/include/c++/v1/wchar.h:163:20: warning: cast from 'const wchar_t *' to 'wchar_t *' drops const qualifier [-Wcast-qual]
  163 |   return (wchar_t*)wcsrchr(__s, __c);
      |                    ^
/var/db/repos/Local/tools/llvm-libc-probe/.build-cxx-full/include/c++/v1/wchar.h:173:20: warning: cast from 'const wchar_t *' to 'wchar_t *' drops const qualifier [-Wcast-qual]
  173 |   return (wchar_t*)wcsstr(__s1, __s2);
      |                    ^
/var/db/repos/Local/tools/llvm-libc-probe/.build-cxx-full/include/c++/v1/wchar.h:184:20: warning: cast from 'const wchar_t *' to 'wchar_t *' drops const qualifier [-Wcast-qual]
  184 |   return (wchar_t*)wmemchr(__s, __c, __n);
      |                    ^
5 warnings generated.
[1810/1889] Building CXX object libcxx/src/CMakeFiles/cxx_static.dir/memory_resource.cpp.o
In file included from <built-in>:3:
In file included from /var/db/repos/Local/tools/llvm-libc-probe/compat/llvm-libc-compat.h:45:
/var/db/repos/Local/tools/llvm-libc-probe/.build-cxx-full/include/c++/v1/wchar.h:142:20: warning: cast from 'const wchar_t *' to 'wchar_t *' drops const qualifier [-Wcast-qual]
  142 |   return (wchar_t*)wcschr(__s, __c);
      |                    ^
/var/db/repos/Local/tools/llvm-libc-probe/.build-cxx-full/include/c++/v1/wchar.h:152:20: warning: cast from 'const wchar_t *' to 'wchar_t *' drops const qualifier [-Wcast-qual]
  152 |   return (wchar_t*)wcspbrk(__s1, __s2);
      |                    ^
/var/db/repos/Local/tools/llvm-libc-probe/.build-cxx-full/include/c++/v1/wchar.h:163:20: warning: cast from 'const wchar_t *' to 'wchar_t *' drops const qualifier [-Wcast-qual]
  163 |   return (wchar_t*)wcsrchr(__s, __c);
      |                    ^
/var/db/repos/Local/tools/llvm-libc-probe/.build-cxx-full/include/c++/v1/wchar.h:173:20: warning: cast from 'const wchar_t *' to 'wchar_t *' drops const qualifier [-Wcast-qual]
  173 |   return (wchar_t*)wcsstr(__s1, __s2);
      |                    ^
/var/db/repos/Local/tools/llvm-libc-probe/.build-cxx-full/include/c++/v1/wchar.h:184:20: warning: cast from 'const wchar_t *' to 'wchar_t *' drops const qualifier [-Wcast-qual]
  184 |   return (wchar_t*)wmemchr(__s, __c, __n);
      |                    ^
In file included from /var/db/repos/Local/tools/llvm-libc-probe/.src/llvm-project/libcxx/src/memory_resource.cpp:11:
In file included from /var/db/repos/Local/tools/llvm-libc-probe/.build-cxx-full/include/c++/v1/memory_resource:62:
In file included from /var/db/repos/Local/tools/llvm-libc-probe/.build-cxx-full/include/c++/v1/__memory_resource/synchronized_pool_resource.h:17:
In file included from /var/db/repos/Local/tools/llvm-libc-probe/.build-cxx-full/include/c++/v1/__mutex/mutex.h:13:
In file included from /var/db/repos/Local/tools/llvm-libc-probe/.build-cxx-full/include/c++/v1/__thread/support.h:110:
In file included from /var/db/repos/Local/tools/llvm-libc-probe/.build-cxx-full/include/c++/v1/__thread/support/external.h:19:
/var/db/repos/Local/tools/llvm-libc-probe/compat/__external_threading:177:31: warning: cast from 'void *(*)(void *)' to 'thrd_start_t' (aka 'int (*)(void *)') converts to incompatible function type [-Wcast-function-type-mismatch]
  177 |   int __ec = thrd_create(__t, reinterpret_cast<thrd_start_t>(__func), __arg);
      |                               ^~~~~~~~~~~~~~~~~~~~~~~~~~~~~~~~~~~~~~
6 warnings generated.
[1811/1889] Building CXX object libcxx/src/CMakeFiles/cxx_static.dir/verbose_abort.cpp.o
In file included from <built-in>:3:
In file included from /var/db/repos/Local/tools/llvm-libc-probe/compat/llvm-libc-compat.h:45:
/var/db/repos/Local/tools/llvm-libc-probe/.build-cxx-full/include/c++/v1/wchar.h:142:20: warning: cast from 'const wchar_t *' to 'wchar_t *' drops const qualifier [-Wcast-qual]
  142 |   return (wchar_t*)wcschr(__s, __c);
      |                    ^
/var/db/repos/Local/tools/llvm-libc-probe/.build-cxx-full/include/c++/v1/wchar.h:152:20: warning: cast from 'const wchar_t *' to 'wchar_t *' drops const qualifier [-Wcast-qual]
  152 |   return (wchar_t*)wcspbrk(__s1, __s2);
      |                    ^
/var/db/repos/Local/tools/llvm-libc-probe/.build-cxx-full/include/c++/v1/wchar.h:163:20: warning: cast from 'const wchar_t *' to 'wchar_t *' drops const qualifier [-Wcast-qual]
  163 |   return (wchar_t*)wcsrchr(__s, __c);
      |                    ^
/var/db/repos/Local/tools/llvm-libc-probe/.build-cxx-full/include/c++/v1/wchar.h:173:20: warning: cast from 'const wchar_t *' to 'wchar_t *' drops const qualifier [-Wcast-qual]
  173 |   return (wchar_t*)wcsstr(__s1, __s2);
      |                    ^
/var/db/repos/Local/tools/llvm-libc-probe/.build-cxx-full/include/c++/v1/wchar.h:184:20: warning: cast from 'const wchar_t *' to 'wchar_t *' drops const qualifier [-Wcast-qual]
  184 |   return (wchar_t*)wmemchr(__s, __c, __n);
      |                    ^
5 warnings generated.
[1812/1889] Building CXX object libcxx/src/CMakeFiles/cxx_static.dir/variant.cpp.o
In file included from <built-in>:3:
In file included from /var/db/repos/Local/tools/llvm-libc-probe/compat/llvm-libc-compat.h:45:
/var/db/repos/Local/tools/llvm-libc-probe/.build-cxx-full/include/c++/v1/wchar.h:142:20: warning: cast from 'const wchar_t *' to 'wchar_t *' drops const qualifier [-Wcast-qual]
  142 |   return (wchar_t*)wcschr(__s, __c);
      |                    ^
/var/db/repos/Local/tools/llvm-libc-probe/.build-cxx-full/include/c++/v1/wchar.h:152:20: warning: cast from 'const wchar_t *' to 'wchar_t *' drops const qualifier [-Wcast-qual]
  152 |   return (wchar_t*)wcspbrk(__s1, __s2);
      |                    ^
/var/db/repos/Local/tools/llvm-libc-probe/.build-cxx-full/include/c++/v1/wchar.h:163:20: warning: cast from 'const wchar_t *' to 'wchar_t *' drops const qualifier [-Wcast-qual]
  163 |   return (wchar_t*)wcsrchr(__s, __c);
      |                    ^
/var/db/repos/Local/tools/llvm-libc-probe/.build-cxx-full/include/c++/v1/wchar.h:173:20: warning: cast from 'const wchar_t *' to 'wchar_t *' drops const qualifier [-Wcast-qual]
  173 |   return (wchar_t*)wcsstr(__s1, __s2);
      |                    ^
/var/db/repos/Local/tools/llvm-libc-probe/.build-cxx-full/include/c++/v1/wchar.h:184:20: warning: cast from 'const wchar_t *' to 'wchar_t *' drops const qualifier [-Wcast-qual]
  184 |   return (wchar_t*)wmemchr(__s, __c, __n);
      |                    ^
5 warnings generated.
[1813/1889] Building CXX object libcxx/src/CMakeFiles/cxx_static.dir/filesystem/filesystem_error.cpp.o
In file included from <built-in>:3:
In file included from /var/db/repos/Local/tools/llvm-libc-probe/compat/llvm-libc-compat.h:45:
/var/db/repos/Local/tools/llvm-libc-probe/.build-cxx-full/include/c++/v1/wchar.h:142:20: warning: cast from 'const wchar_t *' to 'wchar_t *' drops const qualifier [-Wcast-qual]
  142 |   return (wchar_t*)wcschr(__s, __c);
      |                    ^
/var/db/repos/Local/tools/llvm-libc-probe/.build-cxx-full/include/c++/v1/wchar.h:152:20: warning: cast from 'const wchar_t *' to 'wchar_t *' drops const qualifier [-Wcast-qual]
  152 |   return (wchar_t*)wcspbrk(__s1, __s2);
      |                    ^
/var/db/repos/Local/tools/llvm-libc-probe/.build-cxx-full/include/c++/v1/wchar.h:163:20: warning: cast from 'const wchar_t *' to 'wchar_t *' drops const qualifier [-Wcast-qual]
  163 |   return (wchar_t*)wcsrchr(__s, __c);
      |                    ^
/var/db/repos/Local/tools/llvm-libc-probe/.build-cxx-full/include/c++/v1/wchar.h:173:20: warning: cast from 'const wchar_t *' to 'wchar_t *' drops const qualifier [-Wcast-qual]
  173 |   return (wchar_t*)wcsstr(__s1, __s2);
      |                    ^
/var/db/repos/Local/tools/llvm-libc-probe/.build-cxx-full/include/c++/v1/wchar.h:184:20: warning: cast from 'const wchar_t *' to 'wchar_t *' drops const qualifier [-Wcast-qual]
  184 |   return (wchar_t*)wmemchr(__s, __c, __n);
      |                    ^
5 warnings generated.
[1814/1889] Building CXX object libcxx/src/CMakeFiles/cxx_static.dir/condition_variable_destructor.cpp.o
In file included from <built-in>:3:
In file included from /var/db/repos/Local/tools/llvm-libc-probe/compat/llvm-libc-compat.h:45:
/var/db/repos/Local/tools/llvm-libc-probe/.build-cxx-full/include/c++/v1/wchar.h:142:20: warning: cast from 'const wchar_t *' to 'wchar_t *' drops const qualifier [-Wcast-qual]
  142 |   return (wchar_t*)wcschr(__s, __c);
      |                    ^
/var/db/repos/Local/tools/llvm-libc-probe/.build-cxx-full/include/c++/v1/wchar.h:152:20: warning: cast from 'const wchar_t *' to 'wchar_t *' drops const qualifier [-Wcast-qual]
  152 |   return (wchar_t*)wcspbrk(__s1, __s2);
      |                    ^
/var/db/repos/Local/tools/llvm-libc-probe/.build-cxx-full/include/c++/v1/wchar.h:163:20: warning: cast from 'const wchar_t *' to 'wchar_t *' drops const qualifier [-Wcast-qual]
  163 |   return (wchar_t*)wcsrchr(__s, __c);
      |                    ^
/var/db/repos/Local/tools/llvm-libc-probe/.build-cxx-full/include/c++/v1/wchar.h:173:20: warning: cast from 'const wchar_t *' to 'wchar_t *' drops const qualifier [-Wcast-qual]
  173 |   return (wchar_t*)wcsstr(__s1, __s2);
      |                    ^
/var/db/repos/Local/tools/llvm-libc-probe/.build-cxx-full/include/c++/v1/wchar.h:184:20: warning: cast from 'const wchar_t *' to 'wchar_t *' drops const qualifier [-Wcast-qual]
  184 |   return (wchar_t*)wmemchr(__s, __c, __n);
      |                    ^
In file included from /var/db/repos/Local/tools/llvm-libc-probe/.src/llvm-project/libcxx/src/condition_variable_destructor.cpp:15:
In file included from /var/db/repos/Local/tools/llvm-libc-probe/.build-cxx-full/include/c++/v1/__thread/support.h:110:
In file included from /var/db/repos/Local/tools/llvm-libc-probe/.build-cxx-full/include/c++/v1/__thread/support/external.h:19:
/var/db/repos/Local/tools/llvm-libc-probe/compat/__external_threading:177:31: warning: cast from 'void *(*)(void *)' to 'thrd_start_t' (aka 'int (*)(void *)') converts to incompatible function type [-Wcast-function-type-mismatch]
  177 |   int __ec = thrd_create(__t, reinterpret_cast<thrd_start_t>(__func), __arg);
      |                               ^~~~~~~~~~~~~~~~~~~~~~~~~~~~~~~~~~~~~~
6 warnings generated.
[1815/1889] Building CXX object libcxx/src/CMakeFiles/cxx_static.dir/memory.cpp.o
In file included from <built-in>:3:
In file included from /var/db/repos/Local/tools/llvm-libc-probe/compat/llvm-libc-compat.h:45:
/var/db/repos/Local/tools/llvm-libc-probe/.build-cxx-full/include/c++/v1/wchar.h:142:20: warning: cast from 'const wchar_t *' to 'wchar_t *' drops const qualifier [-Wcast-qual]
  142 |   return (wchar_t*)wcschr(__s, __c);
      |                    ^
/var/db/repos/Local/tools/llvm-libc-probe/.build-cxx-full/include/c++/v1/wchar.h:152:20: warning: cast from 'const wchar_t *' to 'wchar_t *' drops const qualifier [-Wcast-qual]
  152 |   return (wchar_t*)wcspbrk(__s1, __s2);
      |                    ^
/var/db/repos/Local/tools/llvm-libc-probe/.build-cxx-full/include/c++/v1/wchar.h:163:20: warning: cast from 'const wchar_t *' to 'wchar_t *' drops const qualifier [-Wcast-qual]
  163 |   return (wchar_t*)wcsrchr(__s, __c);
      |                    ^
/var/db/repos/Local/tools/llvm-libc-probe/.build-cxx-full/include/c++/v1/wchar.h:173:20: warning: cast from 'const wchar_t *' to 'wchar_t *' drops const qualifier [-Wcast-qual]
  173 |   return (wchar_t*)wcsstr(__s1, __s2);
      |                    ^
/var/db/repos/Local/tools/llvm-libc-probe/.build-cxx-full/include/c++/v1/wchar.h:184:20: warning: cast from 'const wchar_t *' to 'wchar_t *' drops const qualifier [-Wcast-qual]
  184 |   return (wchar_t*)wmemchr(__s, __c, __n);
      |                    ^
In file included from /var/db/repos/Local/tools/llvm-libc-probe/.src/llvm-project/libcxx/src/memory.cpp:20:
In file included from /var/db/repos/Local/tools/llvm-libc-probe/.build-cxx-full/include/c++/v1/mutex:194:
In file included from /var/db/repos/Local/tools/llvm-libc-probe/.build-cxx-full/include/c++/v1/__condition_variable/condition_variable.h:17:
In file included from /var/db/repos/Local/tools/llvm-libc-probe/.build-cxx-full/include/c++/v1/__mutex/mutex.h:13:
In file included from /var/db/repos/Local/tools/llvm-libc-probe/.build-cxx-full/include/c++/v1/__thread/support.h:110:
In file included from /var/db/repos/Local/tools/llvm-libc-probe/.build-cxx-full/include/c++/v1/__thread/support/external.h:19:
/var/db/repos/Local/tools/llvm-libc-probe/compat/__external_threading:177:31: warning: cast from 'void *(*)(void *)' to 'thrd_start_t' (aka 'int (*)(void *)') converts to incompatible function type [-Wcast-function-type-mismatch]
  177 |   int __ec = thrd_create(__t, reinterpret_cast<thrd_start_t>(__func), __arg);
      |                               ^~~~~~~~~~~~~~~~~~~~~~~~~~~~~~~~~~~~~~
6 warnings generated.
[1816/1889] Building CXX object libcxx/src/CMakeFiles/cxx_static.dir/stdexcept.cpp.o
In file included from <built-in>:3:
In file included from /var/db/repos/Local/tools/llvm-libc-probe/compat/llvm-libc-compat.h:45:
/var/db/repos/Local/tools/llvm-libc-probe/.build-cxx-full/include/c++/v1/wchar.h:142:20: warning: cast from 'const wchar_t *' to 'wchar_t *' drops const qualifier [-Wcast-qual]
  142 |   return (wchar_t*)wcschr(__s, __c);
      |                    ^
/var/db/repos/Local/tools/llvm-libc-probe/.build-cxx-full/include/c++/v1/wchar.h:152:20: warning: cast from 'const wchar_t *' to 'wchar_t *' drops const qualifier [-Wcast-qual]
  152 |   return (wchar_t*)wcspbrk(__s1, __s2);
      |                    ^
/var/db/repos/Local/tools/llvm-libc-probe/.build-cxx-full/include/c++/v1/wchar.h:163:20: warning: cast from 'const wchar_t *' to 'wchar_t *' drops const qualifier [-Wcast-qual]
  163 |   return (wchar_t*)wcsrchr(__s, __c);
      |                    ^
/var/db/repos/Local/tools/llvm-libc-probe/.build-cxx-full/include/c++/v1/wchar.h:173:20: warning: cast from 'const wchar_t *' to 'wchar_t *' drops const qualifier [-Wcast-qual]
  173 |   return (wchar_t*)wcsstr(__s1, __s2);
      |                    ^
/var/db/repos/Local/tools/llvm-libc-probe/.build-cxx-full/include/c++/v1/wchar.h:184:20: warning: cast from 'const wchar_t *' to 'wchar_t *' drops const qualifier [-Wcast-qual]
  184 |   return (wchar_t*)wmemchr(__s, __c, __n);
      |                    ^
5 warnings generated.
[1817/1889] Building CXX object libcxx/src/CMakeFiles/cxx_static.dir/valarray.cpp.o
In file included from <built-in>:3:
In file included from /var/db/repos/Local/tools/llvm-libc-probe/compat/llvm-libc-compat.h:45:
/var/db/repos/Local/tools/llvm-libc-probe/.build-cxx-full/include/c++/v1/wchar.h:142:20: warning: cast from 'const wchar_t *' to 'wchar_t *' drops const qualifier [-Wcast-qual]
  142 |   return (wchar_t*)wcschr(__s, __c);
      |                    ^
/var/db/repos/Local/tools/llvm-libc-probe/.build-cxx-full/include/c++/v1/wchar.h:152:20: warning: cast from 'const wchar_t *' to 'wchar_t *' drops const qualifier [-Wcast-qual]
  152 |   return (wchar_t*)wcspbrk(__s1, __s2);
      |                    ^
/var/db/repos/Local/tools/llvm-libc-probe/.build-cxx-full/include/c++/v1/wchar.h:163:20: warning: cast from 'const wchar_t *' to 'wchar_t *' drops const qualifier [-Wcast-qual]
  163 |   return (wchar_t*)wcsrchr(__s, __c);
      |                    ^
/var/db/repos/Local/tools/llvm-libc-probe/.build-cxx-full/include/c++/v1/wchar.h:173:20: warning: cast from 'const wchar_t *' to 'wchar_t *' drops const qualifier [-Wcast-qual]
  173 |   return (wchar_t*)wcsstr(__s1, __s2);
      |                    ^
/var/db/repos/Local/tools/llvm-libc-probe/.build-cxx-full/include/c++/v1/wchar.h:184:20: warning: cast from 'const wchar_t *' to 'wchar_t *' drops const qualifier [-Wcast-qual]
  184 |   return (wchar_t*)wmemchr(__s, __c, __n);
      |                    ^
5 warnings generated.
[1818/1889] Building CXX object libcxx/src/CMakeFiles/cxx_static.dir/system_error.cpp.o
In file included from <built-in>:3:
In file included from /var/db/repos/Local/tools/llvm-libc-probe/compat/llvm-libc-compat.h:45:
/var/db/repos/Local/tools/llvm-libc-probe/.build-cxx-full/include/c++/v1/wchar.h:142:20: warning: cast from 'const wchar_t *' to 'wchar_t *' drops const qualifier [-Wcast-qual]
  142 |   return (wchar_t*)wcschr(__s, __c);
      |                    ^
/var/db/repos/Local/tools/llvm-libc-probe/.build-cxx-full/include/c++/v1/wchar.h:152:20: warning: cast from 'const wchar_t *' to 'wchar_t *' drops const qualifier [-Wcast-qual]
  152 |   return (wchar_t*)wcspbrk(__s1, __s2);
      |                    ^
/var/db/repos/Local/tools/llvm-libc-probe/.build-cxx-full/include/c++/v1/wchar.h:163:20: warning: cast from 'const wchar_t *' to 'wchar_t *' drops const qualifier [-Wcast-qual]
  163 |   return (wchar_t*)wcsrchr(__s, __c);
      |                    ^
/var/db/repos/Local/tools/llvm-libc-probe/.build-cxx-full/include/c++/v1/wchar.h:173:20: warning: cast from 'const wchar_t *' to 'wchar_t *' drops const qualifier [-Wcast-qual]
  173 |   return (wchar_t*)wcsstr(__s1, __s2);
      |                    ^
/var/db/repos/Local/tools/llvm-libc-probe/.build-cxx-full/include/c++/v1/wchar.h:184:20: warning: cast from 'const wchar_t *' to 'wchar_t *' drops const qualifier [-Wcast-qual]
  184 |   return (wchar_t*)wmemchr(__s, __c, __n);
      |                    ^
5 warnings generated.
[1819/1889] Building CXX object libcxx/src/CMakeFiles/cxx_static.dir/mutex_destructor.cpp.o
In file included from <built-in>:3:
In file included from /var/db/repos/Local/tools/llvm-libc-probe/compat/llvm-libc-compat.h:45:
/var/db/repos/Local/tools/llvm-libc-probe/.build-cxx-full/include/c++/v1/wchar.h:142:20: warning: cast from 'const wchar_t *' to 'wchar_t *' drops const qualifier [-Wcast-qual]
  142 |   return (wchar_t*)wcschr(__s, __c);
      |                    ^
/var/db/repos/Local/tools/llvm-libc-probe/.build-cxx-full/include/c++/v1/wchar.h:152:20: warning: cast from 'const wchar_t *' to 'wchar_t *' drops const qualifier [-Wcast-qual]
  152 |   return (wchar_t*)wcspbrk(__s1, __s2);
      |                    ^
/var/db/repos/Local/tools/llvm-libc-probe/.build-cxx-full/include/c++/v1/wchar.h:163:20: warning: cast from 'const wchar_t *' to 'wchar_t *' drops const qualifier [-Wcast-qual]
  163 |   return (wchar_t*)wcsrchr(__s, __c);
      |                    ^
/var/db/repos/Local/tools/llvm-libc-probe/.build-cxx-full/include/c++/v1/wchar.h:173:20: warning: cast from 'const wchar_t *' to 'wchar_t *' drops const qualifier [-Wcast-qual]
  173 |   return (wchar_t*)wcsstr(__s1, __s2);
      |                    ^
/var/db/repos/Local/tools/llvm-libc-probe/.build-cxx-full/include/c++/v1/wchar.h:184:20: warning: cast from 'const wchar_t *' to 'wchar_t *' drops const qualifier [-Wcast-qual]
  184 |   return (wchar_t*)wmemchr(__s, __c, __n);
      |                    ^
In file included from /var/db/repos/Local/tools/llvm-libc-probe/.src/llvm-project/libcxx/src/mutex_destructor.cpp:20:
In file included from /var/db/repos/Local/tools/llvm-libc-probe/.build-cxx-full/include/c++/v1/__thread/support.h:110:
In file included from /var/db/repos/Local/tools/llvm-libc-probe/.build-cxx-full/include/c++/v1/__thread/support/external.h:19:
/var/db/repos/Local/tools/llvm-libc-probe/compat/__external_threading:177:31: warning: cast from 'void *(*)(void *)' to 'thrd_start_t' (aka 'int (*)(void *)') converts to incompatible function type [-Wcast-function-type-mismatch]
  177 |   int __ec = thrd_create(__t, reinterpret_cast<thrd_start_t>(__func), __arg);
      |                               ^~~~~~~~~~~~~~~~~~~~~~~~~~~~~~~~~~~~~~
6 warnings generated.
[1820/1889] Building CXX object libcxx/src/CMakeFiles/cxx_static.dir/shared_mutex.cpp.o
In file included from <built-in>:3:
In file included from /var/db/repos/Local/tools/llvm-libc-probe/compat/llvm-libc-compat.h:45:
/var/db/repos/Local/tools/llvm-libc-probe/.build-cxx-full/include/c++/v1/wchar.h:142:20: warning: cast from 'const wchar_t *' to 'wchar_t *' drops const qualifier [-Wcast-qual]
  142 |   return (wchar_t*)wcschr(__s, __c);
      |                    ^
/var/db/repos/Local/tools/llvm-libc-probe/.build-cxx-full/include/c++/v1/wchar.h:152:20: warning: cast from 'const wchar_t *' to 'wchar_t *' drops const qualifier [-Wcast-qual]
  152 |   return (wchar_t*)wcspbrk(__s1, __s2);
      |                    ^
/var/db/repos/Local/tools/llvm-libc-probe/.build-cxx-full/include/c++/v1/wchar.h:163:20: warning: cast from 'const wchar_t *' to 'wchar_t *' drops const qualifier [-Wcast-qual]
  163 |   return (wchar_t*)wcsrchr(__s, __c);
      |                    ^
/var/db/repos/Local/tools/llvm-libc-probe/.build-cxx-full/include/c++/v1/wchar.h:173:20: warning: cast from 'const wchar_t *' to 'wchar_t *' drops const qualifier [-Wcast-qual]
  173 |   return (wchar_t*)wcsstr(__s1, __s2);
      |                    ^
/var/db/repos/Local/tools/llvm-libc-probe/.build-cxx-full/include/c++/v1/wchar.h:184:20: warning: cast from 'const wchar_t *' to 'wchar_t *' drops const qualifier [-Wcast-qual]
  184 |   return (wchar_t*)wmemchr(__s, __c, __n);
      |                    ^
In file included from /var/db/repos/Local/tools/llvm-libc-probe/.src/llvm-project/libcxx/src/shared_mutex.cpp:9:
In file included from /var/db/repos/Local/tools/llvm-libc-probe/.build-cxx-full/include/c++/v1/mutex:194:
In file included from /var/db/repos/Local/tools/llvm-libc-probe/.build-cxx-full/include/c++/v1/__condition_variable/condition_variable.h:17:
In file included from /var/db/repos/Local/tools/llvm-libc-probe/.build-cxx-full/include/c++/v1/__mutex/mutex.h:13:
In file included from /var/db/repos/Local/tools/llvm-libc-probe/.build-cxx-full/include/c++/v1/__thread/support.h:110:
In file included from /var/db/repos/Local/tools/llvm-libc-probe/.build-cxx-full/include/c++/v1/__thread/support/external.h:19:
/var/db/repos/Local/tools/llvm-libc-probe/compat/__external_threading:177:31: warning: cast from 'void *(*)(void *)' to 'thrd_start_t' (aka 'int (*)(void *)') converts to incompatible function type [-Wcast-function-type-mismatch]
  177 |   int __ec = thrd_create(__t, reinterpret_cast<thrd_start_t>(__func), __arg);
      |                               ^~~~~~~~~~~~~~~~~~~~~~~~~~~~~~~~~~~~~~
6 warnings generated.
[1821/1889] Building CXX object libcxx/src/CMakeFiles/cxx_static.dir/random_shuffle.cpp.o
In file included from <built-in>:3:
In file included from /var/db/repos/Local/tools/llvm-libc-probe/compat/llvm-libc-compat.h:45:
/var/db/repos/Local/tools/llvm-libc-probe/.build-cxx-full/include/c++/v1/wchar.h:142:20: warning: cast from 'const wchar_t *' to 'wchar_t *' drops const qualifier [-Wcast-qual]
  142 |   return (wchar_t*)wcschr(__s, __c);
      |                    ^
/var/db/repos/Local/tools/llvm-libc-probe/.build-cxx-full/include/c++/v1/wchar.h:152:20: warning: cast from 'const wchar_t *' to 'wchar_t *' drops const qualifier [-Wcast-qual]
  152 |   return (wchar_t*)wcspbrk(__s1, __s2);
      |                    ^
/var/db/repos/Local/tools/llvm-libc-probe/.build-cxx-full/include/c++/v1/wchar.h:163:20: warning: cast from 'const wchar_t *' to 'wchar_t *' drops const qualifier [-Wcast-qual]
  163 |   return (wchar_t*)wcsrchr(__s, __c);
      |                    ^
/var/db/repos/Local/tools/llvm-libc-probe/.build-cxx-full/include/c++/v1/wchar.h:173:20: warning: cast from 'const wchar_t *' to 'wchar_t *' drops const qualifier [-Wcast-qual]
  173 |   return (wchar_t*)wcsstr(__s1, __s2);
      |                    ^
/var/db/repos/Local/tools/llvm-libc-probe/.build-cxx-full/include/c++/v1/wchar.h:184:20: warning: cast from 'const wchar_t *' to 'wchar_t *' drops const qualifier [-Wcast-qual]
  184 |   return (wchar_t*)wmemchr(__s, __c, __n);
      |                    ^
In file included from /var/db/repos/Local/tools/llvm-libc-probe/.src/llvm-project/libcxx/src/random_shuffle.cpp:13:
In file included from /var/db/repos/Local/tools/llvm-libc-probe/.build-cxx-full/include/c++/v1/mutex:194:
In file included from /var/db/repos/Local/tools/llvm-libc-probe/.build-cxx-full/include/c++/v1/__condition_variable/condition_variable.h:17:
In file included from /var/db/repos/Local/tools/llvm-libc-probe/.build-cxx-full/include/c++/v1/__mutex/mutex.h:13:
In file included from /var/db/repos/Local/tools/llvm-libc-probe/.build-cxx-full/include/c++/v1/__thread/support.h:110:
In file included from /var/db/repos/Local/tools/llvm-libc-probe/.build-cxx-full/include/c++/v1/__thread/support/external.h:19:
/var/db/repos/Local/tools/llvm-libc-probe/compat/__external_threading:177:31: warning: cast from 'void *(*)(void *)' to 'thrd_start_t' (aka 'int (*)(void *)') converts to incompatible function type [-Wcast-function-type-mismatch]
  177 |   int __ec = thrd_create(__t, reinterpret_cast<thrd_start_t>(__func), __arg);
      |                               ^~~~~~~~~~~~~~~~~~~~~~~~~~~~~~~~~~~~~~
6 warnings generated.
[1822/1889] Building CXX object libcxx/src/CMakeFiles/cxx_static.dir/fstream.cpp.o
In file included from <built-in>:3:
In file included from /var/db/repos/Local/tools/llvm-libc-probe/compat/llvm-libc-compat.h:45:
/var/db/repos/Local/tools/llvm-libc-probe/.build-cxx-full/include/c++/v1/wchar.h:142:20: warning: cast from 'const wchar_t *' to 'wchar_t *' drops const qualifier [-Wcast-qual]
  142 |   return (wchar_t*)wcschr(__s, __c);
      |                    ^
/var/db/repos/Local/tools/llvm-libc-probe/.build-cxx-full/include/c++/v1/wchar.h:152:20: warning: cast from 'const wchar_t *' to 'wchar_t *' drops const qualifier [-Wcast-qual]
  152 |   return (wchar_t*)wcspbrk(__s1, __s2);
      |                    ^
/var/db/repos/Local/tools/llvm-libc-probe/.build-cxx-full/include/c++/v1/wchar.h:163:20: warning: cast from 'const wchar_t *' to 'wchar_t *' drops const qualifier [-Wcast-qual]
  163 |   return (wchar_t*)wcsrchr(__s, __c);
      |                    ^
/var/db/repos/Local/tools/llvm-libc-probe/.build-cxx-full/include/c++/v1/wchar.h:173:20: warning: cast from 'const wchar_t *' to 'wchar_t *' drops const qualifier [-Wcast-qual]
  173 |   return (wchar_t*)wcsstr(__s1, __s2);
      |                    ^
/var/db/repos/Local/tools/llvm-libc-probe/.build-cxx-full/include/c++/v1/wchar.h:184:20: warning: cast from 'const wchar_t *' to 'wchar_t *' drops const qualifier [-Wcast-qual]
  184 |   return (wchar_t*)wmemchr(__s, __c, __n);
      |                    ^
5 warnings generated.
[1823/1889] Building CXX object libcxx/src/CMakeFiles/cxx_static.dir/mutex.cpp.o
In file included from <built-in>:3:
In file included from /var/db/repos/Local/tools/llvm-libc-probe/compat/llvm-libc-compat.h:45:
/var/db/repos/Local/tools/llvm-libc-probe/.build-cxx-full/include/c++/v1/wchar.h:142:20: warning: cast from 'const wchar_t *' to 'wchar_t *' drops const qualifier [-Wcast-qual]
  142 |   return (wchar_t*)wcschr(__s, __c);
      |                    ^
/var/db/repos/Local/tools/llvm-libc-probe/.build-cxx-full/include/c++/v1/wchar.h:152:20: warning: cast from 'const wchar_t *' to 'wchar_t *' drops const qualifier [-Wcast-qual]
  152 |   return (wchar_t*)wcspbrk(__s1, __s2);
      |                    ^
/var/db/repos/Local/tools/llvm-libc-probe/.build-cxx-full/include/c++/v1/wchar.h:163:20: warning: cast from 'const wchar_t *' to 'wchar_t *' drops const qualifier [-Wcast-qual]
  163 |   return (wchar_t*)wcsrchr(__s, __c);
      |                    ^
/var/db/repos/Local/tools/llvm-libc-probe/.build-cxx-full/include/c++/v1/wchar.h:173:20: warning: cast from 'const wchar_t *' to 'wchar_t *' drops const qualifier [-Wcast-qual]
  173 |   return (wchar_t*)wcsstr(__s1, __s2);
      |                    ^
/var/db/repos/Local/tools/llvm-libc-probe/.build-cxx-full/include/c++/v1/wchar.h:184:20: warning: cast from 'const wchar_t *' to 'wchar_t *' drops const qualifier [-Wcast-qual]
  184 |   return (wchar_t*)wmemchr(__s, __c, __n);
      |                    ^
In file included from /var/db/repos/Local/tools/llvm-libc-probe/.src/llvm-project/libcxx/src/mutex.cpp:11:
In file included from /var/db/repos/Local/tools/llvm-libc-probe/.build-cxx-full/include/c++/v1/__thread/id.h:17:
In file included from /var/db/repos/Local/tools/llvm-libc-probe/.build-cxx-full/include/c++/v1/__thread/support.h:110:
In file included from /var/db/repos/Local/tools/llvm-libc-probe/.build-cxx-full/include/c++/v1/__thread/support/external.h:19:
/var/db/repos/Local/tools/llvm-libc-probe/compat/__external_threading:177:31: warning: cast from 'void *(*)(void *)' to 'thrd_start_t' (aka 'int (*)(void *)') converts to incompatible function type [-Wcast-function-type-mismatch]
  177 |   int __ec = thrd_create(__t, reinterpret_cast<thrd_start_t>(__func), __arg);
      |                               ^~~~~~~~~~~~~~~~~~~~~~~~~~~~~~~~~~~~~~
6 warnings generated.
[1824/1889] Building CXX object libcxx/src/CMakeFiles/cxx_static.dir/chrono.cpp.o
In file included from <built-in>:3:
In file included from /var/db/repos/Local/tools/llvm-libc-probe/compat/llvm-libc-compat.h:45:
/var/db/repos/Local/tools/llvm-libc-probe/.build-cxx-full/include/c++/v1/wchar.h:142:20: warning: cast from 'const wchar_t *' to 'wchar_t *' drops const qualifier [-Wcast-qual]
  142 |   return (wchar_t*)wcschr(__s, __c);
      |                    ^
/var/db/repos/Local/tools/llvm-libc-probe/.build-cxx-full/include/c++/v1/wchar.h:152:20: warning: cast from 'const wchar_t *' to 'wchar_t *' drops const qualifier [-Wcast-qual]
  152 |   return (wchar_t*)wcspbrk(__s1, __s2);
      |                    ^
/var/db/repos/Local/tools/llvm-libc-probe/.build-cxx-full/include/c++/v1/wchar.h:163:20: warning: cast from 'const wchar_t *' to 'wchar_t *' drops const qualifier [-Wcast-qual]
  163 |   return (wchar_t*)wcsrchr(__s, __c);
      |                    ^
/var/db/repos/Local/tools/llvm-libc-probe/.build-cxx-full/include/c++/v1/wchar.h:173:20: warning: cast from 'const wchar_t *' to 'wchar_t *' drops const qualifier [-Wcast-qual]
  173 |   return (wchar_t*)wcsstr(__s1, __s2);
      |                    ^
/var/db/repos/Local/tools/llvm-libc-probe/.build-cxx-full/include/c++/v1/wchar.h:184:20: warning: cast from 'const wchar_t *' to 'wchar_t *' drops const qualifier [-Wcast-qual]
  184 |   return (wchar_t*)wmemchr(__s, __c, __n);
      |                    ^
5 warnings generated.
[1825/1889] Building CXX object libcxx/src/CMakeFiles/cxx_static.dir/filesystem/filesystem_clock.cpp.o
In file included from <built-in>:3:
In file included from /var/db/repos/Local/tools/llvm-libc-probe/compat/llvm-libc-compat.h:45:
/var/db/repos/Local/tools/llvm-libc-probe/.build-cxx-full/include/c++/v1/wchar.h:142:20: warning: cast from 'const wchar_t *' to 'wchar_t *' drops const qualifier [-Wcast-qual]
  142 |   return (wchar_t*)wcschr(__s, __c);
      |                    ^
/var/db/repos/Local/tools/llvm-libc-probe/.build-cxx-full/include/c++/v1/wchar.h:152:20: warning: cast from 'const wchar_t *' to 'wchar_t *' drops const qualifier [-Wcast-qual]
  152 |   return (wchar_t*)wcspbrk(__s1, __s2);
      |                    ^
/var/db/repos/Local/tools/llvm-libc-probe/.build-cxx-full/include/c++/v1/wchar.h:163:20: warning: cast from 'const wchar_t *' to 'wchar_t *' drops const qualifier [-Wcast-qual]
  163 |   return (wchar_t*)wcsrchr(__s, __c);
      |                    ^
/var/db/repos/Local/tools/llvm-libc-probe/.build-cxx-full/include/c++/v1/wchar.h:173:20: warning: cast from 'const wchar_t *' to 'wchar_t *' drops const qualifier [-Wcast-qual]
  173 |   return (wchar_t*)wcsstr(__s1, __s2);
      |                    ^
/var/db/repos/Local/tools/llvm-libc-probe/.build-cxx-full/include/c++/v1/wchar.h:184:20: warning: cast from 'const wchar_t *' to 'wchar_t *' drops const qualifier [-Wcast-qual]
  184 |   return (wchar_t*)wmemchr(__s, __c, __n);
      |                    ^
5 warnings generated.
[1826/1889] Building CXX object libcxx/src/CMakeFiles/cxx_static.dir/vector.cpp.o
In file included from <built-in>:3:
In file included from /var/db/repos/Local/tools/llvm-libc-probe/compat/llvm-libc-compat.h:45:
/var/db/repos/Local/tools/llvm-libc-probe/.build-cxx-full/include/c++/v1/wchar.h:142:20: warning: cast from 'const wchar_t *' to 'wchar_t *' drops const qualifier [-Wcast-qual]
  142 |   return (wchar_t*)wcschr(__s, __c);
      |                    ^
/var/db/repos/Local/tools/llvm-libc-probe/.build-cxx-full/include/c++/v1/wchar.h:152:20: warning: cast from 'const wchar_t *' to 'wchar_t *' drops const qualifier [-Wcast-qual]
  152 |   return (wchar_t*)wcspbrk(__s1, __s2);
      |                    ^
/var/db/repos/Local/tools/llvm-libc-probe/.build-cxx-full/include/c++/v1/wchar.h:163:20: warning: cast from 'const wchar_t *' to 'wchar_t *' drops const qualifier [-Wcast-qual]
  163 |   return (wchar_t*)wcsrchr(__s, __c);
      |                    ^
/var/db/repos/Local/tools/llvm-libc-probe/.build-cxx-full/include/c++/v1/wchar.h:173:20: warning: cast from 'const wchar_t *' to 'wchar_t *' drops const qualifier [-Wcast-qual]
  173 |   return (wchar_t*)wcsstr(__s1, __s2);
      |                    ^
/var/db/repos/Local/tools/llvm-libc-probe/.build-cxx-full/include/c++/v1/wchar.h:184:20: warning: cast from 'const wchar_t *' to 'wchar_t *' drops const qualifier [-Wcast-qual]
  184 |   return (wchar_t*)wmemchr(__s, __c, __n);
      |                    ^
5 warnings generated.
[1827/1889] Building CXX object libcxx/src/CMakeFiles/cxx_static.dir/print.cpp.o
In file included from <built-in>:3:
In file included from /var/db/repos/Local/tools/llvm-libc-probe/compat/llvm-libc-compat.h:45:
/var/db/repos/Local/tools/llvm-libc-probe/.build-cxx-full/include/c++/v1/wchar.h:142:20: warning: cast from 'const wchar_t *' to 'wchar_t *' drops const qualifier [-Wcast-qual]
  142 |   return (wchar_t*)wcschr(__s, __c);
      |                    ^
/var/db/repos/Local/tools/llvm-libc-probe/.build-cxx-full/include/c++/v1/wchar.h:152:20: warning: cast from 'const wchar_t *' to 'wchar_t *' drops const qualifier [-Wcast-qual]
  152 |   return (wchar_t*)wcspbrk(__s1, __s2);
      |                    ^
/var/db/repos/Local/tools/llvm-libc-probe/.build-cxx-full/include/c++/v1/wchar.h:163:20: warning: cast from 'const wchar_t *' to 'wchar_t *' drops const qualifier [-Wcast-qual]
  163 |   return (wchar_t*)wcsrchr(__s, __c);
      |                    ^
/var/db/repos/Local/tools/llvm-libc-probe/.build-cxx-full/include/c++/v1/wchar.h:173:20: warning: cast from 'const wchar_t *' to 'wchar_t *' drops const qualifier [-Wcast-qual]
  173 |   return (wchar_t*)wcsstr(__s1, __s2);
      |                    ^
/var/db/repos/Local/tools/llvm-libc-probe/.build-cxx-full/include/c++/v1/wchar.h:184:20: warning: cast from 'const wchar_t *' to 'wchar_t *' drops const qualifier [-Wcast-qual]
  184 |   return (wchar_t*)wmemchr(__s, __c, __n);
      |                    ^
5 warnings generated.
[1828/1889] Building CXX object libcxx/src/CMakeFiles/cxx_static.dir/future.cpp.o
In file included from <built-in>:3:
In file included from /var/db/repos/Local/tools/llvm-libc-probe/compat/llvm-libc-compat.h:45:
/var/db/repos/Local/tools/llvm-libc-probe/.build-cxx-full/include/c++/v1/wchar.h:142:20: warning: cast from 'const wchar_t *' to 'wchar_t *' drops const qualifier [-Wcast-qual]
  142 |   return (wchar_t*)wcschr(__s, __c);
      |                    ^
/var/db/repos/Local/tools/llvm-libc-probe/.build-cxx-full/include/c++/v1/wchar.h:152:20: warning: cast from 'const wchar_t *' to 'wchar_t *' drops const qualifier [-Wcast-qual]
  152 |   return (wchar_t*)wcspbrk(__s1, __s2);
      |                    ^
/var/db/repos/Local/tools/llvm-libc-probe/.build-cxx-full/include/c++/v1/wchar.h:163:20: warning: cast from 'const wchar_t *' to 'wchar_t *' drops const qualifier [-Wcast-qual]
  163 |   return (wchar_t*)wcsrchr(__s, __c);
      |                    ^
/var/db/repos/Local/tools/llvm-libc-probe/.build-cxx-full/include/c++/v1/wchar.h:173:20: warning: cast from 'const wchar_t *' to 'wchar_t *' drops const qualifier [-Wcast-qual]
  173 |   return (wchar_t*)wcsstr(__s1, __s2);
      |                    ^
/var/db/repos/Local/tools/llvm-libc-probe/.build-cxx-full/include/c++/v1/wchar.h:184:20: warning: cast from 'const wchar_t *' to 'wchar_t *' drops const qualifier [-Wcast-qual]
  184 |   return (wchar_t*)wmemchr(__s, __c, __n);
      |                    ^
In file included from /var/db/repos/Local/tools/llvm-libc-probe/.src/llvm-project/libcxx/src/future.cpp:9:
In file included from /var/db/repos/Local/tools/llvm-libc-probe/.build-cxx-full/include/c++/v1/future:374:
In file included from /var/db/repos/Local/tools/llvm-libc-probe/.build-cxx-full/include/c++/v1/__condition_variable/condition_variable.h:17:
In file included from /var/db/repos/Local/tools/llvm-libc-probe/.build-cxx-full/include/c++/v1/__mutex/mutex.h:13:
In file included from /var/db/repos/Local/tools/llvm-libc-probe/.build-cxx-full/include/c++/v1/__thread/support.h:110:
In file included from /var/db/repos/Local/tools/llvm-libc-probe/.build-cxx-full/include/c++/v1/__thread/support/external.h:19:
/var/db/repos/Local/tools/llvm-libc-probe/compat/__external_threading:177:31: warning: cast from 'void *(*)(void *)' to 'thrd_start_t' (aka 'int (*)(void *)') converts to incompatible function type [-Wcast-function-type-mismatch]
  177 |   int __ec = thrd_create(__t, reinterpret_cast<thrd_start_t>(__func), __arg);
      |                               ^~~~~~~~~~~~~~~~~~~~~~~~~~~~~~~~~~~~~~
6 warnings generated.
[1829/1889] Building CXX object libcxx/src/CMakeFiles/cxx_experimental.dir/experimental/keep.cpp.o
In file included from <built-in>:3:
In file included from /var/db/repos/Local/tools/llvm-libc-probe/compat/llvm-libc-compat.h:45:
/var/db/repos/Local/tools/llvm-libc-probe/.build-cxx-full/include/c++/v1/wchar.h:142:20: warning: cast from 'const wchar_t *' to 'wchar_t *' drops const qualifier [-Wcast-qual]
  142 |   return (wchar_t*)wcschr(__s, __c);
      |                    ^
/var/db/repos/Local/tools/llvm-libc-probe/.build-cxx-full/include/c++/v1/wchar.h:152:20: warning: cast from 'const wchar_t *' to 'wchar_t *' drops const qualifier [-Wcast-qual]
  152 |   return (wchar_t*)wcspbrk(__s1, __s2);
      |                    ^
/var/db/repos/Local/tools/llvm-libc-probe/.build-cxx-full/include/c++/v1/wchar.h:163:20: warning: cast from 'const wchar_t *' to 'wchar_t *' drops const qualifier [-Wcast-qual]
  163 |   return (wchar_t*)wcsrchr(__s, __c);
      |                    ^
/var/db/repos/Local/tools/llvm-libc-probe/.build-cxx-full/include/c++/v1/wchar.h:173:20: warning: cast from 'const wchar_t *' to 'wchar_t *' drops const qualifier [-Wcast-qual]
  173 |   return (wchar_t*)wcsstr(__s1, __s2);
      |                    ^
/var/db/repos/Local/tools/llvm-libc-probe/.build-cxx-full/include/c++/v1/wchar.h:184:20: warning: cast from 'const wchar_t *' to 'wchar_t *' drops const qualifier [-Wcast-qual]
  184 |   return (wchar_t*)wmemchr(__s, __c, __n);
      |                    ^
5 warnings generated.
[1830/1889] Building CXX object libcxx/src/CMakeFiles/cxx_static.dir/atomic.cpp.o
In file included from <built-in>:3:
In file included from /var/db/repos/Local/tools/llvm-libc-probe/compat/llvm-libc-compat.h:45:
/var/db/repos/Local/tools/llvm-libc-probe/.build-cxx-full/include/c++/v1/wchar.h:142:20: warning: cast from 'const wchar_t *' to 'wchar_t *' drops const qualifier [-Wcast-qual]
  142 |   return (wchar_t*)wcschr(__s, __c);
      |                    ^
/var/db/repos/Local/tools/llvm-libc-probe/.build-cxx-full/include/c++/v1/wchar.h:152:20: warning: cast from 'const wchar_t *' to 'wchar_t *' drops const qualifier [-Wcast-qual]
  152 |   return (wchar_t*)wcspbrk(__s1, __s2);
      |                    ^
/var/db/repos/Local/tools/llvm-libc-probe/.build-cxx-full/include/c++/v1/wchar.h:163:20: warning: cast from 'const wchar_t *' to 'wchar_t *' drops const qualifier [-Wcast-qual]
  163 |   return (wchar_t*)wcsrchr(__s, __c);
      |                    ^
/var/db/repos/Local/tools/llvm-libc-probe/.build-cxx-full/include/c++/v1/wchar.h:173:20: warning: cast from 'const wchar_t *' to 'wchar_t *' drops const qualifier [-Wcast-qual]
  173 |   return (wchar_t*)wcsstr(__s1, __s2);
      |                    ^
/var/db/repos/Local/tools/llvm-libc-probe/.build-cxx-full/include/c++/v1/wchar.h:184:20: warning: cast from 'const wchar_t *' to 'wchar_t *' drops const qualifier [-Wcast-qual]
  184 |   return (wchar_t*)wmemchr(__s, __c, __n);
      |                    ^
In file included from /var/db/repos/Local/tools/llvm-libc-probe/.src/llvm-project/libcxx/src/atomic.cpp:9:
In file included from /var/db/repos/Local/tools/llvm-libc-probe/.build-cxx-full/include/c++/v1/__thread/timed_backoff_policy.h:19:
In file included from /var/db/repos/Local/tools/llvm-libc-probe/.build-cxx-full/include/c++/v1/__thread/support.h:110:
In file included from /var/db/repos/Local/tools/llvm-libc-probe/.build-cxx-full/include/c++/v1/__thread/support/external.h:19:
/var/db/repos/Local/tools/llvm-libc-probe/compat/__external_threading:177:31: warning: cast from 'void *(*)(void *)' to 'thrd_start_t' (aka 'int (*)(void *)') converts to incompatible function type [-Wcast-function-type-mismatch]
  177 |   int __ec = thrd_create(__t, reinterpret_cast<thrd_start_t>(__func), __arg);
      |                               ^~~~~~~~~~~~~~~~~~~~~~~~~~~~~~~~~~~~~~
6 warnings generated.
[1831/1889] Linking C static library lib/libunwind.a
[1832/1889] Building CXX object libcxx/src/CMakeFiles/cxx_static.dir/filesystem/path.cpp.o
In file included from <built-in>:3:
In file included from /var/db/repos/Local/tools/llvm-libc-probe/compat/llvm-libc-compat.h:45:
/var/db/repos/Local/tools/llvm-libc-probe/.build-cxx-full/include/c++/v1/wchar.h:142:20: warning: cast from 'const wchar_t *' to 'wchar_t *' drops const qualifier [-Wcast-qual]
  142 |   return (wchar_t*)wcschr(__s, __c);
      |                    ^
/var/db/repos/Local/tools/llvm-libc-probe/.build-cxx-full/include/c++/v1/wchar.h:152:20: warning: cast from 'const wchar_t *' to 'wchar_t *' drops const qualifier [-Wcast-qual]
  152 |   return (wchar_t*)wcspbrk(__s1, __s2);
      |                    ^
/var/db/repos/Local/tools/llvm-libc-probe/.build-cxx-full/include/c++/v1/wchar.h:163:20: warning: cast from 'const wchar_t *' to 'wchar_t *' drops const qualifier [-Wcast-qual]
  163 |   return (wchar_t*)wcsrchr(__s, __c);
      |                    ^
/var/db/repos/Local/tools/llvm-libc-probe/.build-cxx-full/include/c++/v1/wchar.h:173:20: warning: cast from 'const wchar_t *' to 'wchar_t *' drops const qualifier [-Wcast-qual]
  173 |   return (wchar_t*)wcsstr(__s1, __s2);
      |                    ^
/var/db/repos/Local/tools/llvm-libc-probe/.build-cxx-full/include/c++/v1/wchar.h:184:20: warning: cast from 'const wchar_t *' to 'wchar_t *' drops const qualifier [-Wcast-qual]
  184 |   return (wchar_t*)wmemchr(__s, __c, __n);
      |                    ^
5 warnings generated.
[1833/1889] Building CXX object libcxx/src/CMakeFiles/cxx_experimental.dir/experimental/log_hardening_failure.cpp.o
In file included from <built-in>:3:
In file included from /var/db/repos/Local/tools/llvm-libc-probe/compat/llvm-libc-compat.h:45:
/var/db/repos/Local/tools/llvm-libc-probe/.build-cxx-full/include/c++/v1/wchar.h:142:20: warning: cast from 'const wchar_t *' to 'wchar_t *' drops const qualifier [-Wcast-qual]
  142 |   return (wchar_t*)wcschr(__s, __c);
      |                    ^
/var/db/repos/Local/tools/llvm-libc-probe/.build-cxx-full/include/c++/v1/wchar.h:152:20: warning: cast from 'const wchar_t *' to 'wchar_t *' drops const qualifier [-Wcast-qual]
  152 |   return (wchar_t*)wcspbrk(__s1, __s2);
      |                    ^
/var/db/repos/Local/tools/llvm-libc-probe/.build-cxx-full/include/c++/v1/wchar.h:163:20: warning: cast from 'const wchar_t *' to 'wchar_t *' drops const qualifier [-Wcast-qual]
  163 |   return (wchar_t*)wcsrchr(__s, __c);
      |                    ^
/var/db/repos/Local/tools/llvm-libc-probe/.build-cxx-full/include/c++/v1/wchar.h:173:20: warning: cast from 'const wchar_t *' to 'wchar_t *' drops const qualifier [-Wcast-qual]
  173 |   return (wchar_t*)wcsstr(__s1, __s2);
      |                    ^
/var/db/repos/Local/tools/llvm-libc-probe/.build-cxx-full/include/c++/v1/wchar.h:184:20: warning: cast from 'const wchar_t *' to 'wchar_t *' drops const qualifier [-Wcast-qual]
  184 |   return (wchar_t*)wmemchr(__s, __c, __n);
      |                    ^
5 warnings generated.
[1834/1889] Copying CXX module std/ostream.inc
[1835/1889] Copying CXX module std/queue.inc
[1836/1889] Copying CXX module std/random.inc
[1837/1889] Building CXX object libcxx/src/CMakeFiles/cxx_static.dir/condition_variable.cpp.o
In file included from <built-in>:3:
In file included from /var/db/repos/Local/tools/llvm-libc-probe/compat/llvm-libc-compat.h:45:
/var/db/repos/Local/tools/llvm-libc-probe/.build-cxx-full/include/c++/v1/wchar.h:142:20: warning: cast from 'const wchar_t *' to 'wchar_t *' drops const qualifier [-Wcast-qual]
  142 |   return (wchar_t*)wcschr(__s, __c);
      |                    ^
/var/db/repos/Local/tools/llvm-libc-probe/.build-cxx-full/include/c++/v1/wchar.h:152:20: warning: cast from 'const wchar_t *' to 'wchar_t *' drops const qualifier [-Wcast-qual]
  152 |   return (wchar_t*)wcspbrk(__s1, __s2);
      |                    ^
/var/db/repos/Local/tools/llvm-libc-probe/.build-cxx-full/include/c++/v1/wchar.h:163:20: warning: cast from 'const wchar_t *' to 'wchar_t *' drops const qualifier [-Wcast-qual]
  163 |   return (wchar_t*)wcsrchr(__s, __c);
      |                    ^
/var/db/repos/Local/tools/llvm-libc-probe/.build-cxx-full/include/c++/v1/wchar.h:173:20: warning: cast from 'const wchar_t *' to 'wchar_t *' drops const qualifier [-Wcast-qual]
  173 |   return (wchar_t*)wcsstr(__s1, __s2);
      |                    ^
/var/db/repos/Local/tools/llvm-libc-probe/.build-cxx-full/include/c++/v1/wchar.h:184:20: warning: cast from 'const wchar_t *' to 'wchar_t *' drops const qualifier [-Wcast-qual]
  184 |   return (wchar_t*)wmemchr(__s, __c, __n);
      |                    ^
In file included from /var/db/repos/Local/tools/llvm-libc-probe/.src/llvm-project/libcxx/src/condition_variable.cpp:9:
In file included from /var/db/repos/Local/tools/llvm-libc-probe/.build-cxx-full/include/c++/v1/condition_variable:127:
In file included from /var/db/repos/Local/tools/llvm-libc-probe/.build-cxx-full/include/c++/v1/__condition_variable/condition_variable.h:17:
In file included from /var/db/repos/Local/tools/llvm-libc-probe/.build-cxx-full/include/c++/v1/__mutex/mutex.h:13:
In file included from /var/db/repos/Local/tools/llvm-libc-probe/.build-cxx-full/include/c++/v1/__thread/support.h:110:
In file included from /var/db/repos/Local/tools/llvm-libc-probe/.build-cxx-full/include/c++/v1/__thread/support/external.h:19:
/var/db/repos/Local/tools/llvm-libc-probe/compat/__external_threading:177:31: warning: cast from 'void *(*)(void *)' to 'thrd_start_t' (aka 'int (*)(void *)') converts to incompatible function type [-Wcast-function-type-mismatch]
  177 |   int __ec = thrd_create(__t, reinterpret_cast<thrd_start_t>(__func), __arg);
      |                               ^~~~~~~~~~~~~~~~~~~~~~~~~~~~~~~~~~~~~~
6 warnings generated.
[1838/1889] Copying CXX module std/print.inc
[1839/1889] Copying CXX module std/rcu.inc
[1840/1889] Copying CXX module std/ranges.inc
[1841/1889] Copying CXX module std/regex.inc
[1842/1889] Copying CXX module std/ratio.inc
[1843/1889] Copying CXX module std/scoped_allocator.inc
[1844/1889] Copying CXX module std/semaphore.inc
[1845/1889] Copying CXX module std/set.inc
[1846/1889] Copying CXX module std/shared_mutex.inc
[1847/1889] Copying CXX module std/spanstream.inc
[1848/1889] Copying CXX module std/source_location.inc
[1849/1889] Copying CXX module std/span.inc
[1850/1889] Copying CXX module std/stack.inc
[1851/1889] Copying CXX module std/sstream.inc
[1852/1889] Copying CXX module std/stdexcept.inc
[1853/1889] Copying CXX module std/stacktrace.inc
[1854/1889] Copying CXX module std/stop_token.inc
[1855/1889] Copying CXX module std/streambuf.inc
[1856/1889] Copying CXX module std/stdfloat.inc
[1857/1889] Copying CXX module std/string_view.inc
[1858/1889] Copying CXX module std/string.inc
[1859/1889] Copying CXX module std/strstream.inc
[1860/1889] Copying CXX module std/syncstream.inc
[1861/1889] Copying CXX module std/system_error.inc
[1862/1889] Copying CXX module std/thread.inc
[1863/1889] Building CXX object libcxx/src/CMakeFiles/cxx_static.dir/barrier.cpp.o
In file included from <built-in>:3:
In file included from /var/db/repos/Local/tools/llvm-libc-probe/compat/llvm-libc-compat.h:45:
/var/db/repos/Local/tools/llvm-libc-probe/.build-cxx-full/include/c++/v1/wchar.h:142:20: warning: cast from 'const wchar_t *' to 'wchar_t *' drops const qualifier [-Wcast-qual]
  142 |   return (wchar_t*)wcschr(__s, __c);
      |                    ^
/var/db/repos/Local/tools/llvm-libc-probe/.build-cxx-full/include/c++/v1/wchar.h:152:20: warning: cast from 'const wchar_t *' to 'wchar_t *' drops const qualifier [-Wcast-qual]
  152 |   return (wchar_t*)wcspbrk(__s1, __s2);
      |                    ^
/var/db/repos/Local/tools/llvm-libc-probe/.build-cxx-full/include/c++/v1/wchar.h:163:20: warning: cast from 'const wchar_t *' to 'wchar_t *' drops const qualifier [-Wcast-qual]
  163 |   return (wchar_t*)wcsrchr(__s, __c);
      |                    ^
/var/db/repos/Local/tools/llvm-libc-probe/.build-cxx-full/include/c++/v1/wchar.h:173:20: warning: cast from 'const wchar_t *' to 'wchar_t *' drops const qualifier [-Wcast-qual]
  173 |   return (wchar_t*)wcsstr(__s1, __s2);
      |                    ^
/var/db/repos/Local/tools/llvm-libc-probe/.build-cxx-full/include/c++/v1/wchar.h:184:20: warning: cast from 'const wchar_t *' to 'wchar_t *' drops const qualifier [-Wcast-qual]
  184 |   return (wchar_t*)wmemchr(__s, __c, __n);
      |                    ^
In file included from /var/db/repos/Local/tools/llvm-libc-probe/.src/llvm-project/libcxx/src/barrier.cpp:10:
In file included from /var/db/repos/Local/tools/llvm-libc-probe/.build-cxx-full/include/c++/v1/thread:96:
In file included from /var/db/repos/Local/tools/llvm-libc-probe/.build-cxx-full/include/c++/v1/__thread/this_thread.h:16:
In file included from /var/db/repos/Local/tools/llvm-libc-probe/.build-cxx-full/include/c++/v1/__condition_variable/condition_variable.h:17:
In file included from /var/db/repos/Local/tools/llvm-libc-probe/.build-cxx-full/include/c++/v1/__mutex/mutex.h:13:
In file included from /var/db/repos/Local/tools/llvm-libc-probe/.build-cxx-full/include/c++/v1/__thread/support.h:110:
In file included from /var/db/repos/Local/tools/llvm-libc-probe/.build-cxx-full/include/c++/v1/__thread/support/external.h:19:
/var/db/repos/Local/tools/llvm-libc-probe/compat/__external_threading:177:31: warning: cast from 'void *(*)(void *)' to 'thrd_start_t' (aka 'int (*)(void *)') converts to incompatible function type [-Wcast-function-type-mismatch]
  177 |   int __ec = thrd_create(__t, reinterpret_cast<thrd_start_t>(__func), __arg);
      |                               ^~~~~~~~~~~~~~~~~~~~~~~~~~~~~~~~~~~~~~
6 warnings generated.
[1864/1889] Copying CXX module std/text_encoding.inc
[1865/1889] Copying CXX module std/tuple.inc
[1866/1889] Copying CXX module std/type_traits.inc
[1867/1889] Copying CXX module std/typeindex.inc
[1868/1889] Copying CXX module std/typeinfo.inc
[1869/1889] Copying CXX module std/unordered_map.inc
[1870/1889] Copying CXX module std/unordered_set.inc
[1871/1889] Copying CXX module std/valarray.inc
[1872/1889] Copying CXX module std/utility.inc
[1873/1889] Copying CXX module std/variant.inc
[1874/1889] Copying CXX module std/version.inc
[1875/1889] Copying CXX module std/vector.inc
[1876/1889] Building CXX object libcxx/src/CMakeFiles/cxx_static.dir/ios.cpp.o
In file included from <built-in>:3:
In file included from /var/db/repos/Local/tools/llvm-libc-probe/compat/llvm-libc-compat.h:45:
/var/db/repos/Local/tools/llvm-libc-probe/.build-cxx-full/include/c++/v1/wchar.h:142:20: warning: cast from 'const wchar_t *' to 'wchar_t *' drops const qualifier [-Wcast-qual]
  142 |   return (wchar_t*)wcschr(__s, __c);
      |                    ^
/var/db/repos/Local/tools/llvm-libc-probe/.build-cxx-full/include/c++/v1/wchar.h:152:20: warning: cast from 'const wchar_t *' to 'wchar_t *' drops const qualifier [-Wcast-qual]
  152 |   return (wchar_t*)wcspbrk(__s1, __s2);
      |                    ^
/var/db/repos/Local/tools/llvm-libc-probe/.build-cxx-full/include/c++/v1/wchar.h:163:20: warning: cast from 'const wchar_t *' to 'wchar_t *' drops const qualifier [-Wcast-qual]
  163 |   return (wchar_t*)wcsrchr(__s, __c);
      |                    ^
/var/db/repos/Local/tools/llvm-libc-probe/.build-cxx-full/include/c++/v1/wchar.h:173:20: warning: cast from 'const wchar_t *' to 'wchar_t *' drops const qualifier [-Wcast-qual]
  173 |   return (wchar_t*)wcsstr(__s1, __s2);
      |                    ^
/var/db/repos/Local/tools/llvm-libc-probe/.build-cxx-full/include/c++/v1/wchar.h:184:20: warning: cast from 'const wchar_t *' to 'wchar_t *' drops const qualifier [-Wcast-qual]
  184 |   return (wchar_t*)wmemchr(__s, __c, __n);
      |                    ^
5 warnings generated.
[1877/1889] Building CXX object libcxx/src/CMakeFiles/cxx_static.dir/thread.cpp.o
In file included from <built-in>:3:
In file included from /var/db/repos/Local/tools/llvm-libc-probe/compat/llvm-libc-compat.h:45:
/var/db/repos/Local/tools/llvm-libc-probe/.build-cxx-full/include/c++/v1/wchar.h:142:20: warning: cast from 'const wchar_t *' to 'wchar_t *' drops const qualifier [-Wcast-qual]
  142 |   return (wchar_t*)wcschr(__s, __c);
      |                    ^
/var/db/repos/Local/tools/llvm-libc-probe/.build-cxx-full/include/c++/v1/wchar.h:152:20: warning: cast from 'const wchar_t *' to 'wchar_t *' drops const qualifier [-Wcast-qual]
  152 |   return (wchar_t*)wcspbrk(__s1, __s2);
      |                    ^
/var/db/repos/Local/tools/llvm-libc-probe/.build-cxx-full/include/c++/v1/wchar.h:163:20: warning: cast from 'const wchar_t *' to 'wchar_t *' drops const qualifier [-Wcast-qual]
  163 |   return (wchar_t*)wcsrchr(__s, __c);
      |                    ^
/var/db/repos/Local/tools/llvm-libc-probe/.build-cxx-full/include/c++/v1/wchar.h:173:20: warning: cast from 'const wchar_t *' to 'wchar_t *' drops const qualifier [-Wcast-qual]
  173 |   return (wchar_t*)wcsstr(__s1, __s2);
      |                    ^
/var/db/repos/Local/tools/llvm-libc-probe/.build-cxx-full/include/c++/v1/wchar.h:184:20: warning: cast from 'const wchar_t *' to 'wchar_t *' drops const qualifier [-Wcast-qual]
  184 |   return (wchar_t*)wmemchr(__s, __c, __n);
      |                    ^
In file included from /var/db/repos/Local/tools/llvm-libc-probe/.src/llvm-project/libcxx/src/thread.cpp:11:
In file included from /var/db/repos/Local/tools/llvm-libc-probe/.build-cxx-full/include/c++/v1/__thread/timed_backoff_policy.h:19:
In file included from /var/db/repos/Local/tools/llvm-libc-probe/.build-cxx-full/include/c++/v1/__thread/support.h:110:
In file included from /var/db/repos/Local/tools/llvm-libc-probe/.build-cxx-full/include/c++/v1/__thread/support/external.h:19:
/var/db/repos/Local/tools/llvm-libc-probe/compat/__external_threading:177:31: warning: cast from 'void *(*)(void *)' to 'thrd_start_t' (aka 'int (*)(void *)') converts to incompatible function type [-Wcast-function-type-mismatch]
  177 |   int __ec = thrd_create(__t, reinterpret_cast<thrd_start_t>(__func), __arg);
      |                               ^~~~~~~~~~~~~~~~~~~~~~~~~~~~~~~~~~~~~~
/var/db/repos/Local/tools/llvm-libc-probe/.src/llvm-project/libcxx/src/thread.cpp:84:6: warning: hardware_concurrency not yet implemented [-W#warnings]
   84 | #    warning hardware_concurrency not yet implemented
      |      ^
7 warnings generated.
[1878/1889] Building CXX object libcxx/src/CMakeFiles/cxx_static.dir/string.cpp.o
In file included from <built-in>:3:
In file included from /var/db/repos/Local/tools/llvm-libc-probe/compat/llvm-libc-compat.h:45:
/var/db/repos/Local/tools/llvm-libc-probe/.build-cxx-full/include/c++/v1/wchar.h:142:20: warning: cast from 'const wchar_t *' to 'wchar_t *' drops const qualifier [-Wcast-qual]
  142 |   return (wchar_t*)wcschr(__s, __c);
      |                    ^
/var/db/repos/Local/tools/llvm-libc-probe/.build-cxx-full/include/c++/v1/wchar.h:152:20: warning: cast from 'const wchar_t *' to 'wchar_t *' drops const qualifier [-Wcast-qual]
  152 |   return (wchar_t*)wcspbrk(__s1, __s2);
      |                    ^
/var/db/repos/Local/tools/llvm-libc-probe/.build-cxx-full/include/c++/v1/wchar.h:163:20: warning: cast from 'const wchar_t *' to 'wchar_t *' drops const qualifier [-Wcast-qual]
  163 |   return (wchar_t*)wcsrchr(__s, __c);
      |                    ^
/var/db/repos/Local/tools/llvm-libc-probe/.build-cxx-full/include/c++/v1/wchar.h:173:20: warning: cast from 'const wchar_t *' to 'wchar_t *' drops const qualifier [-Wcast-qual]
  173 |   return (wchar_t*)wcsstr(__s1, __s2);
      |                    ^
/var/db/repos/Local/tools/llvm-libc-probe/.build-cxx-full/include/c++/v1/wchar.h:184:20: warning: cast from 'const wchar_t *' to 'wchar_t *' drops const qualifier [-Wcast-qual]
  184 |   return (wchar_t*)wmemchr(__s, __c, __n);
      |                    ^
5 warnings generated.
[1879/1889] Building CXX object libcxx/src/CMakeFiles/cxx_static.dir/regex.cpp.o
In file included from <built-in>:3:
In file included from /var/db/repos/Local/tools/llvm-libc-probe/compat/llvm-libc-compat.h:45:
/var/db/repos/Local/tools/llvm-libc-probe/.build-cxx-full/include/c++/v1/wchar.h:142:20: warning: cast from 'const wchar_t *' to 'wchar_t *' drops const qualifier [-Wcast-qual]
  142 |   return (wchar_t*)wcschr(__s, __c);
      |                    ^
/var/db/repos/Local/tools/llvm-libc-probe/.build-cxx-full/include/c++/v1/wchar.h:152:20: warning: cast from 'const wchar_t *' to 'wchar_t *' drops const qualifier [-Wcast-qual]
  152 |   return (wchar_t*)wcspbrk(__s1, __s2);
      |                    ^
/var/db/repos/Local/tools/llvm-libc-probe/.build-cxx-full/include/c++/v1/wchar.h:163:20: warning: cast from 'const wchar_t *' to 'wchar_t *' drops const qualifier [-Wcast-qual]
  163 |   return (wchar_t*)wcsrchr(__s, __c);
      |                    ^
/var/db/repos/Local/tools/llvm-libc-probe/.build-cxx-full/include/c++/v1/wchar.h:173:20: warning: cast from 'const wchar_t *' to 'wchar_t *' drops const qualifier [-Wcast-qual]
  173 |   return (wchar_t*)wcsstr(__s1, __s2);
      |                    ^
/var/db/repos/Local/tools/llvm-libc-probe/.build-cxx-full/include/c++/v1/wchar.h:184:20: warning: cast from 'const wchar_t *' to 'wchar_t *' drops const qualifier [-Wcast-qual]
  184 |   return (wchar_t*)wmemchr(__s, __c, __n);
      |                    ^
5 warnings generated.
[1880/1889] Building CXX object libcxx/src/CMakeFiles/cxx_static.dir/iostream.cpp.o
In file included from <built-in>:3:
In file included from /var/db/repos/Local/tools/llvm-libc-probe/compat/llvm-libc-compat.h:45:
/var/db/repos/Local/tools/llvm-libc-probe/.build-cxx-full/include/c++/v1/wchar.h:142:20: warning: cast from 'const wchar_t *' to 'wchar_t *' drops const qualifier [-Wcast-qual]
  142 |   return (wchar_t*)wcschr(__s, __c);
      |                    ^
/var/db/repos/Local/tools/llvm-libc-probe/.build-cxx-full/include/c++/v1/wchar.h:152:20: warning: cast from 'const wchar_t *' to 'wchar_t *' drops const qualifier [-Wcast-qual]
  152 |   return (wchar_t*)wcspbrk(__s1, __s2);
      |                    ^
/var/db/repos/Local/tools/llvm-libc-probe/.build-cxx-full/include/c++/v1/wchar.h:163:20: warning: cast from 'const wchar_t *' to 'wchar_t *' drops const qualifier [-Wcast-qual]
  163 |   return (wchar_t*)wcsrchr(__s, __c);
      |                    ^
/var/db/repos/Local/tools/llvm-libc-probe/.build-cxx-full/include/c++/v1/wchar.h:173:20: warning: cast from 'const wchar_t *' to 'wchar_t *' drops const qualifier [-Wcast-qual]
  173 |   return (wchar_t*)wcsstr(__s1, __s2);
      |                    ^
/var/db/repos/Local/tools/llvm-libc-probe/.build-cxx-full/include/c++/v1/wchar.h:184:20: warning: cast from 'const wchar_t *' to 'wchar_t *' drops const qualifier [-Wcast-qual]
  184 |   return (wchar_t*)wmemchr(__s, __c, __n);
      |                    ^
5 warnings generated.
[1881/1889] Building CXX object libcxx/src/CMakeFiles/cxx_static.dir/strstream.cpp.o
In file included from <built-in>:3:
In file included from /var/db/repos/Local/tools/llvm-libc-probe/compat/llvm-libc-compat.h:45:
/var/db/repos/Local/tools/llvm-libc-probe/.build-cxx-full/include/c++/v1/wchar.h:142:20: warning: cast from 'const wchar_t *' to 'wchar_t *' drops const qualifier [-Wcast-qual]
  142 |   return (wchar_t*)wcschr(__s, __c);
      |                    ^
/var/db/repos/Local/tools/llvm-libc-probe/.build-cxx-full/include/c++/v1/wchar.h:152:20: warning: cast from 'const wchar_t *' to 'wchar_t *' drops const qualifier [-Wcast-qual]
  152 |   return (wchar_t*)wcspbrk(__s1, __s2);
      |                    ^
/var/db/repos/Local/tools/llvm-libc-probe/.build-cxx-full/include/c++/v1/wchar.h:163:20: warning: cast from 'const wchar_t *' to 'wchar_t *' drops const qualifier [-Wcast-qual]
  163 |   return (wchar_t*)wcsrchr(__s, __c);
      |                    ^
/var/db/repos/Local/tools/llvm-libc-probe/.build-cxx-full/include/c++/v1/wchar.h:173:20: warning: cast from 'const wchar_t *' to 'wchar_t *' drops const qualifier [-Wcast-qual]
  173 |   return (wchar_t*)wcsstr(__s1, __s2);
      |                    ^
/var/db/repos/Local/tools/llvm-libc-probe/.build-cxx-full/include/c++/v1/wchar.h:184:20: warning: cast from 'const wchar_t *' to 'wchar_t *' drops const qualifier [-Wcast-qual]
  184 |   return (wchar_t*)wmemchr(__s, __c, __n);
      |                    ^
5 warnings generated.
[1882/1889] Building CXX object libcxx/src/CMakeFiles/cxx_static.dir/ostream.cpp.o
In file included from <built-in>:3:
In file included from /var/db/repos/Local/tools/llvm-libc-probe/compat/llvm-libc-compat.h:45:
/var/db/repos/Local/tools/llvm-libc-probe/.build-cxx-full/include/c++/v1/wchar.h:142:20: warning: cast from 'const wchar_t *' to 'wchar_t *' drops const qualifier [-Wcast-qual]
  142 |   return (wchar_t*)wcschr(__s, __c);
      |                    ^
/var/db/repos/Local/tools/llvm-libc-probe/.build-cxx-full/include/c++/v1/wchar.h:152:20: warning: cast from 'const wchar_t *' to 'wchar_t *' drops const qualifier [-Wcast-qual]
  152 |   return (wchar_t*)wcspbrk(__s1, __s2);
      |                    ^
/var/db/repos/Local/tools/llvm-libc-probe/.build-cxx-full/include/c++/v1/wchar.h:163:20: warning: cast from 'const wchar_t *' to 'wchar_t *' drops const qualifier [-Wcast-qual]
  163 |   return (wchar_t*)wcsrchr(__s, __c);
      |                    ^
/var/db/repos/Local/tools/llvm-libc-probe/.build-cxx-full/include/c++/v1/wchar.h:173:20: warning: cast from 'const wchar_t *' to 'wchar_t *' drops const qualifier [-Wcast-qual]
  173 |   return (wchar_t*)wcsstr(__s1, __s2);
      |                    ^
/var/db/repos/Local/tools/llvm-libc-probe/.build-cxx-full/include/c++/v1/wchar.h:184:20: warning: cast from 'const wchar_t *' to 'wchar_t *' drops const qualifier [-Wcast-qual]
  184 |   return (wchar_t*)wmemchr(__s, __c, __n);
      |                    ^
5 warnings generated.
[1883/1889] Building CXX object libcxx/src/CMakeFiles/cxx_static.dir/algorithm.cpp.o
In file included from <built-in>:3:
In file included from /var/db/repos/Local/tools/llvm-libc-probe/compat/llvm-libc-compat.h:45:
/var/db/repos/Local/tools/llvm-libc-probe/.build-cxx-full/include/c++/v1/wchar.h:142:20: warning: cast from 'const wchar_t *' to 'wchar_t *' drops const qualifier [-Wcast-qual]
  142 |   return (wchar_t*)wcschr(__s, __c);
      |                    ^
/var/db/repos/Local/tools/llvm-libc-probe/.build-cxx-full/include/c++/v1/wchar.h:152:20: warning: cast from 'const wchar_t *' to 'wchar_t *' drops const qualifier [-Wcast-qual]
  152 |   return (wchar_t*)wcspbrk(__s1, __s2);
      |                    ^
/var/db/repos/Local/tools/llvm-libc-probe/.build-cxx-full/include/c++/v1/wchar.h:163:20: warning: cast from 'const wchar_t *' to 'wchar_t *' drops const qualifier [-Wcast-qual]
  163 |   return (wchar_t*)wcsrchr(__s, __c);
      |                    ^
/var/db/repos/Local/tools/llvm-libc-probe/.build-cxx-full/include/c++/v1/wchar.h:173:20: warning: cast from 'const wchar_t *' to 'wchar_t *' drops const qualifier [-Wcast-qual]
  173 |   return (wchar_t*)wcsstr(__s1, __s2);
      |                    ^
/var/db/repos/Local/tools/llvm-libc-probe/.build-cxx-full/include/c++/v1/wchar.h:184:20: warning: cast from 'const wchar_t *' to 'wchar_t *' drops const qualifier [-Wcast-qual]
  184 |   return (wchar_t*)wmemchr(__s, __c, __n);
      |                    ^
5 warnings generated.
[1884/1889] Building CXX object libcxx/src/CMakeFiles/cxx_static.dir/ios.instantiations.cpp.o
In file included from <built-in>:3:
In file included from /var/db/repos/Local/tools/llvm-libc-probe/compat/llvm-libc-compat.h:45:
/var/db/repos/Local/tools/llvm-libc-probe/.build-cxx-full/include/c++/v1/wchar.h:142:20: warning: cast from 'const wchar_t *' to 'wchar_t *' drops const qualifier [-Wcast-qual]
  142 |   return (wchar_t*)wcschr(__s, __c);
      |                    ^
/var/db/repos/Local/tools/llvm-libc-probe/.build-cxx-full/include/c++/v1/wchar.h:152:20: warning: cast from 'const wchar_t *' to 'wchar_t *' drops const qualifier [-Wcast-qual]
  152 |   return (wchar_t*)wcspbrk(__s1, __s2);
      |                    ^
/var/db/repos/Local/tools/llvm-libc-probe/.build-cxx-full/include/c++/v1/wchar.h:163:20: warning: cast from 'const wchar_t *' to 'wchar_t *' drops const qualifier [-Wcast-qual]
  163 |   return (wchar_t*)wcsrchr(__s, __c);
      |                    ^
/var/db/repos/Local/tools/llvm-libc-probe/.build-cxx-full/include/c++/v1/wchar.h:173:20: warning: cast from 'const wchar_t *' to 'wchar_t *' drops const qualifier [-Wcast-qual]
  173 |   return (wchar_t*)wcsstr(__s1, __s2);
      |                    ^
/var/db/repos/Local/tools/llvm-libc-probe/.build-cxx-full/include/c++/v1/wchar.h:184:20: warning: cast from 'const wchar_t *' to 'wchar_t *' drops const qualifier [-Wcast-qual]
  184 |   return (wchar_t*)wmemchr(__s, __c, __n);
      |                    ^
5 warnings generated.
[1885/1889] Building CXX object libcxxabi/src/CMakeFiles/cxxabi_static_objects.dir/cxa_demangle.cpp.o
In file included from <built-in>:3:
In file included from /var/db/repos/Local/tools/llvm-libc-probe/compat/llvm-libc-compat.h:45:
/var/db/repos/Local/tools/llvm-libc-probe/.build-cxx-full/include/c++/v1/wchar.h:142:20: warning: cast from 'const wchar_t *' to 'wchar_t *' drops const qualifier [-Wcast-qual]
  142 |   return (wchar_t*)wcschr(__s, __c);
      |                    ^
/var/db/repos/Local/tools/llvm-libc-probe/.build-cxx-full/include/c++/v1/wchar.h:152:20: warning: cast from 'const wchar_t *' to 'wchar_t *' drops const qualifier [-Wcast-qual]
  152 |   return (wchar_t*)wcspbrk(__s1, __s2);
      |                    ^
/var/db/repos/Local/tools/llvm-libc-probe/.build-cxx-full/include/c++/v1/wchar.h:163:20: warning: cast from 'const wchar_t *' to 'wchar_t *' drops const qualifier [-Wcast-qual]
  163 |   return (wchar_t*)wcsrchr(__s, __c);
      |                    ^
/var/db/repos/Local/tools/llvm-libc-probe/.build-cxx-full/include/c++/v1/wchar.h:173:20: warning: cast from 'const wchar_t *' to 'wchar_t *' drops const qualifier [-Wcast-qual]
  173 |   return (wchar_t*)wcsstr(__s1, __s2);
      |                    ^
/var/db/repos/Local/tools/llvm-libc-probe/.build-cxx-full/include/c++/v1/wchar.h:184:20: warning: cast from 'const wchar_t *' to 'wchar_t *' drops const qualifier [-Wcast-qual]
  184 |   return (wchar_t*)wmemchr(__s, __c, __n);
      |                    ^
5 warnings generated.
[1886/1889] Linking CXX static library lib/libc++abi.a
[1887/1889] Building CXX object libcxx/src/CMakeFiles/cxx_static.dir/locale.cpp.o
In file included from <built-in>:3:
In file included from /var/db/repos/Local/tools/llvm-libc-probe/compat/llvm-libc-compat.h:45:
/var/db/repos/Local/tools/llvm-libc-probe/.build-cxx-full/include/c++/v1/wchar.h:142:20: warning: cast from 'const wchar_t *' to 'wchar_t *' drops const qualifier [-Wcast-qual]
  142 |   return (wchar_t*)wcschr(__s, __c);
      |                    ^
/var/db/repos/Local/tools/llvm-libc-probe/.build-cxx-full/include/c++/v1/wchar.h:152:20: warning: cast from 'const wchar_t *' to 'wchar_t *' drops const qualifier [-Wcast-qual]
  152 |   return (wchar_t*)wcspbrk(__s1, __s2);
      |                    ^
/var/db/repos/Local/tools/llvm-libc-probe/.build-cxx-full/include/c++/v1/wchar.h:163:20: warning: cast from 'const wchar_t *' to 'wchar_t *' drops const qualifier [-Wcast-qual]
  163 |   return (wchar_t*)wcsrchr(__s, __c);
      |                    ^
/var/db/repos/Local/tools/llvm-libc-probe/.build-cxx-full/include/c++/v1/wchar.h:173:20: warning: cast from 'const wchar_t *' to 'wchar_t *' drops const qualifier [-Wcast-qual]
  173 |   return (wchar_t*)wcsstr(__s1, __s2);
      |                    ^
/var/db/repos/Local/tools/llvm-libc-probe/.build-cxx-full/include/c++/v1/wchar.h:184:20: warning: cast from 'const wchar_t *' to 'wchar_t *' drops const qualifier [-Wcast-qual]
  184 |   return (wchar_t*)wmemchr(__s, __c, __n);
      |                    ^
5 warnings generated.
[1888/1889] Linking CXX static library lib/libc++.a
[1889/1889] Linking CXX static library lib/libc++experimental.a
[1;34m==>[0m installing into /var/db/repos/Local/tools/llvm-libc-probe/.prefix
ninja: Entering directory `/var/db/repos/Local/tools/llvm-libc-probe/.build-cxx-full'
[0/1] Install the project...
-- Install configuration: "Release"
-- Installing: /var/db/repos/Local/tools/llvm-libc-probe/.prefix/include/__libunwind_config.h
-- Installing: /var/db/repos/Local/tools/llvm-libc-probe/.prefix/include/libunwind.h
-- Installing: /var/db/repos/Local/tools/llvm-libc-probe/.prefix/include/libunwind.modulemap
-- Installing: /var/db/repos/Local/tools/llvm-libc-probe/.prefix/include/mach-o/compact_unwind_encoding.h
-- Installing: /var/db/repos/Local/tools/llvm-libc-probe/.prefix/include/unwind_arm_ehabi.h
-- Installing: /var/db/repos/Local/tools/llvm-libc-probe/.prefix/include/unwind_itanium.h
-- Installing: /var/db/repos/Local/tools/llvm-libc-probe/.prefix/include/unwind.h
-- Installing: /var/db/repos/Local/tools/llvm-libc-probe/.prefix/lib/libunwind.a
-- Installing: /var/db/repos/Local/tools/llvm-libc-probe/.prefix/include/c++/v1/__cxxabi_config.h
-- Installing: /var/db/repos/Local/tools/llvm-libc-probe/.prefix/include/c++/v1/cxxabi.h
-- Installing: /var/db/repos/Local/tools/llvm-libc-probe/.prefix/lib/libc++abi.a
-- Installing: /var/db/repos/Local/tools/llvm-libc-probe/.prefix/include/c++/v1/__algorithm/adjacent_find.h
-- Installing: /var/db/repos/Local/tools/llvm-libc-probe/.prefix/include/c++/v1/__algorithm/all_of.h
-- Installing: /var/db/repos/Local/tools/llvm-libc-probe/.prefix/include/c++/v1/__algorithm/any_of.h
-- Installing: /var/db/repos/Local/tools/llvm-libc-probe/.prefix/include/c++/v1/__algorithm/binary_search.h
-- Installing: /var/db/repos/Local/tools/llvm-libc-probe/.prefix/include/c++/v1/__algorithm/clamp.h
-- Installing: /var/db/repos/Local/tools/llvm-libc-probe/.prefix/include/c++/v1/__algorithm/comp.h
-- Installing: /var/db/repos/Local/tools/llvm-libc-probe/.prefix/include/c++/v1/__algorithm/comp_ref_type.h
-- Installing: /var/db/repos/Local/tools/llvm-libc-probe/.prefix/include/c++/v1/__algorithm/copy.h
-- Installing: /var/db/repos/Local/tools/llvm-libc-probe/.prefix/include/c++/v1/__algorithm/copy_backward.h
-- Installing: /var/db/repos/Local/tools/llvm-libc-probe/.prefix/include/c++/v1/__algorithm/copy_if.h
-- Installing: /var/db/repos/Local/tools/llvm-libc-probe/.prefix/include/c++/v1/__algorithm/copy_move_common.h
-- Installing: /var/db/repos/Local/tools/llvm-libc-probe/.prefix/include/c++/v1/__algorithm/copy_n.h
-- Installing: /var/db/repos/Local/tools/llvm-libc-probe/.prefix/include/c++/v1/__algorithm/count.h
-- Installing: /var/db/repos/Local/tools/llvm-libc-probe/.prefix/include/c++/v1/__algorithm/count_if.h
-- Installing: /var/db/repos/Local/tools/llvm-libc-probe/.prefix/include/c++/v1/__algorithm/equal.h
-- Installing: /var/db/repos/Local/tools/llvm-libc-probe/.prefix/include/c++/v1/__algorithm/equal_range.h
-- Installing: /var/db/repos/Local/tools/llvm-libc-probe/.prefix/include/c++/v1/__algorithm/fill.h
-- Installing: /var/db/repos/Local/tools/llvm-libc-probe/.prefix/include/c++/v1/__algorithm/fill_n.h
-- Installing: /var/db/repos/Local/tools/llvm-libc-probe/.prefix/include/c++/v1/__algorithm/find.h
-- Installing: /var/db/repos/Local/tools/llvm-libc-probe/.prefix/include/c++/v1/__algorithm/find_end.h
-- Installing: /var/db/repos/Local/tools/llvm-libc-probe/.prefix/include/c++/v1/__algorithm/find_first_of.h
-- Installing: /var/db/repos/Local/tools/llvm-libc-probe/.prefix/include/c++/v1/__algorithm/find_if.h
-- Installing: /var/db/repos/Local/tools/llvm-libc-probe/.prefix/include/c++/v1/__algorithm/find_if_not.h
-- Installing: /var/db/repos/Local/tools/llvm-libc-probe/.prefix/include/c++/v1/__algorithm/find_segment_if.h
-- Installing: /var/db/repos/Local/tools/llvm-libc-probe/.prefix/include/c++/v1/__algorithm/for_each.h
-- Installing: /var/db/repos/Local/tools/llvm-libc-probe/.prefix/include/c++/v1/__algorithm/for_each_n.h
-- Installing: /var/db/repos/Local/tools/llvm-libc-probe/.prefix/include/c++/v1/__algorithm/for_each_n_segment.h
-- Installing: /var/db/repos/Local/tools/llvm-libc-probe/.prefix/include/c++/v1/__algorithm/for_each_segment.h
-- Installing: /var/db/repos/Local/tools/llvm-libc-probe/.prefix/include/c++/v1/__algorithm/generate.h
-- Installing: /var/db/repos/Local/tools/llvm-libc-probe/.prefix/include/c++/v1/__algorithm/generate_n.h
-- Installing: /var/db/repos/Local/tools/llvm-libc-probe/.prefix/include/c++/v1/__algorithm/half_positive.h
-- Installing: /var/db/repos/Local/tools/llvm-libc-probe/.prefix/include/c++/v1/__algorithm/in_found_result.h
-- Installing: /var/db/repos/Local/tools/llvm-libc-probe/.prefix/include/c++/v1/__algorithm/in_fun_result.h
-- Installing: /var/db/repos/Local/tools/llvm-libc-probe/.prefix/include/c++/v1/__algorithm/in_in_out_result.h
-- Installing: /var/db/repos/Local/tools/llvm-libc-probe/.prefix/include/c++/v1/__algorithm/in_in_result.h
-- Installing: /var/db/repos/Local/tools/llvm-libc-probe/.prefix/include/c++/v1/__algorithm/in_out_out_result.h
-- Installing: /var/db/repos/Local/tools/llvm-libc-probe/.prefix/include/c++/v1/__algorithm/in_out_result.h
-- Installing: /var/db/repos/Local/tools/llvm-libc-probe/.prefix/include/c++/v1/__algorithm/includes.h
-- Installing: /var/db/repos/Local/tools/llvm-libc-probe/.prefix/include/c++/v1/__algorithm/inplace_merge.h
-- Installing: /var/db/repos/Local/tools/llvm-libc-probe/.prefix/include/c++/v1/__algorithm/is_heap.h
-- Installing: /var/db/repos/Local/tools/llvm-libc-probe/.prefix/include/c++/v1/__algorithm/is_heap_until.h
-- Installing: /var/db/repos/Local/tools/llvm-libc-probe/.prefix/include/c++/v1/__algorithm/is_partitioned.h
-- Installing: /var/db/repos/Local/tools/llvm-libc-probe/.prefix/include/c++/v1/__algorithm/is_permutation.h
-- Installing: /var/db/repos/Local/tools/llvm-libc-probe/.prefix/include/c++/v1/__algorithm/is_sorted.h
-- Installing: /var/db/repos/Local/tools/llvm-libc-probe/.prefix/include/c++/v1/__algorithm/is_sorted_until.h
-- Installing: /var/db/repos/Local/tools/llvm-libc-probe/.prefix/include/c++/v1/__algorithm/iter_swap.h
-- Installing: /var/db/repos/Local/tools/llvm-libc-probe/.prefix/include/c++/v1/__algorithm/iterator_operations.h
-- Installing: /var/db/repos/Local/tools/llvm-libc-probe/.prefix/include/c++/v1/__algorithm/lexicographical_compare.h
-- Installing: /var/db/repos/Local/tools/llvm-libc-probe/.prefix/include/c++/v1/__algorithm/lexicographical_compare_three_way.h
-- Installing: /var/db/repos/Local/tools/llvm-libc-probe/.prefix/include/c++/v1/__algorithm/lower_bound.h
-- Installing: /var/db/repos/Local/tools/llvm-libc-probe/.prefix/include/c++/v1/__algorithm/make_heap.h
-- Installing: /var/db/repos/Local/tools/llvm-libc-probe/.prefix/include/c++/v1/__algorithm/make_projected.h
-- Installing: /var/db/repos/Local/tools/llvm-libc-probe/.prefix/include/c++/v1/__algorithm/max.h
-- Installing: /var/db/repos/Local/tools/llvm-libc-probe/.prefix/include/c++/v1/__algorithm/max_element.h
-- Installing: /var/db/repos/Local/tools/llvm-libc-probe/.prefix/include/c++/v1/__algorithm/merge.h
-- Installing: /var/db/repos/Local/tools/llvm-libc-probe/.prefix/include/c++/v1/__algorithm/min.h
-- Installing: /var/db/repos/Local/tools/llvm-libc-probe/.prefix/include/c++/v1/__algorithm/min_element.h
-- Installing: /var/db/repos/Local/tools/llvm-libc-probe/.prefix/include/c++/v1/__algorithm/min_max_result.h
-- Installing: /var/db/repos/Local/tools/llvm-libc-probe/.prefix/include/c++/v1/__algorithm/minmax.h
-- Installing: /var/db/repos/Local/tools/llvm-libc-probe/.prefix/include/c++/v1/__algorithm/minmax_element.h
-- Installing: /var/db/repos/Local/tools/llvm-libc-probe/.prefix/include/c++/v1/__algorithm/mismatch.h
-- Installing: /var/db/repos/Local/tools/llvm-libc-probe/.prefix/include/c++/v1/__algorithm/move.h
-- Installing: /var/db/repos/Local/tools/llvm-libc-probe/.prefix/include/c++/v1/__algorithm/move_backward.h
-- Installing: /var/db/repos/Local/tools/llvm-libc-probe/.prefix/include/c++/v1/__algorithm/next_permutation.h
-- Installing: /var/db/repos/Local/tools/llvm-libc-probe/.prefix/include/c++/v1/__algorithm/none_of.h
-- Installing: /var/db/repos/Local/tools/llvm-libc-probe/.prefix/include/c++/v1/__algorithm/nth_element.h
-- Installing: /var/db/repos/Local/tools/llvm-libc-probe/.prefix/include/c++/v1/__algorithm/out_value_result.h
-- Installing: /var/db/repos/Local/tools/llvm-libc-probe/.prefix/include/c++/v1/__algorithm/partial_sort.h
-- Installing: /var/db/repos/Local/tools/llvm-libc-probe/.prefix/include/c++/v1/__algorithm/partial_sort_copy.h
-- Installing: /var/db/repos/Local/tools/llvm-libc-probe/.prefix/include/c++/v1/__algorithm/partition.h
-- Installing: /var/db/repos/Local/tools/llvm-libc-probe/.prefix/include/c++/v1/__algorithm/partition_copy.h
-- Installing: /var/db/repos/Local/tools/llvm-libc-probe/.prefix/include/c++/v1/__algorithm/partition_point.h
-- Installing: /var/db/repos/Local/tools/llvm-libc-probe/.prefix/include/c++/v1/__algorithm/pop_heap.h
-- Installing: /var/db/repos/Local/tools/llvm-libc-probe/.prefix/include/c++/v1/__algorithm/prev_permutation.h
-- Installing: /var/db/repos/Local/tools/llvm-libc-probe/.prefix/include/c++/v1/__algorithm/pstl.h
-- Installing: /var/db/repos/Local/tools/llvm-libc-probe/.prefix/include/c++/v1/__algorithm/push_heap.h
-- Installing: /var/db/repos/Local/tools/llvm-libc-probe/.prefix/include/c++/v1/__algorithm/radix_sort.h
-- Installing: /var/db/repos/Local/tools/llvm-libc-probe/.prefix/include/c++/v1/__algorithm/ranges_adjacent_find.h
-- Installing: /var/db/repos/Local/tools/llvm-libc-probe/.prefix/include/c++/v1/__algorithm/ranges_all_of.h
-- Installing: /var/db/repos/Local/tools/llvm-libc-probe/.prefix/include/c++/v1/__algorithm/ranges_any_of.h
-- Installing: /var/db/repos/Local/tools/llvm-libc-probe/.prefix/include/c++/v1/__algorithm/ranges_binary_search.h
-- Installing: /var/db/repos/Local/tools/llvm-libc-probe/.prefix/include/c++/v1/__algorithm/ranges_clamp.h
-- Installing: /var/db/repos/Local/tools/llvm-libc-probe/.prefix/include/c++/v1/__algorithm/ranges_contains.h
-- Installing: /var/db/repos/Local/tools/llvm-libc-probe/.prefix/include/c++/v1/__algorithm/ranges_contains_subrange.h
-- Installing: /var/db/repos/Local/tools/llvm-libc-probe/.prefix/include/c++/v1/__algorithm/ranges_copy.h
-- Installing: /var/db/repos/Local/tools/llvm-libc-probe/.prefix/include/c++/v1/__algorithm/ranges_copy_backward.h
-- Installing: /var/db/repos/Local/tools/llvm-libc-probe/.prefix/include/c++/v1/__algorithm/ranges_copy_if.h
-- Installing: /var/db/repos/Local/tools/llvm-libc-probe/.prefix/include/c++/v1/__algorithm/ranges_copy_n.h
-- Installing: /var/db/repos/Local/tools/llvm-libc-probe/.prefix/include/c++/v1/__algorithm/ranges_count.h
-- Installing: /var/db/repos/Local/tools/llvm-libc-probe/.prefix/include/c++/v1/__algorithm/ranges_count_if.h
-- Installing: /var/db/repos/Local/tools/llvm-libc-probe/.prefix/include/c++/v1/__algorithm/ranges_ends_with.h
-- Installing: /var/db/repos/Local/tools/llvm-libc-probe/.prefix/include/c++/v1/__algorithm/ranges_equal.h
-- Installing: /var/db/repos/Local/tools/llvm-libc-probe/.prefix/include/c++/v1/__algorithm/ranges_equal_range.h
-- Installing: /var/db/repos/Local/tools/llvm-libc-probe/.prefix/include/c++/v1/__algorithm/ranges_fill.h
-- Installing: /var/db/repos/Local/tools/llvm-libc-probe/.prefix/include/c++/v1/__algorithm/ranges_fill_n.h
-- Installing: /var/db/repos/Local/tools/llvm-libc-probe/.prefix/include/c++/v1/__algorithm/ranges_find.h
-- Installing: /var/db/repos/Local/tools/llvm-libc-probe/.prefix/include/c++/v1/__algorithm/ranges_find_end.h
-- Installing: /var/db/repos/Local/tools/llvm-libc-probe/.prefix/include/c++/v1/__algorithm/ranges_find_first_of.h
-- Installing: /var/db/repos/Local/tools/llvm-libc-probe/.prefix/include/c++/v1/__algorithm/ranges_find_if.h
-- Installing: /var/db/repos/Local/tools/llvm-libc-probe/.prefix/include/c++/v1/__algorithm/ranges_find_if_not.h
-- Installing: /var/db/repos/Local/tools/llvm-libc-probe/.prefix/include/c++/v1/__algorithm/ranges_find_last.h
-- Installing: /var/db/repos/Local/tools/llvm-libc-probe/.prefix/include/c++/v1/__algorithm/ranges_fold.h
-- Installing: /var/db/repos/Local/tools/llvm-libc-probe/.prefix/include/c++/v1/__algorithm/ranges_for_each.h
-- Installing: /var/db/repos/Local/tools/llvm-libc-probe/.prefix/include/c++/v1/__algorithm/ranges_for_each_n.h
-- Installing: /var/db/repos/Local/tools/llvm-libc-probe/.prefix/include/c++/v1/__algorithm/ranges_generate.h
-- Installing: /var/db/repos/Local/tools/llvm-libc-probe/.prefix/include/c++/v1/__algorithm/ranges_generate_n.h
-- Installing: /var/db/repos/Local/tools/llvm-libc-probe/.prefix/include/c++/v1/__algorithm/ranges_includes.h
-- Installing: /var/db/repos/Local/tools/llvm-libc-probe/.prefix/include/c++/v1/__algorithm/ranges_inplace_merge.h
-- Installing: /var/db/repos/Local/tools/llvm-libc-probe/.prefix/include/c++/v1/__algorithm/ranges_is_heap.h
-- Installing: /var/db/repos/Local/tools/llvm-libc-probe/.prefix/include/c++/v1/__algorithm/ranges_is_heap_until.h
-- Installing: /var/db/repos/Local/tools/llvm-libc-probe/.prefix/include/c++/v1/__algorithm/ranges_is_partitioned.h
-- Installing: /var/db/repos/Local/tools/llvm-libc-probe/.prefix/include/c++/v1/__algorithm/ranges_is_permutation.h
-- Installing: /var/db/repos/Local/tools/llvm-libc-probe/.prefix/include/c++/v1/__algorithm/ranges_is_sorted.h
-- Installing: /var/db/repos/Local/tools/llvm-libc-probe/.prefix/include/c++/v1/__algorithm/ranges_is_sorted_until.h
-- Installing: /var/db/repos/Local/tools/llvm-libc-probe/.prefix/include/c++/v1/__algorithm/ranges_iterator_concept.h
-- Installing: /var/db/repos/Local/tools/llvm-libc-probe/.prefix/include/c++/v1/__algorithm/ranges_lexicographical_compare.h
-- Installing: /var/db/repos/Local/tools/llvm-libc-probe/.prefix/include/c++/v1/__algorithm/ranges_lower_bound.h
-- Installing: /var/db/repos/Local/tools/llvm-libc-probe/.prefix/include/c++/v1/__algorithm/ranges_make_heap.h
-- Installing: /var/db/repos/Local/tools/llvm-libc-probe/.prefix/include/c++/v1/__algorithm/ranges_max.h
-- Installing: /var/db/repos/Local/tools/llvm-libc-probe/.prefix/include/c++/v1/__algorithm/ranges_max_element.h
-- Installing: /var/db/repos/Local/tools/llvm-libc-probe/.prefix/include/c++/v1/__algorithm/ranges_merge.h
-- Installing: /var/db/repos/Local/tools/llvm-libc-probe/.prefix/include/c++/v1/__algorithm/ranges_min.h
-- Installing: /var/db/repos/Local/tools/llvm-libc-probe/.prefix/include/c++/v1/__algorithm/ranges_min_element.h
-- Installing: /var/db/repos/Local/tools/llvm-libc-probe/.prefix/include/c++/v1/__algorithm/ranges_minmax.h
-- Installing: /var/db/repos/Local/tools/llvm-libc-probe/.prefix/include/c++/v1/__algorithm/ranges_minmax_element.h
-- Installing: /var/db/repos/Local/tools/llvm-libc-probe/.prefix/include/c++/v1/__algorithm/ranges_mismatch.h
-- Installing: /var/db/repos/Local/tools/llvm-libc-probe/.prefix/include/c++/v1/__algorithm/ranges_move.h
-- Installing: /var/db/repos/Local/tools/llvm-libc-probe/.prefix/include/c++/v1/__algorithm/ranges_move_backward.h
-- Installing: /var/db/repos/Local/tools/llvm-libc-probe/.prefix/include/c++/v1/__algorithm/ranges_next_permutation.h
-- Installing: /var/db/repos/Local/tools/llvm-libc-probe/.prefix/include/c++/v1/__algorithm/ranges_none_of.h
-- Installing: /var/db/repos/Local/tools/llvm-libc-probe/.prefix/include/c++/v1/__algorithm/ranges_nth_element.h
-- Installing: /var/db/repos/Local/tools/llvm-libc-probe/.prefix/include/c++/v1/__algorithm/ranges_partial_sort.h
-- Installing: /var/db/repos/Local/tools/llvm-libc-probe/.prefix/include/c++/v1/__algorithm/ranges_partial_sort_copy.h
-- Installing: /var/db/repos/Local/tools/llvm-libc-probe/.prefix/include/c++/v1/__algorithm/ranges_partition.h
-- Installing: /var/db/repos/Local/tools/llvm-libc-probe/.prefix/include/c++/v1/__algorithm/ranges_partition_copy.h
-- Installing: /var/db/repos/Local/tools/llvm-libc-probe/.prefix/include/c++/v1/__algorithm/ranges_partition_point.h
-- Installing: /var/db/repos/Local/tools/llvm-libc-probe/.prefix/include/c++/v1/__algorithm/ranges_pop_heap.h
-- Installing: /var/db/repos/Local/tools/llvm-libc-probe/.prefix/include/c++/v1/__algorithm/ranges_prev_permutation.h
-- Installing: /var/db/repos/Local/tools/llvm-libc-probe/.prefix/include/c++/v1/__algorithm/ranges_push_heap.h
-- Installing: /var/db/repos/Local/tools/llvm-libc-probe/.prefix/include/c++/v1/__algorithm/ranges_remove.h
-- Installing: /var/db/repos/Local/tools/llvm-libc-probe/.prefix/include/c++/v1/__algorithm/ranges_remove_copy.h
-- Installing: /var/db/repos/Local/tools/llvm-libc-probe/.prefix/include/c++/v1/__algorithm/ranges_remove_copy_if.h
-- Installing: /var/db/repos/Local/tools/llvm-libc-probe/.prefix/include/c++/v1/__algorithm/ranges_remove_if.h
-- Installing: /var/db/repos/Local/tools/llvm-libc-probe/.prefix/include/c++/v1/__algorithm/ranges_replace.h
-- Installing: /var/db/repos/Local/tools/llvm-libc-probe/.prefix/include/c++/v1/__algorithm/ranges_replace_copy.h
-- Installing: /var/db/repos/Local/tools/llvm-libc-probe/.prefix/include/c++/v1/__algorithm/ranges_replace_copy_if.h
-- Installing: /var/db/repos/Local/tools/llvm-libc-probe/.prefix/include/c++/v1/__algorithm/ranges_replace_if.h
-- Installing: /var/db/repos/Local/tools/llvm-libc-probe/.prefix/include/c++/v1/__algorithm/ranges_reverse.h
-- Installing: /var/db/repos/Local/tools/llvm-libc-probe/.prefix/include/c++/v1/__algorithm/ranges_reverse_copy.h
-- Installing: /var/db/repos/Local/tools/llvm-libc-probe/.prefix/include/c++/v1/__algorithm/ranges_rotate.h
-- Installing: /var/db/repos/Local/tools/llvm-libc-probe/.prefix/include/c++/v1/__algorithm/ranges_rotate_copy.h
-- Installing: /var/db/repos/Local/tools/llvm-libc-probe/.prefix/include/c++/v1/__algorithm/ranges_sample.h
-- Installing: /var/db/repos/Local/tools/llvm-libc-probe/.prefix/include/c++/v1/__algorithm/ranges_search.h
-- Installing: /var/db/repos/Local/tools/llvm-libc-probe/.prefix/include/c++/v1/__algorithm/ranges_search_n.h
-- Installing: /var/db/repos/Local/tools/llvm-libc-probe/.prefix/include/c++/v1/__algorithm/ranges_set_difference.h
-- Installing: /var/db/repos/Local/tools/llvm-libc-probe/.prefix/include/c++/v1/__algorithm/ranges_set_intersection.h
-- Installing: /var/db/repos/Local/tools/llvm-libc-probe/.prefix/include/c++/v1/__algorithm/ranges_set_symmetric_difference.h
-- Installing: /var/db/repos/Local/tools/llvm-libc-probe/.prefix/include/c++/v1/__algorithm/ranges_set_union.h
-- Installing: /var/db/repos/Local/tools/llvm-libc-probe/.prefix/include/c++/v1/__algorithm/ranges_shuffle.h
-- Installing: /var/db/repos/Local/tools/llvm-libc-probe/.prefix/include/c++/v1/__algorithm/ranges_sort.h
-- Installing: /var/db/repos/Local/tools/llvm-libc-probe/.prefix/include/c++/v1/__algorithm/ranges_sort_heap.h
-- Installing: /var/db/repos/Local/tools/llvm-libc-probe/.prefix/include/c++/v1/__algorithm/ranges_stable_partition.h
-- Installing: /var/db/repos/Local/tools/llvm-libc-probe/.prefix/include/c++/v1/__algorithm/ranges_stable_sort.h
-- Installing: /var/db/repos/Local/tools/llvm-libc-probe/.prefix/include/c++/v1/__algorithm/ranges_starts_with.h
-- Installing: /var/db/repos/Local/tools/llvm-libc-probe/.prefix/include/c++/v1/__algorithm/ranges_swap_ranges.h
-- Installing: /var/db/repos/Local/tools/llvm-libc-probe/.prefix/include/c++/v1/__algorithm/ranges_transform.h
-- Installing: /var/db/repos/Local/tools/llvm-libc-probe/.prefix/include/c++/v1/__algorithm/ranges_unique.h
-- Installing: /var/db/repos/Local/tools/llvm-libc-probe/.prefix/include/c++/v1/__algorithm/ranges_unique_copy.h
-- Installing: /var/db/repos/Local/tools/llvm-libc-probe/.prefix/include/c++/v1/__algorithm/ranges_upper_bound.h
-- Installing: /var/db/repos/Local/tools/llvm-libc-probe/.prefix/include/c++/v1/__algorithm/remove.h
-- Installing: /var/db/repos/Local/tools/llvm-libc-probe/.prefix/include/c++/v1/__algorithm/remove_copy.h
-- Installing: /var/db/repos/Local/tools/llvm-libc-probe/.prefix/include/c++/v1/__algorithm/remove_copy_if.h
-- Installing: /var/db/repos/Local/tools/llvm-libc-probe/.prefix/include/c++/v1/__algorithm/remove_if.h
-- Installing: /var/db/repos/Local/tools/llvm-libc-probe/.prefix/include/c++/v1/__algorithm/replace.h
-- Installing: /var/db/repos/Local/tools/llvm-libc-probe/.prefix/include/c++/v1/__algorithm/replace_copy.h
-- Installing: /var/db/repos/Local/tools/llvm-libc-probe/.prefix/include/c++/v1/__algorithm/replace_copy_if.h
-- Installing: /var/db/repos/Local/tools/llvm-libc-probe/.prefix/include/c++/v1/__algorithm/replace_if.h
-- Installing: /var/db/repos/Local/tools/llvm-libc-probe/.prefix/include/c++/v1/__algorithm/reverse.h
-- Installing: /var/db/repos/Local/tools/llvm-libc-probe/.prefix/include/c++/v1/__algorithm/reverse_copy.h
-- Installing: /var/db/repos/Local/tools/llvm-libc-probe/.prefix/include/c++/v1/__algorithm/rotate.h
-- Installing: /var/db/repos/Local/tools/llvm-libc-probe/.prefix/include/c++/v1/__algorithm/rotate_copy.h
-- Installing: /var/db/repos/Local/tools/llvm-libc-probe/.prefix/include/c++/v1/__algorithm/sample.h
-- Installing: /var/db/repos/Local/tools/llvm-libc-probe/.prefix/include/c++/v1/__algorithm/search.h
-- Installing: /var/db/repos/Local/tools/llvm-libc-probe/.prefix/include/c++/v1/__algorithm/search_n.h
-- Installing: /var/db/repos/Local/tools/llvm-libc-probe/.prefix/include/c++/v1/__algorithm/set_difference.h
-- Installing: /var/db/repos/Local/tools/llvm-libc-probe/.prefix/include/c++/v1/__algorithm/set_intersection.h
-- Installing: /var/db/repos/Local/tools/llvm-libc-probe/.prefix/include/c++/v1/__algorithm/set_symmetric_difference.h
-- Installing: /var/db/repos/Local/tools/llvm-libc-probe/.prefix/include/c++/v1/__algorithm/set_union.h
-- Installing: /var/db/repos/Local/tools/llvm-libc-probe/.prefix/include/c++/v1/__algorithm/shift_left.h
-- Installing: /var/db/repos/Local/tools/llvm-libc-probe/.prefix/include/c++/v1/__algorithm/shift_right.h
-- Installing: /var/db/repos/Local/tools/llvm-libc-probe/.prefix/include/c++/v1/__algorithm/shuffle.h
-- Installing: /var/db/repos/Local/tools/llvm-libc-probe/.prefix/include/c++/v1/__algorithm/sift_down.h
-- Installing: /var/db/repos/Local/tools/llvm-libc-probe/.prefix/include/c++/v1/__algorithm/simd_utils.h
-- Installing: /var/db/repos/Local/tools/llvm-libc-probe/.prefix/include/c++/v1/__algorithm/sort.h
-- Installing: /var/db/repos/Local/tools/llvm-libc-probe/.prefix/include/c++/v1/__algorithm/sort_heap.h
-- Installing: /var/db/repos/Local/tools/llvm-libc-probe/.prefix/include/c++/v1/__algorithm/specialized_algorithms.h
-- Installing: /var/db/repos/Local/tools/llvm-libc-probe/.prefix/include/c++/v1/__algorithm/stable_partition.h
-- Installing: /var/db/repos/Local/tools/llvm-libc-probe/.prefix/include/c++/v1/__algorithm/stable_sort.h
-- Installing: /var/db/repos/Local/tools/llvm-libc-probe/.prefix/include/c++/v1/__algorithm/swap_ranges.h
-- Installing: /var/db/repos/Local/tools/llvm-libc-probe/.prefix/include/c++/v1/__algorithm/three_way_comp_ref_type.h
-- Installing: /var/db/repos/Local/tools/llvm-libc-probe/.prefix/include/c++/v1/__algorithm/transform.h
-- Installing: /var/db/repos/Local/tools/llvm-libc-probe/.prefix/include/c++/v1/__algorithm/uniform_random_bit_generator_adaptor.h
-- Installing: /var/db/repos/Local/tools/llvm-libc-probe/.prefix/include/c++/v1/__algorithm/unique.h
-- Installing: /var/db/repos/Local/tools/llvm-libc-probe/.prefix/include/c++/v1/__algorithm/unique_copy.h
-- Installing: /var/db/repos/Local/tools/llvm-libc-probe/.prefix/include/c++/v1/__algorithm/unwrap_iter.h
-- Installing: /var/db/repos/Local/tools/llvm-libc-probe/.prefix/include/c++/v1/__algorithm/unwrap_range.h
-- Installing: /var/db/repos/Local/tools/llvm-libc-probe/.prefix/include/c++/v1/__algorithm/upper_bound.h
-- Installing: /var/db/repos/Local/tools/llvm-libc-probe/.prefix/include/c++/v1/__assert
-- Installing: /var/db/repos/Local/tools/llvm-libc-probe/.prefix/include/c++/v1/__atomic/aliases.h
-- Installing: /var/db/repos/Local/tools/llvm-libc-probe/.prefix/include/c++/v1/__atomic/atomic.h
-- Installing: /var/db/repos/Local/tools/llvm-libc-probe/.prefix/include/c++/v1/__atomic/atomic_flag.h
-- Installing: /var/db/repos/Local/tools/llvm-libc-probe/.prefix/include/c++/v1/__atomic/atomic_init.h
-- Installing: /var/db/repos/Local/tools/llvm-libc-probe/.prefix/include/c++/v1/__atomic/atomic_lock_free.h
-- Installing: /var/db/repos/Local/tools/llvm-libc-probe/.prefix/include/c++/v1/__atomic/atomic_ref.h
-- Installing: /var/db/repos/Local/tools/llvm-libc-probe/.prefix/include/c++/v1/__atomic/atomic_sync.h
-- Installing: /var/db/repos/Local/tools/llvm-libc-probe/.prefix/include/c++/v1/__atomic/atomic_sync_timed.h
-- Installing: /var/db/repos/Local/tools/llvm-libc-probe/.prefix/include/c++/v1/__atomic/atomic_waitable_traits.h
-- Installing: /var/db/repos/Local/tools/llvm-libc-probe/.prefix/include/c++/v1/__atomic/check_memory_order.h
-- Installing: /var/db/repos/Local/tools/llvm-libc-probe/.prefix/include/c++/v1/__atomic/contention_t.h
-- Installing: /var/db/repos/Local/tools/llvm-libc-probe/.prefix/include/c++/v1/__atomic/fence.h
-- Installing: /var/db/repos/Local/tools/llvm-libc-probe/.prefix/include/c++/v1/__atomic/floating_point_helper.h
-- Installing: /var/db/repos/Local/tools/llvm-libc-probe/.prefix/include/c++/v1/__atomic/is_always_lock_free.h
-- Installing: /var/db/repos/Local/tools/llvm-libc-probe/.prefix/include/c++/v1/__atomic/kill_dependency.h
-- Installing: /var/db/repos/Local/tools/llvm-libc-probe/.prefix/include/c++/v1/__atomic/memory_order.h
-- Installing: /var/db/repos/Local/tools/llvm-libc-probe/.prefix/include/c++/v1/__atomic/support.h
-- Installing: /var/db/repos/Local/tools/llvm-libc-probe/.prefix/include/c++/v1/__atomic/support/c11.h
-- Installing: /var/db/repos/Local/tools/llvm-libc-probe/.prefix/include/c++/v1/__atomic/support/gcc.h
-- Installing: /var/db/repos/Local/tools/llvm-libc-probe/.prefix/include/c++/v1/__atomic/to_gcc_order.h
-- Installing: /var/db/repos/Local/tools/llvm-libc-probe/.prefix/include/c++/v1/__bit/bit_cast.h
-- Installing: /var/db/repos/Local/tools/llvm-libc-probe/.prefix/include/c++/v1/__bit/bit_ceil.h
-- Installing: /var/db/repos/Local/tools/llvm-libc-probe/.prefix/include/c++/v1/__bit/bit_floor.h
-- Installing: /var/db/repos/Local/tools/llvm-libc-probe/.prefix/include/c++/v1/__bit/bit_log2.h
-- Installing: /var/db/repos/Local/tools/llvm-libc-probe/.prefix/include/c++/v1/__bit/bit_width.h
-- Installing: /var/db/repos/Local/tools/llvm-libc-probe/.prefix/include/c++/v1/__bit/blsr.h
-- Installing: /var/db/repos/Local/tools/llvm-libc-probe/.prefix/include/c++/v1/__bit/byteswap.h
-- Installing: /var/db/repos/Local/tools/llvm-libc-probe/.prefix/include/c++/v1/__bit/countl.h
-- Installing: /var/db/repos/Local/tools/llvm-libc-probe/.prefix/include/c++/v1/__bit/countr.h
-- Installing: /var/db/repos/Local/tools/llvm-libc-probe/.prefix/include/c++/v1/__bit/endian.h
-- Installing: /var/db/repos/Local/tools/llvm-libc-probe/.prefix/include/c++/v1/__bit/has_single_bit.h
-- Installing: /var/db/repos/Local/tools/llvm-libc-probe/.prefix/include/c++/v1/__bit/invert_if.h
-- Installing: /var/db/repos/Local/tools/llvm-libc-probe/.prefix/include/c++/v1/__bit/popcount.h
-- Installing: /var/db/repos/Local/tools/llvm-libc-probe/.prefix/include/c++/v1/__bit/rotate.h
-- Installing: /var/db/repos/Local/tools/llvm-libc-probe/.prefix/include/c++/v1/__bit_reference
-- Installing: /var/db/repos/Local/tools/llvm-libc-probe/.prefix/include/c++/v1/__charconv/chars_format.h
-- Installing: /var/db/repos/Local/tools/llvm-libc-probe/.prefix/include/c++/v1/__charconv/from_chars_floating_point.h
-- Installing: /var/db/repos/Local/tools/llvm-libc-probe/.prefix/include/c++/v1/__charconv/from_chars_integral.h
-- Installing: /var/db/repos/Local/tools/llvm-libc-probe/.prefix/include/c++/v1/__charconv/from_chars_result.h
-- Installing: /var/db/repos/Local/tools/llvm-libc-probe/.prefix/include/c++/v1/__charconv/tables.h
-- Installing: /var/db/repos/Local/tools/llvm-libc-probe/.prefix/include/c++/v1/__charconv/to_chars.h
-- Installing: /var/db/repos/Local/tools/llvm-libc-probe/.prefix/include/c++/v1/__charconv/to_chars_base_10.h
-- Installing: /var/db/repos/Local/tools/llvm-libc-probe/.prefix/include/c++/v1/__charconv/to_chars_floating_point.h
-- Installing: /var/db/repos/Local/tools/llvm-libc-probe/.prefix/include/c++/v1/__charconv/to_chars_integral.h
-- Installing: /var/db/repos/Local/tools/llvm-libc-probe/.prefix/include/c++/v1/__charconv/to_chars_result.h
-- Installing: /var/db/repos/Local/tools/llvm-libc-probe/.prefix/include/c++/v1/__charconv/traits.h
-- Installing: /var/db/repos/Local/tools/llvm-libc-probe/.prefix/include/c++/v1/__chrono/calendar.h
-- Installing: /var/db/repos/Local/tools/llvm-libc-probe/.prefix/include/c++/v1/__chrono/concepts.h
-- Installing: /var/db/repos/Local/tools/llvm-libc-probe/.prefix/include/c++/v1/__chrono/convert_to_timespec.h
-- Installing: /var/db/repos/Local/tools/llvm-libc-probe/.prefix/include/c++/v1/__chrono/convert_to_tm.h
-- Installing: /var/db/repos/Local/tools/llvm-libc-probe/.prefix/include/c++/v1/__chrono/day.h
-- Installing: /var/db/repos/Local/tools/llvm-libc-probe/.prefix/include/c++/v1/__chrono/duration.h
-- Installing: /var/db/repos/Local/tools/llvm-libc-probe/.prefix/include/c++/v1/__chrono/exception.h
-- Installing: /var/db/repos/Local/tools/llvm-libc-probe/.prefix/include/c++/v1/__chrono/file_clock.h
-- Installing: /var/db/repos/Local/tools/llvm-libc-probe/.prefix/include/c++/v1/__chrono/formatter.h
-- Installing: /var/db/repos/Local/tools/llvm-libc-probe/.prefix/include/c++/v1/__chrono/gps_clock.h
-- Installing: /var/db/repos/Local/tools/llvm-libc-probe/.prefix/include/c++/v1/__chrono/hh_mm_ss.h
-- Installing: /var/db/repos/Local/tools/llvm-libc-probe/.prefix/include/c++/v1/__chrono/high_resolution_clock.h
-- Installing: /var/db/repos/Local/tools/llvm-libc-probe/.prefix/include/c++/v1/__chrono/is_clock.h
-- Installing: /var/db/repos/Local/tools/llvm-libc-probe/.prefix/include/c++/v1/__chrono/leap_second.h
-- Installing: /var/db/repos/Local/tools/llvm-libc-probe/.prefix/include/c++/v1/__chrono/literals.h
-- Installing: /var/db/repos/Local/tools/llvm-libc-probe/.prefix/include/c++/v1/__chrono/local_info.h
-- Installing: /var/db/repos/Local/tools/llvm-libc-probe/.prefix/include/c++/v1/__chrono/month.h
-- Installing: /var/db/repos/Local/tools/llvm-libc-probe/.prefix/include/c++/v1/__chrono/month_weekday.h
-- Installing: /var/db/repos/Local/tools/llvm-libc-probe/.prefix/include/c++/v1/__chrono/monthday.h
-- Installing: /var/db/repos/Local/tools/llvm-libc-probe/.prefix/include/c++/v1/__chrono/ostream.h
-- Installing: /var/db/repos/Local/tools/llvm-libc-probe/.prefix/include/c++/v1/__chrono/parser_std_format_spec.h
-- Installing: /var/db/repos/Local/tools/llvm-libc-probe/.prefix/include/c++/v1/__chrono/statically_widen.h
-- Installing: /var/db/repos/Local/tools/llvm-libc-probe/.prefix/include/c++/v1/__chrono/steady_clock.h
-- Installing: /var/db/repos/Local/tools/llvm-libc-probe/.prefix/include/c++/v1/__chrono/sys_info.h
-- Installing: /var/db/repos/Local/tools/llvm-libc-probe/.prefix/include/c++/v1/__chrono/system_clock.h
-- Installing: /var/db/repos/Local/tools/llvm-libc-probe/.prefix/include/c++/v1/__chrono/tai_clock.h
-- Installing: /var/db/repos/Local/tools/llvm-libc-probe/.prefix/include/c++/v1/__chrono/time_point.h
-- Installing: /var/db/repos/Local/tools/llvm-libc-probe/.prefix/include/c++/v1/__chrono/time_zone.h
-- Installing: /var/db/repos/Local/tools/llvm-libc-probe/.prefix/include/c++/v1/__chrono/time_zone_link.h
-- Installing: /var/db/repos/Local/tools/llvm-libc-probe/.prefix/include/c++/v1/__chrono/tzdb.h
-- Installing: /var/db/repos/Local/tools/llvm-libc-probe/.prefix/include/c++/v1/__chrono/tzdb_list.h
-- Installing: /var/db/repos/Local/tools/llvm-libc-probe/.prefix/include/c++/v1/__chrono/utc_clock.h
-- Installing: /var/db/repos/Local/tools/llvm-libc-probe/.prefix/include/c++/v1/__chrono/weekday.h
-- Installing: /var/db/repos/Local/tools/llvm-libc-probe/.prefix/include/c++/v1/__chrono/year.h
-- Installing: /var/db/repos/Local/tools/llvm-libc-probe/.prefix/include/c++/v1/__chrono/year_month.h
-- Installing: /var/db/repos/Local/tools/llvm-libc-probe/.prefix/include/c++/v1/__chrono/year_month_day.h
-- Installing: /var/db/repos/Local/tools/llvm-libc-probe/.prefix/include/c++/v1/__chrono/year_month_weekday.h
-- Installing: /var/db/repos/Local/tools/llvm-libc-probe/.prefix/include/c++/v1/__chrono/zoned_time.h
-- Installing: /var/db/repos/Local/tools/llvm-libc-probe/.prefix/include/c++/v1/__compare/common_comparison_category.h
-- Installing: /var/db/repos/Local/tools/llvm-libc-probe/.prefix/include/c++/v1/__compare/compare_partial_order_fallback.h
-- Installing: /var/db/repos/Local/tools/llvm-libc-probe/.prefix/include/c++/v1/__compare/compare_strong_order_fallback.h
-- Installing: /var/db/repos/Local/tools/llvm-libc-probe/.prefix/include/c++/v1/__compare/compare_three_way.h
-- Installing: /var/db/repos/Local/tools/llvm-libc-probe/.prefix/include/c++/v1/__compare/compare_three_way_result.h
-- Installing: /var/db/repos/Local/tools/llvm-libc-probe/.prefix/include/c++/v1/__compare/compare_weak_order_fallback.h
-- Installing: /var/db/repos/Local/tools/llvm-libc-probe/.prefix/include/c++/v1/__compare/is_eq.h
-- Installing: /var/db/repos/Local/tools/llvm-libc-probe/.prefix/include/c++/v1/__compare/ordering.h
-- Installing: /var/db/repos/Local/tools/llvm-libc-probe/.prefix/include/c++/v1/__compare/partial_order.h
-- Installing: /var/db/repos/Local/tools/llvm-libc-probe/.prefix/include/c++/v1/__compare/strong_order.h
-- Installing: /var/db/repos/Local/tools/llvm-libc-probe/.prefix/include/c++/v1/__compare/synth_three_way.h
-- Installing: /var/db/repos/Local/tools/llvm-libc-probe/.prefix/include/c++/v1/__compare/three_way_comparable.h
-- Installing: /var/db/repos/Local/tools/llvm-libc-probe/.prefix/include/c++/v1/__compare/weak_order.h
-- Installing: /var/db/repos/Local/tools/llvm-libc-probe/.prefix/include/c++/v1/__concepts/arithmetic.h
-- Installing: /var/db/repos/Local/tools/llvm-libc-probe/.prefix/include/c++/v1/__concepts/assignable.h
-- Installing: /var/db/repos/Local/tools/llvm-libc-probe/.prefix/include/c++/v1/__concepts/boolean_testable.h
-- Installing: /var/db/repos/Local/tools/llvm-libc-probe/.prefix/include/c++/v1/__concepts/class_or_enum.h
-- Installing: /var/db/repos/Local/tools/llvm-libc-probe/.prefix/include/c++/v1/__concepts/common_reference_with.h
-- Installing: /var/db/repos/Local/tools/llvm-libc-probe/.prefix/include/c++/v1/__concepts/common_with.h
-- Installing: /var/db/repos/Local/tools/llvm-libc-probe/.prefix/include/c++/v1/__concepts/comparison_common_type.h
-- Installing: /var/db/repos/Local/tools/llvm-libc-probe/.prefix/include/c++/v1/__concepts/constructible.h
-- Installing: /var/db/repos/Local/tools/llvm-libc-probe/.prefix/include/c++/v1/__concepts/convertible_to.h
-- Installing: /var/db/repos/Local/tools/llvm-libc-probe/.prefix/include/c++/v1/__concepts/copyable.h
-- Installing: /var/db/repos/Local/tools/llvm-libc-probe/.prefix/include/c++/v1/__concepts/derived_from.h
-- Installing: /var/db/repos/Local/tools/llvm-libc-probe/.prefix/include/c++/v1/__concepts/destructible.h
-- Installing: /var/db/repos/Local/tools/llvm-libc-probe/.prefix/include/c++/v1/__concepts/different_from.h
-- Installing: /var/db/repos/Local/tools/llvm-libc-probe/.prefix/include/c++/v1/__concepts/equality_comparable.h
-- Installing: /var/db/repos/Local/tools/llvm-libc-probe/.prefix/include/c++/v1/__concepts/invocable.h
-- Installing: /var/db/repos/Local/tools/llvm-libc-probe/.prefix/include/c++/v1/__concepts/movable.h
-- Installing: /var/db/repos/Local/tools/llvm-libc-probe/.prefix/include/c++/v1/__concepts/predicate.h
-- Installing: /var/db/repos/Local/tools/llvm-libc-probe/.prefix/include/c++/v1/__concepts/regular.h
-- Installing: /var/db/repos/Local/tools/llvm-libc-probe/.prefix/include/c++/v1/__concepts/relation.h
-- Installing: /var/db/repos/Local/tools/llvm-libc-probe/.prefix/include/c++/v1/__concepts/same_as.h
-- Installing: /var/db/repos/Local/tools/llvm-libc-probe/.prefix/include/c++/v1/__concepts/semiregular.h
-- Installing: /var/db/repos/Local/tools/llvm-libc-probe/.prefix/include/c++/v1/__concepts/swappable.h
-- Installing: /var/db/repos/Local/tools/llvm-libc-probe/.prefix/include/c++/v1/__concepts/totally_ordered.h
-- Installing: /var/db/repos/Local/tools/llvm-libc-probe/.prefix/include/c++/v1/__condition_variable/condition_variable.h
-- Installing: /var/db/repos/Local/tools/llvm-libc-probe/.prefix/include/c++/v1/__config
-- Installing: /var/db/repos/Local/tools/llvm-libc-probe/.prefix/include/c++/v1/__configuration/abi.h
-- Installing: /var/db/repos/Local/tools/llvm-libc-probe/.prefix/include/c++/v1/__configuration/availability.h
-- Installing: /var/db/repos/Local/tools/llvm-libc-probe/.prefix/include/c++/v1/__configuration/compiler.h
-- Installing: /var/db/repos/Local/tools/llvm-libc-probe/.prefix/include/c++/v1/__configuration/experimental.h
-- Installing: /var/db/repos/Local/tools/llvm-libc-probe/.prefix/include/c++/v1/__configuration/hardening.h
-- Installing: /var/db/repos/Local/tools/llvm-libc-probe/.prefix/include/c++/v1/__configuration/language.h
-- Installing: /var/db/repos/Local/tools/llvm-libc-probe/.prefix/include/c++/v1/__configuration/platform.h
-- Installing: /var/db/repos/Local/tools/llvm-libc-probe/.prefix/include/c++/v1/__coroutine/coroutine_handle.h
-- Installing: /var/db/repos/Local/tools/llvm-libc-probe/.prefix/include/c++/v1/__coroutine/coroutine_traits.h
-- Installing: /var/db/repos/Local/tools/llvm-libc-probe/.prefix/include/c++/v1/__coroutine/noop_coroutine_handle.h
-- Installing: /var/db/repos/Local/tools/llvm-libc-probe/.prefix/include/c++/v1/__coroutine/trivial_awaitables.h
-- Installing: /var/db/repos/Local/tools/llvm-libc-probe/.prefix/include/c++/v1/__cstddef/byte.h
-- Installing: /var/db/repos/Local/tools/llvm-libc-probe/.prefix/include/c++/v1/__cstddef/max_align_t.h
-- Installing: /var/db/repos/Local/tools/llvm-libc-probe/.prefix/include/c++/v1/__cstddef/nullptr_t.h
-- Installing: /var/db/repos/Local/tools/llvm-libc-probe/.prefix/include/c++/v1/__cstddef/ptrdiff_t.h
-- Installing: /var/db/repos/Local/tools/llvm-libc-probe/.prefix/include/c++/v1/__cstddef/size_t.h
-- Installing: /var/db/repos/Local/tools/llvm-libc-probe/.prefix/include/c++/v1/__debug_utils/randomize_range.h
-- Installing: /var/db/repos/Local/tools/llvm-libc-probe/.prefix/include/c++/v1/__debug_utils/sanitizers.h
-- Installing: /var/db/repos/Local/tools/llvm-libc-probe/.prefix/include/c++/v1/__debug_utils/strict_weak_ordering_check.h
-- Installing: /var/db/repos/Local/tools/llvm-libc-probe/.prefix/include/c++/v1/__exception/exception.h
-- Installing: /var/db/repos/Local/tools/llvm-libc-probe/.prefix/include/c++/v1/__exception/exception_ptr.h
-- Installing: /var/db/repos/Local/tools/llvm-libc-probe/.prefix/include/c++/v1/__exception/nested_exception.h
-- Installing: /var/db/repos/Local/tools/llvm-libc-probe/.prefix/include/c++/v1/__exception/operations.h
-- Installing: /var/db/repos/Local/tools/llvm-libc-probe/.prefix/include/c++/v1/__exception/terminate.h
-- Installing: /var/db/repos/Local/tools/llvm-libc-probe/.prefix/include/c++/v1/__expected/bad_expected_access.h
-- Installing: /var/db/repos/Local/tools/llvm-libc-probe/.prefix/include/c++/v1/__expected/expected.h
-- Installing: /var/db/repos/Local/tools/llvm-libc-probe/.prefix/include/c++/v1/__expected/unexpect.h
-- Installing: /var/db/repos/Local/tools/llvm-libc-probe/.prefix/include/c++/v1/__expected/unexpected.h
-- Installing: /var/db/repos/Local/tools/llvm-libc-probe/.prefix/include/c++/v1/__filesystem/copy_options.h
-- Installing: /var/db/repos/Local/tools/llvm-libc-probe/.prefix/include/c++/v1/__filesystem/directory_entry.h
-- Installing: /var/db/repos/Local/tools/llvm-libc-probe/.prefix/include/c++/v1/__filesystem/directory_iterator.h
-- Installing: /var/db/repos/Local/tools/llvm-libc-probe/.prefix/include/c++/v1/__filesystem/directory_options.h
-- Installing: /var/db/repos/Local/tools/llvm-libc-probe/.prefix/include/c++/v1/__filesystem/file_status.h
-- Installing: /var/db/repos/Local/tools/llvm-libc-probe/.prefix/include/c++/v1/__filesystem/file_time_type.h
-- Installing: /var/db/repos/Local/tools/llvm-libc-probe/.prefix/include/c++/v1/__filesystem/file_type.h
-- Installing: /var/db/repos/Local/tools/llvm-libc-probe/.prefix/include/c++/v1/__filesystem/filesystem_error.h
-- Installing: /var/db/repos/Local/tools/llvm-libc-probe/.prefix/include/c++/v1/__filesystem/operations.h
-- Installing: /var/db/repos/Local/tools/llvm-libc-probe/.prefix/include/c++/v1/__filesystem/path.h
-- Installing: /var/db/repos/Local/tools/llvm-libc-probe/.prefix/include/c++/v1/__filesystem/path_iterator.h
-- Installing: /var/db/repos/Local/tools/llvm-libc-probe/.prefix/include/c++/v1/__filesystem/perm_options.h
-- Installing: /var/db/repos/Local/tools/llvm-libc-probe/.prefix/include/c++/v1/__filesystem/perms.h
-- Installing: /var/db/repos/Local/tools/llvm-libc-probe/.prefix/include/c++/v1/__filesystem/recursive_directory_iterator.h
-- Installing: /var/db/repos/Local/tools/llvm-libc-probe/.prefix/include/c++/v1/__filesystem/space_info.h
-- Installing: /var/db/repos/Local/tools/llvm-libc-probe/.prefix/include/c++/v1/__filesystem/u8path.h
-- Installing: /var/db/repos/Local/tools/llvm-libc-probe/.prefix/include/c++/v1/__flat_map/flat_map.h
-- Installing: /var/db/repos/Local/tools/llvm-libc-probe/.prefix/include/c++/v1/__flat_map/flat_multimap.h
-- Installing: /var/db/repos/Local/tools/llvm-libc-probe/.prefix/include/c++/v1/__flat_map/key_value_iterator.h
-- Installing: /var/db/repos/Local/tools/llvm-libc-probe/.prefix/include/c++/v1/__flat_map/sorted_equivalent.h
-- Installing: /var/db/repos/Local/tools/llvm-libc-probe/.prefix/include/c++/v1/__flat_map/sorted_unique.h
-- Installing: /var/db/repos/Local/tools/llvm-libc-probe/.prefix/include/c++/v1/__flat_map/utils.h
-- Installing: /var/db/repos/Local/tools/llvm-libc-probe/.prefix/include/c++/v1/__flat_set/flat_multiset.h
-- Installing: /var/db/repos/Local/tools/llvm-libc-probe/.prefix/include/c++/v1/__flat_set/flat_set.h
-- Installing: /var/db/repos/Local/tools/llvm-libc-probe/.prefix/include/c++/v1/__flat_set/ra_iterator.h
-- Installing: /var/db/repos/Local/tools/llvm-libc-probe/.prefix/include/c++/v1/__flat_set/utils.h
-- Installing: /var/db/repos/Local/tools/llvm-libc-probe/.prefix/include/c++/v1/__format/buffer.h
-- Installing: /var/db/repos/Local/tools/llvm-libc-probe/.prefix/include/c++/v1/__format/concepts.h
-- Installing: /var/db/repos/Local/tools/llvm-libc-probe/.prefix/include/c++/v1/__format/container_adaptor.h
-- Installing: /var/db/repos/Local/tools/llvm-libc-probe/.prefix/include/c++/v1/__format/enable_insertable.h
-- Installing: /var/db/repos/Local/tools/llvm-libc-probe/.prefix/include/c++/v1/__format/escaped_output_table.h
-- Installing: /var/db/repos/Local/tools/llvm-libc-probe/.prefix/include/c++/v1/__format/extended_grapheme_cluster_table.h
-- Installing: /var/db/repos/Local/tools/llvm-libc-probe/.prefix/include/c++/v1/__format/fmt_pair_like.h
-- Installing: /var/db/repos/Local/tools/llvm-libc-probe/.prefix/include/c++/v1/__format/format_arg.h
-- Installing: /var/db/repos/Local/tools/llvm-libc-probe/.prefix/include/c++/v1/__format/format_arg_store.h
-- Installing: /var/db/repos/Local/tools/llvm-libc-probe/.prefix/include/c++/v1/__format/format_args.h
-- Installing: /var/db/repos/Local/tools/llvm-libc-probe/.prefix/include/c++/v1/__format/format_context.h
-- Installing: /var/db/repos/Local/tools/llvm-libc-probe/.prefix/include/c++/v1/__format/format_error.h
-- Installing: /var/db/repos/Local/tools/llvm-libc-probe/.prefix/include/c++/v1/__format/format_functions.h
-- Installing: /var/db/repos/Local/tools/llvm-libc-probe/.prefix/include/c++/v1/__format/format_parse_context.h
-- Installing: /var/db/repos/Local/tools/llvm-libc-probe/.prefix/include/c++/v1/__format/format_string.h
-- Installing: /var/db/repos/Local/tools/llvm-libc-probe/.prefix/include/c++/v1/__format/format_to_n_result.h
-- Installing: /var/db/repos/Local/tools/llvm-libc-probe/.prefix/include/c++/v1/__format/formatter.h
-- Installing: /var/db/repos/Local/tools/llvm-libc-probe/.prefix/include/c++/v1/__format/formatter_bool.h
-- Installing: /var/db/repos/Local/tools/llvm-libc-probe/.prefix/include/c++/v1/__format/formatter_char.h
-- Installing: /var/db/repos/Local/tools/llvm-libc-probe/.prefix/include/c++/v1/__format/formatter_floating_point.h
-- Installing: /var/db/repos/Local/tools/llvm-libc-probe/.prefix/include/c++/v1/__format/formatter_integer.h
-- Installing: /var/db/repos/Local/tools/llvm-libc-probe/.prefix/include/c++/v1/__format/formatter_integral.h
-- Installing: /var/db/repos/Local/tools/llvm-libc-probe/.prefix/include/c++/v1/__format/formatter_output.h
-- Installing: /var/db/repos/Local/tools/llvm-libc-probe/.prefix/include/c++/v1/__format/formatter_pointer.h
-- Installing: /var/db/repos/Local/tools/llvm-libc-probe/.prefix/include/c++/v1/__format/formatter_string.h
-- Installing: /var/db/repos/Local/tools/llvm-libc-probe/.prefix/include/c++/v1/__format/formatter_tuple.h
-- Installing: /var/db/repos/Local/tools/llvm-libc-probe/.prefix/include/c++/v1/__format/indic_conjunct_break_table.h
-- Installing: /var/db/repos/Local/tools/llvm-libc-probe/.prefix/include/c++/v1/__format/parser_std_format_spec.h
-- Installing: /var/db/repos/Local/tools/llvm-libc-probe/.prefix/include/c++/v1/__format/range_default_formatter.h
-- Installing: /var/db/repos/Local/tools/llvm-libc-probe/.prefix/include/c++/v1/__format/range_format.h
-- Installing: /var/db/repos/Local/tools/llvm-libc-probe/.prefix/include/c++/v1/__format/range_formatter.h
-- Installing: /var/db/repos/Local/tools/llvm-libc-probe/.prefix/include/c++/v1/__format/unicode.h
-- Installing: /var/db/repos/Local/tools/llvm-libc-probe/.prefix/include/c++/v1/__format/width_estimation_table.h
-- Installing: /var/db/repos/Local/tools/llvm-libc-probe/.prefix/include/c++/v1/__format/write_escaped.h
-- Installing: /var/db/repos/Local/tools/llvm-libc-probe/.prefix/include/c++/v1/__functional/binary_function.h
-- Installing: /var/db/repos/Local/tools/llvm-libc-probe/.prefix/include/c++/v1/__functional/binary_negate.h
-- Installing: /var/db/repos/Local/tools/llvm-libc-probe/.prefix/include/c++/v1/__functional/bind.h
-- Installing: /var/db/repos/Local/tools/llvm-libc-probe/.prefix/include/c++/v1/__functional/bind_back.h
-- Installing: /var/db/repos/Local/tools/llvm-libc-probe/.prefix/include/c++/v1/__functional/bind_front.h
-- Installing: /var/db/repos/Local/tools/llvm-libc-probe/.prefix/include/c++/v1/__functional/binder1st.h
-- Installing: /var/db/repos/Local/tools/llvm-libc-probe/.prefix/include/c++/v1/__functional/binder2nd.h
-- Installing: /var/db/repos/Local/tools/llvm-libc-probe/.prefix/include/c++/v1/__functional/boyer_moore_searcher.h
-- Installing: /var/db/repos/Local/tools/llvm-libc-probe/.prefix/include/c++/v1/__functional/compose.h
-- Installing: /var/db/repos/Local/tools/llvm-libc-probe/.prefix/include/c++/v1/__functional/default_searcher.h
-- Installing: /var/db/repos/Local/tools/llvm-libc-probe/.prefix/include/c++/v1/__functional/function.h
-- Installing: /var/db/repos/Local/tools/llvm-libc-probe/.prefix/include/c++/v1/__functional/hash.h
-- Installing: /var/db/repos/Local/tools/llvm-libc-probe/.prefix/include/c++/v1/__functional/identity.h
-- Installing: /var/db/repos/Local/tools/llvm-libc-probe/.prefix/include/c++/v1/__functional/invoke.h
-- Installing: /var/db/repos/Local/tools/llvm-libc-probe/.prefix/include/c++/v1/__functional/is_transparent.h
-- Installing: /var/db/repos/Local/tools/llvm-libc-probe/.prefix/include/c++/v1/__functional/mem_fn.h
-- Installing: /var/db/repos/Local/tools/llvm-libc-probe/.prefix/include/c++/v1/__functional/mem_fun_ref.h
-- Installing: /var/db/repos/Local/tools/llvm-libc-probe/.prefix/include/c++/v1/__functional/not_fn.h
-- Installing: /var/db/repos/Local/tools/llvm-libc-probe/.prefix/include/c++/v1/__functional/operations.h
-- Installing: /var/db/repos/Local/tools/llvm-libc-probe/.prefix/include/c++/v1/__functional/perfect_forward.h
-- Installing: /var/db/repos/Local/tools/llvm-libc-probe/.prefix/include/c++/v1/__functional/pointer_to_binary_function.h
-- Installing: /var/db/repos/Local/tools/llvm-libc-probe/.prefix/include/c++/v1/__functional/pointer_to_unary_function.h
-- Installing: /var/db/repos/Local/tools/llvm-libc-probe/.prefix/include/c++/v1/__functional/ranges_operations.h
-- Installing: /var/db/repos/Local/tools/llvm-libc-probe/.prefix/include/c++/v1/__functional/reference_wrapper.h
-- Installing: /var/db/repos/Local/tools/llvm-libc-probe/.prefix/include/c++/v1/__functional/unary_function.h
-- Installing: /var/db/repos/Local/tools/llvm-libc-probe/.prefix/include/c++/v1/__functional/unary_negate.h
-- Installing: /var/db/repos/Local/tools/llvm-libc-probe/.prefix/include/c++/v1/__functional/weak_result_type.h
-- Installing: /var/db/repos/Local/tools/llvm-libc-probe/.prefix/include/c++/v1/__fwd/array.h
-- Installing: /var/db/repos/Local/tools/llvm-libc-probe/.prefix/include/c++/v1/__fwd/bit_reference.h
-- Installing: /var/db/repos/Local/tools/llvm-libc-probe/.prefix/include/c++/v1/__fwd/byte.h
-- Installing: /var/db/repos/Local/tools/llvm-libc-probe/.prefix/include/c++/v1/__fwd/complex.h
-- Installing: /var/db/repos/Local/tools/llvm-libc-probe/.prefix/include/c++/v1/__fwd/deque.h
-- Installing: /var/db/repos/Local/tools/llvm-libc-probe/.prefix/include/c++/v1/__fwd/format.h
-- Installing: /var/db/repos/Local/tools/llvm-libc-probe/.prefix/include/c++/v1/__fwd/fstream.h
-- Installing: /var/db/repos/Local/tools/llvm-libc-probe/.prefix/include/c++/v1/__fwd/functional.h
-- Installing: /var/db/repos/Local/tools/llvm-libc-probe/.prefix/include/c++/v1/__fwd/get.h
-- Installing: /var/db/repos/Local/tools/llvm-libc-probe/.prefix/include/c++/v1/__fwd/ios.h
-- Installing: /var/db/repos/Local/tools/llvm-libc-probe/.prefix/include/c++/v1/__fwd/istream.h
-- Installing: /var/db/repos/Local/tools/llvm-libc-probe/.prefix/include/c++/v1/__fwd/mdspan.h
-- Installing: /var/db/repos/Local/tools/llvm-libc-probe/.prefix/include/c++/v1/__fwd/memory.h
-- Installing: /var/db/repos/Local/tools/llvm-libc-probe/.prefix/include/c++/v1/__fwd/memory_resource.h
-- Installing: /var/db/repos/Local/tools/llvm-libc-probe/.prefix/include/c++/v1/__fwd/ostream.h
-- Installing: /var/db/repos/Local/tools/llvm-libc-probe/.prefix/include/c++/v1/__fwd/pair.h
-- Installing: /var/db/repos/Local/tools/llvm-libc-probe/.prefix/include/c++/v1/__fwd/queue.h
-- Installing: /var/db/repos/Local/tools/llvm-libc-probe/.prefix/include/c++/v1/__fwd/span.h
-- Installing: /var/db/repos/Local/tools/llvm-libc-probe/.prefix/include/c++/v1/__fwd/sstream.h
-- Installing: /var/db/repos/Local/tools/llvm-libc-probe/.prefix/include/c++/v1/__fwd/stack.h
-- Installing: /var/db/repos/Local/tools/llvm-libc-probe/.prefix/include/c++/v1/__fwd/streambuf.h
-- Installing: /var/db/repos/Local/tools/llvm-libc-probe/.prefix/include/c++/v1/__fwd/string.h
-- Installing: /var/db/repos/Local/tools/llvm-libc-probe/.prefix/include/c++/v1/__fwd/string_view.h
-- Installing: /var/db/repos/Local/tools/llvm-libc-probe/.prefix/include/c++/v1/__fwd/subrange.h
-- Installing: /var/db/repos/Local/tools/llvm-libc-probe/.prefix/include/c++/v1/__fwd/tuple.h
-- Installing: /var/db/repos/Local/tools/llvm-libc-probe/.prefix/include/c++/v1/__fwd/variant.h
-- Installing: /var/db/repos/Local/tools/llvm-libc-probe/.prefix/include/c++/v1/__fwd/vector.h
-- Installing: /var/db/repos/Local/tools/llvm-libc-probe/.prefix/include/c++/v1/__hash_table
-- Installing: /var/db/repos/Local/tools/llvm-libc-probe/.prefix/include/c++/v1/__ios/fpos.h
-- Installing: /var/db/repos/Local/tools/llvm-libc-probe/.prefix/include/c++/v1/__iterator/access.h
-- Installing: /var/db/repos/Local/tools/llvm-libc-probe/.prefix/include/c++/v1/__iterator/advance.h
-- Installing: /var/db/repos/Local/tools/llvm-libc-probe/.prefix/include/c++/v1/__iterator/aliasing_iterator.h
-- Installing: /var/db/repos/Local/tools/llvm-libc-probe/.prefix/include/c++/v1/__iterator/back_insert_iterator.h
-- Installing: /var/db/repos/Local/tools/llvm-libc-probe/.prefix/include/c++/v1/__iterator/bounded_iter.h
-- Installing: /var/db/repos/Local/tools/llvm-libc-probe/.prefix/include/c++/v1/__iterator/common_iterator.h
-- Installing: /var/db/repos/Local/tools/llvm-libc-probe/.prefix/include/c++/v1/__iterator/concepts.h
-- Installing: /var/db/repos/Local/tools/llvm-libc-probe/.prefix/include/c++/v1/__iterator/counted_iterator.h
-- Installing: /var/db/repos/Local/tools/llvm-libc-probe/.prefix/include/c++/v1/__iterator/cpp17_iterator_concepts.h
-- Installing: /var/db/repos/Local/tools/llvm-libc-probe/.prefix/include/c++/v1/__iterator/data.h
-- Installing: /var/db/repos/Local/tools/llvm-libc-probe/.prefix/include/c++/v1/__iterator/default_sentinel.h
-- Installing: /var/db/repos/Local/tools/llvm-libc-probe/.prefix/include/c++/v1/__iterator/distance.h
-- Installing: /var/db/repos/Local/tools/llvm-libc-probe/.prefix/include/c++/v1/__iterator/empty.h
-- Installing: /var/db/repos/Local/tools/llvm-libc-probe/.prefix/include/c++/v1/__iterator/erase_if_container.h
-- Installing: /var/db/repos/Local/tools/llvm-libc-probe/.prefix/include/c++/v1/__iterator/front_insert_iterator.h
-- Installing: /var/db/repos/Local/tools/llvm-libc-probe/.prefix/include/c++/v1/__iterator/incrementable_traits.h
-- Installing: /var/db/repos/Local/tools/llvm-libc-probe/.prefix/include/c++/v1/__iterator/indirectly_comparable.h
-- Installing: /var/db/repos/Local/tools/llvm-libc-probe/.prefix/include/c++/v1/__iterator/insert_iterator.h
-- Installing: /var/db/repos/Local/tools/llvm-libc-probe/.prefix/include/c++/v1/__iterator/istream_iterator.h
-- Installing: /var/db/repos/Local/tools/llvm-libc-probe/.prefix/include/c++/v1/__iterator/istreambuf_iterator.h
-- Installing: /var/db/repos/Local/tools/llvm-libc-probe/.prefix/include/c++/v1/__iterator/iter_move.h
-- Installing: /var/db/repos/Local/tools/llvm-libc-probe/.prefix/include/c++/v1/__iterator/iter_swap.h
-- Installing: /var/db/repos/Local/tools/llvm-libc-probe/.prefix/include/c++/v1/__iterator/iterator.h
-- Installing: /var/db/repos/Local/tools/llvm-libc-probe/.prefix/include/c++/v1/__iterator/iterator_traits.h
-- Installing: /var/db/repos/Local/tools/llvm-libc-probe/.prefix/include/c++/v1/__iterator/iterator_with_data.h
-- Installing: /var/db/repos/Local/tools/llvm-libc-probe/.prefix/include/c++/v1/__iterator/mergeable.h
-- Installing: /var/db/repos/Local/tools/llvm-libc-probe/.prefix/include/c++/v1/__iterator/move_iterator.h
-- Installing: /var/db/repos/Local/tools/llvm-libc-probe/.prefix/include/c++/v1/__iterator/move_sentinel.h
-- Installing: /var/db/repos/Local/tools/llvm-libc-probe/.prefix/include/c++/v1/__iterator/next.h
-- Installing: /var/db/repos/Local/tools/llvm-libc-probe/.prefix/include/c++/v1/__iterator/ostream_iterator.h
-- Installing: /var/db/repos/Local/tools/llvm-libc-probe/.prefix/include/c++/v1/__iterator/ostreambuf_iterator.h
-- Installing: /var/db/repos/Local/tools/llvm-libc-probe/.prefix/include/c++/v1/__iterator/permutable.h
-- Installing: /var/db/repos/Local/tools/llvm-libc-probe/.prefix/include/c++/v1/__iterator/prev.h
-- Installing: /var/db/repos/Local/tools/llvm-libc-probe/.prefix/include/c++/v1/__iterator/product_iterator.h
-- Installing: /var/db/repos/Local/tools/llvm-libc-probe/.prefix/include/c++/v1/__iterator/projected.h
-- Installing: /var/db/repos/Local/tools/llvm-libc-probe/.prefix/include/c++/v1/__iterator/ranges_iterator_traits.h
-- Installing: /var/db/repos/Local/tools/llvm-libc-probe/.prefix/include/c++/v1/__iterator/readable_traits.h
-- Installing: /var/db/repos/Local/tools/llvm-libc-probe/.prefix/include/c++/v1/__iterator/reverse_access.h
-- Installing: /var/db/repos/Local/tools/llvm-libc-probe/.prefix/include/c++/v1/__iterator/reverse_iterator.h
-- Installing: /var/db/repos/Local/tools/llvm-libc-probe/.prefix/include/c++/v1/__iterator/segmented_iterator.h
-- Installing: /var/db/repos/Local/tools/llvm-libc-probe/.prefix/include/c++/v1/__iterator/size.h
-- Installing: /var/db/repos/Local/tools/llvm-libc-probe/.prefix/include/c++/v1/__iterator/sortable.h
-- Installing: /var/db/repos/Local/tools/llvm-libc-probe/.prefix/include/c++/v1/__iterator/static_bounded_iter.h
-- Installing: /var/db/repos/Local/tools/llvm-libc-probe/.prefix/include/c++/v1/__iterator/unreachable_sentinel.h
-- Installing: /var/db/repos/Local/tools/llvm-libc-probe/.prefix/include/c++/v1/__iterator/wrap_iter.h
-- Installing: /var/db/repos/Local/tools/llvm-libc-probe/.prefix/include/c++/v1/__locale
-- Installing: /var/db/repos/Local/tools/llvm-libc-probe/.prefix/include/c++/v1/__locale_dir/check_grouping.h
-- Installing: /var/db/repos/Local/tools/llvm-libc-probe/.prefix/include/c++/v1/__locale_dir/get_c_locale.h
-- Installing: /var/db/repos/Local/tools/llvm-libc-probe/.prefix/include/c++/v1/__locale_dir/locale_base_api.h
-- Installing: /var/db/repos/Local/tools/llvm-libc-probe/.prefix/include/c++/v1/__locale_dir/locale_base_api/bsd_locale_fallbacks.h
-- Installing: /var/db/repos/Local/tools/llvm-libc-probe/.prefix/include/c++/v1/__locale_dir/locale_base_api/ibm.h
-- Installing: /var/db/repos/Local/tools/llvm-libc-probe/.prefix/include/c++/v1/__locale_dir/locale_base_api/openbsd.h
-- Installing: /var/db/repos/Local/tools/llvm-libc-probe/.prefix/include/c++/v1/__locale_dir/messages.h
-- Installing: /var/db/repos/Local/tools/llvm-libc-probe/.prefix/include/c++/v1/__locale_dir/money.h
-- Installing: /var/db/repos/Local/tools/llvm-libc-probe/.prefix/include/c++/v1/__locale_dir/num.h
-- Installing: /var/db/repos/Local/tools/llvm-libc-probe/.prefix/include/c++/v1/__locale_dir/pad_and_output.h
-- Installing: /var/db/repos/Local/tools/llvm-libc-probe/.prefix/include/c++/v1/__locale_dir/scan_keyword.h
-- Installing: /var/db/repos/Local/tools/llvm-libc-probe/.prefix/include/c++/v1/__locale_dir/support/aix.h
-- Installing: /var/db/repos/Local/tools/llvm-libc-probe/.prefix/include/c++/v1/__locale_dir/support/apple.h
-- Installing: /var/db/repos/Local/tools/llvm-libc-probe/.prefix/include/c++/v1/__locale_dir/support/bsd_like.h
-- Installing: /var/db/repos/Local/tools/llvm-libc-probe/.prefix/include/c++/v1/__locale_dir/support/freebsd.h
-- Installing: /var/db/repos/Local/tools/llvm-libc-probe/.prefix/include/c++/v1/__locale_dir/support/fuchsia.h
-- Installing: /var/db/repos/Local/tools/llvm-libc-probe/.prefix/include/c++/v1/__locale_dir/support/linux.h
-- Installing: /var/db/repos/Local/tools/llvm-libc-probe/.prefix/include/c++/v1/__locale_dir/support/netbsd.h
-- Installing: /var/db/repos/Local/tools/llvm-libc-probe/.prefix/include/c++/v1/__locale_dir/support/newlib.h
-- Installing: /var/db/repos/Local/tools/llvm-libc-probe/.prefix/include/c++/v1/__locale_dir/support/no_locale/characters.h
-- Installing: /var/db/repos/Local/tools/llvm-libc-probe/.prefix/include/c++/v1/__locale_dir/support/no_locale/strtonum.h
-- Installing: /var/db/repos/Local/tools/llvm-libc-probe/.prefix/include/c++/v1/__locale_dir/support/windows.h
-- Installing: /var/db/repos/Local/tools/llvm-libc-probe/.prefix/include/c++/v1/__locale_dir/time.h
-- Installing: /var/db/repos/Local/tools/llvm-libc-probe/.prefix/include/c++/v1/__locale_dir/wbuffer_convert.h
-- Installing: /var/db/repos/Local/tools/llvm-libc-probe/.prefix/include/c++/v1/__locale_dir/wstring_convert.h
-- Installing: /var/db/repos/Local/tools/llvm-libc-probe/.prefix/include/c++/v1/__log_hardening_failure
-- Installing: /var/db/repos/Local/tools/llvm-libc-probe/.prefix/include/c++/v1/__math/abs.h
-- Installing: /var/db/repos/Local/tools/llvm-libc-probe/.prefix/include/c++/v1/__math/copysign.h
-- Installing: /var/db/repos/Local/tools/llvm-libc-probe/.prefix/include/c++/v1/__math/error_functions.h
-- Installing: /var/db/repos/Local/tools/llvm-libc-probe/.prefix/include/c++/v1/__math/exponential_functions.h
-- Installing: /var/db/repos/Local/tools/llvm-libc-probe/.prefix/include/c++/v1/__math/fdim.h
-- Installing: /var/db/repos/Local/tools/llvm-libc-probe/.prefix/include/c++/v1/__math/fma.h
-- Installing: /var/db/repos/Local/tools/llvm-libc-probe/.prefix/include/c++/v1/__math/gamma.h
-- Installing: /var/db/repos/Local/tools/llvm-libc-probe/.prefix/include/c++/v1/__math/hyperbolic_functions.h
-- Installing: /var/db/repos/Local/tools/llvm-libc-probe/.prefix/include/c++/v1/__math/hypot.h
-- Installing: /var/db/repos/Local/tools/llvm-libc-probe/.prefix/include/c++/v1/__math/inverse_hyperbolic_functions.h
-- Installing: /var/db/repos/Local/tools/llvm-libc-probe/.prefix/include/c++/v1/__math/inverse_trigonometric_functions.h
-- Installing: /var/db/repos/Local/tools/llvm-libc-probe/.prefix/include/c++/v1/__math/logarithms.h
-- Installing: /var/db/repos/Local/tools/llvm-libc-probe/.prefix/include/c++/v1/__math/min_max.h
-- Installing: /var/db/repos/Local/tools/llvm-libc-probe/.prefix/include/c++/v1/__math/modulo.h
-- Installing: /var/db/repos/Local/tools/llvm-libc-probe/.prefix/include/c++/v1/__math/remainder.h
-- Installing: /var/db/repos/Local/tools/llvm-libc-probe/.prefix/include/c++/v1/__math/roots.h
-- Installing: /var/db/repos/Local/tools/llvm-libc-probe/.prefix/include/c++/v1/__math/rounding_functions.h
-- Installing: /var/db/repos/Local/tools/llvm-libc-probe/.prefix/include/c++/v1/__math/special_functions.h
-- Installing: /var/db/repos/Local/tools/llvm-libc-probe/.prefix/include/c++/v1/__math/traits.h
-- Installing: /var/db/repos/Local/tools/llvm-libc-probe/.prefix/include/c++/v1/__math/trigonometric_functions.h
-- Installing: /var/db/repos/Local/tools/llvm-libc-probe/.prefix/include/c++/v1/__mbstate_t.h
-- Installing: /var/db/repos/Local/tools/llvm-libc-probe/.prefix/include/c++/v1/__mdspan/aligned_accessor.h
-- Installing: /var/db/repos/Local/tools/llvm-libc-probe/.prefix/include/c++/v1/__mdspan/default_accessor.h
-- Installing: /var/db/repos/Local/tools/llvm-libc-probe/.prefix/include/c++/v1/__mdspan/extents.h
-- Installing: /var/db/repos/Local/tools/llvm-libc-probe/.prefix/include/c++/v1/__mdspan/layout_left.h
-- Installing: /var/db/repos/Local/tools/llvm-libc-probe/.prefix/include/c++/v1/__mdspan/layout_right.h
-- Installing: /var/db/repos/Local/tools/llvm-libc-probe/.prefix/include/c++/v1/__mdspan/layout_stride.h
-- Installing: /var/db/repos/Local/tools/llvm-libc-probe/.prefix/include/c++/v1/__mdspan/mdspan.h
-- Installing: /var/db/repos/Local/tools/llvm-libc-probe/.prefix/include/c++/v1/__memory/addressof.h
-- Installing: /var/db/repos/Local/tools/llvm-libc-probe/.prefix/include/c++/v1/__memory/align.h
-- Installing: /var/db/repos/Local/tools/llvm-libc-probe/.prefix/include/c++/v1/__memory/allocate_at_least.h
-- Installing: /var/db/repos/Local/tools/llvm-libc-probe/.prefix/include/c++/v1/__memory/allocation_guard.h
-- Installing: /var/db/repos/Local/tools/llvm-libc-probe/.prefix/include/c++/v1/__memory/allocator.h
-- Installing: /var/db/repos/Local/tools/llvm-libc-probe/.prefix/include/c++/v1/__memory/allocator_arg_t.h
-- Installing: /var/db/repos/Local/tools/llvm-libc-probe/.prefix/include/c++/v1/__memory/allocator_destructor.h
-- Installing: /var/db/repos/Local/tools/llvm-libc-probe/.prefix/include/c++/v1/__memory/allocator_traits.h
-- Installing: /var/db/repos/Local/tools/llvm-libc-probe/.prefix/include/c++/v1/__memory/array_cookie.h
-- Installing: /var/db/repos/Local/tools/llvm-libc-probe/.prefix/include/c++/v1/__memory/assume_aligned.h
-- Installing: /var/db/repos/Local/tools/llvm-libc-probe/.prefix/include/c++/v1/__memory/auto_ptr.h
-- Installing: /var/db/repos/Local/tools/llvm-libc-probe/.prefix/include/c++/v1/__memory/compressed_pair.h
-- Installing: /var/db/repos/Local/tools/llvm-libc-probe/.prefix/include/c++/v1/__memory/concepts.h
-- Installing: /var/db/repos/Local/tools/llvm-libc-probe/.prefix/include/c++/v1/__memory/construct_at.h
-- Installing: /var/db/repos/Local/tools/llvm-libc-probe/.prefix/include/c++/v1/__memory/destroy.h
-- Installing: /var/db/repos/Local/tools/llvm-libc-probe/.prefix/include/c++/v1/__memory/destruct_n.h
-- Installing: /var/db/repos/Local/tools/llvm-libc-probe/.prefix/include/c++/v1/__memory/inout_ptr.h
-- Installing: /var/db/repos/Local/tools/llvm-libc-probe/.prefix/include/c++/v1/__memory/is_sufficiently_aligned.h
-- Installing: /var/db/repos/Local/tools/llvm-libc-probe/.prefix/include/c++/v1/__memory/noexcept_move_assign_container.h
-- Installing: /var/db/repos/Local/tools/llvm-libc-probe/.prefix/include/c++/v1/__memory/out_ptr.h
-- Installing: /var/db/repos/Local/tools/llvm-libc-probe/.prefix/include/c++/v1/__memory/pointer_traits.h
-- Installing: /var/db/repos/Local/tools/llvm-libc-probe/.prefix/include/c++/v1/__memory/ranges_construct_at.h
-- Installing: /var/db/repos/Local/tools/llvm-libc-probe/.prefix/include/c++/v1/__memory/ranges_destroy.h
-- Installing: /var/db/repos/Local/tools/llvm-libc-probe/.prefix/include/c++/v1/__memory/ranges_uninitialized_algorithms.h
-- Installing: /var/db/repos/Local/tools/llvm-libc-probe/.prefix/include/c++/v1/__memory/raw_storage_iterator.h
-- Installing: /var/db/repos/Local/tools/llvm-libc-probe/.prefix/include/c++/v1/__memory/shared_count.h
-- Installing: /var/db/repos/Local/tools/llvm-libc-probe/.prefix/include/c++/v1/__memory/shared_ptr.h
-- Installing: /var/db/repos/Local/tools/llvm-libc-probe/.prefix/include/c++/v1/__memory/swap_allocator.h
-- Installing: /var/db/repos/Local/tools/llvm-libc-probe/.prefix/include/c++/v1/__memory/temp_value.h
-- Installing: /var/db/repos/Local/tools/llvm-libc-probe/.prefix/include/c++/v1/__memory/temporary_buffer.h
-- Installing: /var/db/repos/Local/tools/llvm-libc-probe/.prefix/include/c++/v1/__memory/uninitialized_algorithms.h
-- Installing: /var/db/repos/Local/tools/llvm-libc-probe/.prefix/include/c++/v1/__memory/unique_ptr.h
-- Installing: /var/db/repos/Local/tools/llvm-libc-probe/.prefix/include/c++/v1/__memory/unique_temporary_buffer.h
-- Installing: /var/db/repos/Local/tools/llvm-libc-probe/.prefix/include/c++/v1/__memory/uses_allocator.h
-- Installing: /var/db/repos/Local/tools/llvm-libc-probe/.prefix/include/c++/v1/__memory/uses_allocator_construction.h
-- Installing: /var/db/repos/Local/tools/llvm-libc-probe/.prefix/include/c++/v1/__memory_resource/memory_resource.h
-- Installing: /var/db/repos/Local/tools/llvm-libc-probe/.prefix/include/c++/v1/__memory_resource/monotonic_buffer_resource.h
-- Installing: /var/db/repos/Local/tools/llvm-libc-probe/.prefix/include/c++/v1/__memory_resource/polymorphic_allocator.h
-- Installing: /var/db/repos/Local/tools/llvm-libc-probe/.prefix/include/c++/v1/__memory_resource/pool_options.h
-- Installing: /var/db/repos/Local/tools/llvm-libc-probe/.prefix/include/c++/v1/__memory_resource/synchronized_pool_resource.h
-- Installing: /var/db/repos/Local/tools/llvm-libc-probe/.prefix/include/c++/v1/__memory_resource/unsynchronized_pool_resource.h
-- Installing: /var/db/repos/Local/tools/llvm-libc-probe/.prefix/include/c++/v1/__mutex/lock_guard.h
-- Installing: /var/db/repos/Local/tools/llvm-libc-probe/.prefix/include/c++/v1/__mutex/mutex.h
-- Installing: /var/db/repos/Local/tools/llvm-libc-probe/.prefix/include/c++/v1/__mutex/once_flag.h
-- Installing: /var/db/repos/Local/tools/llvm-libc-probe/.prefix/include/c++/v1/__mutex/tag_types.h
-- Installing: /var/db/repos/Local/tools/llvm-libc-probe/.prefix/include/c++/v1/__mutex/unique_lock.h
-- Installing: /var/db/repos/Local/tools/llvm-libc-probe/.prefix/include/c++/v1/__new/align_val_t.h
-- Installing: /var/db/repos/Local/tools/llvm-libc-probe/.prefix/include/c++/v1/__new/allocate.h
-- Installing: /var/db/repos/Local/tools/llvm-libc-probe/.prefix/include/c++/v1/__new/destroying_delete_t.h
-- Installing: /var/db/repos/Local/tools/llvm-libc-probe/.prefix/include/c++/v1/__new/exceptions.h
-- Installing: /var/db/repos/Local/tools/llvm-libc-probe/.prefix/include/c++/v1/__new/global_new_delete.h
-- Installing: /var/db/repos/Local/tools/llvm-libc-probe/.prefix/include/c++/v1/__new/interference_size.h
-- Installing: /var/db/repos/Local/tools/llvm-libc-probe/.prefix/include/c++/v1/__new/launder.h
-- Installing: /var/db/repos/Local/tools/llvm-libc-probe/.prefix/include/c++/v1/__new/new_handler.h
-- Installing: /var/db/repos/Local/tools/llvm-libc-probe/.prefix/include/c++/v1/__new/nothrow_t.h
-- Installing: /var/db/repos/Local/tools/llvm-libc-probe/.prefix/include/c++/v1/__new/placement_new_delete.h
-- Installing: /var/db/repos/Local/tools/llvm-libc-probe/.prefix/include/c++/v1/__node_handle
-- Installing: /var/db/repos/Local/tools/llvm-libc-probe/.prefix/include/c++/v1/__numeric/accumulate.h
-- Installing: /var/db/repos/Local/tools/llvm-libc-probe/.prefix/include/c++/v1/__numeric/adjacent_difference.h
-- Installing: /var/db/repos/Local/tools/llvm-libc-probe/.prefix/include/c++/v1/__numeric/exclusive_scan.h
-- Installing: /var/db/repos/Local/tools/llvm-libc-probe/.prefix/include/c++/v1/__numeric/gcd_lcm.h
-- Installing: /var/db/repos/Local/tools/llvm-libc-probe/.prefix/include/c++/v1/__numeric/inclusive_scan.h
-- Installing: /var/db/repos/Local/tools/llvm-libc-probe/.prefix/include/c++/v1/__numeric/inner_product.h
-- Installing: /var/db/repos/Local/tools/llvm-libc-probe/.prefix/include/c++/v1/__numeric/iota.h
-- Installing: /var/db/repos/Local/tools/llvm-libc-probe/.prefix/include/c++/v1/__numeric/midpoint.h
-- Installing: /var/db/repos/Local/tools/llvm-libc-probe/.prefix/include/c++/v1/__numeric/partial_sum.h
-- Installing: /var/db/repos/Local/tools/llvm-libc-probe/.prefix/include/c++/v1/__numeric/pstl.h
-- Installing: /var/db/repos/Local/tools/llvm-libc-probe/.prefix/include/c++/v1/__numeric/ranges_iota.h
-- Installing: /var/db/repos/Local/tools/llvm-libc-probe/.prefix/include/c++/v1/__numeric/reduce.h
-- Installing: /var/db/repos/Local/tools/llvm-libc-probe/.prefix/include/c++/v1/__numeric/saturation_arithmetic.h
-- Installing: /var/db/repos/Local/tools/llvm-libc-probe/.prefix/include/c++/v1/__numeric/transform_exclusive_scan.h
-- Installing: /var/db/repos/Local/tools/llvm-libc-probe/.prefix/include/c++/v1/__numeric/transform_inclusive_scan.h
-- Installing: /var/db/repos/Local/tools/llvm-libc-probe/.prefix/include/c++/v1/__numeric/transform_reduce.h
-- Installing: /var/db/repos/Local/tools/llvm-libc-probe/.prefix/include/c++/v1/__ostream/basic_ostream.h
-- Installing: /var/db/repos/Local/tools/llvm-libc-probe/.prefix/include/c++/v1/__ostream/print.h
-- Installing: /var/db/repos/Local/tools/llvm-libc-probe/.prefix/include/c++/v1/__ostream/put_character_sequence.h
-- Installing: /var/db/repos/Local/tools/llvm-libc-probe/.prefix/include/c++/v1/__pstl/backend.h
-- Installing: /var/db/repos/Local/tools/llvm-libc-probe/.prefix/include/c++/v1/__pstl/backend_fwd.h
-- Installing: /var/db/repos/Local/tools/llvm-libc-probe/.prefix/include/c++/v1/__pstl/backends/default.h
-- Installing: /var/db/repos/Local/tools/llvm-libc-probe/.prefix/include/c++/v1/__pstl/backends/libdispatch.h
-- Installing: /var/db/repos/Local/tools/llvm-libc-probe/.prefix/include/c++/v1/__pstl/backends/serial.h
-- Installing: /var/db/repos/Local/tools/llvm-libc-probe/.prefix/include/c++/v1/__pstl/backends/std_thread.h
-- Installing: /var/db/repos/Local/tools/llvm-libc-probe/.prefix/include/c++/v1/__pstl/cpu_algos/any_of.h
-- Installing: /var/db/repos/Local/tools/llvm-libc-probe/.prefix/include/c++/v1/__pstl/cpu_algos/cpu_traits.h
-- Installing: /var/db/repos/Local/tools/llvm-libc-probe/.prefix/include/c++/v1/__pstl/cpu_algos/fill.h
-- Installing: /var/db/repos/Local/tools/llvm-libc-probe/.prefix/include/c++/v1/__pstl/cpu_algos/find_if.h
-- Installing: /var/db/repos/Local/tools/llvm-libc-probe/.prefix/include/c++/v1/__pstl/cpu_algos/for_each.h
-- Installing: /var/db/repos/Local/tools/llvm-libc-probe/.prefix/include/c++/v1/__pstl/cpu_algos/merge.h
-- Installing: /var/db/repos/Local/tools/llvm-libc-probe/.prefix/include/c++/v1/__pstl/cpu_algos/stable_sort.h
-- Installing: /var/db/repos/Local/tools/llvm-libc-probe/.prefix/include/c++/v1/__pstl/cpu_algos/transform.h
-- Installing: /var/db/repos/Local/tools/llvm-libc-probe/.prefix/include/c++/v1/__pstl/cpu_algos/transform_reduce.h
-- Installing: /var/db/repos/Local/tools/llvm-libc-probe/.prefix/include/c++/v1/__pstl/dispatch.h
-- Installing: /var/db/repos/Local/tools/llvm-libc-probe/.prefix/include/c++/v1/__pstl/handle_exception.h
-- Installing: /var/db/repos/Local/tools/llvm-libc-probe/.prefix/include/c++/v1/__random/bernoulli_distribution.h
-- Installing: /var/db/repos/Local/tools/llvm-libc-probe/.prefix/include/c++/v1/__random/binomial_distribution.h
-- Installing: /var/db/repos/Local/tools/llvm-libc-probe/.prefix/include/c++/v1/__random/cauchy_distribution.h
-- Installing: /var/db/repos/Local/tools/llvm-libc-probe/.prefix/include/c++/v1/__random/chi_squared_distribution.h
-- Installing: /var/db/repos/Local/tools/llvm-libc-probe/.prefix/include/c++/v1/__random/clamp_to_integral.h
-- Installing: /var/db/repos/Local/tools/llvm-libc-probe/.prefix/include/c++/v1/__random/default_random_engine.h
-- Installing: /var/db/repos/Local/tools/llvm-libc-probe/.prefix/include/c++/v1/__random/discard_block_engine.h
-- Installing: /var/db/repos/Local/tools/llvm-libc-probe/.prefix/include/c++/v1/__random/discrete_distribution.h
-- Installing: /var/db/repos/Local/tools/llvm-libc-probe/.prefix/include/c++/v1/__random/exponential_distribution.h
-- Installing: /var/db/repos/Local/tools/llvm-libc-probe/.prefix/include/c++/v1/__random/extreme_value_distribution.h
-- Installing: /var/db/repos/Local/tools/llvm-libc-probe/.prefix/include/c++/v1/__random/fisher_f_distribution.h
-- Installing: /var/db/repos/Local/tools/llvm-libc-probe/.prefix/include/c++/v1/__random/gamma_distribution.h
-- Installing: /var/db/repos/Local/tools/llvm-libc-probe/.prefix/include/c++/v1/__random/generate_canonical.h
-- Installing: /var/db/repos/Local/tools/llvm-libc-probe/.prefix/include/c++/v1/__random/geometric_distribution.h
-- Installing: /var/db/repos/Local/tools/llvm-libc-probe/.prefix/include/c++/v1/__random/independent_bits_engine.h
-- Installing: /var/db/repos/Local/tools/llvm-libc-probe/.prefix/include/c++/v1/__random/is_seed_sequence.h
-- Installing: /var/db/repos/Local/tools/llvm-libc-probe/.prefix/include/c++/v1/__random/is_valid.h
-- Installing: /var/db/repos/Local/tools/llvm-libc-probe/.prefix/include/c++/v1/__random/knuth_b.h
-- Installing: /var/db/repos/Local/tools/llvm-libc-probe/.prefix/include/c++/v1/__random/linear_congruential_engine.h
-- Installing: /var/db/repos/Local/tools/llvm-libc-probe/.prefix/include/c++/v1/__random/log2.h
-- Installing: /var/db/repos/Local/tools/llvm-libc-probe/.prefix/include/c++/v1/__random/lognormal_distribution.h
-- Installing: /var/db/repos/Local/tools/llvm-libc-probe/.prefix/include/c++/v1/__random/mersenne_twister_engine.h
-- Installing: /var/db/repos/Local/tools/llvm-libc-probe/.prefix/include/c++/v1/__random/negative_binomial_distribution.h
-- Installing: /var/db/repos/Local/tools/llvm-libc-probe/.prefix/include/c++/v1/__random/normal_distribution.h
-- Installing: /var/db/repos/Local/tools/llvm-libc-probe/.prefix/include/c++/v1/__random/piecewise_constant_distribution.h
-- Installing: /var/db/repos/Local/tools/llvm-libc-probe/.prefix/include/c++/v1/__random/piecewise_linear_distribution.h
-- Installing: /var/db/repos/Local/tools/llvm-libc-probe/.prefix/include/c++/v1/__random/poisson_distribution.h
-- Installing: /var/db/repos/Local/tools/llvm-libc-probe/.prefix/include/c++/v1/__random/random_device.h
-- Installing: /var/db/repos/Local/tools/llvm-libc-probe/.prefix/include/c++/v1/__random/ranlux.h
-- Installing: /var/db/repos/Local/tools/llvm-libc-probe/.prefix/include/c++/v1/__random/seed_seq.h
-- Installing: /var/db/repos/Local/tools/llvm-libc-probe/.prefix/include/c++/v1/__random/shuffle_order_engine.h
-- Installing: /var/db/repos/Local/tools/llvm-libc-probe/.prefix/include/c++/v1/__random/student_t_distribution.h
-- Installing: /var/db/repos/Local/tools/llvm-libc-probe/.prefix/include/c++/v1/__random/subtract_with_carry_engine.h
-- Installing: /var/db/repos/Local/tools/llvm-libc-probe/.prefix/include/c++/v1/__random/uniform_int_distribution.h
-- Installing: /var/db/repos/Local/tools/llvm-libc-probe/.prefix/include/c++/v1/__random/uniform_random_bit_generator.h
-- Installing: /var/db/repos/Local/tools/llvm-libc-probe/.prefix/include/c++/v1/__random/uniform_real_distribution.h
-- Installing: /var/db/repos/Local/tools/llvm-libc-probe/.prefix/include/c++/v1/__random/weibull_distribution.h
-- Installing: /var/db/repos/Local/tools/llvm-libc-probe/.prefix/include/c++/v1/__ranges/access.h
-- Installing: /var/db/repos/Local/tools/llvm-libc-probe/.prefix/include/c++/v1/__ranges/adjacent_transform_view.h
-- Installing: /var/db/repos/Local/tools/llvm-libc-probe/.prefix/include/c++/v1/__ranges/adjacent_view.h
-- Installing: /var/db/repos/Local/tools/llvm-libc-probe/.prefix/include/c++/v1/__ranges/all.h
-- Installing: /var/db/repos/Local/tools/llvm-libc-probe/.prefix/include/c++/v1/__ranges/as_rvalue_view.h
-- Installing: /var/db/repos/Local/tools/llvm-libc-probe/.prefix/include/c++/v1/__ranges/chunk_by_view.h
-- Installing: /var/db/repos/Local/tools/llvm-libc-probe/.prefix/include/c++/v1/__ranges/common_view.h
-- Installing: /var/db/repos/Local/tools/llvm-libc-probe/.prefix/include/c++/v1/__ranges/concepts.h
-- Installing: /var/db/repos/Local/tools/llvm-libc-probe/.prefix/include/c++/v1/__ranges/container_compatible_range.h
-- Installing: /var/db/repos/Local/tools/llvm-libc-probe/.prefix/include/c++/v1/__ranges/counted.h
-- Installing: /var/db/repos/Local/tools/llvm-libc-probe/.prefix/include/c++/v1/__ranges/dangling.h
-- Installing: /var/db/repos/Local/tools/llvm-libc-probe/.prefix/include/c++/v1/__ranges/data.h
-- Installing: /var/db/repos/Local/tools/llvm-libc-probe/.prefix/include/c++/v1/__ranges/drop_view.h
-- Installing: /var/db/repos/Local/tools/llvm-libc-probe/.prefix/include/c++/v1/__ranges/drop_while_view.h
-- Installing: /var/db/repos/Local/tools/llvm-libc-probe/.prefix/include/c++/v1/__ranges/elements_of.h
-- Installing: /var/db/repos/Local/tools/llvm-libc-probe/.prefix/include/c++/v1/__ranges/elements_view.h
-- Installing: /var/db/repos/Local/tools/llvm-libc-probe/.prefix/include/c++/v1/__ranges/empty.h
-- Installing: /var/db/repos/Local/tools/llvm-libc-probe/.prefix/include/c++/v1/__ranges/empty_view.h
-- Installing: /var/db/repos/Local/tools/llvm-libc-probe/.prefix/include/c++/v1/__ranges/enable_borrowed_range.h
-- Installing: /var/db/repos/Local/tools/llvm-libc-probe/.prefix/include/c++/v1/__ranges/enable_view.h
-- Installing: /var/db/repos/Local/tools/llvm-libc-probe/.prefix/include/c++/v1/__ranges/filter_view.h
-- Installing: /var/db/repos/Local/tools/llvm-libc-probe/.prefix/include/c++/v1/__ranges/from_range.h
-- Installing: /var/db/repos/Local/tools/llvm-libc-probe/.prefix/include/c++/v1/__ranges/iota_view.h
-- Installing: /var/db/repos/Local/tools/llvm-libc-probe/.prefix/include/c++/v1/__ranges/istream_view.h
-- Installing: /var/db/repos/Local/tools/llvm-libc-probe/.prefix/include/c++/v1/__ranges/join_view.h
-- Installing: /var/db/repos/Local/tools/llvm-libc-probe/.prefix/include/c++/v1/__ranges/join_with_view.h
-- Installing: /var/db/repos/Local/tools/llvm-libc-probe/.prefix/include/c++/v1/__ranges/lazy_split_view.h
-- Installing: /var/db/repos/Local/tools/llvm-libc-probe/.prefix/include/c++/v1/__ranges/movable_box.h
-- Installing: /var/db/repos/Local/tools/llvm-libc-probe/.prefix/include/c++/v1/__ranges/non_propagating_cache.h
-- Installing: /var/db/repos/Local/tools/llvm-libc-probe/.prefix/include/c++/v1/__ranges/owning_view.h
-- Installing: /var/db/repos/Local/tools/llvm-libc-probe/.prefix/include/c++/v1/__ranges/range_adaptor.h
-- Installing: /var/db/repos/Local/tools/llvm-libc-probe/.prefix/include/c++/v1/__ranges/rbegin.h
-- Installing: /var/db/repos/Local/tools/llvm-libc-probe/.prefix/include/c++/v1/__ranges/ref_view.h
-- Installing: /var/db/repos/Local/tools/llvm-libc-probe/.prefix/include/c++/v1/__ranges/rend.h
-- Installing: /var/db/repos/Local/tools/llvm-libc-probe/.prefix/include/c++/v1/__ranges/repeat_view.h
-- Installing: /var/db/repos/Local/tools/llvm-libc-probe/.prefix/include/c++/v1/__ranges/reverse_view.h
-- Installing: /var/db/repos/Local/tools/llvm-libc-probe/.prefix/include/c++/v1/__ranges/single_view.h
-- Installing: /var/db/repos/Local/tools/llvm-libc-probe/.prefix/include/c++/v1/__ranges/size.h
-- Installing: /var/db/repos/Local/tools/llvm-libc-probe/.prefix/include/c++/v1/__ranges/split_view.h
-- Installing: /var/db/repos/Local/tools/llvm-libc-probe/.prefix/include/c++/v1/__ranges/subrange.h
-- Installing: /var/db/repos/Local/tools/llvm-libc-probe/.prefix/include/c++/v1/__ranges/take_view.h
-- Installing: /var/db/repos/Local/tools/llvm-libc-probe/.prefix/include/c++/v1/__ranges/take_while_view.h
-- Installing: /var/db/repos/Local/tools/llvm-libc-probe/.prefix/include/c++/v1/__ranges/to.h
-- Installing: /var/db/repos/Local/tools/llvm-libc-probe/.prefix/include/c++/v1/__ranges/transform_view.h
-- Installing: /var/db/repos/Local/tools/llvm-libc-probe/.prefix/include/c++/v1/__ranges/view_interface.h
-- Installing: /var/db/repos/Local/tools/llvm-libc-probe/.prefix/include/c++/v1/__ranges/views.h
-- Installing: /var/db/repos/Local/tools/llvm-libc-probe/.prefix/include/c++/v1/__ranges/zip_transform_view.h
-- Installing: /var/db/repos/Local/tools/llvm-libc-probe/.prefix/include/c++/v1/__ranges/zip_view.h
-- Installing: /var/db/repos/Local/tools/llvm-libc-probe/.prefix/include/c++/v1/__split_buffer
-- Installing: /var/db/repos/Local/tools/llvm-libc-probe/.prefix/include/c++/v1/__std_mbstate_t.h
-- Installing: /var/db/repos/Local/tools/llvm-libc-probe/.prefix/include/c++/v1/__stop_token/atomic_unique_lock.h
-- Installing: /var/db/repos/Local/tools/llvm-libc-probe/.prefix/include/c++/v1/__stop_token/intrusive_list_view.h
-- Installing: /var/db/repos/Local/tools/llvm-libc-probe/.prefix/include/c++/v1/__stop_token/intrusive_shared_ptr.h
-- Installing: /var/db/repos/Local/tools/llvm-libc-probe/.prefix/include/c++/v1/__stop_token/stop_callback.h
-- Installing: /var/db/repos/Local/tools/llvm-libc-probe/.prefix/include/c++/v1/__stop_token/stop_source.h
-- Installing: /var/db/repos/Local/tools/llvm-libc-probe/.prefix/include/c++/v1/__stop_token/stop_state.h
-- Installing: /var/db/repos/Local/tools/llvm-libc-probe/.prefix/include/c++/v1/__stop_token/stop_token.h
-- Installing: /var/db/repos/Local/tools/llvm-libc-probe/.prefix/include/c++/v1/__string/char_traits.h
-- Installing: /var/db/repos/Local/tools/llvm-libc-probe/.prefix/include/c++/v1/__string/constexpr_c_functions.h
-- Installing: /var/db/repos/Local/tools/llvm-libc-probe/.prefix/include/c++/v1/__string/extern_template_lists.h
-- Installing: /var/db/repos/Local/tools/llvm-libc-probe/.prefix/include/c++/v1/__support/ibm/gettod_zos.h
-- Installing: /var/db/repos/Local/tools/llvm-libc-probe/.prefix/include/c++/v1/__support/ibm/locale_mgmt_zos.h
-- Installing: /var/db/repos/Local/tools/llvm-libc-probe/.prefix/include/c++/v1/__support/ibm/nanosleep.h
-- Installing: /var/db/repos/Local/tools/llvm-libc-probe/.prefix/include/c++/v1/__support/xlocale/__nop_locale_mgmt.h
-- Installing: /var/db/repos/Local/tools/llvm-libc-probe/.prefix/include/c++/v1/__support/xlocale/__posix_l_fallback.h
-- Installing: /var/db/repos/Local/tools/llvm-libc-probe/.prefix/include/c++/v1/__support/xlocale/__strtonum_fallback.h
-- Installing: /var/db/repos/Local/tools/llvm-libc-probe/.prefix/include/c++/v1/__system_error/errc.h
-- Installing: /var/db/repos/Local/tools/llvm-libc-probe/.prefix/include/c++/v1/__system_error/error_category.h
-- Installing: /var/db/repos/Local/tools/llvm-libc-probe/.prefix/include/c++/v1/__system_error/error_code.h
-- Installing: /var/db/repos/Local/tools/llvm-libc-probe/.prefix/include/c++/v1/__system_error/error_condition.h
-- Installing: /var/db/repos/Local/tools/llvm-libc-probe/.prefix/include/c++/v1/__system_error/system_error.h
-- Installing: /var/db/repos/Local/tools/llvm-libc-probe/.prefix/include/c++/v1/__system_error/throw_system_error.h
-- Installing: /var/db/repos/Local/tools/llvm-libc-probe/.prefix/include/c++/v1/__thread/formatter.h
-- Installing: /var/db/repos/Local/tools/llvm-libc-probe/.prefix/include/c++/v1/__thread/id.h
-- Installing: /var/db/repos/Local/tools/llvm-libc-probe/.prefix/include/c++/v1/__thread/jthread.h
-- Installing: /var/db/repos/Local/tools/llvm-libc-probe/.prefix/include/c++/v1/__thread/poll_with_backoff.h
-- Installing: /var/db/repos/Local/tools/llvm-libc-probe/.prefix/include/c++/v1/__thread/support.h
-- Installing: /var/db/repos/Local/tools/llvm-libc-probe/.prefix/include/c++/v1/__thread/support/c11.h
-- Installing: /var/db/repos/Local/tools/llvm-libc-probe/.prefix/include/c++/v1/__thread/support/external.h
-- Installing: /var/db/repos/Local/tools/llvm-libc-probe/.prefix/include/c++/v1/__thread/support/pthread.h
-- Installing: /var/db/repos/Local/tools/llvm-libc-probe/.prefix/include/c++/v1/__thread/support/windows.h
-- Installing: /var/db/repos/Local/tools/llvm-libc-probe/.prefix/include/c++/v1/__thread/this_thread.h
-- Installing: /var/db/repos/Local/tools/llvm-libc-probe/.prefix/include/c++/v1/__thread/thread.h
-- Installing: /var/db/repos/Local/tools/llvm-libc-probe/.prefix/include/c++/v1/__thread/timed_backoff_policy.h
-- Installing: /var/db/repos/Local/tools/llvm-libc-probe/.prefix/include/c++/v1/__tree
-- Installing: /var/db/repos/Local/tools/llvm-libc-probe/.prefix/include/c++/v1/__tuple/find_index.h
-- Installing: /var/db/repos/Local/tools/llvm-libc-probe/.prefix/include/c++/v1/__tuple/ignore.h
-- Installing: /var/db/repos/Local/tools/llvm-libc-probe/.prefix/include/c++/v1/__tuple/sfinae_helpers.h
-- Installing: /var/db/repos/Local/tools/llvm-libc-probe/.prefix/include/c++/v1/__tuple/tuple_element.h
-- Installing: /var/db/repos/Local/tools/llvm-libc-probe/.prefix/include/c++/v1/__tuple/tuple_like.h
-- Installing: /var/db/repos/Local/tools/llvm-libc-probe/.prefix/include/c++/v1/__tuple/tuple_like_no_subrange.h
-- Installing: /var/db/repos/Local/tools/llvm-libc-probe/.prefix/include/c++/v1/__tuple/tuple_size.h
-- Installing: /var/db/repos/Local/tools/llvm-libc-probe/.prefix/include/c++/v1/__tuple/tuple_transform.h
-- Installing: /var/db/repos/Local/tools/llvm-libc-probe/.prefix/include/c++/v1/__type_traits/add_cv_quals.h
-- Installing: /var/db/repos/Local/tools/llvm-libc-probe/.prefix/include/c++/v1/__type_traits/add_pointer.h
-- Installing: /var/db/repos/Local/tools/llvm-libc-probe/.prefix/include/c++/v1/__type_traits/add_reference.h
-- Installing: /var/db/repos/Local/tools/llvm-libc-probe/.prefix/include/c++/v1/__type_traits/aligned_storage.h
-- Installing: /var/db/repos/Local/tools/llvm-libc-probe/.prefix/include/c++/v1/__type_traits/aligned_union.h
-- Installing: /var/db/repos/Local/tools/llvm-libc-probe/.prefix/include/c++/v1/__type_traits/alignment_of.h
-- Installing: /var/db/repos/Local/tools/llvm-libc-probe/.prefix/include/c++/v1/__type_traits/common_reference.h
-- Installing: /var/db/repos/Local/tools/llvm-libc-probe/.prefix/include/c++/v1/__type_traits/common_type.h
-- Installing: /var/db/repos/Local/tools/llvm-libc-probe/.prefix/include/c++/v1/__type_traits/conditional.h
-- Installing: /var/db/repos/Local/tools/llvm-libc-probe/.prefix/include/c++/v1/__type_traits/conjunction.h
-- Installing: /var/db/repos/Local/tools/llvm-libc-probe/.prefix/include/c++/v1/__type_traits/container_traits.h
-- Installing: /var/db/repos/Local/tools/llvm-libc-probe/.prefix/include/c++/v1/__type_traits/copy_cv.h
-- Installing: /var/db/repos/Local/tools/llvm-libc-probe/.prefix/include/c++/v1/__type_traits/copy_cvref.h
-- Installing: /var/db/repos/Local/tools/llvm-libc-probe/.prefix/include/c++/v1/__type_traits/datasizeof.h
-- Installing: /var/db/repos/Local/tools/llvm-libc-probe/.prefix/include/c++/v1/__type_traits/decay.h
-- Installing: /var/db/repos/Local/tools/llvm-libc-probe/.prefix/include/c++/v1/__type_traits/dependent_type.h
-- Installing: /var/db/repos/Local/tools/llvm-libc-probe/.prefix/include/c++/v1/__type_traits/desugars_to.h
-- Installing: /var/db/repos/Local/tools/llvm-libc-probe/.prefix/include/c++/v1/__type_traits/detected_or.h
-- Installing: /var/db/repos/Local/tools/llvm-libc-probe/.prefix/include/c++/v1/__type_traits/disjunction.h
-- Installing: /var/db/repos/Local/tools/llvm-libc-probe/.prefix/include/c++/v1/__type_traits/enable_if.h
-- Installing: /var/db/repos/Local/tools/llvm-libc-probe/.prefix/include/c++/v1/__type_traits/extent.h
-- Installing: /var/db/repos/Local/tools/llvm-libc-probe/.prefix/include/c++/v1/__type_traits/has_unique_object_representation.h
-- Installing: /var/db/repos/Local/tools/llvm-libc-probe/.prefix/include/c++/v1/__type_traits/has_virtual_destructor.h
-- Installing: /var/db/repos/Local/tools/llvm-libc-probe/.prefix/include/c++/v1/__type_traits/integer_traits.h
-- Installing: /var/db/repos/Local/tools/llvm-libc-probe/.prefix/include/c++/v1/__type_traits/integral_constant.h
-- Installing: /var/db/repos/Local/tools/llvm-libc-probe/.prefix/include/c++/v1/__type_traits/invoke.h
-- Installing: /var/db/repos/Local/tools/llvm-libc-probe/.prefix/include/c++/v1/__type_traits/is_abstract.h
-- Installing: /var/db/repos/Local/tools/llvm-libc-probe/.prefix/include/c++/v1/__type_traits/is_aggregate.h
-- Installing: /var/db/repos/Local/tools/llvm-libc-probe/.prefix/include/c++/v1/__type_traits/is_allocator.h
-- Installing: /var/db/repos/Local/tools/llvm-libc-probe/.prefix/include/c++/v1/__type_traits/is_always_bitcastable.h
-- Installing: /var/db/repos/Local/tools/llvm-libc-probe/.prefix/include/c++/v1/__type_traits/is_arithmetic.h
-- Installing: /var/db/repos/Local/tools/llvm-libc-probe/.prefix/include/c++/v1/__type_traits/is_array.h
-- Installing: /var/db/repos/Local/tools/llvm-libc-probe/.prefix/include/c++/v1/__type_traits/is_assignable.h
-- Installing: /var/db/repos/Local/tools/llvm-libc-probe/.prefix/include/c++/v1/__type_traits/is_base_of.h
-- Installing: /var/db/repos/Local/tools/llvm-libc-probe/.prefix/include/c++/v1/__type_traits/is_callable.h
-- Installing: /var/db/repos/Local/tools/llvm-libc-probe/.prefix/include/c++/v1/__type_traits/is_char_like_type.h
-- Installing: /var/db/repos/Local/tools/llvm-libc-probe/.prefix/include/c++/v1/__type_traits/is_class.h
-- Installing: /var/db/repos/Local/tools/llvm-libc-probe/.prefix/include/c++/v1/__type_traits/is_compound.h
-- Installing: /var/db/repos/Local/tools/llvm-libc-probe/.prefix/include/c++/v1/__type_traits/is_const.h
-- Installing: /var/db/repos/Local/tools/llvm-libc-probe/.prefix/include/c++/v1/__type_traits/is_constant_evaluated.h
-- Installing: /var/db/repos/Local/tools/llvm-libc-probe/.prefix/include/c++/v1/__type_traits/is_constructible.h
-- Installing: /var/db/repos/Local/tools/llvm-libc-probe/.prefix/include/c++/v1/__type_traits/is_convertible.h
-- Installing: /var/db/repos/Local/tools/llvm-libc-probe/.prefix/include/c++/v1/__type_traits/is_core_convertible.h
-- Installing: /var/db/repos/Local/tools/llvm-libc-probe/.prefix/include/c++/v1/__type_traits/is_destructible.h
-- Installing: /var/db/repos/Local/tools/llvm-libc-probe/.prefix/include/c++/v1/__type_traits/is_empty.h
-- Installing: /var/db/repos/Local/tools/llvm-libc-probe/.prefix/include/c++/v1/__type_traits/is_enum.h
-- Installing: /var/db/repos/Local/tools/llvm-libc-probe/.prefix/include/c++/v1/__type_traits/is_equality_comparable.h
-- Installing: /var/db/repos/Local/tools/llvm-libc-probe/.prefix/include/c++/v1/__type_traits/is_execution_policy.h
-- Installing: /var/db/repos/Local/tools/llvm-libc-probe/.prefix/include/c++/v1/__type_traits/is_final.h
-- Installing: /var/db/repos/Local/tools/llvm-libc-probe/.prefix/include/c++/v1/__type_traits/is_floating_point.h
-- Installing: /var/db/repos/Local/tools/llvm-libc-probe/.prefix/include/c++/v1/__type_traits/is_function.h
-- Installing: /var/db/repos/Local/tools/llvm-libc-probe/.prefix/include/c++/v1/__type_traits/is_fundamental.h
-- Installing: /var/db/repos/Local/tools/llvm-libc-probe/.prefix/include/c++/v1/__type_traits/is_generic_transparent_comparator.h
-- Installing: /var/db/repos/Local/tools/llvm-libc-probe/.prefix/include/c++/v1/__type_traits/is_implicit_lifetime.h
-- Installing: /var/db/repos/Local/tools/llvm-libc-probe/.prefix/include/c++/v1/__type_traits/is_implicitly_default_constructible.h
-- Installing: /var/db/repos/Local/tools/llvm-libc-probe/.prefix/include/c++/v1/__type_traits/is_integral.h
-- Installing: /var/db/repos/Local/tools/llvm-libc-probe/.prefix/include/c++/v1/__type_traits/is_literal_type.h
-- Installing: /var/db/repos/Local/tools/llvm-libc-probe/.prefix/include/c++/v1/__type_traits/is_member_pointer.h
-- Installing: /var/db/repos/Local/tools/llvm-libc-probe/.prefix/include/c++/v1/__type_traits/is_nothrow_assignable.h
-- Installing: /var/db/repos/Local/tools/llvm-libc-probe/.prefix/include/c++/v1/__type_traits/is_nothrow_constructible.h
-- Installing: /var/db/repos/Local/tools/llvm-libc-probe/.prefix/include/c++/v1/__type_traits/is_nothrow_destructible.h
-- Installing: /var/db/repos/Local/tools/llvm-libc-probe/.prefix/include/c++/v1/__type_traits/is_null_pointer.h
-- Installing: /var/db/repos/Local/tools/llvm-libc-probe/.prefix/include/c++/v1/__type_traits/is_object.h
-- Installing: /var/db/repos/Local/tools/llvm-libc-probe/.prefix/include/c++/v1/__type_traits/is_pod.h
-- Installing: /var/db/repos/Local/tools/llvm-libc-probe/.prefix/include/c++/v1/__type_traits/is_pointer.h
-- Installing: /var/db/repos/Local/tools/llvm-libc-probe/.prefix/include/c++/v1/__type_traits/is_polymorphic.h
-- Installing: /var/db/repos/Local/tools/llvm-libc-probe/.prefix/include/c++/v1/__type_traits/is_primary_template.h
-- Installing: /var/db/repos/Local/tools/llvm-libc-probe/.prefix/include/c++/v1/__type_traits/is_reference.h
-- Installing: /var/db/repos/Local/tools/llvm-libc-probe/.prefix/include/c++/v1/__type_traits/is_reference_wrapper.h
-- Installing: /var/db/repos/Local/tools/llvm-libc-probe/.prefix/include/c++/v1/__type_traits/is_referenceable.h
-- Installing: /var/db/repos/Local/tools/llvm-libc-probe/.prefix/include/c++/v1/__type_traits/is_same.h
-- Installing: /var/db/repos/Local/tools/llvm-libc-probe/.prefix/include/c++/v1/__type_traits/is_scalar.h
-- Installing: /var/db/repos/Local/tools/llvm-libc-probe/.prefix/include/c++/v1/__type_traits/is_signed.h
-- Installing: /var/db/repos/Local/tools/llvm-libc-probe/.prefix/include/c++/v1/__type_traits/is_specialization.h
-- Installing: /var/db/repos/Local/tools/llvm-libc-probe/.prefix/include/c++/v1/__type_traits/is_standard_layout.h
-- Installing: /var/db/repos/Local/tools/llvm-libc-probe/.prefix/include/c++/v1/__type_traits/is_swappable.h
-- Installing: /var/db/repos/Local/tools/llvm-libc-probe/.prefix/include/c++/v1/__type_traits/is_trivial.h
-- Installing: /var/db/repos/Local/tools/llvm-libc-probe/.prefix/include/c++/v1/__type_traits/is_trivially_assignable.h
-- Installing: /var/db/repos/Local/tools/llvm-libc-probe/.prefix/include/c++/v1/__type_traits/is_trivially_constructible.h
-- Installing: /var/db/repos/Local/tools/llvm-libc-probe/.prefix/include/c++/v1/__type_traits/is_trivially_copyable.h
-- Installing: /var/db/repos/Local/tools/llvm-libc-probe/.prefix/include/c++/v1/__type_traits/is_trivially_destructible.h
-- Installing: /var/db/repos/Local/tools/llvm-libc-probe/.prefix/include/c++/v1/__type_traits/is_trivially_lexicographically_comparable.h
-- Installing: /var/db/repos/Local/tools/llvm-libc-probe/.prefix/include/c++/v1/__type_traits/is_trivially_relocatable.h
-- Installing: /var/db/repos/Local/tools/llvm-libc-probe/.prefix/include/c++/v1/__type_traits/is_union.h
-- Installing: /var/db/repos/Local/tools/llvm-libc-probe/.prefix/include/c++/v1/__type_traits/is_unqualified.h
-- Installing: /var/db/repos/Local/tools/llvm-libc-probe/.prefix/include/c++/v1/__type_traits/is_unsigned.h
-- Installing: /var/db/repos/Local/tools/llvm-libc-probe/.prefix/include/c++/v1/__type_traits/is_valid_expansion.h
-- Installing: /var/db/repos/Local/tools/llvm-libc-probe/.prefix/include/c++/v1/__type_traits/is_void.h
-- Installing: /var/db/repos/Local/tools/llvm-libc-probe/.prefix/include/c++/v1/__type_traits/is_volatile.h
-- Installing: /var/db/repos/Local/tools/llvm-libc-probe/.prefix/include/c++/v1/__type_traits/is_within_lifetime.h
-- Installing: /var/db/repos/Local/tools/llvm-libc-probe/.prefix/include/c++/v1/__type_traits/lazy.h
-- Installing: /var/db/repos/Local/tools/llvm-libc-probe/.prefix/include/c++/v1/__type_traits/make_32_64_or_128_bit.h
-- Installing: /var/db/repos/Local/tools/llvm-libc-probe/.prefix/include/c++/v1/__type_traits/make_const_lvalue_ref.h
-- Installing: /var/db/repos/Local/tools/llvm-libc-probe/.prefix/include/c++/v1/__type_traits/make_signed.h
-- Installing: /var/db/repos/Local/tools/llvm-libc-probe/.prefix/include/c++/v1/__type_traits/make_transparent.h
-- Installing: /var/db/repos/Local/tools/llvm-libc-probe/.prefix/include/c++/v1/__type_traits/make_unsigned.h
-- Installing: /var/db/repos/Local/tools/llvm-libc-probe/.prefix/include/c++/v1/__type_traits/maybe_const.h
-- Installing: /var/db/repos/Local/tools/llvm-libc-probe/.prefix/include/c++/v1/__type_traits/nat.h
-- Installing: /var/db/repos/Local/tools/llvm-libc-probe/.prefix/include/c++/v1/__type_traits/negation.h
-- Installing: /var/db/repos/Local/tools/llvm-libc-probe/.prefix/include/c++/v1/__type_traits/promote.h
-- Installing: /var/db/repos/Local/tools/llvm-libc-probe/.prefix/include/c++/v1/__type_traits/rank.h
-- Installing: /var/db/repos/Local/tools/llvm-libc-probe/.prefix/include/c++/v1/__type_traits/reference_constructs_from_temporary.h
-- Installing: /var/db/repos/Local/tools/llvm-libc-probe/.prefix/include/c++/v1/__type_traits/reference_converts_from_temporary.h
-- Installing: /var/db/repos/Local/tools/llvm-libc-probe/.prefix/include/c++/v1/__type_traits/remove_all_extents.h
-- Installing: /var/db/repos/Local/tools/llvm-libc-probe/.prefix/include/c++/v1/__type_traits/remove_const.h
-- Installing: /var/db/repos/Local/tools/llvm-libc-probe/.prefix/include/c++/v1/__type_traits/remove_const_ref.h
-- Installing: /var/db/repos/Local/tools/llvm-libc-probe/.prefix/include/c++/v1/__type_traits/remove_cv.h
-- Installing: /var/db/repos/Local/tools/llvm-libc-probe/.prefix/include/c++/v1/__type_traits/remove_cvref.h
-- Installing: /var/db/repos/Local/tools/llvm-libc-probe/.prefix/include/c++/v1/__type_traits/remove_extent.h
-- Installing: /var/db/repos/Local/tools/llvm-libc-probe/.prefix/include/c++/v1/__type_traits/remove_pointer.h
-- Installing: /var/db/repos/Local/tools/llvm-libc-probe/.prefix/include/c++/v1/__type_traits/remove_reference.h
-- Installing: /var/db/repos/Local/tools/llvm-libc-probe/.prefix/include/c++/v1/__type_traits/remove_volatile.h
-- Installing: /var/db/repos/Local/tools/llvm-libc-probe/.prefix/include/c++/v1/__type_traits/result_of.h
-- Installing: /var/db/repos/Local/tools/llvm-libc-probe/.prefix/include/c++/v1/__type_traits/strip_signature.h
-- Installing: /var/db/repos/Local/tools/llvm-libc-probe/.prefix/include/c++/v1/__type_traits/type_identity.h
-- Installing: /var/db/repos/Local/tools/llvm-libc-probe/.prefix/include/c++/v1/__type_traits/type_list.h
-- Installing: /var/db/repos/Local/tools/llvm-libc-probe/.prefix/include/c++/v1/__type_traits/underlying_type.h
-- Installing: /var/db/repos/Local/tools/llvm-libc-probe/.prefix/include/c++/v1/__type_traits/unwrap_ref.h
-- Installing: /var/db/repos/Local/tools/llvm-libc-probe/.prefix/include/c++/v1/__type_traits/void_t.h
-- Installing: /var/db/repos/Local/tools/llvm-libc-probe/.prefix/include/c++/v1/__undef_macros
-- Installing: /var/db/repos/Local/tools/llvm-libc-probe/.prefix/include/c++/v1/__utility/as_const.h
-- Installing: /var/db/repos/Local/tools/llvm-libc-probe/.prefix/include/c++/v1/__utility/as_lvalue.h
-- Installing: /var/db/repos/Local/tools/llvm-libc-probe/.prefix/include/c++/v1/__utility/auto_cast.h
-- Installing: /var/db/repos/Local/tools/llvm-libc-probe/.prefix/include/c++/v1/__utility/cmp.h
-- Installing: /var/db/repos/Local/tools/llvm-libc-probe/.prefix/include/c++/v1/__utility/convert_to_integral.h
-- Installing: /var/db/repos/Local/tools/llvm-libc-probe/.prefix/include/c++/v1/__utility/declval.h
-- Installing: /var/db/repos/Local/tools/llvm-libc-probe/.prefix/include/c++/v1/__utility/default_three_way_comparator.h
-- Installing: /var/db/repos/Local/tools/llvm-libc-probe/.prefix/include/c++/v1/__utility/element_count.h
-- Installing: /var/db/repos/Local/tools/llvm-libc-probe/.prefix/include/c++/v1/__utility/empty.h
-- Installing: /var/db/repos/Local/tools/llvm-libc-probe/.prefix/include/c++/v1/__utility/exception_guard.h
-- Installing: /var/db/repos/Local/tools/llvm-libc-probe/.prefix/include/c++/v1/__utility/exchange.h
-- Installing: /var/db/repos/Local/tools/llvm-libc-probe/.prefix/include/c++/v1/__utility/forward.h
-- Installing: /var/db/repos/Local/tools/llvm-libc-probe/.prefix/include/c++/v1/__utility/forward_like.h
-- Installing: /var/db/repos/Local/tools/llvm-libc-probe/.prefix/include/c++/v1/__utility/in_place.h
-- Installing: /var/db/repos/Local/tools/llvm-libc-probe/.prefix/include/c++/v1/__utility/integer_sequence.h
-- Installing: /var/db/repos/Local/tools/llvm-libc-probe/.prefix/include/c++/v1/__utility/is_pointer_in_range.h
-- Installing: /var/db/repos/Local/tools/llvm-libc-probe/.prefix/include/c++/v1/__utility/is_valid_range.h
-- Installing: /var/db/repos/Local/tools/llvm-libc-probe/.prefix/include/c++/v1/__utility/lazy_synth_three_way_comparator.h
-- Installing: /var/db/repos/Local/tools/llvm-libc-probe/.prefix/include/c++/v1/__utility/move.h
-- Installing: /var/db/repos/Local/tools/llvm-libc-probe/.prefix/include/c++/v1/__utility/no_destroy.h
-- Installing: /var/db/repos/Local/tools/llvm-libc-probe/.prefix/include/c++/v1/__utility/pair.h
-- Installing: /var/db/repos/Local/tools/llvm-libc-probe/.prefix/include/c++/v1/__utility/piecewise_construct.h
-- Installing: /var/db/repos/Local/tools/llvm-libc-probe/.prefix/include/c++/v1/__utility/priority_tag.h
-- Installing: /var/db/repos/Local/tools/llvm-libc-probe/.prefix/include/c++/v1/__utility/private_constructor_tag.h
-- Installing: /var/db/repos/Local/tools/llvm-libc-probe/.prefix/include/c++/v1/__utility/rel_ops.h
-- Installing: /var/db/repos/Local/tools/llvm-libc-probe/.prefix/include/c++/v1/__utility/scope_guard.h
-- Installing: /var/db/repos/Local/tools/llvm-libc-probe/.prefix/include/c++/v1/__utility/small_buffer.h
-- Installing: /var/db/repos/Local/tools/llvm-libc-probe/.prefix/include/c++/v1/__utility/swap.h
-- Installing: /var/db/repos/Local/tools/llvm-libc-probe/.prefix/include/c++/v1/__utility/to_underlying.h
-- Installing: /var/db/repos/Local/tools/llvm-libc-probe/.prefix/include/c++/v1/__utility/try_key_extraction.h
-- Installing: /var/db/repos/Local/tools/llvm-libc-probe/.prefix/include/c++/v1/__utility/unreachable.h
-- Installing: /var/db/repos/Local/tools/llvm-libc-probe/.prefix/include/c++/v1/__variant/monostate.h
-- Installing: /var/db/repos/Local/tools/llvm-libc-probe/.prefix/include/c++/v1/__vector/comparison.h
-- Installing: /var/db/repos/Local/tools/llvm-libc-probe/.prefix/include/c++/v1/__vector/container_traits.h
-- Installing: /var/db/repos/Local/tools/llvm-libc-probe/.prefix/include/c++/v1/__vector/erase.h
-- Installing: /var/db/repos/Local/tools/llvm-libc-probe/.prefix/include/c++/v1/__vector/pmr.h
-- Installing: /var/db/repos/Local/tools/llvm-libc-probe/.prefix/include/c++/v1/__vector/swap.h
-- Installing: /var/db/repos/Local/tools/llvm-libc-probe/.prefix/include/c++/v1/__vector/vector.h
-- Installing: /var/db/repos/Local/tools/llvm-libc-probe/.prefix/include/c++/v1/__vector/vector_bool.h
-- Installing: /var/db/repos/Local/tools/llvm-libc-probe/.prefix/include/c++/v1/__vector/vector_bool_formatter.h
-- Installing: /var/db/repos/Local/tools/llvm-libc-probe/.prefix/include/c++/v1/__verbose_abort
-- Installing: /var/db/repos/Local/tools/llvm-libc-probe/.prefix/include/c++/v1/__verbose_trap
-- Installing: /var/db/repos/Local/tools/llvm-libc-probe/.prefix/include/c++/v1/algorithm
-- Installing: /var/db/repos/Local/tools/llvm-libc-probe/.prefix/include/c++/v1/any
-- Installing: /var/db/repos/Local/tools/llvm-libc-probe/.prefix/include/c++/v1/array
-- Installing: /var/db/repos/Local/tools/llvm-libc-probe/.prefix/include/c++/v1/atomic
-- Installing: /var/db/repos/Local/tools/llvm-libc-probe/.prefix/include/c++/v1/barrier
-- Installing: /var/db/repos/Local/tools/llvm-libc-probe/.prefix/include/c++/v1/bit
-- Installing: /var/db/repos/Local/tools/llvm-libc-probe/.prefix/include/c++/v1/bitset
-- Installing: /var/db/repos/Local/tools/llvm-libc-probe/.prefix/include/c++/v1/cassert
-- Installing: /var/db/repos/Local/tools/llvm-libc-probe/.prefix/include/c++/v1/ccomplex
-- Installing: /var/db/repos/Local/tools/llvm-libc-probe/.prefix/include/c++/v1/cctype
-- Installing: /var/db/repos/Local/tools/llvm-libc-probe/.prefix/include/c++/v1/cerrno
-- Installing: /var/db/repos/Local/tools/llvm-libc-probe/.prefix/include/c++/v1/cfenv
-- Installing: /var/db/repos/Local/tools/llvm-libc-probe/.prefix/include/c++/v1/cfloat
-- Installing: /var/db/repos/Local/tools/llvm-libc-probe/.prefix/include/c++/v1/charconv
-- Installing: /var/db/repos/Local/tools/llvm-libc-probe/.prefix/include/c++/v1/chrono
-- Installing: /var/db/repos/Local/tools/llvm-libc-probe/.prefix/include/c++/v1/cinttypes
-- Installing: /var/db/repos/Local/tools/llvm-libc-probe/.prefix/include/c++/v1/ciso646
-- Installing: /var/db/repos/Local/tools/llvm-libc-probe/.prefix/include/c++/v1/climits
-- Installing: /var/db/repos/Local/tools/llvm-libc-probe/.prefix/include/c++/v1/clocale
-- Installing: /var/db/repos/Local/tools/llvm-libc-probe/.prefix/include/c++/v1/cmath
-- Installing: /var/db/repos/Local/tools/llvm-libc-probe/.prefix/include/c++/v1/codecvt
-- Installing: /var/db/repos/Local/tools/llvm-libc-probe/.prefix/include/c++/v1/compare
-- Installing: /var/db/repos/Local/tools/llvm-libc-probe/.prefix/include/c++/v1/complex
-- Installing: /var/db/repos/Local/tools/llvm-libc-probe/.prefix/include/c++/v1/complex.h
-- Installing: /var/db/repos/Local/tools/llvm-libc-probe/.prefix/include/c++/v1/concepts
-- Installing: /var/db/repos/Local/tools/llvm-libc-probe/.prefix/include/c++/v1/condition_variable
-- Installing: /var/db/repos/Local/tools/llvm-libc-probe/.prefix/include/c++/v1/coroutine
-- Installing: /var/db/repos/Local/tools/llvm-libc-probe/.prefix/include/c++/v1/csetjmp
-- Installing: /var/db/repos/Local/tools/llvm-libc-probe/.prefix/include/c++/v1/csignal
-- Installing: /var/db/repos/Local/tools/llvm-libc-probe/.prefix/include/c++/v1/cstdalign
-- Installing: /var/db/repos/Local/tools/llvm-libc-probe/.prefix/include/c++/v1/cstdarg
-- Installing: /var/db/repos/Local/tools/llvm-libc-probe/.prefix/include/c++/v1/cstdbool
-- Installing: /var/db/repos/Local/tools/llvm-libc-probe/.prefix/include/c++/v1/cstddef
-- Installing: /var/db/repos/Local/tools/llvm-libc-probe/.prefix/include/c++/v1/cstdint
-- Installing: /var/db/repos/Local/tools/llvm-libc-probe/.prefix/include/c++/v1/cstdio
-- Installing: /var/db/repos/Local/tools/llvm-libc-probe/.prefix/include/c++/v1/cstdlib
-- Installing: /var/db/repos/Local/tools/llvm-libc-probe/.prefix/include/c++/v1/cstring
-- Installing: /var/db/repos/Local/tools/llvm-libc-probe/.prefix/include/c++/v1/ctgmath
-- Installing: /var/db/repos/Local/tools/llvm-libc-probe/.prefix/include/c++/v1/ctime
-- Installing: /var/db/repos/Local/tools/llvm-libc-probe/.prefix/include/c++/v1/ctype.h
-- Installing: /var/db/repos/Local/tools/llvm-libc-probe/.prefix/include/c++/v1/cuchar
-- Installing: /var/db/repos/Local/tools/llvm-libc-probe/.prefix/include/c++/v1/cwchar
-- Installing: /var/db/repos/Local/tools/llvm-libc-probe/.prefix/include/c++/v1/cwctype
-- Installing: /var/db/repos/Local/tools/llvm-libc-probe/.prefix/include/c++/v1/deque
-- Installing: /var/db/repos/Local/tools/llvm-libc-probe/.prefix/include/c++/v1/errno.h
-- Installing: /var/db/repos/Local/tools/llvm-libc-probe/.prefix/include/c++/v1/exception
-- Installing: /var/db/repos/Local/tools/llvm-libc-probe/.prefix/include/c++/v1/execution
-- Installing: /var/db/repos/Local/tools/llvm-libc-probe/.prefix/include/c++/v1/expected
-- Installing: /var/db/repos/Local/tools/llvm-libc-probe/.prefix/include/c++/v1/experimental/__simd/aligned_tag.h
-- Installing: /var/db/repos/Local/tools/llvm-libc-probe/.prefix/include/c++/v1/experimental/__simd/declaration.h
-- Installing: /var/db/repos/Local/tools/llvm-libc-probe/.prefix/include/c++/v1/experimental/__simd/reference.h
-- Installing: /var/db/repos/Local/tools/llvm-libc-probe/.prefix/include/c++/v1/experimental/__simd/scalar.h
-- Installing: /var/db/repos/Local/tools/llvm-libc-probe/.prefix/include/c++/v1/experimental/__simd/simd.h
-- Installing: /var/db/repos/Local/tools/llvm-libc-probe/.prefix/include/c++/v1/experimental/__simd/simd_mask.h
-- Installing: /var/db/repos/Local/tools/llvm-libc-probe/.prefix/include/c++/v1/experimental/__simd/traits.h
-- Installing: /var/db/repos/Local/tools/llvm-libc-probe/.prefix/include/c++/v1/experimental/__simd/utility.h
-- Installing: /var/db/repos/Local/tools/llvm-libc-probe/.prefix/include/c++/v1/experimental/__simd/vec_ext.h
-- Installing: /var/db/repos/Local/tools/llvm-libc-probe/.prefix/include/c++/v1/experimental/iterator
-- Installing: /var/db/repos/Local/tools/llvm-libc-probe/.prefix/include/c++/v1/experimental/memory
-- Installing: /var/db/repos/Local/tools/llvm-libc-probe/.prefix/include/c++/v1/experimental/propagate_const
-- Installing: /var/db/repos/Local/tools/llvm-libc-probe/.prefix/include/c++/v1/experimental/simd
-- Installing: /var/db/repos/Local/tools/llvm-libc-probe/.prefix/include/c++/v1/experimental/type_traits
-- Installing: /var/db/repos/Local/tools/llvm-libc-probe/.prefix/include/c++/v1/experimental/utility
-- Installing: /var/db/repos/Local/tools/llvm-libc-probe/.prefix/include/c++/v1/ext/__hash
-- Installing: /var/db/repos/Local/tools/llvm-libc-probe/.prefix/include/c++/v1/ext/hash_map
-- Installing: /var/db/repos/Local/tools/llvm-libc-probe/.prefix/include/c++/v1/ext/hash_set
-- Installing: /var/db/repos/Local/tools/llvm-libc-probe/.prefix/include/c++/v1/fenv.h
-- Installing: /var/db/repos/Local/tools/llvm-libc-probe/.prefix/include/c++/v1/filesystem
-- Installing: /var/db/repos/Local/tools/llvm-libc-probe/.prefix/include/c++/v1/flat_map
-- Installing: /var/db/repos/Local/tools/llvm-libc-probe/.prefix/include/c++/v1/flat_set
-- Installing: /var/db/repos/Local/tools/llvm-libc-probe/.prefix/include/c++/v1/float.h
-- Installing: /var/db/repos/Local/tools/llvm-libc-probe/.prefix/include/c++/v1/format
-- Installing: /var/db/repos/Local/tools/llvm-libc-probe/.prefix/include/c++/v1/forward_list
-- Installing: /var/db/repos/Local/tools/llvm-libc-probe/.prefix/include/c++/v1/fstream
-- Installing: /var/db/repos/Local/tools/llvm-libc-probe/.prefix/include/c++/v1/functional
-- Installing: /var/db/repos/Local/tools/llvm-libc-probe/.prefix/include/c++/v1/future
-- Installing: /var/db/repos/Local/tools/llvm-libc-probe/.prefix/include/c++/v1/initializer_list
-- Installing: /var/db/repos/Local/tools/llvm-libc-probe/.prefix/include/c++/v1/inttypes.h
-- Installing: /var/db/repos/Local/tools/llvm-libc-probe/.prefix/include/c++/v1/iomanip
-- Installing: /var/db/repos/Local/tools/llvm-libc-probe/.prefix/include/c++/v1/ios
-- Installing: /var/db/repos/Local/tools/llvm-libc-probe/.prefix/include/c++/v1/iosfwd
-- Installing: /var/db/repos/Local/tools/llvm-libc-probe/.prefix/include/c++/v1/iostream
-- Installing: /var/db/repos/Local/tools/llvm-libc-probe/.prefix/include/c++/v1/istream
-- Installing: /var/db/repos/Local/tools/llvm-libc-probe/.prefix/include/c++/v1/iterator
-- Installing: /var/db/repos/Local/tools/llvm-libc-probe/.prefix/include/c++/v1/latch
-- Installing: /var/db/repos/Local/tools/llvm-libc-probe/.prefix/include/c++/v1/limits
-- Installing: /var/db/repos/Local/tools/llvm-libc-probe/.prefix/include/c++/v1/list
-- Installing: /var/db/repos/Local/tools/llvm-libc-probe/.prefix/include/c++/v1/locale
-- Installing: /var/db/repos/Local/tools/llvm-libc-probe/.prefix/include/c++/v1/map
-- Installing: /var/db/repos/Local/tools/llvm-libc-probe/.prefix/include/c++/v1/math.h
-- Installing: /var/db/repos/Local/tools/llvm-libc-probe/.prefix/include/c++/v1/mdspan
-- Installing: /var/db/repos/Local/tools/llvm-libc-probe/.prefix/include/c++/v1/memory
-- Installing: /var/db/repos/Local/tools/llvm-libc-probe/.prefix/include/c++/v1/memory_resource
-- Installing: /var/db/repos/Local/tools/llvm-libc-probe/.prefix/include/c++/v1/mutex
-- Installing: /var/db/repos/Local/tools/llvm-libc-probe/.prefix/include/c++/v1/new
-- Installing: /var/db/repos/Local/tools/llvm-libc-probe/.prefix/include/c++/v1/numbers
-- Installing: /var/db/repos/Local/tools/llvm-libc-probe/.prefix/include/c++/v1/numeric
-- Installing: /var/db/repos/Local/tools/llvm-libc-probe/.prefix/include/c++/v1/optional
-- Installing: /var/db/repos/Local/tools/llvm-libc-probe/.prefix/include/c++/v1/ostream
-- Installing: /var/db/repos/Local/tools/llvm-libc-probe/.prefix/include/c++/v1/print
-- Installing: /var/db/repos/Local/tools/llvm-libc-probe/.prefix/include/c++/v1/queue
-- Installing: /var/db/repos/Local/tools/llvm-libc-probe/.prefix/include/c++/v1/random
-- Installing: /var/db/repos/Local/tools/llvm-libc-probe/.prefix/include/c++/v1/ranges
-- Installing: /var/db/repos/Local/tools/llvm-libc-probe/.prefix/include/c++/v1/ratio
-- Installing: /var/db/repos/Local/tools/llvm-libc-probe/.prefix/include/c++/v1/regex
-- Installing: /var/db/repos/Local/tools/llvm-libc-probe/.prefix/include/c++/v1/scoped_allocator
-- Installing: /var/db/repos/Local/tools/llvm-libc-probe/.prefix/include/c++/v1/semaphore
-- Installing: /var/db/repos/Local/tools/llvm-libc-probe/.prefix/include/c++/v1/set
-- Installing: /var/db/repos/Local/tools/llvm-libc-probe/.prefix/include/c++/v1/shared_mutex
-- Installing: /var/db/repos/Local/tools/llvm-libc-probe/.prefix/include/c++/v1/source_location
-- Installing: /var/db/repos/Local/tools/llvm-libc-probe/.prefix/include/c++/v1/span
-- Installing: /var/db/repos/Local/tools/llvm-libc-probe/.prefix/include/c++/v1/sstream
-- Installing: /var/db/repos/Local/tools/llvm-libc-probe/.prefix/include/c++/v1/stack
-- Installing: /var/db/repos/Local/tools/llvm-libc-probe/.prefix/include/c++/v1/stdatomic.h
-- Installing: /var/db/repos/Local/tools/llvm-libc-probe/.prefix/include/c++/v1/stddef.h
-- Installing: /var/db/repos/Local/tools/llvm-libc-probe/.prefix/include/c++/v1/stdexcept
-- Installing: /var/db/repos/Local/tools/llvm-libc-probe/.prefix/include/c++/v1/stdio.h
-- Installing: /var/db/repos/Local/tools/llvm-libc-probe/.prefix/include/c++/v1/stdlib.h
-- Installing: /var/db/repos/Local/tools/llvm-libc-probe/.prefix/include/c++/v1/stop_token
-- Installing: /var/db/repos/Local/tools/llvm-libc-probe/.prefix/include/c++/v1/streambuf
-- Installing: /var/db/repos/Local/tools/llvm-libc-probe/.prefix/include/c++/v1/string
-- Installing: /var/db/repos/Local/tools/llvm-libc-probe/.prefix/include/c++/v1/string.h
-- Installing: /var/db/repos/Local/tools/llvm-libc-probe/.prefix/include/c++/v1/string_view
-- Installing: /var/db/repos/Local/tools/llvm-libc-probe/.prefix/include/c++/v1/strstream
-- Installing: /var/db/repos/Local/tools/llvm-libc-probe/.prefix/include/c++/v1/syncstream
-- Installing: /var/db/repos/Local/tools/llvm-libc-probe/.prefix/include/c++/v1/system_error
-- Installing: /var/db/repos/Local/tools/llvm-libc-probe/.prefix/include/c++/v1/tgmath.h
-- Installing: /var/db/repos/Local/tools/llvm-libc-probe/.prefix/include/c++/v1/thread
-- Installing: /var/db/repos/Local/tools/llvm-libc-probe/.prefix/include/c++/v1/tuple
-- Installing: /var/db/repos/Local/tools/llvm-libc-probe/.prefix/include/c++/v1/type_traits
-- Installing: /var/db/repos/Local/tools/llvm-libc-probe/.prefix/include/c++/v1/typeindex
-- Installing: /var/db/repos/Local/tools/llvm-libc-probe/.prefix/include/c++/v1/typeinfo
-- Installing: /var/db/repos/Local/tools/llvm-libc-probe/.prefix/include/c++/v1/uchar.h
-- Installing: /var/db/repos/Local/tools/llvm-libc-probe/.prefix/include/c++/v1/unordered_map
-- Installing: /var/db/repos/Local/tools/llvm-libc-probe/.prefix/include/c++/v1/unordered_set
-- Installing: /var/db/repos/Local/tools/llvm-libc-probe/.prefix/include/c++/v1/utility
-- Installing: /var/db/repos/Local/tools/llvm-libc-probe/.prefix/include/c++/v1/valarray
-- Installing: /var/db/repos/Local/tools/llvm-libc-probe/.prefix/include/c++/v1/variant
-- Installing: /var/db/repos/Local/tools/llvm-libc-probe/.prefix/include/c++/v1/vector
-- Installing: /var/db/repos/Local/tools/llvm-libc-probe/.prefix/include/c++/v1/version
-- Installing: /var/db/repos/Local/tools/llvm-libc-probe/.prefix/include/c++/v1/wchar.h
-- Installing: /var/db/repos/Local/tools/llvm-libc-probe/.prefix/include/c++/v1/wctype.h
-- Installing: /var/db/repos/Local/tools/llvm-libc-probe/.prefix/include/c++/v1/__cxx03/__algorithm/adjacent_find.h
-- Installing: /var/db/repos/Local/tools/llvm-libc-probe/.prefix/include/c++/v1/__cxx03/__algorithm/all_of.h
-- Installing: /var/db/repos/Local/tools/llvm-libc-probe/.prefix/include/c++/v1/__cxx03/__algorithm/any_of.h
-- Installing: /var/db/repos/Local/tools/llvm-libc-probe/.prefix/include/c++/v1/__cxx03/__algorithm/binary_search.h
-- Installing: /var/db/repos/Local/tools/llvm-libc-probe/.prefix/include/c++/v1/__cxx03/__algorithm/comp.h
-- Installing: /var/db/repos/Local/tools/llvm-libc-probe/.prefix/include/c++/v1/__cxx03/__algorithm/comp_ref_type.h
-- Installing: /var/db/repos/Local/tools/llvm-libc-probe/.prefix/include/c++/v1/__cxx03/__algorithm/copy.h
-- Installing: /var/db/repos/Local/tools/llvm-libc-probe/.prefix/include/c++/v1/__cxx03/__algorithm/copy_backward.h
-- Installing: /var/db/repos/Local/tools/llvm-libc-probe/.prefix/include/c++/v1/__cxx03/__algorithm/copy_if.h
-- Installing: /var/db/repos/Local/tools/llvm-libc-probe/.prefix/include/c++/v1/__cxx03/__algorithm/copy_move_common.h
-- Installing: /var/db/repos/Local/tools/llvm-libc-probe/.prefix/include/c++/v1/__cxx03/__algorithm/copy_n.h
-- Installing: /var/db/repos/Local/tools/llvm-libc-probe/.prefix/include/c++/v1/__cxx03/__algorithm/count.h
-- Installing: /var/db/repos/Local/tools/llvm-libc-probe/.prefix/include/c++/v1/__cxx03/__algorithm/count_if.h
-- Installing: /var/db/repos/Local/tools/llvm-libc-probe/.prefix/include/c++/v1/__cxx03/__algorithm/equal.h
-- Installing: /var/db/repos/Local/tools/llvm-libc-probe/.prefix/include/c++/v1/__cxx03/__algorithm/equal_range.h
-- Installing: /var/db/repos/Local/tools/llvm-libc-probe/.prefix/include/c++/v1/__cxx03/__algorithm/fill.h
-- Installing: /var/db/repos/Local/tools/llvm-libc-probe/.prefix/include/c++/v1/__cxx03/__algorithm/fill_n.h
-- Installing: /var/db/repos/Local/tools/llvm-libc-probe/.prefix/include/c++/v1/__cxx03/__algorithm/find.h
-- Installing: /var/db/repos/Local/tools/llvm-libc-probe/.prefix/include/c++/v1/__cxx03/__algorithm/find_end.h
-- Installing: /var/db/repos/Local/tools/llvm-libc-probe/.prefix/include/c++/v1/__cxx03/__algorithm/find_first_of.h
-- Installing: /var/db/repos/Local/tools/llvm-libc-probe/.prefix/include/c++/v1/__cxx03/__algorithm/find_if.h
-- Installing: /var/db/repos/Local/tools/llvm-libc-probe/.prefix/include/c++/v1/__cxx03/__algorithm/find_if_not.h
-- Installing: /var/db/repos/Local/tools/llvm-libc-probe/.prefix/include/c++/v1/__cxx03/__algorithm/find_segment_if.h
-- Installing: /var/db/repos/Local/tools/llvm-libc-probe/.prefix/include/c++/v1/__cxx03/__algorithm/for_each.h
-- Installing: /var/db/repos/Local/tools/llvm-libc-probe/.prefix/include/c++/v1/__cxx03/__algorithm/for_each_segment.h
-- Installing: /var/db/repos/Local/tools/llvm-libc-probe/.prefix/include/c++/v1/__cxx03/__algorithm/generate.h
-- Installing: /var/db/repos/Local/tools/llvm-libc-probe/.prefix/include/c++/v1/__cxx03/__algorithm/generate_n.h
-- Installing: /var/db/repos/Local/tools/llvm-libc-probe/.prefix/include/c++/v1/__cxx03/__algorithm/half_positive.h
-- Installing: /var/db/repos/Local/tools/llvm-libc-probe/.prefix/include/c++/v1/__cxx03/__algorithm/includes.h
-- Installing: /var/db/repos/Local/tools/llvm-libc-probe/.prefix/include/c++/v1/__cxx03/__algorithm/inplace_merge.h
-- Installing: /var/db/repos/Local/tools/llvm-libc-probe/.prefix/include/c++/v1/__cxx03/__algorithm/is_heap.h
-- Installing: /var/db/repos/Local/tools/llvm-libc-probe/.prefix/include/c++/v1/__cxx03/__algorithm/is_heap_until.h
-- Installing: /var/db/repos/Local/tools/llvm-libc-probe/.prefix/include/c++/v1/__cxx03/__algorithm/is_partitioned.h
-- Installing: /var/db/repos/Local/tools/llvm-libc-probe/.prefix/include/c++/v1/__cxx03/__algorithm/is_permutation.h
-- Installing: /var/db/repos/Local/tools/llvm-libc-probe/.prefix/include/c++/v1/__cxx03/__algorithm/is_sorted.h
-- Installing: /var/db/repos/Local/tools/llvm-libc-probe/.prefix/include/c++/v1/__cxx03/__algorithm/is_sorted_until.h
-- Installing: /var/db/repos/Local/tools/llvm-libc-probe/.prefix/include/c++/v1/__cxx03/__algorithm/iter_swap.h
-- Installing: /var/db/repos/Local/tools/llvm-libc-probe/.prefix/include/c++/v1/__cxx03/__algorithm/iterator_operations.h
-- Installing: /var/db/repos/Local/tools/llvm-libc-probe/.prefix/include/c++/v1/__cxx03/__algorithm/lexicographical_compare.h
-- Installing: /var/db/repos/Local/tools/llvm-libc-probe/.prefix/include/c++/v1/__cxx03/__algorithm/lower_bound.h
-- Installing: /var/db/repos/Local/tools/llvm-libc-probe/.prefix/include/c++/v1/__cxx03/__algorithm/make_heap.h
-- Installing: /var/db/repos/Local/tools/llvm-libc-probe/.prefix/include/c++/v1/__cxx03/__algorithm/make_projected.h
-- Installing: /var/db/repos/Local/tools/llvm-libc-probe/.prefix/include/c++/v1/__cxx03/__algorithm/max.h
-- Installing: /var/db/repos/Local/tools/llvm-libc-probe/.prefix/include/c++/v1/__cxx03/__algorithm/max_element.h
-- Installing: /var/db/repos/Local/tools/llvm-libc-probe/.prefix/include/c++/v1/__cxx03/__algorithm/merge.h
-- Installing: /var/db/repos/Local/tools/llvm-libc-probe/.prefix/include/c++/v1/__cxx03/__algorithm/min.h
-- Installing: /var/db/repos/Local/tools/llvm-libc-probe/.prefix/include/c++/v1/__cxx03/__algorithm/min_element.h
-- Installing: /var/db/repos/Local/tools/llvm-libc-probe/.prefix/include/c++/v1/__cxx03/__algorithm/minmax.h
-- Installing: /var/db/repos/Local/tools/llvm-libc-probe/.prefix/include/c++/v1/__cxx03/__algorithm/minmax_element.h
-- Installing: /var/db/repos/Local/tools/llvm-libc-probe/.prefix/include/c++/v1/__cxx03/__algorithm/mismatch.h
-- Installing: /var/db/repos/Local/tools/llvm-libc-probe/.prefix/include/c++/v1/__cxx03/__algorithm/move.h
-- Installing: /var/db/repos/Local/tools/llvm-libc-probe/.prefix/include/c++/v1/__cxx03/__algorithm/move_backward.h
-- Installing: /var/db/repos/Local/tools/llvm-libc-probe/.prefix/include/c++/v1/__cxx03/__algorithm/next_permutation.h
-- Installing: /var/db/repos/Local/tools/llvm-libc-probe/.prefix/include/c++/v1/__cxx03/__algorithm/none_of.h
-- Installing: /var/db/repos/Local/tools/llvm-libc-probe/.prefix/include/c++/v1/__cxx03/__algorithm/nth_element.h
-- Installing: /var/db/repos/Local/tools/llvm-libc-probe/.prefix/include/c++/v1/__cxx03/__algorithm/partial_sort.h
-- Installing: /var/db/repos/Local/tools/llvm-libc-probe/.prefix/include/c++/v1/__cxx03/__algorithm/partial_sort_copy.h
-- Installing: /var/db/repos/Local/tools/llvm-libc-probe/.prefix/include/c++/v1/__cxx03/__algorithm/partition.h
-- Installing: /var/db/repos/Local/tools/llvm-libc-probe/.prefix/include/c++/v1/__cxx03/__algorithm/partition_copy.h
-- Installing: /var/db/repos/Local/tools/llvm-libc-probe/.prefix/include/c++/v1/__cxx03/__algorithm/partition_point.h
-- Installing: /var/db/repos/Local/tools/llvm-libc-probe/.prefix/include/c++/v1/__cxx03/__algorithm/pop_heap.h
-- Installing: /var/db/repos/Local/tools/llvm-libc-probe/.prefix/include/c++/v1/__cxx03/__algorithm/prev_permutation.h
-- Installing: /var/db/repos/Local/tools/llvm-libc-probe/.prefix/include/c++/v1/__cxx03/__algorithm/push_heap.h
-- Installing: /var/db/repos/Local/tools/llvm-libc-probe/.prefix/include/c++/v1/__cxx03/__algorithm/remove.h
-- Installing: /var/db/repos/Local/tools/llvm-libc-probe/.prefix/include/c++/v1/__cxx03/__algorithm/remove_copy.h
-- Installing: /var/db/repos/Local/tools/llvm-libc-probe/.prefix/include/c++/v1/__cxx03/__algorithm/remove_copy_if.h
-- Installing: /var/db/repos/Local/tools/llvm-libc-probe/.prefix/include/c++/v1/__cxx03/__algorithm/remove_if.h
-- Installing: /var/db/repos/Local/tools/llvm-libc-probe/.prefix/include/c++/v1/__cxx03/__algorithm/replace.h
-- Installing: /var/db/repos/Local/tools/llvm-libc-probe/.prefix/include/c++/v1/__cxx03/__algorithm/replace_copy.h
-- Installing: /var/db/repos/Local/tools/llvm-libc-probe/.prefix/include/c++/v1/__cxx03/__algorithm/replace_copy_if.h
-- Installing: /var/db/repos/Local/tools/llvm-libc-probe/.prefix/include/c++/v1/__cxx03/__algorithm/replace_if.h
-- Installing: /var/db/repos/Local/tools/llvm-libc-probe/.prefix/include/c++/v1/__cxx03/__algorithm/reverse.h
-- Installing: /var/db/repos/Local/tools/llvm-libc-probe/.prefix/include/c++/v1/__cxx03/__algorithm/reverse_copy.h
-- Installing: /var/db/repos/Local/tools/llvm-libc-probe/.prefix/include/c++/v1/__cxx03/__algorithm/rotate.h
-- Installing: /var/db/repos/Local/tools/llvm-libc-probe/.prefix/include/c++/v1/__cxx03/__algorithm/rotate_copy.h
-- Installing: /var/db/repos/Local/tools/llvm-libc-probe/.prefix/include/c++/v1/__cxx03/__algorithm/search.h
-- Installing: /var/db/repos/Local/tools/llvm-libc-probe/.prefix/include/c++/v1/__cxx03/__algorithm/search_n.h
-- Installing: /var/db/repos/Local/tools/llvm-libc-probe/.prefix/include/c++/v1/__cxx03/__algorithm/set_difference.h
-- Installing: /var/db/repos/Local/tools/llvm-libc-probe/.prefix/include/c++/v1/__cxx03/__algorithm/set_intersection.h
-- Installing: /var/db/repos/Local/tools/llvm-libc-probe/.prefix/include/c++/v1/__cxx03/__algorithm/set_symmetric_difference.h
-- Installing: /var/db/repos/Local/tools/llvm-libc-probe/.prefix/include/c++/v1/__cxx03/__algorithm/set_union.h
-- Installing: /var/db/repos/Local/tools/llvm-libc-probe/.prefix/include/c++/v1/__cxx03/__algorithm/shuffle.h
-- Installing: /var/db/repos/Local/tools/llvm-libc-probe/.prefix/include/c++/v1/__cxx03/__algorithm/sift_down.h
-- Installing: /var/db/repos/Local/tools/llvm-libc-probe/.prefix/include/c++/v1/__cxx03/__algorithm/simd_utils.h
-- Installing: /var/db/repos/Local/tools/llvm-libc-probe/.prefix/include/c++/v1/__cxx03/__algorithm/sort.h
-- Installing: /var/db/repos/Local/tools/llvm-libc-probe/.prefix/include/c++/v1/__cxx03/__algorithm/sort_heap.h
-- Installing: /var/db/repos/Local/tools/llvm-libc-probe/.prefix/include/c++/v1/__cxx03/__algorithm/stable_partition.h
-- Installing: /var/db/repos/Local/tools/llvm-libc-probe/.prefix/include/c++/v1/__cxx03/__algorithm/stable_sort.h
-- Installing: /var/db/repos/Local/tools/llvm-libc-probe/.prefix/include/c++/v1/__cxx03/__algorithm/swap_ranges.h
-- Installing: /var/db/repos/Local/tools/llvm-libc-probe/.prefix/include/c++/v1/__cxx03/__algorithm/three_way_comp_ref_type.h
-- Installing: /var/db/repos/Local/tools/llvm-libc-probe/.prefix/include/c++/v1/__cxx03/__algorithm/transform.h
-- Installing: /var/db/repos/Local/tools/llvm-libc-probe/.prefix/include/c++/v1/__cxx03/__algorithm/uniform_random_bit_generator_adaptor.h
-- Installing: /var/db/repos/Local/tools/llvm-libc-probe/.prefix/include/c++/v1/__cxx03/__algorithm/unique.h
-- Installing: /var/db/repos/Local/tools/llvm-libc-probe/.prefix/include/c++/v1/__cxx03/__algorithm/unique_copy.h
-- Installing: /var/db/repos/Local/tools/llvm-libc-probe/.prefix/include/c++/v1/__cxx03/__algorithm/unwrap_iter.h
-- Installing: /var/db/repos/Local/tools/llvm-libc-probe/.prefix/include/c++/v1/__cxx03/__algorithm/unwrap_range.h
-- Installing: /var/db/repos/Local/tools/llvm-libc-probe/.prefix/include/c++/v1/__cxx03/__algorithm/upper_bound.h
-- Installing: /var/db/repos/Local/tools/llvm-libc-probe/.prefix/include/c++/v1/__cxx03/__assert
-- Installing: /var/db/repos/Local/tools/llvm-libc-probe/.prefix/include/c++/v1/__cxx03/__atomic/aliases.h
-- Installing: /var/db/repos/Local/tools/llvm-libc-probe/.prefix/include/c++/v1/__cxx03/__atomic/atomic.h
-- Installing: /var/db/repos/Local/tools/llvm-libc-probe/.prefix/include/c++/v1/__cxx03/__atomic/atomic_base.h
-- Installing: /var/db/repos/Local/tools/llvm-libc-probe/.prefix/include/c++/v1/__cxx03/__atomic/atomic_flag.h
-- Installing: /var/db/repos/Local/tools/llvm-libc-probe/.prefix/include/c++/v1/__cxx03/__atomic/atomic_init.h
-- Installing: /var/db/repos/Local/tools/llvm-libc-probe/.prefix/include/c++/v1/__cxx03/__atomic/atomic_lock_free.h
-- Installing: /var/db/repos/Local/tools/llvm-libc-probe/.prefix/include/c++/v1/__cxx03/__atomic/atomic_sync.h
-- Installing: /var/db/repos/Local/tools/llvm-libc-probe/.prefix/include/c++/v1/__cxx03/__atomic/check_memory_order.h
-- Installing: /var/db/repos/Local/tools/llvm-libc-probe/.prefix/include/c++/v1/__cxx03/__atomic/contention_t.h
-- Installing: /var/db/repos/Local/tools/llvm-libc-probe/.prefix/include/c++/v1/__cxx03/__atomic/cxx_atomic_impl.h
-- Installing: /var/db/repos/Local/tools/llvm-libc-probe/.prefix/include/c++/v1/__cxx03/__atomic/fence.h
-- Installing: /var/db/repos/Local/tools/llvm-libc-probe/.prefix/include/c++/v1/__cxx03/__atomic/is_always_lock_free.h
-- Installing: /var/db/repos/Local/tools/llvm-libc-probe/.prefix/include/c++/v1/__cxx03/__atomic/kill_dependency.h
-- Installing: /var/db/repos/Local/tools/llvm-libc-probe/.prefix/include/c++/v1/__cxx03/__atomic/memory_order.h
-- Installing: /var/db/repos/Local/tools/llvm-libc-probe/.prefix/include/c++/v1/__cxx03/__atomic/to_gcc_order.h
-- Installing: /var/db/repos/Local/tools/llvm-libc-probe/.prefix/include/c++/v1/__cxx03/__bit/blsr.h
-- Installing: /var/db/repos/Local/tools/llvm-libc-probe/.prefix/include/c++/v1/__cxx03/__bit/countl.h
-- Installing: /var/db/repos/Local/tools/llvm-libc-probe/.prefix/include/c++/v1/__cxx03/__bit/countr.h
-- Installing: /var/db/repos/Local/tools/llvm-libc-probe/.prefix/include/c++/v1/__cxx03/__bit/invert_if.h
-- Installing: /var/db/repos/Local/tools/llvm-libc-probe/.prefix/include/c++/v1/__cxx03/__bit/popcount.h
-- Installing: /var/db/repos/Local/tools/llvm-libc-probe/.prefix/include/c++/v1/__cxx03/__bit/rotate.h
-- Installing: /var/db/repos/Local/tools/llvm-libc-probe/.prefix/include/c++/v1/__cxx03/__bit_reference
-- Installing: /var/db/repos/Local/tools/llvm-libc-probe/.prefix/include/c++/v1/__cxx03/__chrono/convert_to_timespec.h
-- Installing: /var/db/repos/Local/tools/llvm-libc-probe/.prefix/include/c++/v1/__cxx03/__chrono/duration.h
-- Installing: /var/db/repos/Local/tools/llvm-libc-probe/.prefix/include/c++/v1/__cxx03/__chrono/high_resolution_clock.h
-- Installing: /var/db/repos/Local/tools/llvm-libc-probe/.prefix/include/c++/v1/__cxx03/__chrono/steady_clock.h
-- Installing: /var/db/repos/Local/tools/llvm-libc-probe/.prefix/include/c++/v1/__cxx03/__chrono/system_clock.h
-- Installing: /var/db/repos/Local/tools/llvm-libc-probe/.prefix/include/c++/v1/__cxx03/__chrono/time_point.h
-- Installing: /var/db/repos/Local/tools/llvm-libc-probe/.prefix/include/c++/v1/__cxx03/__condition_variable/condition_variable.h
-- Installing: /var/db/repos/Local/tools/llvm-libc-probe/.prefix/include/c++/v1/__cxx03/__config
-- Installing: /var/db/repos/Local/tools/llvm-libc-probe/.prefix/include/c++/v1/__cxx03/__configuration/abi.h
-- Installing: /var/db/repos/Local/tools/llvm-libc-probe/.prefix/include/c++/v1/__cxx03/__configuration/availability.h
-- Installing: /var/db/repos/Local/tools/llvm-libc-probe/.prefix/include/c++/v1/__cxx03/__configuration/compiler.h
-- Installing: /var/db/repos/Local/tools/llvm-libc-probe/.prefix/include/c++/v1/__cxx03/__configuration/config_site_shim.h
-- Installing: /var/db/repos/Local/tools/llvm-libc-probe/.prefix/include/c++/v1/__cxx03/__configuration/language.h
-- Installing: /var/db/repos/Local/tools/llvm-libc-probe/.prefix/include/c++/v1/__cxx03/__configuration/platform.h
-- Installing: /var/db/repos/Local/tools/llvm-libc-probe/.prefix/include/c++/v1/__cxx03/__debug_utils/randomize_range.h
-- Installing: /var/db/repos/Local/tools/llvm-libc-probe/.prefix/include/c++/v1/__cxx03/__debug_utils/sanitizers.h
-- Installing: /var/db/repos/Local/tools/llvm-libc-probe/.prefix/include/c++/v1/__cxx03/__debug_utils/strict_weak_ordering_check.h
-- Installing: /var/db/repos/Local/tools/llvm-libc-probe/.prefix/include/c++/v1/__cxx03/__exception/exception.h
-- Installing: /var/db/repos/Local/tools/llvm-libc-probe/.prefix/include/c++/v1/__cxx03/__exception/exception_ptr.h
-- Installing: /var/db/repos/Local/tools/llvm-libc-probe/.prefix/include/c++/v1/__cxx03/__exception/nested_exception.h
-- Installing: /var/db/repos/Local/tools/llvm-libc-probe/.prefix/include/c++/v1/__cxx03/__exception/operations.h
-- Installing: /var/db/repos/Local/tools/llvm-libc-probe/.prefix/include/c++/v1/__cxx03/__exception/terminate.h
-- Installing: /var/db/repos/Local/tools/llvm-libc-probe/.prefix/include/c++/v1/__cxx03/__functional/binary_function.h
-- Installing: /var/db/repos/Local/tools/llvm-libc-probe/.prefix/include/c++/v1/__cxx03/__functional/binary_negate.h
-- Installing: /var/db/repos/Local/tools/llvm-libc-probe/.prefix/include/c++/v1/__cxx03/__functional/bind.h
-- Installing: /var/db/repos/Local/tools/llvm-libc-probe/.prefix/include/c++/v1/__cxx03/__functional/binder1st.h
-- Installing: /var/db/repos/Local/tools/llvm-libc-probe/.prefix/include/c++/v1/__cxx03/__functional/binder2nd.h
-- Installing: /var/db/repos/Local/tools/llvm-libc-probe/.prefix/include/c++/v1/__cxx03/__functional/hash.h
-- Installing: /var/db/repos/Local/tools/llvm-libc-probe/.prefix/include/c++/v1/__cxx03/__functional/identity.h
-- Installing: /var/db/repos/Local/tools/llvm-libc-probe/.prefix/include/c++/v1/__cxx03/__functional/mem_fn.h
-- Installing: /var/db/repos/Local/tools/llvm-libc-probe/.prefix/include/c++/v1/__cxx03/__functional/mem_fun_ref.h
-- Installing: /var/db/repos/Local/tools/llvm-libc-probe/.prefix/include/c++/v1/__cxx03/__functional/operations.h
-- Installing: /var/db/repos/Local/tools/llvm-libc-probe/.prefix/include/c++/v1/__cxx03/__functional/pointer_to_binary_function.h
-- Installing: /var/db/repos/Local/tools/llvm-libc-probe/.prefix/include/c++/v1/__cxx03/__functional/pointer_to_unary_function.h
-- Installing: /var/db/repos/Local/tools/llvm-libc-probe/.prefix/include/c++/v1/__cxx03/__functional/reference_wrapper.h
-- Installing: /var/db/repos/Local/tools/llvm-libc-probe/.prefix/include/c++/v1/__cxx03/__functional/unary_function.h
-- Installing: /var/db/repos/Local/tools/llvm-libc-probe/.prefix/include/c++/v1/__cxx03/__functional/unary_negate.h
-- Installing: /var/db/repos/Local/tools/llvm-libc-probe/.prefix/include/c++/v1/__cxx03/__functional/weak_result_type.h
-- Installing: /var/db/repos/Local/tools/llvm-libc-probe/.prefix/include/c++/v1/__cxx03/__fwd/array.h
-- Installing: /var/db/repos/Local/tools/llvm-libc-probe/.prefix/include/c++/v1/__cxx03/__fwd/bit_reference.h
-- Installing: /var/db/repos/Local/tools/llvm-libc-probe/.prefix/include/c++/v1/__cxx03/__fwd/complex.h
-- Installing: /var/db/repos/Local/tools/llvm-libc-probe/.prefix/include/c++/v1/__cxx03/__fwd/deque.h
-- Installing: /var/db/repos/Local/tools/llvm-libc-probe/.prefix/include/c++/v1/__cxx03/__fwd/fstream.h
-- Installing: /var/db/repos/Local/tools/llvm-libc-probe/.prefix/include/c++/v1/__cxx03/__fwd/functional.h
-- Installing: /var/db/repos/Local/tools/llvm-libc-probe/.prefix/include/c++/v1/__cxx03/__fwd/ios.h
-- Installing: /var/db/repos/Local/tools/llvm-libc-probe/.prefix/include/c++/v1/__cxx03/__fwd/istream.h
-- Installing: /var/db/repos/Local/tools/llvm-libc-probe/.prefix/include/c++/v1/__cxx03/__fwd/memory.h
-- Installing: /var/db/repos/Local/tools/llvm-libc-probe/.prefix/include/c++/v1/__cxx03/__fwd/ostream.h
-- Installing: /var/db/repos/Local/tools/llvm-libc-probe/.prefix/include/c++/v1/__cxx03/__fwd/pair.h
-- Installing: /var/db/repos/Local/tools/llvm-libc-probe/.prefix/include/c++/v1/__cxx03/__fwd/queue.h
-- Installing: /var/db/repos/Local/tools/llvm-libc-probe/.prefix/include/c++/v1/__cxx03/__fwd/sstream.h
-- Installing: /var/db/repos/Local/tools/llvm-libc-probe/.prefix/include/c++/v1/__cxx03/__fwd/stack.h
-- Installing: /var/db/repos/Local/tools/llvm-libc-probe/.prefix/include/c++/v1/__cxx03/__fwd/streambuf.h
-- Installing: /var/db/repos/Local/tools/llvm-libc-probe/.prefix/include/c++/v1/__cxx03/__fwd/string.h
-- Installing: /var/db/repos/Local/tools/llvm-libc-probe/.prefix/include/c++/v1/__cxx03/__fwd/string_view.h
-- Installing: /var/db/repos/Local/tools/llvm-libc-probe/.prefix/include/c++/v1/__cxx03/__fwd/tuple.h
-- Installing: /var/db/repos/Local/tools/llvm-libc-probe/.prefix/include/c++/v1/__cxx03/__fwd/vector.h
-- Installing: /var/db/repos/Local/tools/llvm-libc-probe/.prefix/include/c++/v1/__cxx03/__hash_table
-- Installing: /var/db/repos/Local/tools/llvm-libc-probe/.prefix/include/c++/v1/__cxx03/__ios/fpos.h
-- Installing: /var/db/repos/Local/tools/llvm-libc-probe/.prefix/include/c++/v1/__cxx03/__iterator/access.h
-- Installing: /var/db/repos/Local/tools/llvm-libc-probe/.prefix/include/c++/v1/__cxx03/__iterator/advance.h
-- Installing: /var/db/repos/Local/tools/llvm-libc-probe/.prefix/include/c++/v1/__cxx03/__iterator/aliasing_iterator.h
-- Installing: /var/db/repos/Local/tools/llvm-libc-probe/.prefix/include/c++/v1/__cxx03/__iterator/back_insert_iterator.h
-- Installing: /var/db/repos/Local/tools/llvm-libc-probe/.prefix/include/c++/v1/__cxx03/__iterator/bounded_iter.h
-- Installing: /var/db/repos/Local/tools/llvm-libc-probe/.prefix/include/c++/v1/__cxx03/__iterator/distance.h
-- Installing: /var/db/repos/Local/tools/llvm-libc-probe/.prefix/include/c++/v1/__cxx03/__iterator/erase_if_container.h
-- Installing: /var/db/repos/Local/tools/llvm-libc-probe/.prefix/include/c++/v1/__cxx03/__iterator/front_insert_iterator.h
-- Installing: /var/db/repos/Local/tools/llvm-libc-probe/.prefix/include/c++/v1/__cxx03/__iterator/insert_iterator.h
-- Installing: /var/db/repos/Local/tools/llvm-libc-probe/.prefix/include/c++/v1/__cxx03/__iterator/istream_iterator.h
-- Installing: /var/db/repos/Local/tools/llvm-libc-probe/.prefix/include/c++/v1/__cxx03/__iterator/istreambuf_iterator.h
-- Installing: /var/db/repos/Local/tools/llvm-libc-probe/.prefix/include/c++/v1/__cxx03/__iterator/iterator.h
-- Installing: /var/db/repos/Local/tools/llvm-libc-probe/.prefix/include/c++/v1/__cxx03/__iterator/iterator_traits.h
-- Installing: /var/db/repos/Local/tools/llvm-libc-probe/.prefix/include/c++/v1/__cxx03/__iterator/move_iterator.h
-- Installing: /var/db/repos/Local/tools/llvm-libc-probe/.prefix/include/c++/v1/__cxx03/__iterator/next.h
-- Installing: /var/db/repos/Local/tools/llvm-libc-probe/.prefix/include/c++/v1/__cxx03/__iterator/ostream_iterator.h
-- Installing: /var/db/repos/Local/tools/llvm-libc-probe/.prefix/include/c++/v1/__cxx03/__iterator/ostreambuf_iterator.h
-- Installing: /var/db/repos/Local/tools/llvm-libc-probe/.prefix/include/c++/v1/__cxx03/__iterator/prev.h
-- Installing: /var/db/repos/Local/tools/llvm-libc-probe/.prefix/include/c++/v1/__cxx03/__iterator/reverse_iterator.h
-- Installing: /var/db/repos/Local/tools/llvm-libc-probe/.prefix/include/c++/v1/__cxx03/__iterator/segmented_iterator.h
-- Installing: /var/db/repos/Local/tools/llvm-libc-probe/.prefix/include/c++/v1/__cxx03/__iterator/wrap_iter.h
-- Installing: /var/db/repos/Local/tools/llvm-libc-probe/.prefix/include/c++/v1/__cxx03/__locale
-- Installing: /var/db/repos/Local/tools/llvm-libc-probe/.prefix/include/c++/v1/__cxx03/__locale_dir/locale_base_api.h
-- Installing: /var/db/repos/Local/tools/llvm-libc-probe/.prefix/include/c++/v1/__cxx03/__locale_dir/locale_base_api/android.h
-- Installing: /var/db/repos/Local/tools/llvm-libc-probe/.prefix/include/c++/v1/__cxx03/__locale_dir/locale_base_api/bsd_locale_defaults.h
-- Installing: /var/db/repos/Local/tools/llvm-libc-probe/.prefix/include/c++/v1/__cxx03/__locale_dir/locale_base_api/bsd_locale_fallbacks.h
-- Installing: /var/db/repos/Local/tools/llvm-libc-probe/.prefix/include/c++/v1/__cxx03/__locale_dir/locale_base_api/fuchsia.h
-- Installing: /var/db/repos/Local/tools/llvm-libc-probe/.prefix/include/c++/v1/__cxx03/__locale_dir/locale_base_api/ibm.h
-- Installing: /var/db/repos/Local/tools/llvm-libc-probe/.prefix/include/c++/v1/__cxx03/__locale_dir/locale_base_api/locale_guard.h
-- Installing: /var/db/repos/Local/tools/llvm-libc-probe/.prefix/include/c++/v1/__cxx03/__locale_dir/locale_base_api/musl.h
-- Installing: /var/db/repos/Local/tools/llvm-libc-probe/.prefix/include/c++/v1/__cxx03/__locale_dir/locale_base_api/newlib.h
-- Installing: /var/db/repos/Local/tools/llvm-libc-probe/.prefix/include/c++/v1/__cxx03/__locale_dir/locale_base_api/openbsd.h
-- Installing: /var/db/repos/Local/tools/llvm-libc-probe/.prefix/include/c++/v1/__cxx03/__locale_dir/locale_base_api/win32.h
-- Installing: /var/db/repos/Local/tools/llvm-libc-probe/.prefix/include/c++/v1/__cxx03/__math/abs.h
-- Installing: /var/db/repos/Local/tools/llvm-libc-probe/.prefix/include/c++/v1/__cxx03/__math/copysign.h
-- Installing: /var/db/repos/Local/tools/llvm-libc-probe/.prefix/include/c++/v1/__cxx03/__math/error_functions.h
-- Installing: /var/db/repos/Local/tools/llvm-libc-probe/.prefix/include/c++/v1/__cxx03/__math/exponential_functions.h
-- Installing: /var/db/repos/Local/tools/llvm-libc-probe/.prefix/include/c++/v1/__cxx03/__math/fdim.h
-- Installing: /var/db/repos/Local/tools/llvm-libc-probe/.prefix/include/c++/v1/__cxx03/__math/fma.h
-- Installing: /var/db/repos/Local/tools/llvm-libc-probe/.prefix/include/c++/v1/__cxx03/__math/gamma.h
-- Installing: /var/db/repos/Local/tools/llvm-libc-probe/.prefix/include/c++/v1/__cxx03/__math/hyperbolic_functions.h
-- Installing: /var/db/repos/Local/tools/llvm-libc-probe/.prefix/include/c++/v1/__cxx03/__math/hypot.h
-- Installing: /var/db/repos/Local/tools/llvm-libc-probe/.prefix/include/c++/v1/__cxx03/__math/inverse_hyperbolic_functions.h
-- Installing: /var/db/repos/Local/tools/llvm-libc-probe/.prefix/include/c++/v1/__cxx03/__math/inverse_trigonometric_functions.h
-- Installing: /var/db/repos/Local/tools/llvm-libc-probe/.prefix/include/c++/v1/__cxx03/__math/logarithms.h
-- Installing: /var/db/repos/Local/tools/llvm-libc-probe/.prefix/include/c++/v1/__cxx03/__math/min_max.h
-- Installing: /var/db/repos/Local/tools/llvm-libc-probe/.prefix/include/c++/v1/__cxx03/__math/modulo.h
-- Installing: /var/db/repos/Local/tools/llvm-libc-probe/.prefix/include/c++/v1/__cxx03/__math/remainder.h
-- Installing: /var/db/repos/Local/tools/llvm-libc-probe/.prefix/include/c++/v1/__cxx03/__math/roots.h
-- Installing: /var/db/repos/Local/tools/llvm-libc-probe/.prefix/include/c++/v1/__cxx03/__math/rounding_functions.h
-- Installing: /var/db/repos/Local/tools/llvm-libc-probe/.prefix/include/c++/v1/__cxx03/__math/traits.h
-- Installing: /var/db/repos/Local/tools/llvm-libc-probe/.prefix/include/c++/v1/__cxx03/__math/trigonometric_functions.h
-- Installing: /var/db/repos/Local/tools/llvm-libc-probe/.prefix/include/c++/v1/__cxx03/__mbstate_t.h
-- Installing: /var/db/repos/Local/tools/llvm-libc-probe/.prefix/include/c++/v1/__cxx03/__memory/addressof.h
-- Installing: /var/db/repos/Local/tools/llvm-libc-probe/.prefix/include/c++/v1/__cxx03/__memory/align.h
-- Installing: /var/db/repos/Local/tools/llvm-libc-probe/.prefix/include/c++/v1/__cxx03/__memory/aligned_alloc.h
-- Installing: /var/db/repos/Local/tools/llvm-libc-probe/.prefix/include/c++/v1/__cxx03/__memory/allocate_at_least.h
-- Installing: /var/db/repos/Local/tools/llvm-libc-probe/.prefix/include/c++/v1/__cxx03/__memory/allocation_guard.h
-- Installing: /var/db/repos/Local/tools/llvm-libc-probe/.prefix/include/c++/v1/__cxx03/__memory/allocator.h
-- Installing: /var/db/repos/Local/tools/llvm-libc-probe/.prefix/include/c++/v1/__cxx03/__memory/allocator_arg_t.h
-- Installing: /var/db/repos/Local/tools/llvm-libc-probe/.prefix/include/c++/v1/__cxx03/__memory/allocator_destructor.h
-- Installing: /var/db/repos/Local/tools/llvm-libc-probe/.prefix/include/c++/v1/__cxx03/__memory/allocator_traits.h
-- Installing: /var/db/repos/Local/tools/llvm-libc-probe/.prefix/include/c++/v1/__cxx03/__memory/assume_aligned.h
-- Installing: /var/db/repos/Local/tools/llvm-libc-probe/.prefix/include/c++/v1/__cxx03/__memory/auto_ptr.h
-- Installing: /var/db/repos/Local/tools/llvm-libc-probe/.prefix/include/c++/v1/__cxx03/__memory/builtin_new_allocator.h
-- Installing: /var/db/repos/Local/tools/llvm-libc-probe/.prefix/include/c++/v1/__cxx03/__memory/compressed_pair.h
-- Installing: /var/db/repos/Local/tools/llvm-libc-probe/.prefix/include/c++/v1/__cxx03/__memory/construct_at.h
-- Installing: /var/db/repos/Local/tools/llvm-libc-probe/.prefix/include/c++/v1/__cxx03/__memory/destruct_n.h
-- Installing: /var/db/repos/Local/tools/llvm-libc-probe/.prefix/include/c++/v1/__cxx03/__memory/pointer_traits.h
-- Installing: /var/db/repos/Local/tools/llvm-libc-probe/.prefix/include/c++/v1/__cxx03/__memory/raw_storage_iterator.h
-- Installing: /var/db/repos/Local/tools/llvm-libc-probe/.prefix/include/c++/v1/__cxx03/__memory/shared_ptr.h
-- Installing: /var/db/repos/Local/tools/llvm-libc-probe/.prefix/include/c++/v1/__cxx03/__memory/swap_allocator.h
-- Installing: /var/db/repos/Local/tools/llvm-libc-probe/.prefix/include/c++/v1/__cxx03/__memory/temp_value.h
-- Installing: /var/db/repos/Local/tools/llvm-libc-probe/.prefix/include/c++/v1/__cxx03/__memory/temporary_buffer.h
-- Installing: /var/db/repos/Local/tools/llvm-libc-probe/.prefix/include/c++/v1/__cxx03/__memory/uninitialized_algorithms.h
-- Installing: /var/db/repos/Local/tools/llvm-libc-probe/.prefix/include/c++/v1/__cxx03/__memory/unique_ptr.h
-- Installing: /var/db/repos/Local/tools/llvm-libc-probe/.prefix/include/c++/v1/__cxx03/__memory/uses_allocator.h
-- Installing: /var/db/repos/Local/tools/llvm-libc-probe/.prefix/include/c++/v1/__cxx03/__memory/voidify.h
-- Installing: /var/db/repos/Local/tools/llvm-libc-probe/.prefix/include/c++/v1/__cxx03/__mutex/lock_guard.h
-- Installing: /var/db/repos/Local/tools/llvm-libc-probe/.prefix/include/c++/v1/__cxx03/__mutex/mutex.h
-- Installing: /var/db/repos/Local/tools/llvm-libc-probe/.prefix/include/c++/v1/__cxx03/__mutex/once_flag.h
-- Installing: /var/db/repos/Local/tools/llvm-libc-probe/.prefix/include/c++/v1/__cxx03/__mutex/tag_types.h
-- Installing: /var/db/repos/Local/tools/llvm-libc-probe/.prefix/include/c++/v1/__cxx03/__mutex/unique_lock.h
-- Installing: /var/db/repos/Local/tools/llvm-libc-probe/.prefix/include/c++/v1/__cxx03/__numeric/accumulate.h
-- Installing: /var/db/repos/Local/tools/llvm-libc-probe/.prefix/include/c++/v1/__cxx03/__numeric/adjacent_difference.h
-- Installing: /var/db/repos/Local/tools/llvm-libc-probe/.prefix/include/c++/v1/__cxx03/__numeric/inner_product.h
-- Installing: /var/db/repos/Local/tools/llvm-libc-probe/.prefix/include/c++/v1/__cxx03/__numeric/iota.h
-- Installing: /var/db/repos/Local/tools/llvm-libc-probe/.prefix/include/c++/v1/__cxx03/__numeric/partial_sum.h
-- Installing: /var/db/repos/Local/tools/llvm-libc-probe/.prefix/include/c++/v1/__cxx03/__ostream/basic_ostream.h
-- Installing: /var/db/repos/Local/tools/llvm-libc-probe/.prefix/include/c++/v1/__cxx03/__random/bernoulli_distribution.h
-- Installing: /var/db/repos/Local/tools/llvm-libc-probe/.prefix/include/c++/v1/__cxx03/__random/binomial_distribution.h
-- Installing: /var/db/repos/Local/tools/llvm-libc-probe/.prefix/include/c++/v1/__cxx03/__random/cauchy_distribution.h
-- Installing: /var/db/repos/Local/tools/llvm-libc-probe/.prefix/include/c++/v1/__cxx03/__random/chi_squared_distribution.h
-- Installing: /var/db/repos/Local/tools/llvm-libc-probe/.prefix/include/c++/v1/__cxx03/__random/clamp_to_integral.h
-- Installing: /var/db/repos/Local/tools/llvm-libc-probe/.prefix/include/c++/v1/__cxx03/__random/default_random_engine.h
-- Installing: /var/db/repos/Local/tools/llvm-libc-probe/.prefix/include/c++/v1/__cxx03/__random/discard_block_engine.h
-- Installing: /var/db/repos/Local/tools/llvm-libc-probe/.prefix/include/c++/v1/__cxx03/__random/discrete_distribution.h
-- Installing: /var/db/repos/Local/tools/llvm-libc-probe/.prefix/include/c++/v1/__cxx03/__random/exponential_distribution.h
-- Installing: /var/db/repos/Local/tools/llvm-libc-probe/.prefix/include/c++/v1/__cxx03/__random/extreme_value_distribution.h
-- Installing: /var/db/repos/Local/tools/llvm-libc-probe/.prefix/include/c++/v1/__cxx03/__random/fisher_f_distribution.h
-- Installing: /var/db/repos/Local/tools/llvm-libc-probe/.prefix/include/c++/v1/__cxx03/__random/gamma_distribution.h
-- Installing: /var/db/repos/Local/tools/llvm-libc-probe/.prefix/include/c++/v1/__cxx03/__random/generate_canonical.h
-- Installing: /var/db/repos/Local/tools/llvm-libc-probe/.prefix/include/c++/v1/__cxx03/__random/geometric_distribution.h
-- Installing: /var/db/repos/Local/tools/llvm-libc-probe/.prefix/include/c++/v1/__cxx03/__random/independent_bits_engine.h
-- Installing: /var/db/repos/Local/tools/llvm-libc-probe/.prefix/include/c++/v1/__cxx03/__random/is_seed_sequence.h
-- Installing: /var/db/repos/Local/tools/llvm-libc-probe/.prefix/include/c++/v1/__cxx03/__random/is_valid.h
-- Installing: /var/db/repos/Local/tools/llvm-libc-probe/.prefix/include/c++/v1/__cxx03/__random/knuth_b.h
-- Installing: /var/db/repos/Local/tools/llvm-libc-probe/.prefix/include/c++/v1/__cxx03/__random/linear_congruential_engine.h
-- Installing: /var/db/repos/Local/tools/llvm-libc-probe/.prefix/include/c++/v1/__cxx03/__random/log2.h
-- Installing: /var/db/repos/Local/tools/llvm-libc-probe/.prefix/include/c++/v1/__cxx03/__random/lognormal_distribution.h
-- Installing: /var/db/repos/Local/tools/llvm-libc-probe/.prefix/include/c++/v1/__cxx03/__random/mersenne_twister_engine.h
-- Installing: /var/db/repos/Local/tools/llvm-libc-probe/.prefix/include/c++/v1/__cxx03/__random/negative_binomial_distribution.h
-- Installing: /var/db/repos/Local/tools/llvm-libc-probe/.prefix/include/c++/v1/__cxx03/__random/normal_distribution.h
-- Installing: /var/db/repos/Local/tools/llvm-libc-probe/.prefix/include/c++/v1/__cxx03/__random/piecewise_constant_distribution.h
-- Installing: /var/db/repos/Local/tools/llvm-libc-probe/.prefix/include/c++/v1/__cxx03/__random/piecewise_linear_distribution.h
-- Installing: /var/db/repos/Local/tools/llvm-libc-probe/.prefix/include/c++/v1/__cxx03/__random/poisson_distribution.h
-- Installing: /var/db/repos/Local/tools/llvm-libc-probe/.prefix/include/c++/v1/__cxx03/__random/random_device.h
-- Installing: /var/db/repos/Local/tools/llvm-libc-probe/.prefix/include/c++/v1/__cxx03/__random/ranlux.h
-- Installing: /var/db/repos/Local/tools/llvm-libc-probe/.prefix/include/c++/v1/__cxx03/__random/seed_seq.h
-- Installing: /var/db/repos/Local/tools/llvm-libc-probe/.prefix/include/c++/v1/__cxx03/__random/shuffle_order_engine.h
-- Installing: /var/db/repos/Local/tools/llvm-libc-probe/.prefix/include/c++/v1/__cxx03/__random/student_t_distribution.h
-- Installing: /var/db/repos/Local/tools/llvm-libc-probe/.prefix/include/c++/v1/__cxx03/__random/subtract_with_carry_engine.h
-- Installing: /var/db/repos/Local/tools/llvm-libc-probe/.prefix/include/c++/v1/__cxx03/__random/uniform_int_distribution.h
-- Installing: /var/db/repos/Local/tools/llvm-libc-probe/.prefix/include/c++/v1/__cxx03/__random/uniform_real_distribution.h
-- Installing: /var/db/repos/Local/tools/llvm-libc-probe/.prefix/include/c++/v1/__cxx03/__random/weibull_distribution.h
-- Installing: /var/db/repos/Local/tools/llvm-libc-probe/.prefix/include/c++/v1/__cxx03/__split_buffer
-- Installing: /var/db/repos/Local/tools/llvm-libc-probe/.prefix/include/c++/v1/__cxx03/__std_clang_module
-- Installing: /var/db/repos/Local/tools/llvm-libc-probe/.prefix/include/c++/v1/__cxx03/__std_mbstate_t.h
-- Installing: /var/db/repos/Local/tools/llvm-libc-probe/.prefix/include/c++/v1/__cxx03/__string/char_traits.h
-- Installing: /var/db/repos/Local/tools/llvm-libc-probe/.prefix/include/c++/v1/__cxx03/__string/constexpr_c_functions.h
-- Installing: /var/db/repos/Local/tools/llvm-libc-probe/.prefix/include/c++/v1/__cxx03/__string/extern_template_lists.h
-- Installing: /var/db/repos/Local/tools/llvm-libc-probe/.prefix/include/c++/v1/__cxx03/__support/ibm/gettod_zos.h
-- Installing: /var/db/repos/Local/tools/llvm-libc-probe/.prefix/include/c++/v1/__cxx03/__support/ibm/locale_mgmt_zos.h
-- Installing: /var/db/repos/Local/tools/llvm-libc-probe/.prefix/include/c++/v1/__cxx03/__support/ibm/nanosleep.h
-- Installing: /var/db/repos/Local/tools/llvm-libc-probe/.prefix/include/c++/v1/__cxx03/__support/xlocale/__nop_locale_mgmt.h
-- Installing: /var/db/repos/Local/tools/llvm-libc-probe/.prefix/include/c++/v1/__cxx03/__support/xlocale/__posix_l_fallback.h
-- Installing: /var/db/repos/Local/tools/llvm-libc-probe/.prefix/include/c++/v1/__cxx03/__support/xlocale/__strtonum_fallback.h
-- Installing: /var/db/repos/Local/tools/llvm-libc-probe/.prefix/include/c++/v1/__cxx03/__system_error/errc.h
-- Installing: /var/db/repos/Local/tools/llvm-libc-probe/.prefix/include/c++/v1/__cxx03/__system_error/error_category.h
-- Installing: /var/db/repos/Local/tools/llvm-libc-probe/.prefix/include/c++/v1/__cxx03/__system_error/error_code.h
-- Installing: /var/db/repos/Local/tools/llvm-libc-probe/.prefix/include/c++/v1/__cxx03/__system_error/error_condition.h
-- Installing: /var/db/repos/Local/tools/llvm-libc-probe/.prefix/include/c++/v1/__cxx03/__system_error/system_error.h
-- Installing: /var/db/repos/Local/tools/llvm-libc-probe/.prefix/include/c++/v1/__cxx03/__thread/id.h
-- Installing: /var/db/repos/Local/tools/llvm-libc-probe/.prefix/include/c++/v1/__cxx03/__thread/poll_with_backoff.h
-- Installing: /var/db/repos/Local/tools/llvm-libc-probe/.prefix/include/c++/v1/__cxx03/__thread/support.h
-- Installing: /var/db/repos/Local/tools/llvm-libc-probe/.prefix/include/c++/v1/__cxx03/__thread/support/c11.h
-- Installing: /var/db/repos/Local/tools/llvm-libc-probe/.prefix/include/c++/v1/__cxx03/__thread/support/external.h
-- Installing: /var/db/repos/Local/tools/llvm-libc-probe/.prefix/include/c++/v1/__cxx03/__thread/support/pthread.h
-- Installing: /var/db/repos/Local/tools/llvm-libc-probe/.prefix/include/c++/v1/__cxx03/__thread/support/windows.h
-- Installing: /var/db/repos/Local/tools/llvm-libc-probe/.prefix/include/c++/v1/__cxx03/__thread/this_thread.h
-- Installing: /var/db/repos/Local/tools/llvm-libc-probe/.prefix/include/c++/v1/__cxx03/__thread/thread.h
-- Installing: /var/db/repos/Local/tools/llvm-libc-probe/.prefix/include/c++/v1/__cxx03/__thread/timed_backoff_policy.h
-- Installing: /var/db/repos/Local/tools/llvm-libc-probe/.prefix/include/c++/v1/__cxx03/__tree
-- Installing: /var/db/repos/Local/tools/llvm-libc-probe/.prefix/include/c++/v1/__cxx03/__tuple/find_index.h
-- Installing: /var/db/repos/Local/tools/llvm-libc-probe/.prefix/include/c++/v1/__cxx03/__tuple/make_tuple_types.h
-- Installing: /var/db/repos/Local/tools/llvm-libc-probe/.prefix/include/c++/v1/__cxx03/__tuple/sfinae_helpers.h
-- Installing: /var/db/repos/Local/tools/llvm-libc-probe/.prefix/include/c++/v1/__cxx03/__tuple/tuple_element.h
-- Installing: /var/db/repos/Local/tools/llvm-libc-probe/.prefix/include/c++/v1/__cxx03/__tuple/tuple_indices.h
-- Installing: /var/db/repos/Local/tools/llvm-libc-probe/.prefix/include/c++/v1/__cxx03/__tuple/tuple_like.h
-- Installing: /var/db/repos/Local/tools/llvm-libc-probe/.prefix/include/c++/v1/__cxx03/__tuple/tuple_like_ext.h
-- Installing: /var/db/repos/Local/tools/llvm-libc-probe/.prefix/include/c++/v1/__cxx03/__tuple/tuple_like_no_subrange.h
-- Installing: /var/db/repos/Local/tools/llvm-libc-probe/.prefix/include/c++/v1/__cxx03/__tuple/tuple_size.h
-- Installing: /var/db/repos/Local/tools/llvm-libc-probe/.prefix/include/c++/v1/__cxx03/__tuple/tuple_types.h
-- Installing: /var/db/repos/Local/tools/llvm-libc-probe/.prefix/include/c++/v1/__cxx03/__type_traits/add_const.h
-- Installing: /var/db/repos/Local/tools/llvm-libc-probe/.prefix/include/c++/v1/__cxx03/__type_traits/add_cv.h
-- Installing: /var/db/repos/Local/tools/llvm-libc-probe/.prefix/include/c++/v1/__cxx03/__type_traits/add_lvalue_reference.h
-- Installing: /var/db/repos/Local/tools/llvm-libc-probe/.prefix/include/c++/v1/__cxx03/__type_traits/add_pointer.h
-- Installing: /var/db/repos/Local/tools/llvm-libc-probe/.prefix/include/c++/v1/__cxx03/__type_traits/add_rvalue_reference.h
-- Installing: /var/db/repos/Local/tools/llvm-libc-probe/.prefix/include/c++/v1/__cxx03/__type_traits/add_volatile.h
-- Installing: /var/db/repos/Local/tools/llvm-libc-probe/.prefix/include/c++/v1/__cxx03/__type_traits/aligned_storage.h
-- Installing: /var/db/repos/Local/tools/llvm-libc-probe/.prefix/include/c++/v1/__cxx03/__type_traits/aligned_union.h
-- Installing: /var/db/repos/Local/tools/llvm-libc-probe/.prefix/include/c++/v1/__cxx03/__type_traits/alignment_of.h
-- Installing: /var/db/repos/Local/tools/llvm-libc-probe/.prefix/include/c++/v1/__cxx03/__type_traits/can_extract_key.h
-- Installing: /var/db/repos/Local/tools/llvm-libc-probe/.prefix/include/c++/v1/__cxx03/__type_traits/common_type.h
-- Installing: /var/db/repos/Local/tools/llvm-libc-probe/.prefix/include/c++/v1/__cxx03/__type_traits/conditional.h
-- Installing: /var/db/repos/Local/tools/llvm-libc-probe/.prefix/include/c++/v1/__cxx03/__type_traits/conjunction.h
-- Installing: /var/db/repos/Local/tools/llvm-libc-probe/.prefix/include/c++/v1/__cxx03/__type_traits/copy_cv.h
-- Installing: /var/db/repos/Local/tools/llvm-libc-probe/.prefix/include/c++/v1/__cxx03/__type_traits/copy_cvref.h
-- Installing: /var/db/repos/Local/tools/llvm-libc-probe/.prefix/include/c++/v1/__cxx03/__type_traits/datasizeof.h
-- Installing: /var/db/repos/Local/tools/llvm-libc-probe/.prefix/include/c++/v1/__cxx03/__type_traits/decay.h
-- Installing: /var/db/repos/Local/tools/llvm-libc-probe/.prefix/include/c++/v1/__cxx03/__type_traits/dependent_type.h
-- Installing: /var/db/repos/Local/tools/llvm-libc-probe/.prefix/include/c++/v1/__cxx03/__type_traits/desugars_to.h
-- Installing: /var/db/repos/Local/tools/llvm-libc-probe/.prefix/include/c++/v1/__cxx03/__type_traits/disjunction.h
-- Installing: /var/db/repos/Local/tools/llvm-libc-probe/.prefix/include/c++/v1/__cxx03/__type_traits/enable_if.h
-- Installing: /var/db/repos/Local/tools/llvm-libc-probe/.prefix/include/c++/v1/__cxx03/__type_traits/extent.h
-- Installing: /var/db/repos/Local/tools/llvm-libc-probe/.prefix/include/c++/v1/__cxx03/__type_traits/has_virtual_destructor.h
-- Installing: /var/db/repos/Local/tools/llvm-libc-probe/.prefix/include/c++/v1/__cxx03/__type_traits/integral_constant.h
-- Installing: /var/db/repos/Local/tools/llvm-libc-probe/.prefix/include/c++/v1/__cxx03/__type_traits/invoke.h
-- Installing: /var/db/repos/Local/tools/llvm-libc-probe/.prefix/include/c++/v1/__cxx03/__type_traits/is_abstract.h
-- Installing: /var/db/repos/Local/tools/llvm-libc-probe/.prefix/include/c++/v1/__cxx03/__type_traits/is_allocator.h
-- Installing: /var/db/repos/Local/tools/llvm-libc-probe/.prefix/include/c++/v1/__cxx03/__type_traits/is_always_bitcastable.h
-- Installing: /var/db/repos/Local/tools/llvm-libc-probe/.prefix/include/c++/v1/__cxx03/__type_traits/is_arithmetic.h
-- Installing: /var/db/repos/Local/tools/llvm-libc-probe/.prefix/include/c++/v1/__cxx03/__type_traits/is_array.h
-- Installing: /var/db/repos/Local/tools/llvm-libc-probe/.prefix/include/c++/v1/__cxx03/__type_traits/is_assignable.h
-- Installing: /var/db/repos/Local/tools/llvm-libc-probe/.prefix/include/c++/v1/__cxx03/__type_traits/is_base_of.h
-- Installing: /var/db/repos/Local/tools/llvm-libc-probe/.prefix/include/c++/v1/__cxx03/__type_traits/is_bounded_array.h
-- Installing: /var/db/repos/Local/tools/llvm-libc-probe/.prefix/include/c++/v1/__cxx03/__type_traits/is_callable.h
-- Installing: /var/db/repos/Local/tools/llvm-libc-probe/.prefix/include/c++/v1/__cxx03/__type_traits/is_char_like_type.h
-- Installing: /var/db/repos/Local/tools/llvm-libc-probe/.prefix/include/c++/v1/__cxx03/__type_traits/is_class.h
-- Installing: /var/db/repos/Local/tools/llvm-libc-probe/.prefix/include/c++/v1/__cxx03/__type_traits/is_compound.h
-- Installing: /var/db/repos/Local/tools/llvm-libc-probe/.prefix/include/c++/v1/__cxx03/__type_traits/is_const.h
-- Installing: /var/db/repos/Local/tools/llvm-libc-probe/.prefix/include/c++/v1/__cxx03/__type_traits/is_constant_evaluated.h
-- Installing: /var/db/repos/Local/tools/llvm-libc-probe/.prefix/include/c++/v1/__cxx03/__type_traits/is_constructible.h
-- Installing: /var/db/repos/Local/tools/llvm-libc-probe/.prefix/include/c++/v1/__cxx03/__type_traits/is_convertible.h
-- Installing: /var/db/repos/Local/tools/llvm-libc-probe/.prefix/include/c++/v1/__cxx03/__type_traits/is_core_convertible.h
-- Installing: /var/db/repos/Local/tools/llvm-libc-probe/.prefix/include/c++/v1/__cxx03/__type_traits/is_destructible.h
-- Installing: /var/db/repos/Local/tools/llvm-libc-probe/.prefix/include/c++/v1/__cxx03/__type_traits/is_empty.h
-- Installing: /var/db/repos/Local/tools/llvm-libc-probe/.prefix/include/c++/v1/__cxx03/__type_traits/is_enum.h
-- Installing: /var/db/repos/Local/tools/llvm-libc-probe/.prefix/include/c++/v1/__cxx03/__type_traits/is_equality_comparable.h
-- Installing: /var/db/repos/Local/tools/llvm-libc-probe/.prefix/include/c++/v1/__cxx03/__type_traits/is_execution_policy.h
-- Installing: /var/db/repos/Local/tools/llvm-libc-probe/.prefix/include/c++/v1/__cxx03/__type_traits/is_final.h
-- Installing: /var/db/repos/Local/tools/llvm-libc-probe/.prefix/include/c++/v1/__cxx03/__type_traits/is_floating_point.h
-- Installing: /var/db/repos/Local/tools/llvm-libc-probe/.prefix/include/c++/v1/__cxx03/__type_traits/is_function.h
-- Installing: /var/db/repos/Local/tools/llvm-libc-probe/.prefix/include/c++/v1/__cxx03/__type_traits/is_fundamental.h
-- Installing: /var/db/repos/Local/tools/llvm-libc-probe/.prefix/include/c++/v1/__cxx03/__type_traits/is_implicitly_default_constructible.h
-- Installing: /var/db/repos/Local/tools/llvm-libc-probe/.prefix/include/c++/v1/__cxx03/__type_traits/is_integral.h
-- Installing: /var/db/repos/Local/tools/llvm-libc-probe/.prefix/include/c++/v1/__cxx03/__type_traits/is_literal_type.h
-- Installing: /var/db/repos/Local/tools/llvm-libc-probe/.prefix/include/c++/v1/__cxx03/__type_traits/is_member_pointer.h
-- Installing: /var/db/repos/Local/tools/llvm-libc-probe/.prefix/include/c++/v1/__cxx03/__type_traits/is_nothrow_assignable.h
-- Installing: /var/db/repos/Local/tools/llvm-libc-probe/.prefix/include/c++/v1/__cxx03/__type_traits/is_nothrow_constructible.h
-- Installing: /var/db/repos/Local/tools/llvm-libc-probe/.prefix/include/c++/v1/__cxx03/__type_traits/is_nothrow_destructible.h
-- Installing: /var/db/repos/Local/tools/llvm-libc-probe/.prefix/include/c++/v1/__cxx03/__type_traits/is_null_pointer.h
-- Installing: /var/db/repos/Local/tools/llvm-libc-probe/.prefix/include/c++/v1/__cxx03/__type_traits/is_object.h
-- Installing: /var/db/repos/Local/tools/llvm-libc-probe/.prefix/include/c++/v1/__cxx03/__type_traits/is_pod.h
-- Installing: /var/db/repos/Local/tools/llvm-libc-probe/.prefix/include/c++/v1/__cxx03/__type_traits/is_pointer.h
-- Installing: /var/db/repos/Local/tools/llvm-libc-probe/.prefix/include/c++/v1/__cxx03/__type_traits/is_polymorphic.h
-- Installing: /var/db/repos/Local/tools/llvm-libc-probe/.prefix/include/c++/v1/__cxx03/__type_traits/is_primary_template.h
-- Installing: /var/db/repos/Local/tools/llvm-libc-probe/.prefix/include/c++/v1/__cxx03/__type_traits/is_reference.h
-- Installing: /var/db/repos/Local/tools/llvm-libc-probe/.prefix/include/c++/v1/__cxx03/__type_traits/is_reference_wrapper.h
-- Installing: /var/db/repos/Local/tools/llvm-libc-probe/.prefix/include/c++/v1/__cxx03/__type_traits/is_referenceable.h
-- Installing: /var/db/repos/Local/tools/llvm-libc-probe/.prefix/include/c++/v1/__cxx03/__type_traits/is_same.h
-- Installing: /var/db/repos/Local/tools/llvm-libc-probe/.prefix/include/c++/v1/__cxx03/__type_traits/is_scalar.h
-- Installing: /var/db/repos/Local/tools/llvm-libc-probe/.prefix/include/c++/v1/__cxx03/__type_traits/is_signed.h
-- Installing: /var/db/repos/Local/tools/llvm-libc-probe/.prefix/include/c++/v1/__cxx03/__type_traits/is_signed_integer.h
-- Installing: /var/db/repos/Local/tools/llvm-libc-probe/.prefix/include/c++/v1/__cxx03/__type_traits/is_specialization.h
-- Installing: /var/db/repos/Local/tools/llvm-libc-probe/.prefix/include/c++/v1/__cxx03/__type_traits/is_standard_layout.h
-- Installing: /var/db/repos/Local/tools/llvm-libc-probe/.prefix/include/c++/v1/__cxx03/__type_traits/is_swappable.h
-- Installing: /var/db/repos/Local/tools/llvm-libc-probe/.prefix/include/c++/v1/__cxx03/__type_traits/is_trivial.h
-- Installing: /var/db/repos/Local/tools/llvm-libc-probe/.prefix/include/c++/v1/__cxx03/__type_traits/is_trivially_assignable.h
-- Installing: /var/db/repos/Local/tools/llvm-libc-probe/.prefix/include/c++/v1/__cxx03/__type_traits/is_trivially_constructible.h
-- Installing: /var/db/repos/Local/tools/llvm-libc-probe/.prefix/include/c++/v1/__cxx03/__type_traits/is_trivially_copyable.h
-- Installing: /var/db/repos/Local/tools/llvm-libc-probe/.prefix/include/c++/v1/__cxx03/__type_traits/is_trivially_destructible.h
-- Installing: /var/db/repos/Local/tools/llvm-libc-probe/.prefix/include/c++/v1/__cxx03/__type_traits/is_trivially_lexicographically_comparable.h
-- Installing: /var/db/repos/Local/tools/llvm-libc-probe/.prefix/include/c++/v1/__cxx03/__type_traits/is_trivially_relocatable.h
-- Installing: /var/db/repos/Local/tools/llvm-libc-probe/.prefix/include/c++/v1/__cxx03/__type_traits/is_unbounded_array.h
-- Installing: /var/db/repos/Local/tools/llvm-libc-probe/.prefix/include/c++/v1/__cxx03/__type_traits/is_union.h
-- Installing: /var/db/repos/Local/tools/llvm-libc-probe/.prefix/include/c++/v1/__cxx03/__type_traits/is_unsigned.h
-- Installing: /var/db/repos/Local/tools/llvm-libc-probe/.prefix/include/c++/v1/__cxx03/__type_traits/is_unsigned_integer.h
-- Installing: /var/db/repos/Local/tools/llvm-libc-probe/.prefix/include/c++/v1/__cxx03/__type_traits/is_valid_expansion.h
-- Installing: /var/db/repos/Local/tools/llvm-libc-probe/.prefix/include/c++/v1/__cxx03/__type_traits/is_void.h
-- Installing: /var/db/repos/Local/tools/llvm-libc-probe/.prefix/include/c++/v1/__cxx03/__type_traits/is_volatile.h
-- Installing: /var/db/repos/Local/tools/llvm-libc-probe/.prefix/include/c++/v1/__cxx03/__type_traits/lazy.h
-- Installing: /var/db/repos/Local/tools/llvm-libc-probe/.prefix/include/c++/v1/__cxx03/__type_traits/make_32_64_or_128_bit.h
-- Installing: /var/db/repos/Local/tools/llvm-libc-probe/.prefix/include/c++/v1/__cxx03/__type_traits/make_const_lvalue_ref.h
-- Installing: /var/db/repos/Local/tools/llvm-libc-probe/.prefix/include/c++/v1/__cxx03/__type_traits/make_signed.h
-- Installing: /var/db/repos/Local/tools/llvm-libc-probe/.prefix/include/c++/v1/__cxx03/__type_traits/make_unsigned.h
-- Installing: /var/db/repos/Local/tools/llvm-libc-probe/.prefix/include/c++/v1/__cxx03/__type_traits/maybe_const.h
-- Installing: /var/db/repos/Local/tools/llvm-libc-probe/.prefix/include/c++/v1/__cxx03/__type_traits/nat.h
-- Installing: /var/db/repos/Local/tools/llvm-libc-probe/.prefix/include/c++/v1/__cxx03/__type_traits/negation.h
-- Installing: /var/db/repos/Local/tools/llvm-libc-probe/.prefix/include/c++/v1/__cxx03/__type_traits/noexcept_move_assign_container.h
-- Installing: /var/db/repos/Local/tools/llvm-libc-probe/.prefix/include/c++/v1/__cxx03/__type_traits/promote.h
-- Installing: /var/db/repos/Local/tools/llvm-libc-probe/.prefix/include/c++/v1/__cxx03/__type_traits/rank.h
-- Installing: /var/db/repos/Local/tools/llvm-libc-probe/.prefix/include/c++/v1/__cxx03/__type_traits/remove_all_extents.h
-- Installing: /var/db/repos/Local/tools/llvm-libc-probe/.prefix/include/c++/v1/__cxx03/__type_traits/remove_const.h
-- Installing: /var/db/repos/Local/tools/llvm-libc-probe/.prefix/include/c++/v1/__cxx03/__type_traits/remove_const_ref.h
-- Installing: /var/db/repos/Local/tools/llvm-libc-probe/.prefix/include/c++/v1/__cxx03/__type_traits/remove_cv.h
-- Installing: /var/db/repos/Local/tools/llvm-libc-probe/.prefix/include/c++/v1/__cxx03/__type_traits/remove_cvref.h
-- Installing: /var/db/repos/Local/tools/llvm-libc-probe/.prefix/include/c++/v1/__cxx03/__type_traits/remove_extent.h
-- Installing: /var/db/repos/Local/tools/llvm-libc-probe/.prefix/include/c++/v1/__cxx03/__type_traits/remove_pointer.h
-- Installing: /var/db/repos/Local/tools/llvm-libc-probe/.prefix/include/c++/v1/__cxx03/__type_traits/remove_reference.h
-- Installing: /var/db/repos/Local/tools/llvm-libc-probe/.prefix/include/c++/v1/__cxx03/__type_traits/remove_volatile.h
-- Installing: /var/db/repos/Local/tools/llvm-libc-probe/.prefix/include/c++/v1/__cxx03/__type_traits/result_of.h
-- Installing: /var/db/repos/Local/tools/llvm-libc-probe/.prefix/include/c++/v1/__cxx03/__type_traits/strip_signature.h
-- Installing: /var/db/repos/Local/tools/llvm-libc-probe/.prefix/include/c++/v1/__cxx03/__type_traits/type_identity.h
-- Installing: /var/db/repos/Local/tools/llvm-libc-probe/.prefix/include/c++/v1/__cxx03/__type_traits/type_list.h
-- Installing: /var/db/repos/Local/tools/llvm-libc-probe/.prefix/include/c++/v1/__cxx03/__type_traits/underlying_type.h
-- Installing: /var/db/repos/Local/tools/llvm-libc-probe/.prefix/include/c++/v1/__cxx03/__type_traits/unwrap_ref.h
-- Installing: /var/db/repos/Local/tools/llvm-libc-probe/.prefix/include/c++/v1/__cxx03/__type_traits/void_t.h
-- Installing: /var/db/repos/Local/tools/llvm-libc-probe/.prefix/include/c++/v1/__cxx03/__undef_macros
-- Installing: /var/db/repos/Local/tools/llvm-libc-probe/.prefix/include/c++/v1/__cxx03/__utility/as_lvalue.h
-- Installing: /var/db/repos/Local/tools/llvm-libc-probe/.prefix/include/c++/v1/__cxx03/__utility/auto_cast.h
-- Installing: /var/db/repos/Local/tools/llvm-libc-probe/.prefix/include/c++/v1/__cxx03/__utility/convert_to_integral.h
-- Installing: /var/db/repos/Local/tools/llvm-libc-probe/.prefix/include/c++/v1/__cxx03/__utility/declval.h
-- Installing: /var/db/repos/Local/tools/llvm-libc-probe/.prefix/include/c++/v1/__cxx03/__utility/empty.h
-- Installing: /var/db/repos/Local/tools/llvm-libc-probe/.prefix/include/c++/v1/__cxx03/__utility/exception_guard.h
-- Installing: /var/db/repos/Local/tools/llvm-libc-probe/.prefix/include/c++/v1/__cxx03/__utility/forward.h
-- Installing: /var/db/repos/Local/tools/llvm-libc-probe/.prefix/include/c++/v1/__cxx03/__utility/integer_sequence.h
-- Installing: /var/db/repos/Local/tools/llvm-libc-probe/.prefix/include/c++/v1/__cxx03/__utility/is_pointer_in_range.h
-- Installing: /var/db/repos/Local/tools/llvm-libc-probe/.prefix/include/c++/v1/__cxx03/__utility/is_valid_range.h
-- Installing: /var/db/repos/Local/tools/llvm-libc-probe/.prefix/include/c++/v1/__cxx03/__utility/move.h
-- Installing: /var/db/repos/Local/tools/llvm-libc-probe/.prefix/include/c++/v1/__cxx03/__utility/no_destroy.h
-- Installing: /var/db/repos/Local/tools/llvm-libc-probe/.prefix/include/c++/v1/__cxx03/__utility/pair.h
-- Installing: /var/db/repos/Local/tools/llvm-libc-probe/.prefix/include/c++/v1/__cxx03/__utility/piecewise_construct.h
-- Installing: /var/db/repos/Local/tools/llvm-libc-probe/.prefix/include/c++/v1/__cxx03/__utility/priority_tag.h
-- Installing: /var/db/repos/Local/tools/llvm-libc-probe/.prefix/include/c++/v1/__cxx03/__utility/private_constructor_tag.h
-- Installing: /var/db/repos/Local/tools/llvm-libc-probe/.prefix/include/c++/v1/__cxx03/__utility/rel_ops.h
-- Installing: /var/db/repos/Local/tools/llvm-libc-probe/.prefix/include/c++/v1/__cxx03/__utility/small_buffer.h
-- Installing: /var/db/repos/Local/tools/llvm-libc-probe/.prefix/include/c++/v1/__cxx03/__utility/swap.h
-- Installing: /var/db/repos/Local/tools/llvm-libc-probe/.prefix/include/c++/v1/__cxx03/__utility/unreachable.h
-- Installing: /var/db/repos/Local/tools/llvm-libc-probe/.prefix/include/c++/v1/__cxx03/__variant/monostate.h
-- Installing: /var/db/repos/Local/tools/llvm-libc-probe/.prefix/include/c++/v1/__cxx03/__verbose_abort
-- Installing: /var/db/repos/Local/tools/llvm-libc-probe/.prefix/include/c++/v1/__cxx03/__verbose_trap
-- Installing: /var/db/repos/Local/tools/llvm-libc-probe/.prefix/include/c++/v1/__cxx03/algorithm
-- Installing: /var/db/repos/Local/tools/llvm-libc-probe/.prefix/include/c++/v1/__cxx03/array
-- Installing: /var/db/repos/Local/tools/llvm-libc-probe/.prefix/include/c++/v1/__cxx03/atomic
-- Installing: /var/db/repos/Local/tools/llvm-libc-probe/.prefix/include/c++/v1/__cxx03/bitset
-- Installing: /var/db/repos/Local/tools/llvm-libc-probe/.prefix/include/c++/v1/__cxx03/cassert
-- Installing: /var/db/repos/Local/tools/llvm-libc-probe/.prefix/include/c++/v1/__cxx03/ccomplex
-- Installing: /var/db/repos/Local/tools/llvm-libc-probe/.prefix/include/c++/v1/__cxx03/cctype
-- Installing: /var/db/repos/Local/tools/llvm-libc-probe/.prefix/include/c++/v1/__cxx03/cerrno
-- Installing: /var/db/repos/Local/tools/llvm-libc-probe/.prefix/include/c++/v1/__cxx03/cfenv
-- Installing: /var/db/repos/Local/tools/llvm-libc-probe/.prefix/include/c++/v1/__cxx03/cfloat
-- Installing: /var/db/repos/Local/tools/llvm-libc-probe/.prefix/include/c++/v1/__cxx03/chrono
-- Installing: /var/db/repos/Local/tools/llvm-libc-probe/.prefix/include/c++/v1/__cxx03/cinttypes
-- Installing: /var/db/repos/Local/tools/llvm-libc-probe/.prefix/include/c++/v1/__cxx03/ciso646
-- Installing: /var/db/repos/Local/tools/llvm-libc-probe/.prefix/include/c++/v1/__cxx03/climits
-- Installing: /var/db/repos/Local/tools/llvm-libc-probe/.prefix/include/c++/v1/__cxx03/clocale
-- Installing: /var/db/repos/Local/tools/llvm-libc-probe/.prefix/include/c++/v1/__cxx03/cmath
-- Installing: /var/db/repos/Local/tools/llvm-libc-probe/.prefix/include/c++/v1/__cxx03/codecvt
-- Installing: /var/db/repos/Local/tools/llvm-libc-probe/.prefix/include/c++/v1/__cxx03/complex
-- Installing: /var/db/repos/Local/tools/llvm-libc-probe/.prefix/include/c++/v1/__cxx03/condition_variable
-- Installing: /var/db/repos/Local/tools/llvm-libc-probe/.prefix/include/c++/v1/__cxx03/csetjmp
-- Installing: /var/db/repos/Local/tools/llvm-libc-probe/.prefix/include/c++/v1/__cxx03/csignal
-- Installing: /var/db/repos/Local/tools/llvm-libc-probe/.prefix/include/c++/v1/__cxx03/cstdarg
-- Installing: /var/db/repos/Local/tools/llvm-libc-probe/.prefix/include/c++/v1/__cxx03/cstdbool
-- Installing: /var/db/repos/Local/tools/llvm-libc-probe/.prefix/include/c++/v1/__cxx03/cstddef
-- Installing: /var/db/repos/Local/tools/llvm-libc-probe/.prefix/include/c++/v1/__cxx03/cstdint
-- Installing: /var/db/repos/Local/tools/llvm-libc-probe/.prefix/include/c++/v1/__cxx03/cstdio
-- Installing: /var/db/repos/Local/tools/llvm-libc-probe/.prefix/include/c++/v1/__cxx03/cstdlib
-- Installing: /var/db/repos/Local/tools/llvm-libc-probe/.prefix/include/c++/v1/__cxx03/cstring
-- Installing: /var/db/repos/Local/tools/llvm-libc-probe/.prefix/include/c++/v1/__cxx03/ctgmath
-- Installing: /var/db/repos/Local/tools/llvm-libc-probe/.prefix/include/c++/v1/__cxx03/ctime
-- Installing: /var/db/repos/Local/tools/llvm-libc-probe/.prefix/include/c++/v1/__cxx03/cuchar
-- Installing: /var/db/repos/Local/tools/llvm-libc-probe/.prefix/include/c++/v1/__cxx03/cwchar
-- Installing: /var/db/repos/Local/tools/llvm-libc-probe/.prefix/include/c++/v1/__cxx03/cwctype
-- Installing: /var/db/repos/Local/tools/llvm-libc-probe/.prefix/include/c++/v1/__cxx03/deque
-- Installing: /var/db/repos/Local/tools/llvm-libc-probe/.prefix/include/c++/v1/__cxx03/exception
-- Installing: /var/db/repos/Local/tools/llvm-libc-probe/.prefix/include/c++/v1/__cxx03/experimental/__config
-- Installing: /var/db/repos/Local/tools/llvm-libc-probe/.prefix/include/c++/v1/__cxx03/experimental/utility
-- Installing: /var/db/repos/Local/tools/llvm-libc-probe/.prefix/include/c++/v1/__cxx03/ext/__hash
-- Installing: /var/db/repos/Local/tools/llvm-libc-probe/.prefix/include/c++/v1/__cxx03/ext/hash_map
-- Installing: /var/db/repos/Local/tools/llvm-libc-probe/.prefix/include/c++/v1/__cxx03/ext/hash_set
-- Installing: /var/db/repos/Local/tools/llvm-libc-probe/.prefix/include/c++/v1/__cxx03/forward_list
-- Installing: /var/db/repos/Local/tools/llvm-libc-probe/.prefix/include/c++/v1/__cxx03/fstream
-- Installing: /var/db/repos/Local/tools/llvm-libc-probe/.prefix/include/c++/v1/__cxx03/functional
-- Installing: /var/db/repos/Local/tools/llvm-libc-probe/.prefix/include/c++/v1/__cxx03/future
-- Installing: /var/db/repos/Local/tools/llvm-libc-probe/.prefix/include/c++/v1/__cxx03/iomanip
-- Installing: /var/db/repos/Local/tools/llvm-libc-probe/.prefix/include/c++/v1/__cxx03/ios
-- Installing: /var/db/repos/Local/tools/llvm-libc-probe/.prefix/include/c++/v1/__cxx03/iosfwd
-- Installing: /var/db/repos/Local/tools/llvm-libc-probe/.prefix/include/c++/v1/__cxx03/iostream
-- Installing: /var/db/repos/Local/tools/llvm-libc-probe/.prefix/include/c++/v1/__cxx03/istream
-- Installing: /var/db/repos/Local/tools/llvm-libc-probe/.prefix/include/c++/v1/__cxx03/iterator
-- Installing: /var/db/repos/Local/tools/llvm-libc-probe/.prefix/include/c++/v1/__cxx03/limits
-- Installing: /var/db/repos/Local/tools/llvm-libc-probe/.prefix/include/c++/v1/__cxx03/list
-- Installing: /var/db/repos/Local/tools/llvm-libc-probe/.prefix/include/c++/v1/__cxx03/locale
-- Installing: /var/db/repos/Local/tools/llvm-libc-probe/.prefix/include/c++/v1/__cxx03/locale.h
-- Installing: /var/db/repos/Local/tools/llvm-libc-probe/.prefix/include/c++/v1/__cxx03/map
-- Installing: /var/db/repos/Local/tools/llvm-libc-probe/.prefix/include/c++/v1/__cxx03/math.h
-- Installing: /var/db/repos/Local/tools/llvm-libc-probe/.prefix/include/c++/v1/__cxx03/memory
-- Installing: /var/db/repos/Local/tools/llvm-libc-probe/.prefix/include/c++/v1/__cxx03/module.modulemap
-- Installing: /var/db/repos/Local/tools/llvm-libc-probe/.prefix/include/c++/v1/__cxx03/mutex
-- Installing: /var/db/repos/Local/tools/llvm-libc-probe/.prefix/include/c++/v1/__cxx03/new
-- Installing: /var/db/repos/Local/tools/llvm-libc-probe/.prefix/include/c++/v1/__cxx03/numeric
-- Installing: /var/db/repos/Local/tools/llvm-libc-probe/.prefix/include/c++/v1/__cxx03/ostream
-- Installing: /var/db/repos/Local/tools/llvm-libc-probe/.prefix/include/c++/v1/__cxx03/queue
-- Installing: /var/db/repos/Local/tools/llvm-libc-probe/.prefix/include/c++/v1/__cxx03/random
-- Installing: /var/db/repos/Local/tools/llvm-libc-probe/.prefix/include/c++/v1/__cxx03/ratio
-- Installing: /var/db/repos/Local/tools/llvm-libc-probe/.prefix/include/c++/v1/__cxx03/regex
-- Installing: /var/db/repos/Local/tools/llvm-libc-probe/.prefix/include/c++/v1/__cxx03/set
-- Installing: /var/db/repos/Local/tools/llvm-libc-probe/.prefix/include/c++/v1/__cxx03/sstream
-- Installing: /var/db/repos/Local/tools/llvm-libc-probe/.prefix/include/c++/v1/__cxx03/stack
-- Installing: /var/db/repos/Local/tools/llvm-libc-probe/.prefix/include/c++/v1/__cxx03/stdatomic.h
-- Installing: /var/db/repos/Local/tools/llvm-libc-probe/.prefix/include/c++/v1/__cxx03/stdexcept
-- Installing: /var/db/repos/Local/tools/llvm-libc-probe/.prefix/include/c++/v1/__cxx03/stdint.h
-- Installing: /var/db/repos/Local/tools/llvm-libc-probe/.prefix/include/c++/v1/__cxx03/stdlib.h
-- Installing: /var/db/repos/Local/tools/llvm-libc-probe/.prefix/include/c++/v1/__cxx03/streambuf
-- Installing: /var/db/repos/Local/tools/llvm-libc-probe/.prefix/include/c++/v1/__cxx03/string
-- Installing: /var/db/repos/Local/tools/llvm-libc-probe/.prefix/include/c++/v1/__cxx03/string.h
-- Installing: /var/db/repos/Local/tools/llvm-libc-probe/.prefix/include/c++/v1/__cxx03/string_view
-- Installing: /var/db/repos/Local/tools/llvm-libc-probe/.prefix/include/c++/v1/__cxx03/strstream
-- Installing: /var/db/repos/Local/tools/llvm-libc-probe/.prefix/include/c++/v1/__cxx03/system_error
-- Installing: /var/db/repos/Local/tools/llvm-libc-probe/.prefix/include/c++/v1/__cxx03/thread
-- Installing: /var/db/repos/Local/tools/llvm-libc-probe/.prefix/include/c++/v1/__cxx03/type_traits
-- Installing: /var/db/repos/Local/tools/llvm-libc-probe/.prefix/include/c++/v1/__cxx03/typeindex
-- Installing: /var/db/repos/Local/tools/llvm-libc-probe/.prefix/include/c++/v1/__cxx03/typeinfo
-- Installing: /var/db/repos/Local/tools/llvm-libc-probe/.prefix/include/c++/v1/__cxx03/uchar.h
-- Installing: /var/db/repos/Local/tools/llvm-libc-probe/.prefix/include/c++/v1/__cxx03/unordered_map
-- Installing: /var/db/repos/Local/tools/llvm-libc-probe/.prefix/include/c++/v1/__cxx03/unordered_set
-- Installing: /var/db/repos/Local/tools/llvm-libc-probe/.prefix/include/c++/v1/__cxx03/utility
-- Installing: /var/db/repos/Local/tools/llvm-libc-probe/.prefix/include/c++/v1/__cxx03/valarray
-- Installing: /var/db/repos/Local/tools/llvm-libc-probe/.prefix/include/c++/v1/__cxx03/vector
-- Installing: /var/db/repos/Local/tools/llvm-libc-probe/.prefix/include/c++/v1/__cxx03/version
-- Installing: /var/db/repos/Local/tools/llvm-libc-probe/.prefix/include/c++/v1/__cxx03/wchar.h
-- Installing: /var/db/repos/Local/tools/llvm-libc-probe/.prefix/include/c++/v1/__config_site
-- Installing: /var/db/repos/Local/tools/llvm-libc-probe/.prefix/include/c++/v1/__assertion_handler
-- Installing: /var/db/repos/Local/tools/llvm-libc-probe/.prefix/include/c++/v1/libcxx.imp
-- Installing: /var/db/repos/Local/tools/llvm-libc-probe/.prefix/include/c++/v1/module.modulemap
-- Installing: /var/db/repos/Local/tools/llvm-libc-probe/.prefix/lib/libc++.a
-- Installing: /var/db/repos/Local/tools/llvm-libc-probe/.prefix/lib/libc++experimental.a
-- Installing: /var/db/repos/Local/tools/llvm-libc-probe/.prefix/share/libc++/v1/std/algorithm.inc
-- Installing: /var/db/repos/Local/tools/llvm-libc-probe/.prefix/share/libc++/v1/std/any.inc
-- Installing: /var/db/repos/Local/tools/llvm-libc-probe/.prefix/share/libc++/v1/std/array.inc
-- Installing: /var/db/repos/Local/tools/llvm-libc-probe/.prefix/share/libc++/v1/std/atomic.inc
-- Installing: /var/db/repos/Local/tools/llvm-libc-probe/.prefix/share/libc++/v1/std/barrier.inc
-- Installing: /var/db/repos/Local/tools/llvm-libc-probe/.prefix/share/libc++/v1/std/bit.inc
-- Installing: /var/db/repos/Local/tools/llvm-libc-probe/.prefix/share/libc++/v1/std/bitset.inc
-- Installing: /var/db/repos/Local/tools/llvm-libc-probe/.prefix/share/libc++/v1/std/cassert.inc
-- Installing: /var/db/repos/Local/tools/llvm-libc-probe/.prefix/share/libc++/v1/std/cctype.inc
-- Installing: /var/db/repos/Local/tools/llvm-libc-probe/.prefix/share/libc++/v1/std/cerrno.inc
-- Installing: /var/db/repos/Local/tools/llvm-libc-probe/.prefix/share/libc++/v1/std/cfenv.inc
-- Installing: /var/db/repos/Local/tools/llvm-libc-probe/.prefix/share/libc++/v1/std/cfloat.inc
-- Installing: /var/db/repos/Local/tools/llvm-libc-probe/.prefix/share/libc++/v1/std/charconv.inc
-- Installing: /var/db/repos/Local/tools/llvm-libc-probe/.prefix/share/libc++/v1/std/chrono.inc
-- Installing: /var/db/repos/Local/tools/llvm-libc-probe/.prefix/share/libc++/v1/std/cinttypes.inc
-- Installing: /var/db/repos/Local/tools/llvm-libc-probe/.prefix/share/libc++/v1/std/climits.inc
-- Installing: /var/db/repos/Local/tools/llvm-libc-probe/.prefix/share/libc++/v1/std/clocale.inc
-- Installing: /var/db/repos/Local/tools/llvm-libc-probe/.prefix/share/libc++/v1/std/cmath.inc
-- Installing: /var/db/repos/Local/tools/llvm-libc-probe/.prefix/share/libc++/v1/std/codecvt.inc
-- Installing: /var/db/repos/Local/tools/llvm-libc-probe/.prefix/share/libc++/v1/std/compare.inc
-- Installing: /var/db/repos/Local/tools/llvm-libc-probe/.prefix/share/libc++/v1/std/complex.inc
-- Installing: /var/db/repos/Local/tools/llvm-libc-probe/.prefix/share/libc++/v1/std/concepts.inc
-- Installing: /var/db/repos/Local/tools/llvm-libc-probe/.prefix/share/libc++/v1/std/condition_variable.inc
-- Installing: /var/db/repos/Local/tools/llvm-libc-probe/.prefix/share/libc++/v1/std/coroutine.inc
-- Installing: /var/db/repos/Local/tools/llvm-libc-probe/.prefix/share/libc++/v1/std/csetjmp.inc
-- Installing: /var/db/repos/Local/tools/llvm-libc-probe/.prefix/share/libc++/v1/std/csignal.inc
-- Installing: /var/db/repos/Local/tools/llvm-libc-probe/.prefix/share/libc++/v1/std/cstdarg.inc
-- Installing: /var/db/repos/Local/tools/llvm-libc-probe/.prefix/share/libc++/v1/std/cstddef.inc
-- Installing: /var/db/repos/Local/tools/llvm-libc-probe/.prefix/share/libc++/v1/std/cstdint.inc
-- Installing: /var/db/repos/Local/tools/llvm-libc-probe/.prefix/share/libc++/v1/std/cstdio.inc
-- Installing: /var/db/repos/Local/tools/llvm-libc-probe/.prefix/share/libc++/v1/std/cstdlib.inc
-- Installing: /var/db/repos/Local/tools/llvm-libc-probe/.prefix/share/libc++/v1/std/cstring.inc
-- Installing: /var/db/repos/Local/tools/llvm-libc-probe/.prefix/share/libc++/v1/std/ctime.inc
-- Installing: /var/db/repos/Local/tools/llvm-libc-probe/.prefix/share/libc++/v1/std/cuchar.inc
-- Installing: /var/db/repos/Local/tools/llvm-libc-probe/.prefix/share/libc++/v1/std/cwchar.inc
-- Installing: /var/db/repos/Local/tools/llvm-libc-probe/.prefix/share/libc++/v1/std/cwctype.inc
-- Installing: /var/db/repos/Local/tools/llvm-libc-probe/.prefix/share/libc++/v1/std/deque.inc
-- Installing: /var/db/repos/Local/tools/llvm-libc-probe/.prefix/share/libc++/v1/std/exception.inc
-- Installing: /var/db/repos/Local/tools/llvm-libc-probe/.prefix/share/libc++/v1/std/execution.inc
-- Installing: /var/db/repos/Local/tools/llvm-libc-probe/.prefix/share/libc++/v1/std/expected.inc
-- Installing: /var/db/repos/Local/tools/llvm-libc-probe/.prefix/share/libc++/v1/std/filesystem.inc
-- Installing: /var/db/repos/Local/tools/llvm-libc-probe/.prefix/share/libc++/v1/std/flat_map.inc
-- Installing: /var/db/repos/Local/tools/llvm-libc-probe/.prefix/share/libc++/v1/std/flat_set.inc
-- Installing: /var/db/repos/Local/tools/llvm-libc-probe/.prefix/share/libc++/v1/std/format.inc
-- Installing: /var/db/repos/Local/tools/llvm-libc-probe/.prefix/share/libc++/v1/std/forward_list.inc
-- Installing: /var/db/repos/Local/tools/llvm-libc-probe/.prefix/share/libc++/v1/std/fstream.inc
-- Installing: /var/db/repos/Local/tools/llvm-libc-probe/.prefix/share/libc++/v1/std/functional.inc
-- Installing: /var/db/repos/Local/tools/llvm-libc-probe/.prefix/share/libc++/v1/std/future.inc
-- Installing: /var/db/repos/Local/tools/llvm-libc-probe/.prefix/share/libc++/v1/std/generator.inc
-- Installing: /var/db/repos/Local/tools/llvm-libc-probe/.prefix/share/libc++/v1/std/hazard_pointer.inc
-- Installing: /var/db/repos/Local/tools/llvm-libc-probe/.prefix/share/libc++/v1/std/initializer_list.inc
-- Installing: /var/db/repos/Local/tools/llvm-libc-probe/.prefix/share/libc++/v1/std/iomanip.inc
-- Installing: /var/db/repos/Local/tools/llvm-libc-probe/.prefix/share/libc++/v1/std/ios.inc
-- Installing: /var/db/repos/Local/tools/llvm-libc-probe/.prefix/share/libc++/v1/std/iosfwd.inc
-- Installing: /var/db/repos/Local/tools/llvm-libc-probe/.prefix/share/libc++/v1/std/iostream.inc
-- Installing: /var/db/repos/Local/tools/llvm-libc-probe/.prefix/share/libc++/v1/std/istream.inc
-- Installing: /var/db/repos/Local/tools/llvm-libc-probe/.prefix/share/libc++/v1/std/iterator.inc
-- Installing: /var/db/repos/Local/tools/llvm-libc-probe/.prefix/share/libc++/v1/std/latch.inc
-- Installing: /var/db/repos/Local/tools/llvm-libc-probe/.prefix/share/libc++/v1/std/limits.inc
-- Installing: /var/db/repos/Local/tools/llvm-libc-probe/.prefix/share/libc++/v1/std/list.inc
-- Installing: /var/db/repos/Local/tools/llvm-libc-probe/.prefix/share/libc++/v1/std/locale.inc
-- Installing: /var/db/repos/Local/tools/llvm-libc-probe/.prefix/share/libc++/v1/std/map.inc
-- Installing: /var/db/repos/Local/tools/llvm-libc-probe/.prefix/share/libc++/v1/std/mdspan.inc
-- Installing: /var/db/repos/Local/tools/llvm-libc-probe/.prefix/share/libc++/v1/std/memory.inc
-- Installing: /var/db/repos/Local/tools/llvm-libc-probe/.prefix/share/libc++/v1/std/memory_resource.inc
-- Installing: /var/db/repos/Local/tools/llvm-libc-probe/.prefix/share/libc++/v1/std/mutex.inc
-- Installing: /var/db/repos/Local/tools/llvm-libc-probe/.prefix/share/libc++/v1/std/new.inc
-- Installing: /var/db/repos/Local/tools/llvm-libc-probe/.prefix/share/libc++/v1/std/numbers.inc
-- Installing: /var/db/repos/Local/tools/llvm-libc-probe/.prefix/share/libc++/v1/std/numeric.inc
-- Installing: /var/db/repos/Local/tools/llvm-libc-probe/.prefix/share/libc++/v1/std/optional.inc
-- Installing: /var/db/repos/Local/tools/llvm-libc-probe/.prefix/share/libc++/v1/std/ostream.inc
-- Installing: /var/db/repos/Local/tools/llvm-libc-probe/.prefix/share/libc++/v1/std/print.inc
-- Installing: /var/db/repos/Local/tools/llvm-libc-probe/.prefix/share/libc++/v1/std/queue.inc
-- Installing: /var/db/repos/Local/tools/llvm-libc-probe/.prefix/share/libc++/v1/std/random.inc
-- Installing: /var/db/repos/Local/tools/llvm-libc-probe/.prefix/share/libc++/v1/std/ranges.inc
-- Installing: /var/db/repos/Local/tools/llvm-libc-probe/.prefix/share/libc++/v1/std/ratio.inc
-- Installing: /var/db/repos/Local/tools/llvm-libc-probe/.prefix/share/libc++/v1/std/rcu.inc
-- Installing: /var/db/repos/Local/tools/llvm-libc-probe/.prefix/share/libc++/v1/std/regex.inc
-- Installing: /var/db/repos/Local/tools/llvm-libc-probe/.prefix/share/libc++/v1/std/scoped_allocator.inc
-- Installing: /var/db/repos/Local/tools/llvm-libc-probe/.prefix/share/libc++/v1/std/semaphore.inc
-- Installing: /var/db/repos/Local/tools/llvm-libc-probe/.prefix/share/libc++/v1/std/set.inc
-- Installing: /var/db/repos/Local/tools/llvm-libc-probe/.prefix/share/libc++/v1/std/shared_mutex.inc
-- Installing: /var/db/repos/Local/tools/llvm-libc-probe/.prefix/share/libc++/v1/std/source_location.inc
-- Installing: /var/db/repos/Local/tools/llvm-libc-probe/.prefix/share/libc++/v1/std/span.inc
-- Installing: /var/db/repos/Local/tools/llvm-libc-probe/.prefix/share/libc++/v1/std/spanstream.inc
-- Installing: /var/db/repos/Local/tools/llvm-libc-probe/.prefix/share/libc++/v1/std/sstream.inc
-- Installing: /var/db/repos/Local/tools/llvm-libc-probe/.prefix/share/libc++/v1/std/stack.inc
-- Installing: /var/db/repos/Local/tools/llvm-libc-probe/.prefix/share/libc++/v1/std/stacktrace.inc
-- Installing: /var/db/repos/Local/tools/llvm-libc-probe/.prefix/share/libc++/v1/std/stdexcept.inc
-- Installing: /var/db/repos/Local/tools/llvm-libc-probe/.prefix/share/libc++/v1/std/stdfloat.inc
-- Installing: /var/db/repos/Local/tools/llvm-libc-probe/.prefix/share/libc++/v1/std/stop_token.inc
-- Installing: /var/db/repos/Local/tools/llvm-libc-probe/.prefix/share/libc++/v1/std/streambuf.inc
-- Installing: /var/db/repos/Local/tools/llvm-libc-probe/.prefix/share/libc++/v1/std/string.inc
-- Installing: /var/db/repos/Local/tools/llvm-libc-probe/.prefix/share/libc++/v1/std/string_view.inc
-- Installing: /var/db/repos/Local/tools/llvm-libc-probe/.prefix/share/libc++/v1/std/strstream.inc
-- Installing: /var/db/repos/Local/tools/llvm-libc-probe/.prefix/share/libc++/v1/std/syncstream.inc
-- Installing: /var/db/repos/Local/tools/llvm-libc-probe/.prefix/share/libc++/v1/std/system_error.inc
-- Installing: /var/db/repos/Local/tools/llvm-libc-probe/.prefix/share/libc++/v1/std/text_encoding.inc
-- Installing: /var/db/repos/Local/tools/llvm-libc-probe/.prefix/share/libc++/v1/std/thread.inc
-- Installing: /var/db/repos/Local/tools/llvm-libc-probe/.prefix/share/libc++/v1/std/tuple.inc
-- Installing: /var/db/repos/Local/tools/llvm-libc-probe/.prefix/share/libc++/v1/std/type_traits.inc
-- Installing: /var/db/repos/Local/tools/llvm-libc-probe/.prefix/share/libc++/v1/std/typeindex.inc
-- Installing: /var/db/repos/Local/tools/llvm-libc-probe/.prefix/share/libc++/v1/std/typeinfo.inc
-- Installing: /var/db/repos/Local/tools/llvm-libc-probe/.prefix/share/libc++/v1/std/unordered_map.inc
-- Installing: /var/db/repos/Local/tools/llvm-libc-probe/.prefix/share/libc++/v1/std/unordered_set.inc
-- Installing: /var/db/repos/Local/tools/llvm-libc-probe/.prefix/share/libc++/v1/std/utility.inc
-- Installing: /var/db/repos/Local/tools/llvm-libc-probe/.prefix/share/libc++/v1/std/valarray.inc
-- Installing: /var/db/repos/Local/tools/llvm-libc-probe/.prefix/share/libc++/v1/std/variant.inc
-- Installing: /var/db/repos/Local/tools/llvm-libc-probe/.prefix/share/libc++/v1/std/vector.inc
-- Installing: /var/db/repos/Local/tools/llvm-libc-probe/.prefix/share/libc++/v1/std/version.inc
-- Installing: /var/db/repos/Local/tools/llvm-libc-probe/.prefix/share/libc++/v1/std.compat/cassert.inc
-- Installing: /var/db/repos/Local/tools/llvm-libc-probe/.prefix/share/libc++/v1/std.compat/cctype.inc
-- Installing: /var/db/repos/Local/tools/llvm-libc-probe/.prefix/share/libc++/v1/std.compat/cerrno.inc
-- Installing: /var/db/repos/Local/tools/llvm-libc-probe/.prefix/share/libc++/v1/std.compat/cfenv.inc
-- Installing: /var/db/repos/Local/tools/llvm-libc-probe/.prefix/share/libc++/v1/std.compat/cfloat.inc
-- Installing: /var/db/repos/Local/tools/llvm-libc-probe/.prefix/share/libc++/v1/std.compat/cinttypes.inc
-- Installing: /var/db/repos/Local/tools/llvm-libc-probe/.prefix/share/libc++/v1/std.compat/climits.inc
-- Installing: /var/db/repos/Local/tools/llvm-libc-probe/.prefix/share/libc++/v1/std.compat/clocale.inc
-- Installing: /var/db/repos/Local/tools/llvm-libc-probe/.prefix/share/libc++/v1/std.compat/cmath.inc
-- Installing: /var/db/repos/Local/tools/llvm-libc-probe/.prefix/share/libc++/v1/std.compat/csetjmp.inc
-- Installing: /var/db/repos/Local/tools/llvm-libc-probe/.prefix/share/libc++/v1/std.compat/csignal.inc
-- Installing: /var/db/repos/Local/tools/llvm-libc-probe/.prefix/share/libc++/v1/std.compat/cstdarg.inc
-- Installing: /var/db/repos/Local/tools/llvm-libc-probe/.prefix/share/libc++/v1/std.compat/cstddef.inc
-- Installing: /var/db/repos/Local/tools/llvm-libc-probe/.prefix/share/libc++/v1/std.compat/cstdint.inc
-- Installing: /var/db/repos/Local/tools/llvm-libc-probe/.prefix/share/libc++/v1/std.compat/cstdio.inc
-- Installing: /var/db/repos/Local/tools/llvm-libc-probe/.prefix/share/libc++/v1/std.compat/cstdlib.inc
-- Installing: /var/db/repos/Local/tools/llvm-libc-probe/.prefix/share/libc++/v1/std.compat/cstring.inc
-- Installing: /var/db/repos/Local/tools/llvm-libc-probe/.prefix/share/libc++/v1/std.compat/ctime.inc
-- Installing: /var/db/repos/Local/tools/llvm-libc-probe/.prefix/share/libc++/v1/std.compat/cuchar.inc
-- Installing: /var/db/repos/Local/tools/llvm-libc-probe/.prefix/share/libc++/v1/std.compat/cwchar.inc
-- Installing: /var/db/repos/Local/tools/llvm-libc-probe/.prefix/share/libc++/v1/std.compat/cwctype.inc
-- Installing: /var/db/repos/Local/tools/llvm-libc-probe/.prefix/share/libc++/v1/std.cppm
-- Installing: /var/db/repos/Local/tools/llvm-libc-probe/.prefix/share/libc++/v1/std.compat.cppm
-- Installing: /var/db/repos/Local/tools/llvm-libc-probe/.prefix/lib/libc++.modules.json
[1;34m==>[0m artifacts:
    /var/db/repos/Local/tools/llvm-libc-probe/.prefix/lib/libunwind.a
    /var/db/repos/Local/tools/llvm-libc-probe/.prefix/lib/libc++abi.a
    /var/db/repos/Local/tools/llvm-libc-probe/.prefix/lib/libc++.a
    /var/db/repos/Local/tools/llvm-libc-probe/.prefix/lib/libc++experimental.a
CXX_EXIT=0
